Time_s,Missile_Class,Flight_Phase,Altitude_m,Altitude_km,Range_m,Range_km,Speed_ms,Speed_kmh,Absolute_Velocity_ms,Vx_ms,Vy_ms,Ax_ms2,Ay_ms2,Total_Acceleration_ms2,Mach_Number,G_Load,Dynamic_Pressure_Pa,Dynamic_Pressure_kPa,Thrust_N,Thrust_kN,Drag_Force_N,Mass_kg,Kinetic_Energy_J,Kinetic_Energy_MJ
0.0,Akash_Class,BOOST,0.0,0.0,0.0,0.0,700.0,2520.0,700.0,239.4141,657.7848,16.2659,34.8801,38.4864,2.0588,4.8479,300125.0,300.125,80000.0,80.0,8662.62,1500.0,367500000.0,367.5
0.5,Akash_Class,BOOST,337.61,0.3376,123.77,0.1238,719.1719,2589.0188,719.1719,247.547,675.2249,16.5182,35.6141,39.2583,2.1391,4.927,304454.02,304.454,80000.0,80.0,8787.57,1473.33,381010046.25,381.01
1.0,Akash_Class,BOOST,684.13,0.6841,251.68,0.2517,738.7355,2659.4476,738.7355,255.8061,693.0319,16.7828,36.382,40.0663,2.2229,5.0098,308410.73,308.4107,80000.0,80.0,8901.78,1446.67,394744747.61,394.7447
1.5,Akash_Class,BOOST,1039.74,1.0397,383.78,0.3838,758.7084,2731.3501,758.7084,264.1976,711.2229,17.0605,37.1858,40.9127,2.3102,5.0965,311983.72,311.9837,80000.0,80.0,9004.91,1420.0,408703262.48,408.7033
2.0,Akash_Class,BOOST,1404.65,1.4046,520.14,0.5201,779.1095,2804.7942,779.1095,272.7278,729.8158,17.3521,38.028,41.7998,2.4013,5.1873,315162.67,315.1627,80000.0,80.0,9096.66,1393.33,422884767.53,422.8848
2.5,Akash_Class,BOOST,1779.06,1.7791,660.84,0.6608,799.9589,2879.8521,799.9589,281.4039,748.8298,17.6586,38.9109,42.7303,2.4966,5.2826,317938.4,317.9384,80000.0,80.0,9176.78,1366.67,437288429.8,437.2884
3.0,Akash_Class,BOOST,2163.21,2.1632,805.96,0.806,821.278,2956.6008,821.278,290.2332,768.2853,17.981,39.837,43.707,2.5961,5.3825,320302.86,320.3029,80000.0,80.0,9245.02,1340.0,451913373.93,451.9134
3.5,Akash_Class,BOOST,2557.31,2.5573,955.57,0.9556,843.0895,3035.1223,843.0895,299.2237,788.2038,18.3202,40.8091,44.7326,2.7003,5.4875,322249.16,322.2492,80000.0,80.0,9301.2,1313.33,466758644.01,466.7586
4.0,Akash_Class,BOOST,2961.61,2.9616,1109.76,1.1098,865.4178,3115.504,865.4178,308.3838,808.6083,18.6774,41.8302,45.8106,2.8094,5.5978,323771.57,323.7716,80000.0,80.0,9345.14,1286.67,481823159.63,481.8232
4.5,Akash_Class,BOOST,3376.37,3.3764,1268.62,1.2686,888.2886,3197.8389,888.2886,317.7225,829.5234,19.0538,42.9035,46.9442,2.9238,5.7137,324865.54,324.8655,80000.0,80.0,9376.72,1260.0,497105665.32,497.1057
5.0,Akash_Class,BOOST,3801.86,3.8019,1432.25,1.4322,911.7296,3282.2265,911.7296,327.2493,850.9751,19.4507,44.0324,48.1371,3.0439,5.8357,325527.69,325.5277,80000.0,80.0,9395.83,1233.33,512604672.89,512.6047
5.5,Akash_Class,BOOST,4238.36,4.2384,1600.73,1.6007,935.7702,3368.7727,935.7702,336.9747,872.9914,19.8694,45.2208,49.3934,3.1699,5.9641,325755.82,325.7558,80000.0,80.0,9402.41,1206.67,528318395.66,528.3184
6.0,Akash_Class,BOOST,4686.16,4.6862,1774.19,1.7742,960.4419,3457.5908,960.4419,346.9094,895.6017,20.3116,46.4725,50.7174,3.3024,6.0994,325548.91,325.5489,80000.0,80.0,9396.44,1180.0,544244673.7,544.2447
6.5,Akash_Class,BOOST,5145.58,5.1456,1952.72,1.9527,985.7783,3548.8017,985.7783,357.0652,918.838,20.7787,47.792,52.1136,3.4418,6.2421,324907.12,324.9071,80000.0,80.0,9377.92,1153.33,560380889.09,560.3809
7.0,Akash_Class,BOOST,5616.94,5.6169,2136.45,2.1364,1011.8153,3642.535,1011.8153,367.4545,942.734,21.2726,49.1841,53.5873,3.5887,6.3927,323831.77,323.8318,80000.0,80.0,9346.88,1126.67,576723869.74,576.7239
7.5,Akash_Class,BOOST,6100.61,6.1006,2325.49,2.3255,1038.5915,3738.9294,1038.5915,378.0908,967.326,21.7953,50.654,55.144,3.7435,6.5517,322325.38,322.3254,80000.0,80.0,9303.4,1100.0,593269780.54,593.2698
8.0,Akash_Class,BOOST,6596.93,6.5969,2519.99,2.52,1066.1482,3838.1336,1066.1482,388.9885,992.653,22.3487,52.2074,56.7897,3.907,6.7198,320391.58,320.3916,80000.0,80.0,9247.58,1073.33,610013999.89,610.014
8.5,Akash_Class,BOOST,7106.31,7.1063,2720.07,2.7201,1094.5298,3940.3073,1094.5298,400.1628,1018.7567,22.9352,53.8505,58.5312,4.0797,6.8977,318035.21,318.0352,80000.0,80.0,9179.57,1046.67,626950979.81,626.951
9.0,Akash_Class,BOOST,7629.15,7.6292,2925.89,2.9259,1123.784,4045.6222,1123.784,411.6304,1045.682,23.5574,55.5903,60.3757,4.2623,7.086,315262.2,315.2622,80000.0,80.0,9099.53,1020.0,644074087.21,644.0741
9.5,Akash_Class,BOOST,8165.89,8.1659,3137.59,3.1376,1153.962,4154.2633,1153.962,423.4091,1073.4771,24.218,57.4343,62.3314,4.4558,7.2857,312079.65,312.0797,80000.0,80.0,9007.67,993.33,661375423.59,661.3754
10.0,Akash_Class,BOOST,8716.99,8.717,3355.35,3.3553,1185.1195,4266.4301,1185.1195,435.5181,1102.1942,24.9201,59.3909,64.4072,4.661,7.4976,308495.78,308.4958,80000.0,80.0,8904.23,966.67,678845619.9,678.8456
10.5,Akash_Class,BOOST,9282.93,9.2829,3579.34,3.5793,1217.3162,4382.3383,1217.3162,447.9781,1131.8897,25.6671,61.4695,66.6131,4.8788,7.7227,304519.9,304.5199,80000.0,80.0,8789.47,940.0,696473602.84,696.4736
11.0,Akash_Class,BOOST,9864.24,9.8642,3809.74,3.8097,1250.6171,4502.2214,1250.6171,460.8117,1162.6245,26.4628,63.6805,68.96,5.1103,7.9623,300162.42,300.1624,80000.0,80.0,8663.7,913.33,714246327.86,714.2463
11.5,Akash_Class,BOOST,10461.48,10.4615,4046.77,4.0468,1285.0925,4626.333,1285.0925,474.0431,1194.4647,27.3114,66.0353,71.4603,5.3567,8.2174,295434.84,295.4348,80000.0,80.0,8527.25,886.67,732148473.68,732.1485
12.0,Akash_Class,BOOST,11075.22,11.0752,4290.61,4.2906,1320.8191,4754.9486,1320.8191,487.6987,1227.4824,28.2177,68.5471,74.1279,5.6195,8.4896,290349.73,290.3497,80000.0,80.0,8380.48,860.0,750162091.58,750.1621
12.5,Akash_Class,BOOST,11706.1,11.7061,4541.52,4.5415,1357.8803,4888.369,1357.8803,501.8076,1261.7559,29.187,71.2306,76.9784,5.8999,8.7805,284920.7,284.9207,80000.0,80.0,8223.78,833.33,768266201.8,768.2662
13.0,Akash_Class,BOOST,12354.78,12.3548,4799.72,4.7997,1396.3675,5026.9229,1396.3675,516.4011,1297.3712,30.2253,74.1021,80.0293,6.1998,9.0917,279162.37,279.1624,80000.0,80.0,8057.57,806.67,786436327.47,786.4363
13.5,Akash_Class,BOOST,13021.99,13.022,5065.48,5.0655,1436.3807,5170.9707,1436.3807,531.5138,1334.4223,31.3396,77.1805,83.3007,6.5208,9.4254,273090.41,273.0904,80000.0,80.0,7882.31,780.0,804643954.52,804.644
14.0,Akash_Class,BOOST,13708.5,13.7085,5339.07,5.3391,1478.0302,5320.9086,1478.0302,547.1835,1373.0125,32.5375,80.4872,86.8152,6.8652,9.784,266721.43,266.7214,80000.0,80.0,7698.48,753.33,822855903.5,822.8559
14.5,Akash_Class,BOOST,14415.13,14.4151,5620.79,5.6208,1521.4373,5477.1742,1521.4373,563.4523,1413.2561,33.8279,84.0468,90.599,7.2353,10.1699,260073.04,260.073,80000.0,80.0,7506.59,726.67,841033595.8,841.0336
15.0,Akash_Class,BOOST,15142.77,15.1428,5910.98,5.911,1566.7365,5640.2516,1566.7365,580.3662,1455.2795,35.2212,87.8873,94.6821,7.6336,10.5864,253163.77,253.1638,80000.0,80.0,7307.16,700.0,859132192.56,859.1322
15.5,Akash_Class,TERMINAL,15892.38,15.8924,6209.97,6.21,1614.0775,5810.6791,1614.0775,597.9768,1499.2231,-3.7581,-19.2321,19.5959,8.0633,1.034,246013.04,246.013,0.0,0.0,7100.77,700.0,911836196.49,911.8362
16.0,Akash_Class,TERMINAL,16637.18,16.6372,6508.01,6.508,1604.4506,5776.0222,1604.4506,596.0978,1489.6071,-3.4115,-18.3351,18.6498,8.2167,0.936,222693.46,222.6935,0.0,0.0,6427.69,700.0,900991618.28,900.9916
16.5,Akash_Class,TERMINAL,17377.4,17.3774,6805.21,6.8052,1595.3065,5743.1035,1595.3065,594.392,1480.4395,-3.1003,-17.5318,17.8038,8.3739,0.8482,201800.69,201.8007,0.0,0.0,5824.65,700.0,890751033.65,890.751
17.0,Akash_Class,TERMINAL,18113.24,18.1132,7101.63,7.1016,1586.5953,5711.7431,1586.5953,592.8419,1471.6736,-2.8203,-16.8111,17.046,8.535,0.7694,183050.21,183.0502,0.0,0.0,5283.45,700.0,881049628.52,881.0496
17.5,Akash_Class,TERMINAL,18844.87,18.8449,7397.35,7.3973,1578.2728,5681.7819,1578.2728,591.4317,1463.2681,-2.568,-16.1635,16.3662,8.6998,0.6986,166195.9,166.1959,0.0,0.0,4796.98,700.0,871830714.74,871.8307
18.0,Akash_Class,TERMINAL,19572.47,19.5725,7692.42,7.6924,1570.2998,5653.0794,1570.2998,590.1477,1455.1863,-2.3403,-15.5807,15.7555,8.7239,0.6348,151024.04,151.024,0.0,0.0,4359.06,700.0,863044552.87,863.0446
18.5,Akash_Class,TERMINAL,20296.16,20.2962,7986.91,7.9869,1562.6419,5625.5108,1562.6419,588.9776,1447.396,-2.1346,-15.0557,15.2062,8.6813,0.5773,137348.4,137.3484,0.0,0.0,3964.34,700.0,854647372.01,854.6474
19.0,Akash_Class,TERMINAL,21016.1,21.0161,8280.87,8.2809,1555.2681,5598.965,1555.2681,587.9103,1439.8681,-1.9484,-14.582,14.7116,8.6404,0.5254,125006.11,125.0061,0.0,0.0,3608.1,700.0,846600549.25,846.6005
19.5,Akash_Class,TERMINAL,21732.39,21.7324,8574.33,8.5743,1548.1509,5573.3432,1548.1509,586.9361,1432.5771,-1.7798,-14.1541,14.2656,8.6008,0.4786,113854.36,113.8544,0.0,0.0,3286.22,700.0,838869918.95,838.8699
20.0,Akash_Class,TERMINAL,22445.14,22.4451,8867.36,8.8674,1541.2659,5548.5572,1541.2659,586.0462,1425.5001,-1.6269,-13.7673,13.8631,8.5626,0.4362,103767.5,103.7675,0.0,0.0,2995.08,700.0,831425188.56,831.4252
20.5,Akash_Class,TERMINAL,23154.44,23.1544,9159.97,9.16,1534.5911,5524.5279,1534.5911,585.2327,1418.6164,-1.4881,-13.4172,13.4995,8.5255,0.3978,94634.73,94.6347,0.0,0.0,2731.48,700.0,824239442.25,824.2394
21.0,Akash_Class,TERMINAL,23860.4,23.8604,9452.22,9.4522,1528.1069,5501.1847,1528.1069,584.4886,1411.9078,-1.362,-13.1001,13.1707,8.4895,0.363,86358.09,86.3581,0.0,0.0,2492.59,700.0,817288717.25,817.2887
21.5,Akash_Class,TERMINAL,24563.08,24.5631,9744.12,9.7441,1521.7956,5478.4641,1521.7956,583.8076,1405.3578,-1.2473,-12.8125,12.8731,8.4544,0.3314,78850.76,78.8508,0.0,0.0,2275.9,700.0,810551640.83,810.5516
22.0,Akash_Class,TERMINAL,25262.55,25.2626,10035.71,10.0357,1515.6414,5456.3091,1515.6414,583.184,1398.9515,-1.1429,-12.5516,12.6035,8.4202,0.3028,72035.66,72.0357,0.0,0.0,2079.19,700.0,804009117.99,804.0091
22.5,Akash_Class,TERMINAL,25958.89,25.9589,10327.02,10.327,1509.6301,5434.6684,1509.6301,582.6126,1392.6757,-1.0478,-12.3146,12.3591,8.3868,0.2768,65844.18,65.8442,0.0,0.0,1900.49,700.0,797644061.83,797.6441
23.0,Akash_Class,TERMINAL,26652.15,26.6522,10618.06,10.6181,1503.7488,5413.4957,1503.7488,582.0887,1386.5184,-0.9611,-12.0993,12.1374,8.3542,0.2531,60215.16,60.2152,0.0,0.0,1738.01,700.0,791441160.0,791.4412
23.5,Akash_Class,TERMINAL,27342.38,27.3424,10908.87,10.9089,1497.986,5392.7494,1497.986,581.6081,1380.4687,-0.882,-11.9035,11.9361,8.3221,0.2316,55094.0,55.094,0.0,0.0,1590.2,700.0,785386671.63,785.3867
24.0,Akash_Class,TERMINAL,28029.64,28.0296,11199.45,11.1995,1492.3311,5372.392,1492.3311,581.1671,1374.517,-0.8098,-11.7253,11.7532,8.2907,0.212,50431.84,50.4318,0.0,0.0,1455.63,700.0,779468250.44,779.4683
24.5,Akash_Class,TERMINAL,28713.97,28.714,11489.83,11.4898,1486.7748,5352.3894,1486.7748,580.7622,1368.6543,-0.7439,-11.5631,11.587,8.2599,0.1941,46184.92,46.1849,0.0,0.0,1333.05,700.0,773674790.0,773.6748
25.0,Akash_Class,TERMINAL,29395.41,29.3954,11780.03,11.78,1481.3086,5332.7109,1481.3086,580.3902,1362.8728,-0.6836,-11.4153,11.4357,8.2295,0.1779,42313.98,42.314,0.0,0.0,1221.32,700.0,767996288.18,767.9963
25.5,Akash_Class,TERMINAL,30073.99,30.074,12070.05,12.0701,1475.9246,5313.3287,1475.9246,580.0484,1357.1652,-0.6285,-11.2805,11.298,8.1996,0.163,38783.77,38.7838,0.0,0.0,1119.43,700.0,762423727.96,762.4237
26.0,Akash_Class,TERMINAL,30749.75,30.7498,12359.92,12.3599,1470.616,5294.2175,1470.616,579.7342,1351.5249,-0.5781,-11.1576,11.1726,8.1701,0.1495,35562.57,35.5626,0.0,0.0,1026.46,700.0,756948972.53,756.949
26.5,Akash_Class,TERMINAL,31422.72,31.4227,12649.64,12.6496,1465.3763,5275.3546,1465.3763,579.4452,1345.9461,-0.5319,-11.0455,11.0583,8.141,0.1371,32621.84,32.6218,0.0,0.0,941.58,700.0,751564672.65,751.5647
27.0,Akash_Class,TERMINAL,32092.94,32.0929,12939.23,12.9392,1460.1998,5256.7192,1460.1998,579.1792,1340.4234,-0.4896,-10.9431,10.9541,8.1122,0.1258,29935.82,29.9358,0.0,0.0,864.05,700.0,746264184.71,746.2642
27.5,Akash_Class,TERMINAL,32760.41,32.7604,13228.7,13.2287,1455.0812,5238.2925,1455.0812,578.9344,1334.9518,-0.4508,-10.8496,10.859,8.0838,0.1155,27481.31,27.4813,0.0,0.0,793.2,700.0,741041498.14,741.0415
28.0,Akash_Class,TERMINAL,33425.18,33.4252,13518.05,13.5181,1450.0159,5220.0574,1450.0159,578.709,1329.527,-0.4153,-10.7642,10.7722,8.0556,0.1061,25237.33,25.2373,0.0,0.0,728.43,700.0,735891170.95,735.8912
28.5,Akash_Class,TERMINAL,34087.25,34.0872,13807.3,13.8073,1444.9995,5201.9983,1444.9995,578.5013,1324.1449,-0.3827,-10.686,10.6929,8.0278,0.0975,23184.93,23.1849,0.0,0.0,669.2,700.0,730808272.35,730.8083
29.0,Akash_Class,TERMINAL,34746.65,34.7466,14096.46,14.0965,1440.0281,5184.1012,1440.0281,578.31,1318.8019,-0.3528,-10.6146,10.6205,8.0002,0.0896,21306.95,21.3069,0.0,0.0,614.99,700.0,725788331.71,725.7883
29.5,Akash_Class,TERMINAL,35403.4,35.4034,14385.52,14.3855,1435.0981,5166.3532,1435.0981,578.1336,1313.4946,-0.3254,-10.5492,10.5543,7.9728,0.0823,19587.86,19.5879,0.0,0.0,565.37,700.0,720827292.98,720.8273
30.0,Akash_Class,TERMINAL,36057.51,36.0575,14674.51,14.6745,1430.2063,5148.7425,1430.2063,577.9709,1308.22,-0.3002,-10.4894,10.4937,7.9456,0.0757,18013.59,18.0136,0.0,0.0,519.93,700.0,715921473.99,715.9215
30.5,Akash_Class,TERMINAL,36708.99,36.709,14963.42,14.9634,1425.3496,5131.2586,1425.3496,577.8208,1302.9753,-0.277,-10.4346,10.4383,7.9186,0.0697,16571.39,16.5714,0.0,0.0,478.31,700.0,711067530.02,711.0675
31.0,Akash_Class,TERMINAL,37357.87,37.3579,15252.26,15.2523,1420.5255,5113.8917,1420.5255,577.6823,1297.758,-0.2557,-10.3845,10.3876,7.8918,0.0641,15249.68,15.2497,0.0,0.0,440.16,700.0,706262421.18,706.2624
31.5,Akash_Class,TERMINAL,38004.16,38.0042,15541.04,15.541,1415.7314,5096.633,1415.7314,577.5544,1292.5658,-0.2361,-10.3385,10.3412,7.8652,0.059,14037.95,14.0379,0.0,0.0,405.18,700.0,701503383.16,701.5034
32.0,Akash_Class,TERMINAL,38647.85,38.6479,15829.76,15.8298,1410.9651,5079.4744,1410.9651,577.4364,1287.3965,-0.2181,-10.2963,10.2986,7.8387,0.0543,12926.64,12.9266,0.0,0.0,373.11,700.0,696787900.92,696.7879
32.5,Akash_Class,TERMINAL,39288.98,39.289,16118.42,16.1184,1406.2246,5062.4086,1406.2246,577.3273,1282.2484,-0.2016,-10.2577,10.2597,7.8124,0.05,11907.08,11.9071,0.0,0.0,343.68,700.0,692113685.18,692.1137
33.0,Akash_Class,TERMINAL,39927.54,39.9275,16407.03,16.407,1401.508,5045.4289,1401.508,577.2265,1277.1195,-0.1863,-10.2222,10.2239,7.7862,0.0461,10971.37,10.9714,0.0,0.0,316.67,700.0,687478651.09,687.4787
33.5,Akash_Class,TERMINAL,40563.54,40.5635,16695.6,16.6956,1396.8136,5028.529,1396.8136,577.1334,1272.0084,-0.1723,-10.1897,10.1912,7.7601,0.0425,10112.32,10.1123,0.0,0.0,291.88,700.0,682880899.15,682.8809
34.0,Akash_Class,TERMINAL,41197.0,41.197,16984.12,16.9841,1392.1399,5011.7035,1392.1399,577.0472,1266.9135,-0.1593,-10.1599,10.1611,7.7341,0.0392,9323.4,9.3234,0.0,0.0,269.1,700.0,678318697.98,678.3187
34.5,Akash_Class,TERMINAL,41827.92,41.8279,17272.61,17.2726,1387.4854,4994.9473,1387.4854,576.9675,1261.8336,-0.1474,-10.1324,10.1335,7.7083,0.0361,8598.64,8.5986,0.0,0.0,248.19,700.0,673790468.76,673.7905
35.0,Akash_Class,TERMINAL,42456.3,42.4563,17561.06,17.5611,1382.8488,4978.2556,1382.8488,576.8938,1256.7674,-0.1365,-10.1073,10.1082,7.6825,0.0333,7932.61,7.9326,0.0,0.0,228.96,700.0,669294771.22,669.2948
35.5,Akash_Class,TERMINAL,43082.16,43.0822,17849.47,17.8495,1378.229,4961.6243,1378.229,576.8256,1251.7138,-0.1263,-10.0841,10.0849,7.6568,0.0308,7320.35,7.3204,0.0,0.0,211.29,700.0,664830290.93,664.8303
36.0,Akash_Class,TERMINAL,43705.49,43.7055,18137.85,18.1378,1373.6248,4945.0495,1373.6248,576.7624,1246.6717,-0.117,-10.0629,10.0636,7.6312,0.0284,6757.36,6.7574,0.0,0.0,195.04,700.0,660395827.87,660.3958
36.5,Akash_Class,TERMINAL,44326.31,44.3263,18426.2,18.4262,1369.0354,4928.5275,1369.0354,576.7039,1241.6403,-0.1084,-10.0433,10.0439,7.6058,0.0262,6239.51,6.2395,0.0,0.0,180.09,700.0,655990286.08,655.9903
37.0,Akash_Class,TERMINAL,44944.62,44.9446,18714.53,18.7145,1364.4598,4912.0552,1364.4598,576.6498,1236.6186,-0.1004,-10.0254,10.0259,7.5803,0.0242,5763.03,5.763,0.0,0.0,166.34,700.0,651612664.23,651.6127
37.5,Akash_Class,TERMINAL,45560.43,45.5604,19002.83,19.0028,1359.8971,4895.6296,1359.8971,576.5995,1231.6059,-0.0931,-10.0088,10.0093,7.555,0.0224,5324.49,5.3245,0.0,0.0,153.68,700.0,647262047.13,647.262
38.0,Akash_Class,TERMINAL,46173.73,46.1737,19291.1,19.2911,1355.3467,4879.248,1355.3467,576.553,1226.6015,-0.0863,-9.9936,9.994,7.5297,0.0207,4920.75,4.9207,0.0,0.0,142.03,700.0,642937598.08,642.9376
38.5,Akash_Class,TERMINAL,46784.53,46.7845,19579.36,19.5794,1350.8077,4862.9079,1350.8077,576.5098,1221.6047,-0.0801,-9.9796,9.9799,7.5045,0.0191,4548.93,4.5489,0.0,0.0,131.3,700.0,638638551.83,638.6386
39.0,Akash_Class,TERMINAL,47392.84,47.3928,19867.59,19.8676,1346.2798,4846.6071,1346.2798,576.4698,1216.6149,-0.0743,-9.9667,9.967,7.4793,0.0177,4206.42,4.2064,0.0,0.0,121.41,700.0,634364208.26,634.3642
39.5,Akash_Class,TERMINAL,47998.65,47.9987,20155.81,20.1558,1341.7621,4830.3435,1341.7621,576.4327,1211.6315,-0.0689,-9.9549,9.9551,7.4542,0.0164,3890.81,3.8908,0.0,0.0,112.3,700.0,630113926.63,630.1139
40.0,Akash_Class,TERMINAL,48601.98,48.602,20444.01,20.444,1337.2542,4814.1153,1337.2542,576.3982,1206.6541,-0.064,-9.9439,9.9441,7.4292,0.0151,3599.9,3.5999,0.0,0.0,103.91,700.0,625887120.36,625.8871
40.5,Akash_Class,TERMINAL,49202.82,49.2028,20732.19,20.7322,1332.7557,4797.9207,1332.7557,576.3662,1201.6821,-0.0594,-9.9339,9.934,7.4042,0.014,3331.69,3.3317,0.0,0.0,96.16,700.0,621683252.3,621.6833
41.0,Akash_Class,TERMINAL,49801.18,49.8012,21020.36,21.0204,1328.2661,4781.7581,1328.2661,576.3365,1196.7152,-0.0552,-9.9246,9.9247,7.3793,0.013,3084.33,3.0843,0.0,0.0,89.02,700.0,617501830.37,617.5018
41.5,Akash_Class,MIDCOURSE,50397.05,50.3971,21308.51,21.3085,1323.7851,4765.6262,1323.7851,576.3089,1191.7529,-0.0513,-9.916,9.9162,7.3544,0.012,2856.15,2.8561,0.0,0.0,82.44,700.0,613342403.68,613.3424
42.0,Akash_Class,MIDCOURSE,50990.45,50.9905,21596.65,21.5967,1319.3121,4749.5236,1319.3121,576.2833,1186.7949,-0.0476,-9.9081,9.9082,7.3295,0.0111,2645.59,2.6456,0.0,0.0,76.36,700.0,609204558.95,609.2046
42.5,Akash_Class,MIDCOURSE,51581.37,51.5814,21884.78,21.8848,1314.847,4733.4492,1314.847,576.2595,1181.8408,-0.0443,-9.9008,9.9009,7.3047,0.0103,2451.24,2.4512,0.0,0.0,70.75,700.0,605087917.26,605.0879
43.0,Akash_Class,MIDCOURSE,52169.82,52.1698,22172.9,22.1729,1310.3894,4717.4018,1310.3894,576.2373,1176.8904,-0.0412,-9.8941,9.8942,7.2799,0.0095,2271.8,2.2718,0.0,0.0,65.57,700.0,600992131.07,600.9921
43.5,Akash_Class,MIDCOURSE,52755.79,52.7558,22461.01,22.461,1305.9391,4701.3806,1305.9391,576.2167,1171.9433,-0.0383,-9.8879,9.888,7.2552,0.0089,2106.08,2.1061,0.0,0.0,60.79,700.0,596916881.56,596.9169
44.0,Akash_Class,MIDCOURSE,53339.29,53.3393,22749.11,22.7491,1301.4957,4685.3845,1301.4957,576.1976,1166.9993,-0.0357,-9.8822,9.8823,7.2305,0.0082,1953.0,1.953,0.0,0.0,56.37,700.0,592861876.19,592.8619
44.5,Akash_Class,MIDCOURSE,53920.32,53.9203,23037.2,23.0372,1297.0591,4669.4129,1297.0591,576.1797,1162.0582,-0.0332,-9.8769,9.877,7.2059,0.0076,1811.55,1.8115,0.0,0.0,52.29,700.0,588826846.39,588.8268
45.0,Akash_Class,MIDCOURSE,54498.88,54.4989,23325.28,23.3253,1292.6292,4653.465,1292.6292,576.1632,1157.1198,-0.0309,-9.872,9.8721,7.1813,0.0071,1680.81,1.6808,0.0,0.0,48.51,700.0,584811545.59,584.8115
45.5,Akash_Class,MIDCOURSE,55074.97,55.075,23613.36,23.6134,1288.2056,4637.54,1288.2056,576.1477,1152.1837,-0.0288,-9.8675,9.8676,7.1567,0.0066,1559.93,1.5599,0.0,0.0,45.02,700.0,580815747.33,580.8157
46.0,Akash_Class,MIDCOURSE,55648.59,55.6486,23901.42,23.9014,1283.7882,4621.6375,1283.7882,576.1333,1147.25,-0.0268,-9.8634,9.8634,7.1322,0.0061,1448.15,1.4481,0.0,0.0,41.8,700.0,576839243.58,576.8392
46.5,Akash_Class,MIDCOURSE,56219.75,56.2198,24189.48,24.1895,1279.3769,4605.7569,1279.3769,576.1199,1142.3183,-0.025,-9.8595,9.8595,7.1076,0.0057,1344.75,1.3447,0.0,0.0,38.81,700.0,572881843.16,572.8818
47.0,Akash_Class,MIDCOURSE,56788.45,56.7884,24477.54,24.4775,1274.9716,4589.8976,1274.9716,576.1074,1137.3885,-0.0233,-9.8559,9.856,7.0832,0.0053,1249.07,1.2491,0.0,0.0,36.05,700.0,568943370.34,568.9434
47.5,Akash_Class,MIDCOURSE,57354.68,57.3547,24765.58,24.7656,1270.572,4574.0594,1270.572,576.0958,1132.4606,-0.0217,-9.8527,9.8527,7.0587,0.0049,1160.53,1.1605,0.0,0.0,33.5,700.0,565023663.56,565.0237
48.0,Akash_Class,MIDCOURSE,57918.44,57.9184,25053.63,25.0536,1266.1782,4558.2417,1266.1782,576.085,1127.5342,-0.0202,-9.8496,9.8496,7.0343,0.0045,1078.55,1.0786,0.0,0.0,31.13,700.0,561122574.26,561.1226
48.5,Akash_Class,MIDCOURSE,58479.75,58.4797,25341.66,25.3417,1261.7901,4542.4443,1261.7901,576.0748,1122.6094,-0.0189,-9.8468,9.8468,7.0099,0.0042,1002.64,1.0026,0.0,0.0,28.94,700.0,557239965.73,557.24
49.0,Akash_Class,MIDCOURSE,59038.59,59.0386,25629.7,25.6297,1257.4074,4526.6668,1257.4074,576.0654,1117.6861,-0.0176,-9.8442,9.8442,6.9856,0.0039,932.33,0.9323,0.0,0.0,26.91,700.0,553375712.22,553.3757
49.5,Akash_Class,MIDCOURSE,59594.97,59.595,25917.72,25.9177,1253.0303,4510.909,1253.0303,576.0566,1112.764,-0.0164,-9.8418,9.8418,6.9613,0.0036,867.19,0.8672,0.0,0.0,25.03,700.0,549529697.98,549.5297
50.0,Akash_Class,MIDCOURSE,60148.9,60.1489,26205.75,26.2057,1248.6585,4495.1706,1248.6585,576.0484,1107.8431,-0.0153,-9.8395,9.8395,6.937,0.0034,806.82,0.8068,0.0,0.0,23.29,700.0,545701816.44,545.7018
50.5,Akash_Class,MIDCOURSE,60700.36,60.7004,26493.77,26.4938,1244.2921,4479.4515,1244.2921,576.0407,1102.9233,-0.0143,-9.8374,9.8375,6.9127,0.0032,750.86,0.7509,0.0,0.0,21.67,700.0,541891969.48,541.892
51.0,Akash_Class,MIDCOURSE,61249.36,61.2494,26781.79,26.7818,1239.931,4463.7514,1239.931,576.0335,1098.0046,-0.0134,-9.8355,9.8355,6.8885,0.0029,698.97,0.699,0.0,0.0,20.17,700.0,538100066.69,538.1001
51.5,Akash_Class,MIDCOURSE,61795.9,61.7959,27069.8,27.0698,1235.5751,4448.0703,1235.5751,576.0268,1093.0869,-0.0125,-9.8337,9.8337,6.8643,0.0027,650.84,0.6508,0.0,0.0,18.79,700.0,534326024.81,534.326
52.0,Akash_Class,MIDCOURSE,62339.99,62.34,27357.81,27.3578,1231.2244,4432.408,1231.2244,576.0206,1088.17,-0.0117,-9.8321,9.8321,6.8401,0.0025,606.2,0.6062,0.0,0.0,17.5,700.0,530569767.09,530.5698
52.5,Akash_Class,MIDCOURSE,62881.62,62.8816,27645.82,27.6458,1226.879,4416.7644,1226.879,576.0147,1083.2539,-0.0109,-9.8306,9.8306,6.816,0.0024,564.77,0.5648,0.0,0.0,16.3,700.0,526831222.78,526.8312
53.0,Akash_Class,MIDCOURSE,63420.78,63.4208,27933.82,27.9338,1222.5387,4401.1394,1222.5387,576.0093,1078.3387,-0.0102,-9.8291,9.8291,6.7919,0.0022,526.31,0.5263,0.0,0.0,15.19,700.0,523110326.66,523.1103
53.5,Akash_Class,MIDCOURSE,63957.5,63.9575,28221.82,28.2218,1218.2036,4385.533,1218.2036,576.0042,1073.4241,-0.0096,-9.8278,9.8278,6.7678,0.0021,490.61,0.4906,0.0,0.0,14.16,700.0,519407018.56,519.407
54.0,Akash_Class,MIDCOURSE,64491.75,64.4918,28509.82,28.5098,1213.8737,4369.9452,1213.8737,575.9994,1068.5102,-0.009,-9.8266,9.8266,6.7437,0.0019,457.45,0.4575,0.0,0.0,13.2,700.0,515721242.99,515.7212
54.5,Akash_Class,MIDCOURSE,65023.55,65.0235,28797.82,28.7978,1209.5489,4354.3759,1209.5489,575.9949,1063.5969,-0.0084,-9.8255,9.8255,6.7197,0.0018,426.65,0.4267,0.0,0.0,12.31,700.0,512052948.75,512.0529
55.0,Akash_Class,MIDCOURSE,65552.89,65.5529,29085.82,29.0858,1205.2292,4338.8251,1205.2292,575.9907,1058.6841,-0.0078,-9.8244,9.8244,6.6957,0.0017,398.03,0.398,0.0,0.0,11.49,700.0,508402088.57,508.4021
55.5,Akash_Class,MIDCOURSE,66079.78,66.0798,29373.81,29.3738,1200.9147,4323.2928,1200.9147,575.9868,1053.7719,-0.0073,-9.8234,9.8234,6.6717,0.0016,371.44,0.3714,0.0,0.0,10.72,700.0,504768618.81,504.7686
56.0,Akash_Class,MIDCOURSE,66604.21,66.6042,29661.8,29.6618,1196.6053,4307.7791,1196.6053,575.9831,1048.8602,-0.0069,-9.8225,9.8225,6.6478,0.0015,346.71,0.3467,0.0,0.0,10.01,700.0,501152499.19,501.1525
56.5,Akash_Class,MIDCOURSE,67126.18,67.1262,29949.79,29.9498,1192.3011,4292.2841,1192.3011,575.9797,1043.9489,-0.0064,-9.8217,9.8217,6.6239,0.0014,323.72,0.3237,0.0,0.0,9.34,700.0,497553692.49,497.5537
57.0,Akash_Class,MIDCOURSE,67645.7,67.6457,30237.78,30.2378,1188.0021,4276.8076,1188.0021,575.9765,1039.0381,-0.006,-9.8209,9.8209,6.6,0.0013,302.33,0.3023,0.0,0.0,8.73,700.0,493972164.33,493.9722
57.5,Akash_Class,MIDCOURSE,68162.77,68.1628,30525.77,30.5258,1183.7083,4261.3499,1183.7083,575.9734,1034.1276,-0.0057,-9.8202,9.8202,6.5762,0.0012,282.44,0.2824,0.0,0.0,8.15,700.0,490407882.93,490.4079
58.0,Akash_Class,MIDCOURSE,68677.37,68.6774,30813.75,30.8138,1179.4197,4245.911,1179.4197,575.9706,1029.2176,-0.0053,-9.8195,9.8195,6.5523,0.0011,263.92,0.2639,0.0,0.0,7.62,700.0,486860818.93,486.8608
58.5,Akash_Class,MIDCOURSE,69189.53,69.1895,31101.74,31.1017,1175.1364,4230.491,1175.1364,575.9679,1024.3078,-0.005,-9.8189,9.8189,6.5285,0.001,246.69,0.2467,0.0,0.0,7.12,700.0,483330945.17,483.3309
59.0,Akash_Class,MIDCOURSE,69699.23,69.6992,31389.72,31.3897,1170.8583,4215.09,1170.8583,575.9654,1019.3984,-0.0047,-9.8183,9.8183,6.5048,0.001,230.64,0.2306,0.0,0.0,6.66,700.0,479818236.54,479.8182
59.5,Akash_Class,MIDCOURSE,70206.47,70.2065,31677.7,31.6777,1166.5856,4199.7081,1166.5856,575.9631,1014.4892,-0.0044,-9.8177,9.8177,6.481,0.0009,215.7,0.2157,0.0,0.0,6.23,700.0,476322669.81,476.3227
60.0,Akash_Class,MIDCOURSE,70711.26,70.7113,31965.68,31.9657,1162.3182,4184.3454,1162.3182,575.9609,1009.5804,-0.0041,-9.8172,9.8172,6.4573,0.0008,201.78,0.2018,0.0,0.0,5.82,700.0,472844223.5,472.8442
60.5,Akash_Class,MIDCOURSE,71213.6,71.2136,32253.66,32.2537,1158.0561,4169.002,1158.0561,575.9588,1004.6718,-0.0039,-9.8168,9.8168,6.4336,0.0008,188.81,0.1888,0.0,0.0,5.45,700.0,469382877.71,469.3829
61.0,Akash_Class,MIDCOURSE,71713.48,71.7135,32541.64,32.5416,1153.7995,4153.678,1153.7995,575.9569,999.7634,-0.0036,-9.8163,9.8163,6.41,0.0007,176.72,0.1767,0.0,0.0,5.1,700.0,465938614.04,465.9386
61.5,Akash_Class,MIDCOURSE,72210.91,72.2109,32829.62,32.8296,1149.5483,4138.3737,1149.5483,575.9551,994.8552,-0.0034,-9.8159,9.8159,6.3864,0.0007,165.45,0.1654,0.0,0.0,4.78,700.0,462511415.42,462.5114
62.0,Akash_Class,MIDCOURSE,72705.88,72.7059,33117.59,33.1176,1145.3025,4123.0891,1145.3025,575.9534,989.9473,-0.0032,-9.8155,9.8155,6.3628,0.0007,154.94,0.1549,0.0,0.0,4.47,700.0,459101266.08,459.1013
62.5,Akash_Class,MIDCOURSE,73198.4,73.1984,33405.57,33.4056,1141.0624,4107.8245,1141.0624,575.9518,985.0395,-0.003,-9.8152,9.8152,6.3392,0.0006,145.13,0.1451,0.0,0.0,4.19,700.0,455708151.4,455.7082
63.0,Akash_Class,MIDCOURSE,73688.47,73.6885,33693.54,33.6935,1136.8277,4092.5799,1136.8277,575.9503,980.1319,-0.0028,-9.8148,9.8148,6.3157,0.0006,135.99,0.136,0.0,0.0,3.93,700.0,452332057.8,452.3321
63.5,Akash_Class,MIDCOURSE,74176.08,74.1761,33981.52,33.9815,1132.5987,4077.3555,1132.5987,575.9488,975.2245,-0.0027,-9.8145,9.8145,6.2922,0.0005,127.45,0.1275,0.0,0.0,3.68,700.0,448972972.75,448.973
64.0,Akash_Class,MIDCOURSE,74661.24,74.6612,34269.49,34.2695,1128.3754,4062.1515,1128.3754,575.9475,970.3172,-0.0025,-9.8142,9.8142,6.2688,0.0005,119.48,0.1195,0.0,0.0,3.45,700.0,445630884.59,445.6309
64.5,Akash_Class,MIDCOURSE,75143.94,75.1439,34557.46,34.5575,1124.1578,4046.9682,1124.1578,575.9463,965.4101,-0.0024,-9.814,9.814,6.2453,0.0005,112.05,0.112,0.0,0.0,3.23,700.0,442305782.52,442.3058
65.0,Akash_Class,MIDCOURSE,75624.19,75.6242,34845.44,34.8454,1119.946,4031.8056,1119.946,575.9451,960.5031,-0.0022,-9.8137,9.8137,6.2219,0.0004,105.1,0.1051,0.0,0.0,3.03,700.0,438997656.54,438.9977
65.5,Akash_Class,MIDCOURSE,76101.99,76.102,35133.41,35.1334,1115.74,4016.6639,1115.74,575.944,955.5963,-0.0021,-9.8135,9.8135,6.1986,0.0004,98.61,0.0986,0.0,0.0,2.85,700.0,435706497.35,435.7065
66.0,Akash_Class,MIDCOURSE,76577.34,76.5773,35421.38,35.4214,1111.5399,4001.5435,1111.5399,575.9429,950.6895,-0.002,-9.8133,9.8133,6.1752,0.0004,92.55,0.0925,0.0,0.0,2.67,700.0,432432296.33,432.4323
66.5,Akash_Class,MIDCOURSE,77050.23,77.0502,35709.35,35.7094,1107.3457,3986.4444,1107.3457,575.9419,945.7829,-0.0019,-9.8131,9.8131,6.1519,0.0004,86.88,0.0869,0.0,0.0,2.51,700.0,429175045.48,429.175
67.0,Akash_Class,MIDCOURSE,77520.67,77.5207,35997.32,35.9973,1103.1575,3971.3669,1103.1575,575.941,940.8764,-0.0018,-9.8129,9.8129,6.1287,0.0003,81.58,0.0816,0.0,0.0,2.35,700.0,425934737.37,425.9347
67.5,Akash_Class,MIDCOURSE,77988.65,77.9887,36285.29,36.2853,1098.9753,3956.3112,1098.9753,575.9401,935.9699,-0.0017,-9.8127,9.8127,6.1054,0.0003,76.63,0.0766,0.0,0.0,2.21,700.0,422711365.11,422.7114
68.0,Akash_Class,MIDCOURSE,78454.18,78.4542,36573.26,36.5733,1094.7993,3941.2775,1094.7993,575.9393,931.0636,-0.0016,-9.8125,9.8125,6.0822,0.0003,71.99,0.072,0.0,0.0,2.08,700.0,419504922.28,419.5049
68.5,Akash_Class,MIDCOURSE,78917.26,78.9173,36861.23,36.8612,1090.6294,3926.266,1090.6294,575.9385,926.1573,-0.0015,-9.8124,9.8124,6.0591,0.0003,67.66,0.0677,0.0,0.0,1.95,700.0,416315402.95,416.3154
69.0,Akash_Class,MIDCOURSE,79377.89,79.3779,37149.2,37.1492,1086.4658,3911.277,1086.4658,575.9378,921.2512,-0.0014,-9.8122,9.8122,6.0359,0.0003,63.6,0.0636,0.0,0.0,1.84,700.0,413142801.56,413.1428
69.5,Akash_Class,MIDCOURSE,79836.06,79.8361,37437.17,37.4372,1082.3085,3896.3107,1082.3085,575.9371,916.345,-0.0013,-9.8121,9.8121,6.0128,0.0003,59.8,0.0598,0.0,0.0,1.73,700.0,409987113.0,409.9871
70.0,Akash_Class,MIDCOURSE,80291.78,80.2918,37725.14,37.7251,1078.1576,3881.3674,1078.1576,575.9364,911.439,-0.0012,-9.812,9.812,5.9898,0.0002,56.25,0.0562,0.0,0.0,1.62,700.0,406848332.46,406.8483
70.5,Akash_Class,MIDCOURSE,80745.05,80.745,38013.1,38.0131,1074.0131,3866.4472,1074.0131,575.9358,906.533,-0.0012,-9.8118,9.8118,5.9667,0.0002,52.92,0.0529,0.0,0.0,1.53,700.0,403726455.52,403.7265
71.0,Akash_Class,MIDCOURSE,81195.86,81.1959,38301.07,38.3011,1069.8751,3851.5505,1069.8751,575.9352,901.6271,-0.0011,-9.8117,9.8117,5.9438,0.0002,49.8,0.0498,0.0,0.0,1.44,700.0,400621478.03,400.6215
71.5,Akash_Class,MIDCOURSE,81644.22,81.6442,38589.04,38.589,1065.7437,3836.6774,1065.7437,575.9347,896.7212,-0.001,-9.8116,9.8116,5.9208,0.0002,46.87,0.0469,0.0,0.0,1.35,700.0,397533396.16,397.5334
72.0,Akash_Class,MIDCOURSE,82090.13,82.0901,38877.01,38.877,1061.619,3821.8284,1061.619,575.9341,891.8154,-0.001,-9.8115,9.8115,5.8979,0.0002,44.13,0.0441,0.0,0.0,1.27,700.0,394462206.31,394.4622
72.5,Akash_Class,MIDCOURSE,82533.58,82.5336,39164.97,39.165,1057.501,3807.0035,1057.501,575.9336,886.9097,-0.0009,-9.8114,9.8114,5.875,0.0002,41.57,0.0416,0.0,0.0,1.2,700.0,391407905.16,391.4079
73.0,Akash_Class,MIDCOURSE,82974.58,82.9746,39452.94,39.4529,1053.3898,3792.2031,1053.3898,575.9332,882.0039,-0.0009,-9.8114,9.8114,5.8522,0.0002,39.16,0.0392,0.0,0.0,1.13,700.0,388370489.62,388.3705
73.5,Akash_Class,MIDCOURSE,83413.13,83.4131,39740.91,39.7409,1049.2854,3777.4275,1049.2854,575.9327,877.0983,-0.0008,-9.8113,9.8113,5.8294,0.0002,36.9,0.0369,0.0,0.0,1.07,700.0,385349956.77,385.35
74.0,Akash_Class,MIDCOURSE,83849.23,83.8492,40028.87,40.0289,1045.188,3762.6769,1045.188,575.9323,872.1926,-0.0008,-9.8112,9.8112,5.8066,0.0001,34.78,0.0348,0.0,0.0,1.0,700.0,382346303.95,382.3463
74.5,Akash_Class,MIDCOURSE,84282.87,84.2829,40316.84,40.3168,1041.0977,3747.9516,1041.0977,575.9319,867.287,-0.0007,-9.8111,9.8111,5.7839,0.0001,32.79,0.0328,0.0,0.0,0.95,700.0,379359528.64,379.3595
75.0,Akash_Class,MIDCOURSE,84714.06,84.7141,40604.8,40.6048,1037.0144,3733.252,1037.0144,575.9315,862.3815,-0.0007,-9.8111,9.8111,5.7612,0.0001,30.93,0.0309,0.0,0.0,0.89,700.0,376389628.51,376.3896
75.5,Akash_Class,MIDCOURSE,85142.8,85.1428,40892.77,40.8928,1032.9384,3718.5782,1032.9384,575.9312,857.4759,-0.0007,-9.811,9.811,5.7385,0.0001,29.18,0.0292,0.0,0.0,0.84,700.0,373436601.37,373.4366
76.0,Akash_Class,MIDCOURSE,85569.09,85.5691,41180.74,41.1807,1028.8696,3703.9306,1028.8696,575.9309,852.5704,-0.0006,-9.8109,9.8109,5.7159,0.0001,27.53,0.0275,0.0,0.0,0.79,700.0,370500445.2,370.5004
76.5,Akash_Class,MIDCOURSE,85992.92,85.9929,41468.7,41.4687,1024.8082,3689.3096,1024.8082,575.9305,847.665,-0.0006,-9.8109,9.8109,5.6934,0.0001,25.98,0.026,0.0,0.0,0.75,700.0,367581158.11,367.5812
77.0,Akash_Class,MIDCOURSE,86414.3,86.4143,41756.67,41.7567,1020.7543,3674.7153,1020.7543,575.9302,842.7595,-0.0006,-9.8108,9.8108,5.6709,0.0001,24.53,0.0245,0.0,0.0,0.71,700.0,364678738.32,364.6787
77.5,Akash_Class,MIDCOURSE,86833.23,86.8332,42044.63,42.0446,1016.7078,3660.1482,1016.7078,575.93,837.8541,-0.0005,-9.8108,9.8108,5.6484,0.0001,23.17,0.0232,0.0,0.0,0.67,700.0,361793184.2,361.7932
78.0,Akash_Class,MIDCOURSE,87249.7,87.2497,42332.6,42.3326,1012.669,3645.6085,1012.669,575.9297,832.9487,-0.0005,-9.8107,9.8107,5.6259,0.0001,21.89,0.0219,0.0,0.0,0.63,700.0,358924494.2,358.9245
78.5,Akash_Class,MIDCOURSE,87663.72,87.6637,42620.56,42.6206,1008.6379,3631.0966,1008.6379,575.9294,828.0433,-0.0005,-9.8107,9.8107,5.6035,0.0001,20.68,0.0207,0.0,0.0,0.6,700.0,356072666.89,356.0727
79.0,Akash_Class,MIDCOURSE,88075.29,88.0753,42908.52,42.9085,1004.6146,3616.6127,1004.6146,575.9292,823.138,-0.0005,-9.8107,9.8107,5.5812,0.0001,19.54,0.0195,0.0,0.0,0.56,700.0,353237700.93,353.2377
79.5,Akash_Class,MIDCOURSE,88484.41,88.4844,43196.49,43.1965,1000.5992,3602.1573,1000.5992,575.929,818.2327,-0.0004,-9.8106,9.8106,5.5589,0.0001,18.48,0.0185,0.0,0.0,0.53,700.0,350419595.06,350.4196
80.0,Akash_Class,MIDCOURSE,88891.07,88.8911,43484.45,43.4845,996.5918,3587.7306,996.5918,575.9287,813.3273,-0.0004,-9.8106,9.8106,5.5366,0.0001,17.47,0.0175,0.0,0.0,0.5,700.0,347618348.12,347.6183
80.5,Akash_Class,MIDCOURSE,89295.28,89.2953,43772.42,43.7724,992.5925,3573.333,992.5925,575.9285,808.4221,-0.0004,-9.8106,9.8106,5.5144,0.0001,16.53,0.0165,0.0,0.0,0.48,700.0,344833959.02,344.834
81.0,Akash_Class,MIDCOURSE,89697.04,89.697,44060.38,44.0604,988.6014,3558.9649,988.6014,575.9283,803.5168,-0.0004,-9.8105,9.8105,5.4922,0.0001,15.64,0.0156,0.0,0.0,0.45,700.0,342066426.73,342.0664
81.5,Akash_Class,MIDCOURSE,90096.35,90.0963,44348.35,44.3483,984.6185,3544.6266,984.6185,575.9281,798.6115,-0.0004,-9.8105,9.8105,5.4701,0.0001,14.8,0.0148,0.0,0.0,0.43,700.0,339315750.31,339.3158
82.0,Akash_Class,MIDCOURSE,90493.2,90.4932,44636.31,44.6363,980.644,3530.3184,980.644,575.928,793.7063,-0.0003,-9.8105,9.8105,5.448,0.0001,14.01,0.014,0.0,0.0,0.4,700.0,336581928.85,336.5819
82.5,Akash_Class,MIDCOURSE,90887.6,90.8876,44924.27,44.9243,976.678,3516.0408,976.678,575.9278,788.801,-0.0003,-9.8104,9.8104,5.426,0.0001,13.27,0.0133,0.0,0.0,0.38,700.0,333864961.53,333.865
83.0,Akash_Class,MIDCOURSE,91279.55,91.2795,45212.24,45.2122,972.7206,3501.794,972.7206,575.9276,783.8958,-0.0003,-9.8104,9.8104,5.404,0.0001,12.57,0.0126,0.0,0.0,0.36,700.0,331164847.57,331.1648
83.5,Akash_Class,MIDCOURSE,91669.04,91.669,45500.2,45.5002,968.7718,3487.5785,968.7718,575.9275,778.9906,-0.0003,-9.8104,9.8104,5.3821,0.0001,11.91,0.0119,0.0,0.0,0.34,700.0,328481586.23,328.4816
84.0,Akash_Class,MIDCOURSE,92056.09,92.0561,45788.17,45.7882,964.8319,3473.3947,964.8319,575.9273,774.0854,-0.0003,-9.8104,9.8104,5.3602,0.0,11.29,0.0113,0.0,0.0,0.33,700.0,325815176.83,325.8152
84.5,Akash_Class,MIDCOURSE,92440.68,92.4407,46076.13,46.0761,960.9008,3459.2429,960.9008,575.9272,769.1802,-0.0003,-9.8104,9.8104,5.3383,0.0,10.7,0.0107,0.0,0.0,0.31,700.0,323165618.74,323.1656
85.0,Akash_Class,MIDCOURSE,92822.81,92.8228,46364.09,46.3641,956.9787,3445.1235,956.9787,575.9271,764.275,-0.0003,-9.8103,9.8103,5.3165,0.0,10.15,0.0101,0.0,0.0,0.29,700.0,320532911.35,320.5329
85.5,Akash_Class,MIDCOURSE,93202.5,93.2025,46652.06,46.6521,953.0658,3431.0369,953.0658,575.9269,759.3699,-0.0002,-9.8103,9.8103,5.2948,0.0,9.62,0.0096,0.0,0.0,0.28,700.0,317917054.1,317.9171
86.0,Akash_Class,MIDCOURSE,93579.73,93.5797,46940.02,46.94,949.1621,3416.9836,949.1621,575.9268,754.4647,-0.0002,-9.8103,9.8103,5.2731,0.0,9.13,0.0091,0.0,0.0,0.26,700.0,315318046.47,315.318
86.5,Akash_Class,MIDCOURSE,93954.51,93.9545,47227.98,47.228,945.2677,3402.9639,945.2677,575.9267,749.5596,-0.0002,-9.8103,9.8103,5.2515,0.0,8.66,0.0087,0.0,0.0,0.25,700.0,312735887.97,312.7359
87.0,Akash_Class,MIDCOURSE,94326.84,94.3268,47515.95,47.5159,941.3828,3388.9782,941.3828,575.9266,744.6544,-0.0002,-9.8103,9.8103,5.2299,0.0,8.23,0.0082,0.0,0.0,0.24,700.0,310170578.13,310.1706
87.5,Akash_Class,MIDCOURSE,94696.71,94.6967,47803.91,47.8039,937.5075,3375.027,937.5075,575.9265,739.7493,-0.0002,-9.8103,9.8103,5.2084,0.0,7.81,0.0078,0.0,0.0,0.23,700.0,307622116.53,307.6221
88.0,Akash_Class,MIDCOURSE,95064.14,95.0641,48091.87,48.0919,933.6419,3361.1107,933.6419,575.9264,734.8442,-0.0002,-9.8102,9.8102,5.1869,0.0,7.42,0.0074,0.0,0.0,0.21,700.0,305090502.75,305.0905
88.5,Akash_Class,MIDCOURSE,95429.11,95.4291,48379.84,48.3798,929.7861,3347.2298,929.7861,575.9263,729.939,-0.0002,-9.8102,9.8102,5.1655,0.0,7.05,0.007,0.0,0.0,0.2,700.0,302575736.42,302.5757
89.0,Akash_Class,MIDCOURSE,95791.62,95.7916,48667.8,48.6678,925.9402,3333.3846,925.9402,575.9262,725.0339,-0.0002,-9.8102,9.8102,5.1441,0.0,6.7,0.0067,0.0,0.0,0.19,700.0,300077817.19,300.0778
89.5,Akash_Class,MIDCOURSE,96151.69,96.1517,48955.76,48.9558,922.1043,3319.5756,922.1043,575.9261,720.1288,-0.0002,-9.8102,9.8102,5.1228,0.0,6.37,0.0064,0.0,0.0,0.18,700.0,297596744.71,297.5967
90.0,Akash_Class,MIDCOURSE,96509.3,96.5093,49243.72,49.2437,918.2787,3305.8033,918.2787,575.926,715.2237,-0.0002,-9.8102,9.8102,5.1015,0.0,6.05,0.0061,0.0,0.0,0.17,700.0,295132518.67,295.1325
90.5,Akash_Class,MIDCOURSE,96864.46,96.8645,49531.69,49.5317,914.4634,3292.0681,914.4634,575.926,710.3186,-0.0001,-9.8102,9.8102,5.0804,0.0,5.76,0.0058,0.0,0.0,0.17,700.0,292685138.78,292.6851
91.0,Akash_Class,MIDCOURSE,97217.16,97.2172,49819.65,49.8197,910.6585,3278.3705,910.6585,575.9259,705.4135,-0.0001,-9.8102,9.8102,5.0592,0.0,5.48,0.0055,0.0,0.0,0.16,700.0,290254604.77,290.2546
91.5,Akash_Class,MIDCOURSE,97567.42,97.5674,50107.61,50.1076,906.8642,3264.711,906.8642,575.9258,700.5084,-0.0001,-9.8102,9.8102,5.0381,0.0,5.21,0.0052,0.0,0.0,0.15,700.0,287840916.37,287.8409
92.0,Akash_Class,MIDCOURSE,97915.22,97.9152,50395.58,50.3956,903.0806,3251.09,903.0806,575.9257,695.6034,-0.0001,-9.8102,9.8102,5.0171,0.0,4.96,0.005,0.0,0.0,0.14,700.0,285444073.34,285.4441
92.5,Akash_Class,MIDCOURSE,98260.57,98.2606,50683.54,50.6835,899.3078,3237.508,899.3078,575.9257,690.6983,-0.0001,-9.8101,9.8101,4.9962,0.0,4.73,0.0047,0.0,0.0,0.14,700.0,283064075.45,283.0641
93.0,Akash_Class,MIDCOURSE,98603.47,98.6035,50971.5,50.9715,895.546,3223.9656,895.546,575.9256,685.7932,-0.0001,-9.8101,9.8101,4.9753,0.0,4.5,0.0045,0.0,0.0,0.13,700.0,280700922.48,280.7009
93.5,Akash_Class,MIDCOURSE,98943.91,98.9439,51259.46,51.2595,891.7953,3210.4632,891.7953,575.9256,680.8881,-0.0001,-9.8101,9.8101,4.9544,0.0,4.29,0.0043,0.0,0.0,0.12,700.0,278354614.24,278.3546
94.0,Akash_Class,MIDCOURSE,99281.9,99.2819,51547.43,51.5474,888.0559,3197.0013,888.0559,575.9255,675.9831,-0.0001,-9.8101,9.8101,4.9336,0.0,4.09,0.0041,0.0,0.0,0.12,700.0,276025150.52,276.0252
94.5,Akash_Class,MIDCOURSE,99617.44,99.6174,51835.39,51.8354,884.3279,3183.5804,884.3279,575.9254,671.078,-0.0001,-9.8101,9.8101,4.9129,0.0,3.9,0.0039,0.0,0.0,0.11,700.0,273712531.17,273.7125
95.0,Akash_Class,MIDCOURSE,99950.53,99.9505,52123.35,52.1234,880.6114,3170.2011,880.6114,575.9254,666.1729,-0.0001,-9.8101,9.8101,4.8923,0.0,3.71,0.0037,0.0,0.0,0.11,700.0,271416755.99,271.4168
95.5,Akash_Class,MIDCOURSE,100281.16,100.2812,52411.32,52.4113,876.9066,3156.8638,876.9066,575.9253,661.2679,-0.0001,-9.8101,9.8101,4.8717,0.0,3.54,0.0035,0.0,0.0,0.1,700.0,269137824.85,269.1378
96.0,Akash_Class,MIDCOURSE,100609.34,100.6093,52699.28,52.6993,873.2137,3143.5692,873.2137,575.9253,656.3628,-0.0001,-9.8101,9.8101,4.8512,0.0,3.38,0.0034,0.0,0.0,0.1,700.0,266875737.58,266.8757
96.5,Akash_Class,MIDCOURSE,100935.07,100.9351,52987.24,52.9872,869.5327,3130.3177,869.5327,575.9252,651.4578,-0.0001,-9.8101,9.8101,4.8307,0.0,3.23,0.0032,0.0,0.0,0.09,700.0,264630494.05,264.6305
97.0,Akash_Class,MIDCOURSE,101258.35,101.2583,53275.2,53.2752,865.8639,3117.11,865.8639,575.9252,646.5527,-0.0001,-9.8101,9.8101,4.8104,0.0,3.08,0.0031,0.0,0.0,0.09,700.0,262402094.12,262.4021
97.5,Akash_Class,MIDCOURSE,101579.17,101.5792,53563.17,53.5632,862.2074,3103.9465,862.2074,575.9252,641.6477,-0.0001,-9.8101,9.8101,4.79,0.0,2.94,0.0029,0.0,0.0,0.08,700.0,260190537.68,260.1905
98.0,Akash_Class,MIDCOURSE,101897.54,101.8975,53851.13,53.8511,858.5633,3090.8279,858.5633,575.9251,636.7426,-0.0001,-9.8101,9.8101,4.7698,0.0,2.81,0.0028,0.0,0.0,0.08,700.0,257995824.6,257.9958
98.5,Akash_Class,MIDCOURSE,102213.46,102.2135,54139.09,54.1391,854.9318,3077.7546,854.9318,575.9251,631.8376,-0.0001,-9.8101,9.8101,4.7496,0.0,2.68,0.0027,0.0,0.0,0.08,700.0,255817954.78,255.818
99.0,Akash_Class,MIDCOURSE,102526.93,102.5269,54427.05,54.4271,851.3132,3064.7273,851.3132,575.925,626.9326,-0.0001,-9.8101,9.8101,4.7295,0.0,2.56,0.0026,0.0,0.0,0.07,700.0,253656928.1,253.6569
99.5,Akash_Class,MIDCOURSE,102837.94,102.8379,54715.02,54.715,847.7074,3051.7467,847.7074,575.925,622.0275,-0.0001,-9.8101,9.8101,4.7095,0.0,2.45,0.0025,0.0,0.0,0.07,700.0,251512744.48,251.5127
100.0,Akash_Class,MIDCOURSE,103146.5,103.1465,55002.98,55.003,844.1148,3038.8131,844.1148,575.925,617.1225,-0.0001,-9.8101,9.8101,4.6895,0.0,2.34,0.0023,0.0,0.0,0.07,700.0,249385403.82,249.3854
100.5,Akash_Class,MIDCOURSE,103452.61,103.4526,55290.94,55.2909,840.5354,3025.9274,840.5354,575.9249,612.2174,-0.0001,-9.8101,9.8101,4.6696,0.0,2.24,0.0022,0.0,0.0,0.06,700.0,247274906.04,247.2749
101.0,Akash_Class,MIDCOURSE,103756.27,103.7563,55578.9,55.5789,836.9694,3013.09,836.9694,575.9249,607.3124,-0.0001,-9.8101,9.8101,4.6498,0.0,2.14,0.0021,0.0,0.0,0.06,700.0,245181251.04,245.1813
101.5,Akash_Class,MIDCOURSE,104057.47,104.0575,55866.87,55.8669,833.4171,3000.3017,833.4171,575.9249,602.4074,-0.0001,-9.8101,9.8101,4.6301,0.0,2.05,0.0021,0.0,0.0,0.06,700.0,243104438.76,243.1044
102.0,Akash_Class,MIDCOURSE,104356.22,104.3562,56154.83,56.1548,829.8786,2987.5629,829.8786,575.9248,597.5023,-0.0001,-9.8101,9.8101,4.6104,0.0,1.96,0.002,0.0,0.0,0.06,700.0,241044469.12,241.0445
102.5,Akash_Class,MIDCOURSE,104652.52,104.6525,56442.79,56.4428,826.354,2974.8745,826.354,575.9248,592.5973,-0.0001,-9.8101,9.8101,4.5909,0.0,1.88,0.0019,0.0,0.0,0.05,700.0,239001342.05,239.0013
103.0,Akash_Class,MIDCOURSE,104946.37,104.9464,56730.75,56.7308,822.8436,2962.237,822.8436,575.9248,587.6923,-0.0001,-9.8101,9.8101,4.5714,0.0,1.8,0.0018,0.0,0.0,0.05,700.0,236975057.49,236.9751
103.5,Akash_Class,MIDCOURSE,105237.76,105.2378,57018.72,57.0187,819.3475,2949.651,819.3475,575.9248,582.7873,-0.0001,-9.8101,9.8101,4.5519,0.0,1.73,0.0017,0.0,0.0,0.05,700.0,234965615.38,234.9656
104.0,Akash_Class,MIDCOURSE,105526.7,105.5267,57306.68,57.3067,815.8659,2937.1173,815.8659,575.9247,577.8822,-0.0,-9.81,9.81,4.5326,0.0,1.65,0.0017,0.0,0.0,0.05,700.0,232973015.65,232.973
104.5,Akash_Class,MIDCOURSE,105813.19,105.8132,57594.64,57.5946,812.399,2924.6365,812.399,575.9247,572.9772,-0.0,-9.81,9.81,4.5133,0.0,1.59,0.0016,0.0,0.0,0.05,700.0,230997258.26,230.9973
105.0,Akash_Class,MIDCOURSE,106097.23,106.0972,57882.6,57.8826,808.947,2912.2092,808.947,575.9247,568.0722,-0.0,-9.81,9.81,4.4942,0.0,1.52,0.0015,0.0,0.0,0.04,700.0,229038343.15,229.0383
105.5,Akash_Class,MIDCOURSE,106378.81,106.3788,58170.57,58.1706,805.5101,2899.8363,805.5101,575.9247,563.1672,-0.0,-9.81,9.81,4.4751,0.0,1.46,0.0015,0.0,0.0,0.04,700.0,227096270.27,227.0963
106.0,Akash_Class,MIDCOURSE,106657.94,106.6579,58458.53,58.4585,802.0884,2887.5183,802.0884,575.9247,558.2621,-0.0,-9.81,9.81,4.456,0.0,1.4,0.0014,0.0,0.0,0.04,700.0,225171039.57,225.171
106.5,Akash_Class,MIDCOURSE,106934.62,106.9346,58746.49,58.7465,798.6822,2875.256,798.6822,575.9246,553.3571,-0.0,-9.81,9.81,4.4371,0.0,1.34,0.0013,0.0,0.0,0.04,700.0,223262651.02,223.2627
107.0,Akash_Class,MIDCOURSE,107208.85,107.2088,59034.45,59.0345,795.2917,2863.0501,795.2917,575.9246,548.4521,-0.0,-9.81,9.81,4.4183,0.0,1.29,0.0013,0.0,0.0,0.04,700.0,221371104.57,221.3711
107.5,Akash_Class,MIDCOURSE,107480.62,107.4806,59322.41,59.3224,791.917,2850.9013,791.917,575.9246,543.5471,-0.0,-9.81,9.81,4.3995,0.0,1.24,0.0012,0.0,0.0,0.04,700.0,219496400.18,219.4964
108.0,Akash_Class,MIDCOURSE,107749.94,107.7499,59610.38,59.6104,788.5584,2838.8103,788.5584,575.9246,538.6421,-0.0,-9.81,9.81,4.3809,0.0,1.19,0.0012,0.0,0.0,0.03,700.0,217638537.82,217.6385
108.5,Akash_Class,MIDCOURSE,108016.81,108.0168,59898.34,59.8983,785.2161,2826.778,785.2161,575.9246,533.7371,-0.0,-9.81,9.81,4.3623,0.0,1.14,0.0011,0.0,0.0,0.03,700.0,215797517.45,215.7975
109.0,Akash_Class,MIDCOURSE,108281.23,108.2812,60186.3,60.1863,781.8903,2814.805,781.8903,575.9245,528.832,-0.0,-9.81,9.81,4.3438,0.0,1.1,0.0011,0.0,0.0,0.03,700.0,213973339.03,213.9733
109.5,Akash_Class,MIDCOURSE,108543.19,108.5432,60474.26,60.4743,778.5811,2802.8921,778.5811,575.9245,523.927,-0.0,-9.81,9.81,4.3255,0.0,1.06,0.0011,0.0,0.0,0.03,700.0,212166002.54,212.166
110.0,Akash_Class,MIDCOURSE,108802.7,108.8027,60762.23,60.7622,775.2889,2791.04,775.2889,575.9245,519.022,-0.0,-9.81,9.81,4.3072,0.0,1.02,0.001,0.0,0.0,0.03,700.0,210375507.95,210.3755
110.5,Akash_Class,MIDCOURSE,109059.76,109.0598,61050.19,61.0502,772.0138,2779.2497,772.0138,575.9245,514.117,-0.0,-9.81,9.81,4.289,0.0,0.98,0.001,0.0,0.0,0.03,700.0,208601855.22,208.6019
111.0,Akash_Class,MIDCOURSE,109314.36,109.3144,61338.15,61.3382,768.756,2767.5217,768.756,575.9245,509.212,-0.0,-9.81,9.81,4.2709,0.0,0.94,0.0009,0.0,0.0,0.03,700.0,206845044.34,206.845
111.5,Akash_Class,MIDCOURSE,109566.52,109.5665,61626.11,61.6261,765.5158,2755.857,765.5158,575.9245,504.307,-0.0,-9.81,9.81,4.2529,0.0,0.91,0.0009,0.0,0.0,0.03,700.0,205105075.27,205.1051
112.0,Akash_Class,MIDCOURSE,109816.22,109.8162,61914.07,61.9141,762.2934,2744.2564,762.2934,575.9244,499.402,-0.0,-9.81,9.81,4.235,0.0,0.87,0.0009,0.0,0.0,0.03,700.0,203381948.0,203.3819
112.5,Akash_Class,MIDCOURSE,110063.47,110.0635,62202.04,62.202,759.089,2732.7206,759.089,575.9244,494.4969,-0.0,-9.81,9.81,4.2172,0.0,0.84,0.0008,0.0,0.0,0.02,700.0,201675662.49,201.6757
113.0,Akash_Class,MIDCOURSE,110308.26,110.3083,62490.0,62.49,755.9029,2721.2504,755.9029,575.9244,489.5919,-0.0,-9.81,9.81,4.1995,0.0,0.81,0.0008,0.0,0.0,0.02,700.0,199986218.73,199.9862
113.5,Akash_Class,MIDCOURSE,110550.61,110.5506,62777.96,62.778,752.7352,2709.8468,752.7352,575.9244,484.6869,-0.0,-9.81,9.81,4.1819,0.0,0.78,0.0008,0.0,0.0,0.02,700.0,198313616.71,198.3136
114.0,Akash_Class,MIDCOURSE,110790.5,110.7905,63065.92,63.0659,749.5863,2698.5106,749.5863,575.9244,479.7819,-0.0,-9.81,9.81,4.1644,0.0,0.75,0.0008,0.0,0.0,0.02,700.0,196657856.38,196.6579
114.5,Akash_Class,MIDCOURSE,111027.94,111.0279,63353.89,63.3539,746.4563,2687.2426,746.4563,575.9244,474.8769,-0.0,-9.81,9.81,4.147,0.0,0.72,0.0007,0.0,0.0,0.02,700.0,195018937.75,195.0189
115.0,Akash_Class,MIDCOURSE,111262.92,111.2629,63641.85,63.6418,743.3455,2676.0436,743.3455,575.9244,469.9719,-0.0,-9.81,9.81,4.1297,0.0,0.7,0.0007,0.0,0.0,0.02,700.0,193396860.8,193.3969
115.5,Akash_Class,MIDCOURSE,111495.46,111.4955,63929.81,63.9298,740.2541,2664.9146,740.2541,575.9244,465.0669,-0.0,-9.81,9.81,4.1125,0.0,0.67,0.0007,0.0,0.0,0.02,700.0,191791625.49,191.7916
116.0,Akash_Class,MIDCOURSE,111725.54,111.7255,64217.77,64.2178,737.1823,2653.8564,737.1823,575.9243,460.1619,-0.0,-9.81,9.81,4.0955,0.0,0.65,0.0007,0.0,0.0,0.02,700.0,190203231.83,190.2032
116.5,Akash_Class,MIDCOURSE,111953.16,111.9532,64505.73,64.5057,734.1305,2642.87,734.1305,575.9243,455.2569,-0.0,-9.81,9.81,4.0785,0.0,0.63,0.0006,0.0,0.0,0.02,700.0,188631679.8,188.6317
117.0,Akash_Class,MIDCOURSE,112178.34,112.1783,64793.7,64.7937,731.0989,2631.9561,731.0989,575.9243,450.3519,-0.0,-9.81,9.81,4.0617,0.0,0.61,0.0006,0.0,0.0,0.02,700.0,187076969.37,187.077
117.5,Akash_Class,MIDCOURSE,112401.06,112.4011,65081.66,65.0817,728.0877,2621.1158,728.0877,575.9243,445.4468,-0.0,-9.81,9.81,4.0449,0.0,0.59,0.0006,0.0,0.0,0.02,700.0,185539100.55,185.5391
118.0,Akash_Class,MIDCOURSE,112621.34,112.6213,65369.62,65.3696,725.0972,2610.3499,725.0972,575.9243,440.5418,-0.0,-9.81,9.81,4.0283,0.0,0.57,0.0006,0.0,0.0,0.02,700.0,184018073.31,184.0181
118.5,Akash_Class,MIDCOURSE,112839.15,112.8392,65657.58,65.6576,722.1276,2599.6593,722.1276,575.9243,435.6368,-0.0,-9.81,9.81,4.0118,0.0,0.55,0.0005,0.0,0.0,0.02,700.0,182513887.64,182.5139
119.0,Akash_Class,MIDCOURSE,113054.52,113.0545,65945.55,65.9455,719.1792,2589.0451,719.1792,575.9243,430.7318,-0.0,-9.81,9.81,3.9954,0.0,0.53,0.0005,0.0,0.0,0.02,700.0,181026543.54,181.0265
119.5,Akash_Class,MIDCOURSE,113267.43,113.2674,66233.51,66.2335,716.2522,2578.508,716.2522,575.9243,425.8268,-0.0,-9.81,9.81,3.9792,0.0,0.51,0.0005,0.0,0.0,0.01,700.0,179556040.99,179.556
120.0,Akash_Class,MIDCOURSE,113477.89,113.4779,66521.47,66.5215,713.347,2568.0492,713.347,575.9243,420.9218,-0.0,-9.81,9.81,3.963,0.0,0.5,0.0005,0.0,0.0,0.01,700.0,178102379.97,178.1024
120.5,Akash_Class,MIDCOURSE,113685.9,113.6859,66809.43,66.8094,710.4638,2557.6695,710.4638,575.9243,416.0168,-0.0,-9.81,9.81,3.947,0.0,0.48,0.0005,0.0,0.0,0.01,700.0,176665560.49,176.6656
121.0,Akash_Class,MIDCOURSE,113891.46,113.8915,67097.39,67.0974,707.6028,2547.3699,707.6028,575.9243,411.1118,-0.0,-9.81,9.81,3.9311,0.0,0.47,0.0005,0.0,0.0,0.01,700.0,175245582.53,175.2456
121.5,Akash_Class,MIDCOURSE,114094.56,114.0946,67385.36,67.3854,704.7643,2537.1514,704.7643,575.9242,406.2068,-0.0,-9.81,9.81,3.9154,0.0,0.45,0.0005,0.0,0.0,0.01,700.0,173842446.08,173.8424
122.0,Akash_Class,MIDCOURSE,114295.21,114.2952,67673.32,67.6733,701.9486,2527.015,701.9486,575.9242,401.3018,-0.0,-9.81,9.81,3.8997,0.0,0.44,0.0004,0.0,0.0,0.01,700.0,172456151.13,172.4562
122.5,Akash_Class,MIDCOURSE,114493.41,114.4934,67961.28,67.9613,699.156,2516.9617,699.156,575.9242,396.3968,-0.0,-9.81,9.81,3.8842,0.0,0.42,0.0004,0.0,0.0,0.01,700.0,171086697.68,171.0867
123.0,Akash_Class,MIDCOURSE,114689.16,114.6892,68249.24,68.2492,696.3868,2506.9924,696.3868,575.9242,391.4918,-0.0,-9.81,9.81,3.8688,0.0,0.41,0.0004,0.0,0.0,0.01,700.0,169734085.72,169.7341
123.5,Akash_Class,MIDCOURSE,114882.45,114.8825,68537.2,68.5372,693.6411,2497.1081,693.6411,575.9242,386.5868,-0.0,-9.81,9.81,3.8536,0.0,0.4,0.0004,0.0,0.0,0.01,700.0,168398315.24,168.3983
124.0,Akash_Class,MIDCOURSE,115073.29,115.0733,68825.17,68.8252,690.9194,2487.31,690.9194,575.9242,381.6818,-0.0,-9.81,9.81,3.8384,0.0,0.39,0.0004,0.0,0.0,0.01,700.0,167079386.23,167.0794
124.5,Akash_Class,MIDCOURSE,115261.68,115.2617,69113.13,69.1131,688.2219,2477.5989,688.2219,575.9242,376.7768,-0.0,-9.81,9.81,3.8235,0.0,0.37,0.0004,0.0,0.0,0.01,700.0,165777298.69,165.7773
125.0,Akash_Class,MIDCOURSE,115447.62,115.4476,69401.09,69.4011,685.5489,2467.976,685.5489,575.9242,371.8718,-0.0,-9.81,9.81,3.8086,0.0,0.36,0.0004,0.0,0.0,0.01,700.0,164492052.6,164.4921
125.5,Akash_Class,MIDCOURSE,115631.1,115.6311,69689.05,69.6891,682.9006,2458.4423,682.9006,575.9242,366.9668,-0.0,-9.81,9.81,3.7939,0.0,0.35,0.0004,0.0,0.0,0.01,700.0,163223647.98,163.2236
126.0,Akash_Class,MIDCOURSE,115812.13,115.8121,69977.01,69.977,680.2774,2448.9988,680.2774,575.9242,362.0618,-0.0,-9.81,9.81,3.7793,0.0,0.34,0.0003,0.0,0.0,0.01,700.0,161972084.8,161.9721
126.5,Akash_Class,MIDCOURSE,115990.71,115.9907,70264.98,70.265,677.6796,2439.6465,677.6796,575.9242,357.1568,-0.0,-9.81,9.81,3.7649,0.0,0.33,0.0003,0.0,0.0,0.01,700.0,160737363.06,160.7374
127.0,Akash_Class,MIDCOURSE,116166.83,116.1668,70552.94,70.5529,675.1074,2430.3865,675.1074,575.9242,352.2517,-0.0,-9.81,9.81,3.7506,0.0,0.32,0.0003,0.0,0.0,0.01,700.0,159519482.76,159.5195
127.5,Akash_Class,MIDCOURSE,116340.51,116.3405,70840.9,70.8409,672.5611,2421.2199,672.5611,575.9242,347.3467,-0.0,-9.81,9.81,3.7365,0.0,0.32,0.0003,0.0,0.0,0.01,700.0,158318443.9,158.3184
128.0,Akash_Class,MIDCOURSE,116511.73,116.5117,71128.86,71.1289,670.041,2412.1477,670.041,575.9242,342.4417,-0.0,-9.81,9.81,3.7225,0.0,0.31,0.0003,0.0,0.0,0.01,700.0,157134246.46,157.1342
128.5,Akash_Class,MIDCOURSE,116680.5,116.6805,71416.83,71.4168,667.5475,2403.1711,667.5475,575.9242,337.5367,-0.0,-9.81,9.81,3.7086,0.0,0.3,0.0003,0.0,0.0,0.01,700.0,155966890.44,155.9669
129.0,Akash_Class,MIDCOURSE,116846.81,116.8468,71704.79,71.7048,665.0808,2394.291,665.0808,575.9242,332.6317,-0.0,-9.81,9.81,3.6949,0.0,0.29,0.0003,0.0,0.0,0.01,700.0,154816375.84,154.8164
129.5,Akash_Class,MIDCOURSE,117010.68,117.0107,71992.75,71.9927,662.6413,2385.5085,662.6413,575.9241,327.7267,-0.0,-9.81,9.81,3.6813,0.0,0.28,0.0003,0.0,0.0,0.01,700.0,153682702.66,153.6827
130.0,Akash_Class,MIDCOURSE,117172.09,117.1721,72280.71,72.2807,660.2291,2376.8248,660.2291,575.9241,322.8217,-0.0,-9.81,9.81,3.6679,0.0,0.28,0.0003,0.0,0.0,0.01,700.0,152565870.89,152.5659
130.5,Akash_Class,MIDCOURSE,117331.04,117.331,72568.67,72.5687,657.8447,2368.2409,657.8447,575.9241,317.9167,-0.0,-9.81,9.81,3.6547,0.0,0.27,0.0003,0.0,0.0,0.01,700.0,151465880.53,151.4659
131.0,Akash_Class,MIDCOURSE,117487.55,117.4876,72856.64,72.8566,655.4883,2359.758,655.4883,575.9241,313.0117,-0.0,-9.81,9.81,3.6416,0.0,0.26,0.0003,0.0,0.0,0.01,700.0,150382731.56,150.3827
131.5,Akash_Class,MIDCOURSE,117641.6,117.6416,73144.6,73.1446,653.1603,2351.377,653.1603,575.9241,308.1067,-0.0,-9.81,9.81,3.6287,0.0,0.25,0.0003,0.0,0.0,0.01,700.0,149316424.0,149.3164
132.0,Akash_Class,MIDCOURSE,117793.2,117.7932,73432.56,73.4326,650.8609,2343.0992,650.8609,575.9241,303.2017,-0.0,-9.81,9.81,3.6159,0.0,0.25,0.0002,0.0,0.0,0.01,700.0,148266957.84,148.267
132.5,Akash_Class,MIDCOURSE,117942.35,117.9424,73720.52,73.7205,648.5904,2334.9255,648.5904,575.9241,298.2967,-0.0,-9.81,9.81,3.6033,0.0,0.24,0.0002,0.0,0.0,0.01,700.0,147234333.06,147.2343
133.0,Akash_Class,MIDCOURSE,118089.05,118.089,74008.48,74.0085,646.3492,2326.8571,646.3492,575.9241,293.3917,-0.0,-9.81,9.81,3.5908,0.0,0.24,0.0002,0.0,0.0,0.01,700.0,146218549.68,146.2185
133.5,Akash_Class,MIDCOURSE,118233.29,118.2333,74296.45,74.2964,644.1375,2318.8951,644.1375,575.9241,288.4867,-0.0,-9.81,9.81,3.5785,0.0,0.23,0.0002,0.0,0.0,0.01,700.0,145219607.68,145.2196
134.0,Akash_Class,MIDCOURSE,118375.08,118.3751,74584.41,74.5844,641.9557,2311.0406,641.9557,575.9241,283.5817,-0.0,-9.81,9.81,3.5664,0.0,0.23,0.0002,0.0,0.0,0.01,700.0,144237507.07,144.2375
134.5,Akash_Class,MIDCOURSE,118514.42,118.5144,74872.37,74.8724,639.8041,2303.2947,639.8041,575.9241,278.6767,-0.0,-9.81,9.81,3.5545,0.0,0.22,0.0002,0.0,0.0,0.01,700.0,143272247.84,143.2722
135.0,Akash_Class,MIDCOURSE,118651.31,118.6513,75160.33,75.1603,637.6829,2295.6585,637.6829,575.9241,273.7717,-0.0,-9.81,9.81,3.5427,0.0,0.22,0.0002,0.0,0.0,0.01,700.0,142323829.99,142.3238
135.5,Akash_Class,MIDCOURSE,118785.74,118.7857,75448.29,75.4483,635.5925,2288.1331,635.5925,575.9241,268.8667,-0.0,-9.81,9.81,3.5311,0.0,0.21,0.0002,0.0,0.0,0.01,700.0,141392253.51,141.3923
136.0,Akash_Class,MIDCOURSE,118917.72,118.9177,75736.26,75.7363,633.5332,2280.7196,633.5332,575.9241,263.9617,-0.0,-9.81,9.81,3.5196,0.0,0.21,0.0002,0.0,0.0,0.01,700.0,140477518.41,140.4775
136.5,Akash_Class,MIDCOURSE,119047.25,119.0473,76024.22,76.0242,631.5053,2273.419,631.5053,575.9241,259.0567,-0.0,-9.81,9.81,3.5084,0.0,0.2,0.0002,0.0,0.0,0.01,700.0,139579624.68,139.5796
137.0,Akash_Class,MIDCOURSE,119174.33,119.1743,76312.18,76.3122,629.509,2266.2326,629.509,575.9241,254.1517,-0.0,-9.81,9.81,3.4973,0.0,0.2,0.0002,0.0,0.0,0.01,700.0,138698572.32,138.6986
137.5,Akash_Class,MIDCOURSE,119298.95,119.2989,76600.14,76.6001,627.5448,2259.1612,627.5448,575.9241,249.2467,-0.0,-9.81,9.81,3.4864,0.0,0.19,0.0002,0.0,0.0,0.01,700.0,137834361.33,137.8344
138.0,Akash_Class,MIDCOURSE,119421.12,119.4211,76888.1,76.8881,625.6128,2252.2062,625.6128,575.9241,244.3417,-0.0,-9.81,9.81,3.4756,0.0,0.19,0.0002,0.0,0.0,0.01,700.0,136986991.71,136.987
138.5,Akash_Class,MIDCOURSE,119540.84,119.5408,77176.07,77.1761,623.7134,2245.3684,623.7134,575.9241,239.4367,-0.0,-9.81,9.81,3.4651,0.0,0.19,0.0002,0.0,0.0,0.01,700.0,136156463.44,136.1565
139.0,Akash_Class,MIDCOURSE,119658.1,119.6581,77464.03,77.464,621.847,2238.6491,621.847,575.9241,234.5317,-0.0,-9.81,9.81,3.4547,0.0,0.18,0.0002,0.0,0.0,0.01,700.0,135342776.54,135.3428
139.5,Akash_Class,MIDCOURSE,119772.92,119.7729,77751.99,77.752,620.0137,2232.0492,620.0137,575.9241,229.6267,-0.0,-9.81,9.81,3.4445,0.0,0.18,0.0002,0.0,0.0,0.01,700.0,134545931.0,134.5459
140.0,Akash_Class,MIDCOURSE,119885.28,119.8853,78039.95,78.04,618.2138,2225.5699,618.2138,575.9241,224.7217,-0.0,-9.81,9.81,3.4345,0.0,0.18,0.0002,0.0,0.0,0.01,700.0,133765926.82,133.7659
140.5,Akash_Class,MIDCOURSE,119995.19,119.9952,78327.91,78.3279,616.4478,2219.2121,616.4478,575.9241,219.8167,-0.0,-9.81,9.81,3.4247,0.0,0.17,0.0002,0.0,0.0,0.0,700.0,133002764.0,133.0028
141.0,Akash_Class,MIDCOURSE,120102.64,120.1026,78615.88,78.6159,614.7158,2212.977,614.7158,575.9241,214.9117,-0.0,-9.81,9.81,3.4151,0.0,0.17,0.0002,0.0,0.0,0.0,700.0,132256442.53,132.2564
141.5,Akash_Class,MIDCOURSE,120207.65,120.2076,78903.84,78.9038,613.0182,2206.8655,613.0182,575.9241,210.0067,-0.0,-9.81,9.81,3.4057,0.0,0.17,0.0002,0.0,0.0,0.0,700.0,131526962.41,131.527
142.0,Akash_Class,MIDCOURSE,120310.2,120.3102,79191.8,79.1918,611.3552,2200.8788,611.3552,575.924,205.1017,-0.0,-9.81,9.81,3.3964,0.0,0.16,0.0002,0.0,0.0,0.0,700.0,130814323.65,130.8143
142.5,Akash_Class,MIDCOURSE,120410.3,120.4103,79479.76,79.4798,609.7272,2195.0178,609.7272,575.924,200.1967,-0.0,-9.81,9.81,3.3874,0.0,0.16,0.0002,0.0,0.0,0.0,700.0,130118526.23,130.1185
143.0,Akash_Class,MIDCOURSE,120507.94,120.5079,79767.72,79.7677,608.1343,2189.2835,608.1343,575.924,195.2917,-0.0,-9.81,9.81,3.3785,0.0,0.16,0.0002,0.0,0.0,0.0,700.0,129439570.17,129.4396
143.5,Akash_Class,MIDCOURSE,120603.13,120.6031,80055.69,80.0557,606.5769,2183.677,606.5769,575.924,190.3867,-0.0,-9.81,9.81,3.3699,0.0,0.16,0.0002,0.0,0.0,0.0,700.0,128777455.45,128.7775
144.0,Akash_Class,MIDCOURSE,120695.88,120.6959,80343.65,80.3436,605.0553,2178.1992,605.0553,575.924,185.4817,-0.0,-9.81,9.81,3.3614,0.0,0.15,0.0002,0.0,0.0,0.0,700.0,128132182.08,128.1322
144.5,Akash_Class,MIDCOURSE,120786.16,120.7862,80631.61,80.6316,603.5697,2172.8511,603.5697,575.924,180.5767,-0.0,-9.81,9.81,3.3532,0.0,0.15,0.0002,0.0,0.0,0.0,700.0,127503750.06,127.5038
145.0,Akash_Class,MIDCOURSE,120874.0,120.874,80919.57,80.9196,602.1204,2167.6336,602.1204,575.924,175.6717,-0.0,-9.81,9.81,3.3451,0.0,0.15,0.0001,0.0,0.0,0.0,700.0,126892159.38,126.8922
145.5,Akash_Class,MIDCOURSE,120959.38,120.9594,81207.53,81.2075,600.7077,2162.5477,600.7077,575.924,170.7667,-0.0,-9.81,9.81,3.3373,0.0,0.15,0.0001,0.0,0.0,0.0,700.0,126297410.04,126.2974
146.0,Akash_Class,MIDCOURSE,121042.31,121.0423,81495.5,81.4955,599.3318,2157.5944,599.3318,575.924,165.8617,-0.0,-9.81,9.81,3.3296,0.0,0.14,0.0001,0.0,0.0,0.0,700.0,125719502.05,125.7195
146.5,Akash_Class,MIDCOURSE,121122.79,121.1228,81783.46,81.7835,597.9929,2152.7745,597.9929,575.924,160.9567,-0.0,-9.81,9.81,3.3222,0.0,0.14,0.0001,0.0,0.0,0.0,700.0,125158435.4,125.1584
147.0,Akash_Class,MIDCOURSE,121200.82,121.2008,82071.42,82.0714,596.6914,2148.089,596.6914,575.924,156.0517,-0.0,-9.81,9.81,3.315,0.0,0.14,0.0001,0.0,0.0,0.0,700.0,124614210.09,124.6142
147.5,Akash_Class,MIDCOURSE,121276.39,121.2764,82359.38,82.3594,595.4274,2143.5386,595.4274,575.924,151.1467,-0.0,-9.81,9.81,3.3079,0.0,0.14,0.0001,0.0,0.0,0.0,700.0,124086826.11,124.0868
148.0,Akash_Class,MIDCOURSE,121349.51,121.3495,82647.34,82.6473,594.2012,2139.1244,594.2012,575.924,146.2417,-0.0,-9.81,9.81,3.3011,0.0,0.14,0.0001,0.0,0.0,0.0,700.0,123576283.48,123.5763
148.5,Akash_Class,MIDCOURSE,121420.18,121.4202,82935.31,82.9353,593.0131,2134.8471,593.0131,575.924,141.3367,-0.0,-9.81,9.81,3.2945,0.0,0.13,0.0001,0.0,0.0,0.0,700.0,123082582.18,123.0826
149.0,Akash_Class,MIDCOURSE,121488.4,121.4884,83223.27,83.2233,591.8632,2130.7076,591.8632,575.924,136.4317,-0.0,-9.81,9.81,3.2881,0.0,0.13,0.0001,0.0,0.0,0.0,700.0,122605722.22,122.6057
149.5,Akash_Class,MIDCOURSE,121554.16,121.5542,83511.23,83.5112,590.7518,2126.7066,590.7518,575.924,131.5267,-0.0,-9.81,9.81,3.282,0.0,0.13,0.0001,0.0,0.0,0.0,700.0,122145703.59,122.1457
150.0,Akash_Class,MIDCOURSE,121617.47,121.6175,83799.19,83.7992,589.6792,2122.845,589.6792,575.924,126.6217,-0.0,-9.81,9.81,3.276,0.0,0.13,0.0001,0.0,0.0,0.0,700.0,121702526.3,121.7025
150.5,Akash_Class,MIDCOURSE,121678.33,121.6783,84087.15,84.0872,588.6454,2119.1234,588.6454,575.924,121.7167,-0.0,-9.81,9.81,3.2703,0.0,0.13,0.0001,0.0,0.0,0.0,700.0,121276190.35,121.2762
151.0,Akash_Class,MIDCOURSE,121736.73,121.7367,84375.12,84.3751,587.6508,2115.5427,587.6508,575.924,116.8117,-0.0,-9.81,9.81,3.2647,0.0,0.13,0.0001,0.0,0.0,0.0,700.0,120866695.72,120.8667
151.5,Akash_Class,MIDCOURSE,121792.69,121.7927,84663.08,84.6631,586.6954,2112.1036,586.6954,575.924,111.9067,-0.0,-9.81,9.81,3.2594,0.0,0.13,0.0001,0.0,0.0,0.0,700.0,120474042.43,120.474
152.0,Akash_Class,MIDCOURSE,121846.19,121.8462,84951.04,84.951,585.7797,2108.8067,585.7797,575.924,107.0017,-0.0,-9.81,9.81,3.2543,0.0,0.13,0.0001,0.0,0.0,0.0,700.0,120098230.47,120.0982
152.5,Akash_Class,MIDCOURSE,121897.24,121.8972,85239.0,85.239,584.9036,2105.6528,584.9036,575.924,102.0967,-0.0,-9.81,9.81,3.2495,0.0,0.12,0.0001,0.0,0.0,0.0,700.0,119739259.84,119.7393
153.0,Akash_Class,MIDCOURSE,121945.83,121.9458,85526.96,85.527,584.0673,2102.6424,584.0673,575.924,97.1917,-0.0,-9.81,9.81,3.2448,0.0,0.12,0.0001,0.0,0.0,0.0,700.0,119397130.54,119.3971
153.5,Akash_Class,MIDCOURSE,121991.98,121.992,85814.93,85.8149,583.2712,2099.7762,583.2712,575.924,92.2867,-0.0,-9.81,9.81,3.2404,0.0,0.12,0.0001,0.0,0.0,0.0,700.0,119071842.57,119.0718
154.0,Akash_Class,MIDCOURSE,122035.67,122.0357,86102.89,86.1029,582.5152,2097.0548,582.5152,575.924,87.3817,-0.0,-9.81,9.81,3.2362,0.0,0.12,0.0001,0.0,0.0,0.0,700.0,118763395.93,118.7634
154.5,Akash_Class,MIDCOURSE,122076.91,122.0769,86390.85,86.3909,581.7996,2094.4787,581.7996,575.924,82.4767,-0.0,-9.81,9.81,3.2322,0.0,0.12,0.0001,0.0,0.0,0.0,700.0,118471790.62,118.4718
155.0,Akash_Class,MIDCOURSE,122115.69,122.1157,86678.81,86.6788,581.1246,2092.0485,581.1246,575.924,77.5717,-0.0,-9.81,9.81,3.2285,0.0,0.12,0.0001,0.0,0.0,0.0,700.0,118197026.63,118.197
155.5,Akash_Class,MIDCOURSE,122152.02,122.152,86966.77,86.9668,580.4902,2089.7647,580.4902,575.924,72.6667,-0.0,-9.81,9.81,3.2249,0.0,0.12,0.0001,0.0,0.0,0.0,700.0,117939103.97,117.9391
156.0,Akash_Class,MIDCOURSE,122185.91,122.1859,87254.74,87.2547,579.8966,2087.6278,579.8966,575.924,67.7617,-0.0,-9.81,9.81,3.2216,0.0,0.12,0.0001,0.0,0.0,0.0,700.0,117698022.64,117.698
156.5,Akash_Class,MIDCOURSE,122217.33,122.2173,87542.7,87.5427,579.3439,2085.6381,579.3439,575.924,62.8567,-0.0,-9.81,9.81,3.2186,0.0,0.12,0.0001,0.0,0.0,0.0,700.0,117473782.63,117.4738
157.0,Akash_Class,MIDCOURSE,122246.31,122.2463,87830.66,87.8307,578.8323,2083.7962,578.8323,575.924,57.9517,-0.0,-9.81,9.81,3.2157,0.0,0.12,0.0001,0.0,0.0,0.0,700.0,117266383.95,117.2664
157.5,Akash_Class,MIDCOURSE,122272.83,122.2728,88118.62,88.1186,578.3618,2082.1024,578.3618,575.924,53.0467,-0.0,-9.81,9.81,3.2131,0.0,0.12,0.0001,0.0,0.0,0.0,700.0,117075826.59,117.0758
158.0,Akash_Class,MIDCOURSE,122296.9,122.2969,88406.58,88.4066,577.9325,2080.5572,577.9325,575.924,48.1417,-0.0,-9.81,9.81,3.2107,0.0,0.12,0.0001,0.0,0.0,0.0,700.0,116902110.56,116.9021
158.5,Akash_Class,MIDCOURSE,122318.52,122.3185,88694.55,88.6945,577.5446,2079.1607,577.5446,575.924,43.2367,-0.0,-9.81,9.81,3.2086,0.0,0.11,0.0001,0.0,0.0,0.0,700.0,116745235.84,116.7452
159.0,Akash_Class,MIDCOURSE,122337.69,122.3377,88982.51,88.9825,577.1982,2077.9134,577.1982,575.924,38.3317,-0.0,-9.81,9.81,3.2067,0.0,0.11,0.0001,0.0,0.0,0.0,700.0,116605202.46,116.6052
159.5,Akash_Class,MIDCOURSE,122354.4,122.3544,89270.47,89.2705,576.8932,2076.8155,576.8932,575.924,33.4267,-0.0,-9.81,9.81,3.205,0.0,0.11,0.0001,0.0,0.0,0.0,700.0,116482010.39,116.482
160.0,Akash_Class,MIDCOURSE,122368.66,122.3687,89558.43,89.5584,576.6298,2075.8672,576.6298,575.924,28.5217,-0.0,-9.81,9.81,3.2035,0.0,0.11,0.0001,0.0,0.0,0.0,700.0,116375659.64,116.3757
160.5,Akash_Class,MIDCOURSE,122380.47,122.3805,89846.39,89.8464,576.408,2075.0687,576.408,575.924,23.6167,-0.0,-9.81,9.81,3.2023,0.0,0.11,0.0001,0.0,0.0,0.0,700.0,116286150.22,116.2862
161.0,Akash_Class,MIDCOURSE,122389.83,122.3898,90134.36,90.1344,576.2278,2074.4202,576.2278,575.9239,18.7117,-0.0,-9.81,9.81,3.2013,0.0,0.11,0.0001,0.0,0.0,0.0,700.0,116213482.11,116.2135
161.5,Akash_Class,MIDCOURSE,122396.73,122.3967,90422.32,90.4223,576.0894,2073.9219,576.0894,575.9239,13.8067,-0.0,-9.81,9.81,3.2005,0.0,0.11,0.0001,0.0,0.0,0.0,700.0,116157655.33,116.1577
162.0,Akash_Class,MIDCOURSE,122401.18,122.4012,90710.28,90.7103,575.9927,2073.5738,575.9927,575.9239,8.9017,-0.0,-9.81,9.81,3.2,0.0,0.11,0.0001,0.0,0.0,0.0,700.0,116118669.86,116.1187
162.5,Akash_Class,MIDCOURSE,122403.18,122.4032,90998.24,90.9982,575.9378,2073.3761,575.9378,575.9239,3.9967,-0.0,-9.81,9.81,3.1997,0.0,0.11,0.0001,0.0,0.0,0.0,700.0,116096525.71,116.0965
163.0,Akash_Class,MIDCOURSE,122402.72,122.4027,91286.2,91.2862,575.9247,2073.3288,575.9247,575.9239,-0.9083,-0.0,-9.81,9.81,3.1996,0.0,0.11,0.0001,0.0,0.0,0.0,700.0,116091222.88,116.0912
163.5,Akash_Class,MIDCOURSE,122399.82,122.3998,91574.17,91.5742,575.9533,2073.4318,575.9533,575.9239,-5.8133,-0.0,-9.81,9.81,3.1997,0.0,0.11,0.0001,0.0,0.0,0.0,700.0,116102761.37,116.1028
164.0,Akash_Class,MIDCOURSE,122394.46,122.3945,91862.13,91.8621,576.0237,2073.6852,576.0237,575.9239,-10.7183,-0.0,-9.81,9.81,3.2001,0.0,0.11,0.0001,0.0,0.0,0.0,700.0,116131141.18,116.1311
164.5,Akash_Class,MIDCOURSE,122386.65,122.3866,92150.09,92.1501,576.1358,2074.0889,576.1358,575.9239,-15.6233,-0.0,-9.81,9.81,3.2008,0.0,0.11,0.0001,0.0,0.0,0.0,700.0,116176362.3,116.1764
165.0,Akash_Class,MIDCOURSE,122376.38,122.3764,92438.05,92.4381,576.2897,2074.6428,576.2897,575.9239,-20.5283,-0.0,-9.81,9.81,3.2016,0.0,0.11,0.0001,0.0,0.0,0.0,700.0,116238424.73,116.2384
165.5,Akash_Class,MIDCOURSE,122363.67,122.3637,92726.01,92.726,576.4852,2075.3468,576.4852,575.9239,-25.4333,-0.0,-9.81,9.81,3.2027,0.0,0.11,0.0001,0.0,0.0,0.0,700.0,116317328.49,116.3173
166.0,Akash_Class,MIDCOURSE,122348.5,122.3485,93013.98,93.014,576.7224,2076.2008,576.7224,575.9239,-30.3383,-0.0,-9.81,9.81,3.204,0.0,0.11,0.0001,0.0,0.0,0.0,700.0,116413073.55,116.4131
166.5,Akash_Class,MIDCOURSE,122330.88,122.3309,93301.94,93.3019,577.0013,2077.2045,577.0013,575.9239,-35.2433,-0.0,-9.81,9.81,3.2056,0.0,0.11,0.0001,0.0,0.0,0.0,700.0,116525659.93,116.5257
167.0,Akash_Class,MIDCOURSE,122310.8,122.3108,93589.9,93.5899,577.3216,2078.3578,577.3216,575.9239,-40.1483,-0.0,-9.81,9.81,3.2073,0.0,0.11,0.0001,0.0,0.0,0.0,700.0,116655087.63,116.6551
167.5,Akash_Class,MIDCOURSE,122288.27,122.2883,93877.86,93.8779,577.6834,2079.6604,577.6834,575.9239,-45.0533,-0.0,-9.81,9.81,3.2094,0.0,0.12,0.0001,0.0,0.0,0.0,700.0,116801356.64,116.8014
168.0,Akash_Class,MIDCOURSE,122263.3,122.2633,94165.82,94.1658,578.0867,2081.112,578.0867,575.9239,-49.9583,-0.0,-9.81,9.81,3.2116,0.0,0.12,0.0001,0.0,0.0,0.0,700.0,116964466.96,116.9645
168.5,Akash_Class,MIDCOURSE,122235.86,122.2359,94453.79,94.4538,578.5312,2082.7123,578.5312,575.9239,-54.8633,-0.0,-9.81,9.81,3.2141,0.0,0.12,0.0001,0.0,0.0,0.0,700.0,117144418.59,117.1444
169.0,Akash_Class,MIDCOURSE,122205.98,122.206,94741.75,94.7417,579.0169,2084.4609,579.0169,575.9239,-59.7683,-0.0,-9.81,9.81,3.2168,0.0,0.12,0.0001,0.0,0.0,0.0,700.0,117341211.54,117.3412
169.5,Akash_Class,MIDCOURSE,122173.64,122.1736,95029.71,95.0297,579.5438,2086.3576,579.5438,575.9239,-64.6733,-0.0,-9.81,9.81,3.2197,0.0,0.12,0.0001,0.0,0.0,0.0,700.0,117554845.79,117.5548
170.0,Akash_Class,MIDCOURSE,122138.85,122.1389,95317.67,95.3177,580.1116,2088.4018,580.1116,575.9239,-69.5783,-0.0,-9.81,9.81,3.2228,0.0,0.12,0.0001,0.0,0.0,0.0,700.0,117785321.36,117.7853
170.5,Akash_Class,MIDCOURSE,122101.61,122.1016,95605.63,95.6056,580.7203,2090.5932,580.7203,575.9239,-74.4833,-0.0,-9.81,9.81,3.2262,0.0,0.12,0.0001,0.0,0.0,0.0,700.0,118032638.23,118.0326
171.0,Akash_Class,MIDCOURSE,122061.92,122.0619,95893.6,95.8936,581.3698,2092.9313,581.3698,575.9239,-79.3883,-0.0,-9.81,9.81,3.2298,0.0,0.12,0.0001,0.0,0.0,0.0,700.0,118296796.41,118.2968
171.5,Akash_Class,MIDCOURSE,122019.77,122.0198,96181.56,96.1816,582.0599,2095.4156,582.0599,575.9239,-84.2933,-0.0,-9.81,9.81,3.2337,0.0,0.12,0.0001,0.0,0.0,0.0,700.0,118577795.9,118.5778
172.0,Akash_Class,MIDCOURSE,121975.17,121.9752,96469.52,96.4695,582.7904,2098.0455,582.7904,575.9239,-89.1983,-0.0,-9.81,9.81,3.2377,0.0,0.12,0.0001,0.0,0.0,0.0,700.0,118875636.7,118.8756
172.5,Akash_Class,MIDCOURSE,121928.12,121.9281,96757.48,96.7575,583.5613,2100.8206,583.5613,575.9239,-94.1033,-0.0,-9.81,9.81,3.242,0.0,0.12,0.0001,0.0,0.0,0.0,700.0,119190318.81,119.1903
173.0,Akash_Class,MIDCOURSE,121878.62,121.8786,97045.44,97.0454,584.3723,2103.7403,584.3723,575.9239,-99.0083,-0.0,-9.81,9.81,3.2465,0.0,0.12,0.0001,0.0,0.0,0.0,700.0,119521842.22,119.5218
173.5,Akash_Class,MIDCOURSE,121826.66,121.8267,97333.41,97.3334,585.2233,2106.8039,585.2233,575.9239,-103.9133,-0.0,-9.81,9.81,3.2512,0.0,0.13,0.0001,0.0,0.0,0.0,700.0,119870206.94,119.8702
174.0,Akash_Class,MIDCOURSE,121772.25,121.7723,97621.37,97.6214,586.1141,2110.0108,586.1141,575.9239,-108.8183,-0.0,-9.81,9.81,3.2562,0.0,0.13,0.0001,0.0,0.0,0.0,700.0,120235412.96,120.2354
174.5,Akash_Class,MIDCOURSE,121715.39,121.7154,97909.33,97.9093,587.0446,2113.3604,587.0446,575.9239,-113.7233,-0.0,-9.81,9.81,3.2614,0.0,0.13,0.0001,0.0,0.0,0.0,700.0,120617460.29,120.6175
175.0,Akash_Class,MIDCOURSE,121656.07,121.6561,98197.29,98.1973,588.0145,2116.852,588.0145,575.9239,-118.6283,-0.0,-9.81,9.81,3.2667,0.0,0.13,0.0001,0.0,0.0,0.0,700.0,121016348.92,121.0163
175.5,Akash_Class,MIDCOURSE,121594.31,121.5943,98485.25,98.4853,589.0236,2120.4849,589.0236,575.9239,-123.5333,-0.0,-9.81,9.81,3.2724,0.0,0.13,0.0001,0.0,0.0,0.0,700.0,121432078.86,121.4321
176.0,Akash_Class,MIDCOURSE,121530.09,121.5301,98773.21,98.7732,590.0718,2124.2584,590.0718,575.9239,-128.4383,-0.0,-9.81,9.81,3.2782,0.0,0.13,0.0001,0.0,0.0,0.0,700.0,121864650.09,121.8647
176.5,Akash_Class,MIDCOURSE,121463.42,121.4634,99061.18,99.0612,591.1588,2128.1718,591.1588,575.9239,-133.3433,-0.0,-9.81,9.81,3.2842,0.0,0.13,0.0001,0.0,0.0,0.0,700.0,122314062.63,122.3141
177.0,Akash_Class,MIDCOURSE,121394.29,121.3943,99349.14,99.3491,592.2845,2132.2241,592.2845,575.9239,-138.2483,-0.0,-9.81,9.81,3.2905,0.0,0.13,0.0001,0.0,0.0,0.0,700.0,122780316.46,122.7803
177.5,Akash_Class,MIDCOURSE,121322.72,121.3227,99637.1,99.6371,593.4485,2136.4148,593.4485,575.9239,-143.1533,-0.0,-9.81,9.81,3.2969,0.0,0.14,0.0001,0.0,0.0,0.0,700.0,123263411.6,123.2634
178.0,Akash_Class,MIDCOURSE,121248.69,121.2487,99925.06,99.9251,594.6508,2140.7429,594.6508,575.9239,-148.0583,-0.0,-9.81,9.81,3.3036,0.0,0.14,0.0001,0.0,0.0,0.0,700.0,123763348.04,123.7633
178.5,Akash_Class,MIDCOURSE,121172.21,121.1722,100213.02,100.213,595.891,2145.2076,595.891,575.9239,-152.9633,-0.0,-9.81,9.81,3.3105,0.0,0.14,0.0001,0.0,0.0,0.0,700.0,124280125.77,124.2801
179.0,Akash_Class,MIDCOURSE,121093.27,121.0933,100500.99,100.501,597.1689,2149.8081,597.1689,575.9239,-157.8683,-0.0,-9.81,9.81,3.3176,0.0,0.14,0.0001,0.0,0.0,0.0,700.0,124813744.8,124.8137
179.5,Akash_Class,MIDCOURSE,121011.88,121.0119,100788.95,100.7889,598.4843,2154.5434,598.4843,575.9239,-162.7733,-0.0,-9.81,9.81,3.3249,0.0,0.14,0.0001,0.0,0.0,0.0,700.0,125364205.12,125.3642
180.0,Akash_Class,MIDCOURSE,120928.05,120.928,101076.91,101.0769,599.8369,2159.4128,599.8369,575.9239,-167.6783,-0.0,-9.81,9.81,3.3324,0.0,0.15,0.0001,0.0,0.0,0.0,700.0,125931506.74,125.9315
180.5,Akash_Class,MIDCOURSE,120841.75,120.8418,101364.87,101.3649,601.2265,2164.4153,601.2265,575.9239,-172.5833,-0.0,-9.81,9.81,3.3401,0.0,0.15,0.0001,0.0,0.0,0.0,700.0,126515649.66,126.5156
181.0,Akash_Class,MIDCOURSE,120753.01,120.753,101652.83,101.6528,602.6528,2169.55,602.6528,575.9238,-177.4883,-0.0,-9.81,9.81,3.3481,0.0,0.15,0.0002,0.0,0.0,0.0,700.0,127116633.86,127.1166
181.5,Akash_Class,MIDCOURSE,120661.81,120.6618,101940.8,101.9408,604.1156,2174.816,604.1156,575.9238,-182.3933,-0.0,-9.81,9.81,3.3562,0.0,0.15,0.0002,0.0,0.0,0.0,700.0,127734459.36,127.7345
182.0,Akash_Class,MIDCOURSE,120568.16,120.5682,102228.76,102.2288,605.6145,2180.2122,605.6145,575.9238,-187.2983,-0.0,-9.81,9.81,3.3645,0.0,0.16,0.0002,0.0,0.0,0.0,700.0,128369126.15,128.3691
182.5,Akash_Class,MIDCOURSE,120472.06,120.4721,102516.72,102.5167,607.1494,2185.7378,607.1494,575.9238,-192.2033,-0.0,-9.81,9.81,3.3731,0.0,0.16,0.0002,0.0,0.0,0.0,700.0,129020634.22,129.0206
183.0,Akash_Class,MIDCOURSE,120373.51,120.3735,102804.68,102.8047,608.7199,2191.3917,608.7199,575.9238,-197.1083,-0.0,-9.81,9.81,3.3818,0.0,0.16,0.0002,0.0,0.0,0.0,700.0,129688983.59,129.689
183.5,Akash_Class,MIDCOURSE,120272.5,120.2725,103092.64,103.0926,610.3258,2197.1731,610.3258,575.9238,-202.0133,-0.0,-9.81,9.81,3.3907,0.0,0.16,0.0002,0.0,0.0,0.0,700.0,130374174.24,130.3742
184.0,Akash_Class,MIDCOURSE,120169.04,120.169,103380.61,103.3806,611.9669,2203.0807,611.9669,575.9238,-206.9183,-0.0,-9.81,9.81,3.3998,0.0,0.17,0.0002,0.0,0.0,0.0,700.0,131076206.18,131.0762
184.5,Akash_Class,MIDCOURSE,120063.13,120.0631,103668.57,103.6686,613.6427,2209.1137,613.6427,575.9238,-211.8233,-0.0,-9.81,9.81,3.4091,0.0,0.17,0.0002,0.0,0.0,0.0,700.0,131795079.4,131.7951
185.0,Akash_Class,MIDCOURSE,119954.77,119.9548,103956.53,103.9565,615.3531,2215.2711,615.3531,575.9238,-216.7283,-0.0,-9.81,9.81,3.4186,0.0,0.17,0.0002,0.0,0.0,0.0,700.0,132530793.91,132.5308
185.5,Akash_Class,MIDCOURSE,119843.95,119.8439,104244.49,104.2445,617.0977,2221.5517,617.0977,575.9238,-221.6333,-0.0,-9.81,9.81,3.4283,0.0,0.18,0.0002,0.0,0.0,0.01,700.0,133283349.69,133.2833
186.0,Akash_Class,MIDCOURSE,119730.68,119.7307,104532.45,104.5325,618.8763,2227.9546,618.8763,575.9238,-226.5383,-0.0,-9.81,9.81,3.4382,0.0,0.18,0.0002,0.0,0.0,0.01,700.0,134052746.76,134.0527
186.5,Akash_Class,MIDCOURSE,119614.96,119.615,104820.42,104.8204,620.6885,2234.4787,620.6885,575.9238,-231.4433,-0.0,-9.81,9.81,3.4483,0.0,0.18,0.0002,0.0,0.0,0.01,700.0,134838985.1,134.839
187.0,Akash_Class,MIDCOURSE,119496.78,119.4968,105108.38,105.1084,622.5341,2241.1229,622.5341,575.9238,-236.3483,-0.0,-9.81,9.81,3.4585,0.0,0.19,0.0002,0.0,0.0,0.01,700.0,135642064.72,135.6421
187.5,Akash_Class,MIDCOURSE,119376.16,119.3762,105396.34,105.3963,624.4128,2247.8862,624.4128,575.9238,-241.2533,-0.0,-9.81,9.81,3.469,0.0,0.19,0.0002,0.0,0.0,0.01,700.0,136461985.62,136.462
188.0,Akash_Class,MIDCOURSE,119253.08,119.2531,105684.3,105.6843,626.3243,2254.7675,626.3243,575.9238,-246.1583,-0.0,-9.81,9.81,3.4796,0.0,0.19,0.0002,0.0,0.0,0.01,700.0,137298747.79,137.2987
188.5,Akash_Class,MIDCOURSE,119127.55,119.1275,105972.26,105.9723,628.2683,2261.7657,628.2683,575.9238,-251.0633,-0.0,-9.81,9.81,3.4904,0.0,0.2,0.0002,0.0,0.0,0.01,700.0,138152351.22,138.1524
189.0,Akash_Class,MIDCOURSE,118999.56,118.9996,106260.22,106.2602,630.2444,2268.8798,630.2444,575.9238,-255.9683,-0.0,-9.81,9.81,3.5014,0.0,0.2,0.0002,0.0,0.0,0.01,700.0,139022795.93,139.0228
189.5,Akash_Class,MIDCOURSE,118869.13,118.8691,106548.19,106.5482,632.2524,2276.1086,632.2524,575.9238,-260.8733,-0.0,-9.81,9.81,3.5125,0.0,0.21,0.0002,0.0,0.0,0.01,700.0,139910081.91,139.9101
190.0,Akash_Class,MIDCOURSE,118736.24,118.7362,106836.15,106.8361,634.292,2283.4511,634.292,575.9238,-265.7783,-0.0,-9.81,9.81,3.5238,0.0,0.21,0.0002,0.0,0.0,0.01,700.0,140814209.15,140.8142
190.5,Akash_Class,MIDCOURSE,118600.9,118.6009,107124.11,107.1241,636.3628,2290.9062,636.3628,575.9238,-270.6833,-0.0,-9.81,9.81,3.5353,0.0,0.22,0.0002,0.0,0.0,0.01,700.0,141735177.65,141.7352
191.0,Akash_Class,MIDCOURSE,118463.1,118.4631,107412.07,107.4121,638.4646,2298.4727,638.4646,575.9238,-275.5883,-0.0,-9.81,9.81,3.547,0.0,0.22,0.0002,0.0,0.0,0.01,700.0,142672987.42,142.673
191.5,Akash_Class,MIDCOURSE,118322.85,118.3229,107700.03,107.7,640.5971,2306.1497,640.5971,575.9238,-280.4933,-0.0,-9.81,9.81,3.5589,0.0,0.23,0.0002,0.0,0.0,0.01,700.0,143627638.44,143.6276
192.0,Akash_Class,MIDCOURSE,118180.16,118.1802,107988.0,107.988,642.76,2313.9359,642.76,575.9238,-285.3983,-0.0,-9.81,9.81,3.5709,0.0,0.23,0.0002,0.0,0.0,0.01,700.0,144599130.72,144.5991
192.5,Akash_Class,MIDCOURSE,118035.0,118.035,108275.96,108.276,644.9529,2321.8303,644.9529,575.9238,-290.3033,-0.0,-9.81,9.81,3.5831,0.0,0.24,0.0002,0.0,0.0,0.01,700.0,145587464.25,145.5875
193.0,Akash_Class,MIDCOURSE,117887.4,117.8874,108563.92,108.5639,647.1755,2329.8318,647.1755,575.9238,-295.2083,-0.0,-9.81,9.81,3.5954,0.0,0.24,0.0002,0.0,0.0,0.01,700.0,146592639.03,146.5926
193.5,Akash_Class,MIDCOURSE,117737.34,117.7373,108851.88,108.8519,649.4276,2337.9392,649.4276,575.9238,-300.1133,-0.0,-9.81,9.81,3.6079,0.0,0.25,0.0002,0.0,0.0,0.01,700.0,147614655.06,147.6147
194.0,Akash_Class,MIDCOURSE,117584.83,117.5848,109139.84,109.1398,651.7088,2346.1516,651.7088,575.9238,-305.0183,-0.0,-9.81,9.81,3.6206,0.0,0.26,0.0003,0.0,0.0,0.01,700.0,148653512.33,148.6535
194.5,Akash_Class,MIDCOURSE,117429.87,117.4299,109427.81,109.4278,654.0188,2354.4677,654.0188,575.9237,-309.9233,-0.0,-9.81,9.81,3.6334,0.0,0.26,0.0003,0.0,0.0,0.01,700.0,149709210.85,149.7092
195.0,Akash_Class,MIDCOURSE,117272.46,117.2725,109715.77,109.7158,656.3574,2362.8865,656.3574,575.9237,-314.8283,-0.0,-9.81,9.81,3.6464,0.0,0.27,0.0003,0.0,0.0,0.01,700.0,150781750.6,150.7818
195.5,Akash_Class,MIDCOURSE,117112.59,117.1126,110003.73,110.0037,658.7242,2371.407,658.7242,575.9237,-319.7333,-0.0,-9.81,9.81,3.6596,0.0,0.28,0.0003,0.0,0.0,0.01,700.0,151871131.59,151.8711
196.0,Akash_Class,MIDCOURSE,116950.27,116.9503,110291.69,110.2917,661.1189,2380.0279,661.1189,575.9237,-324.6383,-0.0,-9.81,9.81,3.6729,0.0,0.28,0.0003,0.0,0.0,0.01,700.0,152977353.81,152.9774
196.5,Akash_Class,MIDCOURSE,116785.5,116.7855,110579.65,110.5797,663.5412,2388.7483,663.5412,575.9237,-329.5433,-0.0,-9.81,9.81,3.6863,0.0,0.29,0.0003,0.0,0.0,0.01,700.0,154100417.26,154.1004
197.0,Akash_Class,MIDCOURSE,116618.28,116.6183,110867.61,110.8676,665.9908,2397.567,665.9908,575.9237,-334.4483,-0.0,-9.81,9.81,3.6999,0.0,0.3,0.0003,0.0,0.0,0.01,700.0,155240321.93,155.2403
197.5,Akash_Class,MIDCOURSE,116448.6,116.4486,111155.58,111.1556,668.4675,2406.4829,668.4675,575.9237,-339.3533,-0.0,-9.81,9.81,3.7137,0.0,0.31,0.0003,0.0,0.0,0.01,700.0,156397067.83,156.3971
198.0,Akash_Class,MIDCOURSE,116276.47,116.2765,111443.54,111.4435,670.9708,2415.495,670.9708,575.9237,-344.2583,-0.0,-9.81,9.81,3.7276,0.0,0.32,0.0003,0.0,0.0,0.01,700.0,157570654.93,157.5707
198.5,Akash_Class,MIDCOURSE,116101.89,116.1019,111731.5,111.7315,673.5006,2424.6023,673.5006,575.9237,-349.1633,-0.0,-9.81,9.81,3.7417,0.0,0.32,0.0003,0.0,0.0,0.01,700.0,158761083.25,158.7611
199.0,Akash_Class,MIDCOURSE,115924.86,115.9249,112019.46,112.0195,676.0565,2433.8035,676.0565,575.9237,-354.0683,-0.0,-9.81,9.81,3.7559,0.0,0.33,0.0003,0.0,0.0,0.01,700.0,159968352.78,159.9684
199.5,Akash_Class,MIDCOURSE,115745.37,115.7454,112307.42,112.3074,678.6383,2443.0978,678.6383,575.9237,-358.9732,-0.0,-9.81,9.81,3.7702,0.0,0.34,0.0003,0.0,0.0,0.01,700.0,161192463.51,161.1925
200.0,Akash_Class,MIDCOURSE,115563.43,115.5634,112595.39,112.5954,681.2455,2452.4839,681.2455,575.9237,-363.8782,-0.0,-9.81,9.81,3.7847,0.0,0.35,0.0004,0.0,0.0,0.01,700.0,162433415.43,162.4334
200.5,Akash_Class,MIDCOURSE,115379.04,115.379,112883.35,112.8833,683.878,2461.9609,683.878,575.9237,-368.7832,-0.0,-9.81,9.81,3.7993,0.0,0.36,0.0004,0.0,0.0,0.01,700.0,163691208.55,163.6912
201.0,Akash_Class,MIDCOURSE,115192.19,115.1922,113171.31,113.1713,686.5355,2471.5278,686.5355,575.9237,-373.6882,-0.0,-9.81,9.81,3.8141,0.0,0.38,0.0004,0.0,0.0,0.01,700.0,164965842.85,164.9658
201.5,Akash_Class,MIDCOURSE,115002.9,115.0029,113459.27,113.4593,689.2176,2481.1834,689.2176,575.9237,-378.5932,-0.0,-9.81,9.81,3.829,0.0,0.39,0.0004,0.0,0.0,0.01,700.0,166257318.33,166.2573
202.0,Akash_Class,MIDCOURSE,114811.15,114.8111,113747.23,113.7472,691.9241,2490.9268,691.9241,575.9237,-383.4982,-0.0,-9.81,9.81,3.844,0.0,0.4,0.0004,0.0,0.0,0.01,700.0,167565634.99,167.5656
202.5,Akash_Class,MIDCOURSE,114616.95,114.6169,114035.2,114.0352,694.6547,2500.7568,694.6547,575.9237,-388.4032,-0.0,-9.81,9.81,3.8592,0.0,0.41,0.0004,0.0,0.0,0.01,700.0,168890792.81,168.8908
203.0,Akash_Class,MIDCOURSE,114420.29,114.4203,114323.16,114.3232,697.4091,2510.6726,697.4091,575.9236,-393.3082,-0.0,-9.81,9.81,3.8745,0.0,0.42,0.0004,0.0,0.0,0.01,700.0,170232791.79,170.2328
203.5,Akash_Class,MIDCOURSE,114221.19,114.2212,114611.12,114.6111,700.187,2520.6731,700.187,575.9236,-398.2132,-0.0,-9.81,9.81,3.8899,0.0,0.44,0.0004,0.0,0.0,0.01,700.0,171591631.93,171.5916
204.0,Akash_Class,MIDCOURSE,114019.63,114.0196,114899.08,114.8991,702.9881,2530.7573,702.9881,575.9236,-403.1182,-0.0,-9.81,9.81,3.9055,0.0,0.45,0.0005,0.0,0.0,0.01,700.0,172967313.21,172.9673
204.5,Akash_Class,MIDCOURSE,113815.62,113.8156,115187.04,115.187,705.8123,2540.9242,705.8123,575.9236,-408.0232,-0.0,-9.81,9.81,3.9212,0.0,0.47,0.0005,0.0,0.0,0.01,700.0,174359835.63,174.3598
205.0,Akash_Class,MIDCOURSE,113609.15,113.6092,115475.0,115.475,708.6591,2551.1727,708.6591,575.9236,-412.9282,-0.0,-9.81,9.81,3.937,0.0,0.48,0.0005,0.0,0.0,0.01,700.0,175769199.18,175.7692
205.5,Akash_Class,MIDCOURSE,113400.23,113.4002,115762.97,115.763,711.5283,2561.502,711.5283,575.9236,-417.8332,-0.0,-9.81,9.81,3.9529,0.0,0.5,0.0005,0.0,0.0,0.01,700.0,177195403.86,177.1954
206.0,Akash_Class,MIDCOURSE,113188.87,113.1889,116050.93,116.0509,714.4197,2571.9111,714.4197,575.9236,-422.7382,-0.0,-9.81,9.81,3.969,0.0,0.51,0.0005,0.0,0.0,0.01,700.0,178638449.64,178.6384
206.5,Akash_Class,MIDCOURSE,112975.04,112.975,116338.89,116.3389,717.333,2582.3989,717.333,575.9236,-427.6432,-0.0,-9.81,9.81,3.9852,0.0,0.53,0.0005,0.0,0.0,0.02,700.0,180098336.53,180.0983
207.0,Akash_Class,MIDCOURSE,112758.77,112.7588,116626.85,116.6269,720.2679,2592.9646,720.2679,575.9236,-432.5482,-0.0,-9.81,9.81,4.0015,0.0,0.55,0.0006,0.0,0.0,0.02,700.0,181575064.51,181.5751
207.5,Akash_Class,MIDCOURSE,112540.04,112.54,116914.81,116.9148,723.2242,2603.6071,723.2242,575.9236,-437.4532,-0.0,-9.81,9.81,4.0179,0.0,0.57,0.0006,0.0,0.0,0.02,700.0,183068633.58,183.0686
208.0,Akash_Class,MIDCOURSE,112318.86,112.3189,117202.78,117.2028,726.2016,2614.3256,726.2016,575.9236,-442.3582,-0.0,-9.81,9.81,4.0345,0.0,0.59,0.0006,0.0,0.0,0.02,700.0,184579043.71,184.579
208.5,Akash_Class,MIDCOURSE,112095.23,112.0952,117490.74,117.4907,729.1997,2625.1191,729.1997,575.9236,-447.2632,-0.0,-9.81,9.81,4.0511,0.0,0.61,0.0006,0.0,0.0,0.02,700.0,186106294.9,186.1063
209.0,Akash_Class,MIDCOURSE,111869.15,111.8691,117778.7,117.7787,732.2185,2635.9867,732.2185,575.9235,-452.1681,-0.0,-9.81,9.81,4.0679,0.0,0.63,0.0006,0.0,0.0,0.02,700.0,187650387.15,187.6504
209.5,Akash_Class,MIDCOURSE,111640.61,111.6406,118066.66,118.0667,735.2576,2646.9274,735.2576,575.9235,-457.0731,-0.0,-9.81,9.81,4.0848,0.0,0.65,0.0007,0.0,0.0,0.02,700.0,189211320.42,189.2113
210.0,Akash_Class,MIDCOURSE,111409.62,111.4096,118354.62,118.3546,738.3168,2657.9405,738.3168,575.9235,-461.9781,-0.0,-9.81,9.81,4.1018,0.0,0.68,0.0007,0.0,0.0,0.02,700.0,190789094.72,190.7891
210.5,Akash_Class,MIDCOURSE,111176.18,111.1762,118642.58,118.6426,741.3958,2669.0249,741.3958,575.9235,-466.8831,-0.0,-9.81,9.81,4.1189,0.0,0.7,0.0007,0.0,0.0,0.02,700.0,192383710.02,192.3837
211.0,Akash_Class,MIDCOURSE,110940.29,110.9403,118930.55,118.9305,744.4944,2680.1798,744.4944,575.9235,-471.7881,-0.0,-9.81,9.81,4.1361,0.0,0.73,0.0007,0.0,0.0,0.02,700.0,193995166.32,193.9952
211.5,Akash_Class,MIDCOURSE,110701.94,110.7019,119218.51,119.2185,747.6123,2691.4044,747.6123,575.9235,-476.6931,-0.0,-9.81,9.81,4.1534,0.0,0.76,0.0008,0.0,0.0,0.02,700.0,195623463.59,195.6235
212.0,Akash_Class,MIDCOURSE,110461.14,110.4611,119506.47,119.5065,750.7493,2702.6976,750.7493,575.9235,-481.5981,-0.0,-9.81,9.81,4.1708,0.0,0.78,0.0008,0.0,0.0,0.02,700.0,197268601.82,197.2686
212.5,Akash_Class,MIDCOURSE,110217.89,110.2179,119794.43,119.7944,753.9052,2714.0588,753.9052,575.9235,-486.5031,-0.0,-9.81,9.81,4.1884,0.0,0.81,0.0008,0.0,0.0,0.02,700.0,198930580.99,198.9306
213.0,Akash_Class,MIDCOURSE,109972.19,109.9722,120082.39,120.0824,757.0797,2725.487,757.0797,575.9235,-491.4081,-0.0,-9.81,9.81,4.206,0.0,0.84,0.0008,0.0,0.0,0.02,700.0,200609401.09,200.6094
213.5,Akash_Class,MIDCOURSE,109724.03,109.724,120370.35,120.3704,760.2726,2736.9814,760.2726,575.9234,-496.3131,-0.0,-9.81,9.81,4.2237,0.0,0.88,0.0009,0.0,0.0,0.03,700.0,202305062.09,202.3051
214.0,Akash_Class,MIDCOURSE,109473.42,109.4734,120658.32,120.6583,763.4837,2748.5412,763.4837,575.9234,-501.218,-0.0,-9.81,9.81,4.2416,0.0,0.91,0.0009,0.0,0.0,0.03,700.0,204017563.97,204.0176
214.5,Akash_Class,MIDCOURSE,109220.36,109.2204,120946.28,120.9463,766.7127,2760.1656,766.7127,575.9234,-506.123,-0.0,-9.81,9.81,4.2595,0.0,0.95,0.0009,0.0,0.0,0.03,700.0,205746906.72,205.7469
215.0,Akash_Class,MIDCOURSE,108964.84,108.9648,121234.24,121.2342,769.9594,2771.8537,769.9594,575.9234,-511.028,-0.0,-9.81,9.81,4.2776,0.0,0.98,0.001,0.0,0.0,0.03,700.0,207493090.3,207.4931
215.5,Akash_Class,MIDCOURSE,108706.88,108.7069,121522.2,121.5222,773.2235,2783.6047,773.2235,575.9234,-515.933,-0.0,-9.81,9.81,4.2957,0.0,1.02,0.001,0.0,0.0,0.03,700.0,209256114.69,209.2561
216.0,Akash_Class,MIDCOURSE,108446.46,108.4465,121810.16,121.8102,776.505,2795.4178,776.505,575.9234,-520.838,-0.0,-9.81,9.81,4.3139,0.0,1.06,0.0011,0.0,0.0,0.03,700.0,211035979.88,211.036
216.5,Akash_Class,MIDCOURSE,108183.59,108.1836,122098.12,122.0981,779.8034,2807.2923,779.8034,575.9234,-525.743,-0.0,-9.81,9.81,4.3322,0.0,1.11,0.0011,0.0,0.0,0.03,700.0,212832685.82,212.8327
217.0,Akash_Class,MIDCOURSE,107918.26,107.9183,122386.09,122.3861,783.1187,2819.2274,783.1187,575.9233,-530.648,-0.0,-9.81,9.81,4.3507,0.0,1.15,0.0012,0.0,0.0,0.03,700.0,214646232.5,214.6462
217.5,Akash_Class,MIDCOURSE,107650.49,107.6505,122674.05,122.674,786.4507,2831.2223,786.4507,575.9233,-535.5529,-0.0,-9.81,9.81,4.3692,0.0,1.2,0.0012,0.0,0.0,0.03,700.0,216476619.89,216.4766
218.0,Akash_Class,MIDCOURSE,107380.26,107.3803,122962.01,122.962,789.799,2843.2763,789.799,575.9233,-540.4579,-0.0,-9.81,9.81,4.3878,0.0,1.25,0.0012,0.0,0.0,0.04,700.0,218323847.94,218.3238
218.5,Akash_Class,MIDCOURSE,107107.58,107.1076,123249.97,123.25,793.1635,2855.3886,793.1635,575.9233,-545.3629,-0.0,-9.81,9.81,4.4065,0.0,1.3,0.0013,0.0,0.0,0.04,700.0,220187916.64,220.1879
219.0,Akash_Class,MIDCOURSE,106832.44,106.8324,123537.93,123.5379,796.544,2867.5584,796.544,575.9233,-550.2679,-0.0,-9.81,9.81,4.4252,0.0,1.35,0.0014,0.0,0.0,0.04,700.0,222068825.93,222.0688
219.5,Akash_Class,MIDCOURSE,106554.86,106.5549,123825.89,123.8259,799.9403,2879.7851,799.9403,575.9232,-555.1729,-0.0,-9.81,9.81,4.4441,0.0,1.41,0.0014,0.0,0.0,0.04,700.0,223966575.79,223.9666
220.0,Akash_Class,MIDCOURSE,106274.82,106.2748,124113.86,124.1139,803.3522,2892.0679,803.3522,575.9232,-560.0779,-0.0,-9.81,9.81,4.4631,0.0,1.47,0.0015,0.0,0.0,0.04,700.0,225881166.18,225.8812
220.5,Akash_Class,MIDCOURSE,105992.33,105.9923,124401.82,124.4018,806.7795,2904.4061,806.7795,575.9232,-564.9828,-0.0,-9.81,9.81,4.4821,0.0,1.53,0.0015,0.0,0.0,0.04,700.0,227812597.05,227.8126
221.0,Akash_Class,MIDCOURSE,105707.38,105.7074,124689.78,124.6898,810.222,2916.7991,810.222,575.9232,-569.8878,-0.0,-9.81,9.81,4.5012,0.0,1.6,0.0016,0.0,0.0,0.05,700.0,229760868.36,229.7609
221.5,Akash_Class,MIDCOURSE,105419.99,105.42,124977.74,124.9777,813.6794,2929.246,813.6794,575.9232,-574.7928,-0.0,-9.81,9.81,4.5204,0.0,1.67,0.0017,0.0,0.0,0.05,700.0,231725980.07,231.726
222.0,Akash_Class,MIDCOURSE,105130.14,105.1301,125265.7,125.2657,817.1517,2941.7462,817.1517,575.9231,-579.6978,-0.0001,-9.8099,9.8099,4.5397,0.0,1.74,0.0017,0.0,0.0,0.05,700.0,233707932.12,233.7079
222.5,Akash_Class,MIDCOURSE,104837.84,104.8378,125553.66,125.5537,820.6386,2954.2991,820.6386,575.9231,-584.6027,-0.0001,-9.8099,9.8099,4.5591,0.0,1.82,0.0018,0.0,0.0,0.05,700.0,235706724.46,235.7067
223.0,Akash_Class,MIDCOURSE,104543.08,104.5431,125841.63,125.8416,824.14,2966.904,824.14,575.9231,-589.5077,-0.0001,-9.8099,9.8099,4.5786,0.0,1.9,0.0019,0.0,0.0,0.05,700.0,237722357.03,237.7224
223.5,Akash_Class,MIDCOURSE,104245.88,104.2459,126129.59,126.1296,827.6556,2979.5602,827.6556,575.9231,-594.4127,-0.0001,-9.8099,9.8099,4.5981,0.0,1.98,0.002,0.0,0.0,0.06,700.0,239754829.78,239.7548
224.0,Akash_Class,MIDCOURSE,103946.22,103.9462,126417.55,126.4175,831.1853,2992.267,831.1853,575.923,-599.3177,-0.0001,-9.8099,9.8099,4.6177,0.0,2.07,0.0021,0.0,0.0,0.06,700.0,241804142.65,241.8041
224.5,Akash_Class,MIDCOURSE,103644.11,103.6441,126705.51,126.7055,834.7289,3005.0239,834.7289,575.923,-604.2226,-0.0001,-9.8099,9.8099,4.6374,0.0,2.16,0.0022,0.0,0.0,0.06,700.0,243870295.56,243.8703
225.0,Akash_Class,MIDCOURSE,103339.54,103.3395,126993.47,126.9935,838.2862,3017.8302,838.2862,575.923,-609.1276,-0.0001,-9.8099,9.8099,4.6571,0.0,2.26,0.0023,0.0,0.0,0.07,700.0,245953288.46,245.9533
225.5,Akash_Class,MIDCOURSE,103032.53,103.0325,127281.43,127.2814,841.857,3030.6852,841.857,575.9229,-614.0326,-0.0001,-9.8099,9.8099,4.677,0.0,2.36,0.0024,0.0,0.0,0.07,700.0,248053121.26,248.0531
226.0,Akash_Class,MIDCOURSE,102723.06,102.7231,127569.39,127.5694,845.4412,3043.5884,845.4412,575.9229,-618.9375,-0.0001,-9.8099,9.8099,4.6969,0.0,2.47,0.0025,0.0,0.0,0.07,700.0,250169793.89,250.1698
226.5,Akash_Class,MIDCOURSE,102411.14,102.4111,127857.36,127.8574,849.0386,3056.5391,849.0386,575.9229,-623.8425,-0.0001,-9.8099,9.8099,4.7169,0.0,2.58,0.0026,0.0,0.0,0.07,700.0,252303306.26,252.3033
227.0,Akash_Class,MIDCOURSE,102096.76,102.0968,128145.32,128.1453,852.6491,3069.5367,852.6491,575.9228,-628.7474,-0.0001,-9.8099,9.8099,4.7369,0.0,2.71,0.0027,0.0,0.0,0.08,700.0,254453658.28,254.4537
227.5,Akash_Class,MIDCOURSE,101779.94,101.7799,128433.28,128.4333,856.2724,3082.5807,856.2724,575.9228,-633.6524,-0.0001,-9.8099,9.8099,4.7571,0.0,2.83,0.0028,0.0,0.0,0.08,700.0,256620849.87,256.6208
228.0,Akash_Class,MIDCOURSE,101460.66,101.4607,128721.24,128.7212,859.9084,3095.6704,859.9084,575.9227,-638.5574,-0.0001,-9.8099,9.8099,4.7773,0.0,2.97,0.003,0.0,0.0,0.09,700.0,258804880.92,258.8049
228.5,Akash_Class,MIDCOURSE,101138.93,101.1389,129009.2,129.0092,863.557,3108.8053,863.557,575.9227,-643.4623,-0.0001,-9.8099,9.8099,4.7975,0.0,3.11,0.0031,0.0,0.0,0.09,700.0,261005751.33,261.0058
229.0,Akash_Class,MIDCOURSE,100814.74,100.8147,129297.16,129.2972,867.218,3121.9847,867.218,575.9227,-648.3673,-0.0001,-9.8099,9.8099,4.8179,0.0,3.25,0.0033,0.0,0.0,0.09,700.0,263223460.98,263.2235
229.5,Akash_Class,MIDCOURSE,100488.11,100.4881,129585.12,129.5851,870.8912,3135.2083,870.8912,575.9226,-653.2722,-0.0001,-9.8099,9.8099,4.8383,0.0,3.41,0.0034,0.0,0.0,0.1,700.0,265458009.76,265.458
230.0,Akash_Class,MIDCOURSE,100159.02,100.159,129873.09,129.8731,874.5765,3148.4753,874.5765,575.9226,-658.1772,-0.0001,-9.8099,9.8099,4.8588,0.0,3.57,0.0036,0.0,0.0,0.1,700.0,267709397.54,267.7094
230.5,Akash_Class,MIDCOURSE,99827.48,99.8275,130161.05,130.161,878.2737,3161.7852,878.2737,575.9225,-663.0821,-0.0001,-9.8099,9.8099,4.8793,0.0,3.75,0.0037,0.0,0.0,0.11,700.0,269977624.19,269.9776
231.0,Akash_Class,MIDCOURSE,99493.48,99.4935,130449.01,130.449,881.9827,3175.1375,881.9827,575.9225,-667.9871,-0.0001,-9.8099,9.8099,4.8999,0.0,3.93,0.0039,0.0,0.0,0.11,700.0,272262689.57,272.2627
231.5,Akash_Class,MIDCOURSE,99157.04,99.157,130736.97,130.737,885.7033,3188.5317,885.7033,575.9224,-672.892,-0.0001,-9.8099,9.8099,4.9206,0.0,4.12,0.0041,0.0,0.0,0.12,700.0,274564593.51,274.5646
232.0,Akash_Class,MIDCOURSE,98818.14,98.8181,131024.93,131.0249,889.4354,3201.9673,889.4354,575.9224,-677.7969,-0.0001,-9.8099,9.8099,4.9413,0.0,4.33,0.0043,0.0,0.0,0.12,700.0,276883335.88,276.8833
232.5,Akash_Class,MIDCOURSE,98476.79,98.4768,131312.89,131.3129,893.1788,3215.4436,893.1788,575.9223,-682.7019,-0.0001,-9.8099,9.8099,4.9621,0.0,4.54,0.0045,0.0,0.0,0.13,700.0,279218916.48,279.2189
233.0,Akash_Class,MIDCOURSE,98132.98,98.133,131600.85,131.6009,896.9334,3228.9602,896.9334,575.9222,-687.6068,-0.0001,-9.8098,9.8098,4.983,0.0,4.77,0.0048,0.0,0.0,0.14,700.0,281571335.15,281.5713
233.5,Akash_Class,MIDCOURSE,97786.73,97.7867,131888.81,131.8888,900.6991,3242.5167,900.6991,575.9222,-692.5117,-0.0001,-9.8098,9.8098,5.0039,0.0,5.01,0.005,0.0,0.0,0.14,700.0,283940591.68,283.9406
234.0,Akash_Class,MIDCOURSE,97438.02,97.438,132176.77,132.1768,904.4757,3256.1124,904.4757,575.9221,-697.4166,-0.0001,-9.8098,9.8098,5.0249,0.0,5.27,0.0053,0.0,0.0,0.15,700.0,286326685.88,286.3267
234.5,Akash_Class,MIDCOURSE,97086.86,97.0869,132464.74,132.4647,908.263,3269.747,908.263,575.9221,-702.3215,-0.0001,-9.8098,9.8098,5.0459,0.0,5.53,0.0055,0.0,0.0,0.16,700.0,288729617.52,288.7296
235.0,Akash_Class,MIDCOURSE,96733.25,96.7332,132752.7,132.7527,912.0611,3283.4198,912.0611,575.922,-707.2265,-0.0002,-9.8098,9.8098,5.067,0.0,5.82,0.0058,0.0,0.0,0.17,700.0,291149386.37,291.1494
235.5,Akash_Class,MIDCOURSE,96377.18,96.3772,133040.66,133.0407,915.8696,3297.1306,915.8696,575.9219,-712.1314,-0.0002,-9.8098,9.8098,5.0882,0.0,6.12,0.0061,0.0,0.0,0.18,700.0,293585992.19,293.586
236.0,Akash_Class,MIDCOURSE,96018.66,96.0187,133328.62,133.3286,919.6885,3310.8786,919.6885,575.9218,-717.0363,-0.0002,-9.8098,9.8098,5.1094,0.0,6.43,0.0064,0.0,0.0,0.19,700.0,296039434.71,296.0394
236.5,Akash_Class,MIDCOURSE,95657.69,95.6577,133616.58,133.6166,923.5177,3324.6636,923.5177,575.9217,-721.9412,-0.0002,-9.8098,9.8098,5.1307,0.0,6.77,0.0068,0.0,0.0,0.2,700.0,298509713.65,298.5097
237.0,Akash_Class,MIDCOURSE,95294.27,95.2943,133904.54,133.9045,927.357,3338.4851,927.357,575.9217,-726.8461,-0.0002,-9.8098,9.8098,5.152,0.0,7.12,0.0071,0.0,0.0,0.21,700.0,300996828.71,300.9968
237.5,Akash_Class,MIDCOURSE,94928.39,94.9284,134192.5,134.1925,931.2063,3352.3425,931.2063,575.9216,-731.7509,-0.0002,-9.8098,9.8098,5.1734,0.0,7.5,0.0075,0.0,0.0,0.22,700.0,303500779.57,303.5008
238.0,Akash_Class,MIDCOURSE,94560.06,94.5601,134480.46,134.4805,935.0654,3366.2355,935.0654,575.9215,-736.6558,-0.0002,-9.8097,9.8097,5.1948,0.0,7.9,0.0079,0.0,0.0,0.23,700.0,306021565.9,306.0216
238.5,Akash_Class,MIDCOURSE,94189.28,94.1893,134768.42,134.7684,938.9343,3380.1636,938.9343,575.9214,-741.5607,-0.0002,-9.8097,9.8097,5.2163,0.0,8.32,0.0083,0.0,0.0,0.24,700.0,308559187.32,308.5592
239.0,Akash_Class,MIDCOURSE,93816.05,93.8161,135056.38,135.0564,942.8129,3394.1264,942.8129,575.9213,-746.4656,-0.0002,-9.8097,9.8097,5.2378,0.0,8.76,0.0088,0.0,0.0,0.25,700.0,311113643.46,311.1136
239.5,Akash_Class,MIDCOURSE,93440.37,93.4404,135344.34,135.3443,946.7009,3408.1234,946.7009,575.9212,-751.3704,-0.0002,-9.8097,9.8097,5.2594,0.0,9.23,0.0092,0.0,0.0,0.27,700.0,313684933.9,313.6849
240.0,Akash_Class,MIDCOURSE,93062.23,93.0622,135632.3,135.6323,950.5984,3422.1542,950.5984,575.921,-756.2753,-0.0002,-9.8097,9.8097,5.2811,0.0,9.73,0.0097,0.0,0.0,0.28,700.0,316273058.21,316.2731
240.5,Akash_Class,MIDCOURSE,92681.64,92.6816,135920.26,135.9203,954.5051,3436.2185,954.5051,575.9209,-761.1801,-0.0003,-9.8097,9.8097,5.3028,0.0,10.26,0.0103,0.0,0.0,0.3,700.0,318878015.91,318.878
241.0,Akash_Class,MIDCOURSE,92298.6,92.2986,136208.22,136.2082,958.421,3450.3157,958.421,575.9208,-766.0849,-0.0003,-9.8096,9.8096,5.3246,0.0,10.82,0.0108,0.0,0.0,0.31,700.0,321499806.51,321.4998
241.5,Akash_Class,MIDCOURSE,91913.1,91.9131,136496.19,136.4962,962.346,3464.4456,962.346,575.9207,-770.9898,-0.0003,-9.8096,9.8096,5.3464,0.0,11.42,0.0114,0.0,0.0,0.33,700.0,324138429.47,324.1384
242.0,Akash_Class,MIDCOURSE,91525.15,91.5252,136784.15,136.7841,966.2799,3478.6076,966.2799,575.9205,-775.8946,-0.0003,-9.8096,9.8096,5.3682,0.0001,12.05,0.012,0.0,0.0,0.35,700.0,326793884.22,326.7939
242.5,Akash_Class,MIDCOURSE,91134.75,91.1348,137072.11,137.0721,970.2226,3492.8014,970.2226,575.9204,-780.7994,-0.0003,-9.8096,9.8096,5.3901,0.0001,12.72,0.0127,0.0,0.0,0.37,700.0,329466170.16,329.4662
243.0,Akash_Class,MIDCOURSE,90741.9,90.7419,137360.07,137.3601,974.1741,3507.0266,974.1741,575.9202,-785.7042,-0.0003,-9.8096,9.8096,5.4121,0.0001,13.43,0.0134,0.0,0.0,0.39,700.0,332155286.62,332.1553
243.5,Akash_Class,MIDCOURSE,90346.6,90.3466,137648.03,137.648,978.1341,3521.2829,978.1341,575.92,-790.6089,-0.0003,-9.8095,9.8095,5.4341,0.0001,14.18,0.0142,0.0,0.0,0.41,700.0,334861232.93,334.8612
244.0,Akash_Class,MIDCOURSE,89948.84,89.9488,137935.99,137.936,982.1027,3535.5698,982.1027,575.9199,-795.5137,-0.0004,-9.8095,9.8095,5.4561,0.0001,14.98,0.015,0.0,0.0,0.43,700.0,337584008.33,337.584
244.5,Akash_Class,MIDCOURSE,89548.63,89.5486,138223.95,138.2239,986.0797,3549.8869,986.0797,575.9197,-800.4184,-0.0004,-9.8095,9.8095,5.4782,0.0001,15.83,0.0158,0.0,0.0,0.46,700.0,340323612.03,340.3236
245.0,Akash_Class,MIDCOURSE,89145.97,89.146,138511.91,138.5119,990.065,3564.234,990.065,575.9195,-805.3232,-0.0004,-9.8094,9.8094,5.5004,0.0001,16.74,0.0167,0.0,0.0,0.48,700.0,343080043.19,343.08
245.5,Akash_Class,MIDCOURSE,88740.86,88.7409,138799.86,138.7999,994.0585,3578.6106,994.0585,575.9193,-810.2279,-0.0004,-9.8094,9.8094,5.5225,0.0001,17.7,0.0177,0.0,0.0,0.51,700.0,345853300.9,345.8533
246.0,Akash_Class,MIDCOURSE,88333.29,88.3333,139087.82,139.0878,998.0601,3593.0163,998.0601,575.9191,-815.1326,-0.0004,-9.8094,9.8094,5.5448,0.0001,18.71,0.0187,0.0,0.0,0.54,700.0,348643384.18,348.6434
246.5,Akash_Class,MIDCOURSE,87923.27,87.9233,139375.78,139.3758,1002.0697,3607.4509,1002.0697,575.9189,-820.0373,-0.0005,-9.8093,9.8093,5.5671,0.0001,19.8,0.0198,0.0,0.0,0.57,700.0,351450292.0,351.4503
247.0,Akash_Class,MIDCOURSE,87510.8,87.5108,139663.74,139.6637,1006.0872,3621.914,1006.0872,575.9186,-824.942,-0.0005,-9.8093,9.8093,5.5894,0.0001,20.95,0.0209,0.0,0.0,0.6,700.0,354274023.24,354.274
247.5,Akash_Class,MIDCOURSE,87095.88,87.0959,139951.7,139.9517,1010.1125,3636.4052,1010.1125,575.9184,-829.8466,-0.0005,-9.8092,9.8092,5.6117,0.0001,22.17,0.0222,0.0,0.0,0.64,700.0,357114576.72,357.1146
248.0,Akash_Class,MIDCOURSE,86678.5,86.6785,140239.66,140.2397,1014.1456,3650.9241,1014.1456,575.9181,-834.7512,-0.0005,-9.8092,9.8092,5.6341,0.0001,23.47,0.0235,0.0,0.0,0.68,700.0,359971951.17,359.972
248.5,Akash_Class,MIDCOURSE,86258.67,86.2587,140527.62,140.5276,1018.1863,3665.4706,1018.1863,575.9178,-839.6558,-0.0006,-9.8092,9.8092,5.6566,0.0001,24.86,0.0249,0.0,0.0,0.72,700.0,362846145.22,362.8461
249.0,Akash_Class,MIDCOURSE,85836.39,85.8364,140815.58,140.8156,1022.2345,3680.0441,1022.2345,575.9176,-844.5604,-0.0006,-9.8091,9.8091,5.6791,0.0001,26.33,0.0263,0.0,0.0,0.76,700.0,365737157.4,365.7372
249.5,Akash_Class,MIDCOURSE,85411.66,85.4117,141103.54,141.1035,1026.2901,3694.6444,1026.2901,575.9173,-849.465,-0.0006,-9.809,9.809,5.7016,0.0001,27.9,0.0279,0.0,0.0,0.81,700.0,368644986.16,368.645
250.0,Akash_Class,MIDCOURSE,84984.48,84.9845,141391.5,141.3915,1030.3531,3709.2712,1030.3531,575.9169,-854.3695,-0.0007,-9.809,9.809,5.7242,0.0001,29.58,0.0296,0.0,0.0,0.85,700.0,371569629.81,371.5696
250.5,Akash_Class,MIDCOURSE,84554.84,84.5548,141679.45,141.6795,1034.4234,3723.9241,1034.4234,575.9166,-859.274,-0.0007,-9.8089,9.8089,5.7468,0.0001,31.35,0.0314,0.0,0.0,0.91,700.0,374511086.57,374.5111
251.0,Akash_Class,MIDCOURSE,84122.75,84.1227,141967.41,141.9674,1038.5008,3738.6028,1038.5008,575.9162,-864.1784,-0.0008,-9.8089,9.8089,5.7694,0.0001,33.25,0.0333,0.0,0.0,0.96,700.0,377469354.49,377.4694
251.5,Akash_Class,MIDCOURSE,83688.21,83.6882,142255.37,142.2554,1042.5853,3753.307,1042.5853,575.9158,-869.0829,-0.0008,-9.8088,9.8088,5.7921,0.0001,35.27,0.0353,0.0,0.0,1.02,700.0,380444431.51,380.4444
252.0,Akash_Class,MIDCOURSE,83251.21,83.2512,142543.33,142.5433,1046.6768,3768.0365,1046.6768,575.9154,-873.9873,-0.0008,-9.8087,9.8087,5.8149,0.0002,37.42,0.0374,0.0,0.0,1.08,700.0,383436315.42,383.4363
252.5,Akash_Class,MIDCOURSE,82811.77,82.8118,142831.29,142.8313,1050.7752,3782.7908,1050.7752,575.915,-878.8916,-0.0009,-9.8086,9.8086,5.8376,0.0002,39.72,0.0397,0.0,0.0,1.15,700.0,386445003.84,386.445
253.0,Akash_Class,MIDCOURSE,82369.87,82.3699,143119.24,143.1192,1054.8805,3797.5698,1054.8805,575.9146,-883.7959,-0.0009,-9.8085,9.8085,5.8604,0.0002,42.16,0.0422,0.0,0.0,1.22,700.0,389470494.21,389.4705
253.5,Akash_Class,MIDCOURSE,81925.52,81.9255,143407.2,143.4072,1058.9925,3812.373,1058.9925,575.9141,-888.7002,-0.001,-9.8085,9.8085,5.8833,0.0002,44.77,0.0448,0.0,0.0,1.29,700.0,392512783.79,392.5128
254.0,Akash_Class,MIDCOURSE,81478.72,81.4787,143695.16,143.6952,1063.1112,3827.2002,1063.1112,575.9136,-893.6044,-0.0011,-9.8084,9.8084,5.9062,0.0002,47.56,0.0476,0.0,0.0,1.37,700.0,395571869.63,395.5719
254.5,Akash_Class,MIDCOURSE,81029.46,81.0295,143983.11,143.9831,1067.2364,3842.0511,1067.2364,575.9131,-898.5086,-0.0011,-9.8082,9.8082,5.9291,0.0002,50.53,0.0505,0.0,0.0,1.46,700.0,398647748.59,398.6477
255.0,Akash_Class,MIDCOURSE,80577.76,80.5778,144271.07,144.2711,1071.3682,3856.9254,1071.3682,575.9125,-903.4127,-0.0012,-9.8081,9.8081,5.952,0.0002,53.7,0.0537,0.0,0.0,1.55,700.0,401740417.26,401.7404
255.5,Akash_Class,MIDCOURSE,80123.6,80.1236,144559.03,144.559,1075.5064,3871.8229,1075.5064,575.9119,-908.3168,-0.0013,-9.808,9.808,5.975,0.0002,57.09,0.0571,0.0,0.0,1.65,700.0,404849871.99,404.8499
256.0,Akash_Class,MIDCOURSE,79666.99,79.667,144846.98,144.847,1079.6509,3886.7432,1079.6509,575.9113,-913.2208,-0.0013,-9.8079,9.8079,5.9981,0.0003,60.7,0.0607,0.0,0.0,1.75,700.0,407976108.87,407.9761
256.5,Akash_Class,MIDCOURSE,79207.93,79.2079,145134.94,145.1349,1083.8017,3901.686,1083.8017,575.9106,-918.1247,-0.0014,-9.8077,9.8077,6.0211,0.0003,64.57,0.0646,0.0,0.0,1.86,700.0,411119123.68,411.1191
257.0,Akash_Class,MIDCOURSE,78746.41,78.7464,145422.89,145.4229,1087.9587,3916.6512,1087.9587,575.9099,-923.0286,-0.0015,-9.8076,9.8076,6.0442,0.0003,68.69,0.0687,0.0,0.0,1.98,700.0,414278911.89,414.2789
257.5,Akash_Class,MIDCOURSE,78282.45,78.2824,145710.85,145.7108,1092.1217,3931.6383,1092.1217,575.9092,-927.9324,-0.0016,-9.8074,9.8074,6.0673,0.0003,73.1,0.0731,0.0,0.0,2.11,700.0,417455468.63,417.4555
258.0,Akash_Class,MIDCOURSE,77816.03,77.816,145998.8,145.9988,1096.2909,3946.6471,1096.2909,575.9084,-932.8361,-0.0017,-9.8073,9.8073,6.0905,0.0003,77.82,0.0778,0.0,0.0,2.25,700.0,420648788.66,420.6488
258.5,Akash_Class,MIDCOURSE,77347.16,77.3472,146286.75,146.2868,1100.466,3961.6775,1100.466,575.9075,-937.7398,-0.0018,-9.8071,9.8071,6.1137,0.0003,82.86,0.0829,0.0,0.0,2.39,700.0,423858866.34,423.8589
259.0,Akash_Class,MIDCOURSE,76875.84,76.8758,146574.71,146.5747,1104.6469,3976.729,1104.6469,575.9066,-942.6433,-0.0019,-9.8069,9.8069,6.1369,0.0004,88.25,0.0882,0.0,0.0,2.55,700.0,427085695.6,427.0857
259.5,Akash_Class,MIDCOURSE,76402.06,76.4021,146862.66,146.8627,1108.8337,3991.8014,1108.8337,575.9057,-947.5468,-0.002,-9.8067,9.8067,6.1602,0.0004,94.01,0.094,0.0,0.0,2.71,700.0,430329269.9,430.3293
260.0,Akash_Class,MIDCOURSE,75925.84,75.9258,147150.61,147.1506,1113.0262,4006.8944,1113.0262,575.9047,-952.4501,-0.0021,-9.8065,9.8065,6.1835,0.0004,100.18,0.1002,0.0,0.0,2.89,700.0,433589582.22,433.5896
260.5,Akash_Class,MIDCOURSE,75447.16,75.4472,147438.56,147.4386,1117.2244,4022.0078,1117.2244,575.9036,-957.3533,-0.0023,-9.8062,9.8062,6.2068,0.0004,106.79,0.1068,0.0,0.0,3.08,700.0,436866624.97,436.8666
261.0,Akash_Class,MIDCOURSE,74966.03,74.966,147726.52,147.7265,1121.4282,4037.1414,1121.4282,575.9025,-962.2564,-0.0024,-9.806,9.806,6.2302,0.0005,113.86,0.1139,0.0,0.0,3.29,700.0,440160390.01,440.1604
261.5,Akash_Class,MIDCOURSE,74482.45,74.4825,148014.47,148.0145,1125.6374,4052.2947,1125.6374,575.9013,-967.1594,-0.0026,-9.8057,9.8057,6.2535,0.0005,121.43,0.1214,0.0,0.0,3.5,700.0,443470868.52,443.4709
262.0,Akash_Class,MIDCOURSE,73996.42,73.9964,148302.42,148.3024,1129.8521,4067.4677,1129.8521,575.9,-972.0623,-0.0027,-9.8054,9.8054,6.277,0.0005,129.54,0.1295,0.0,0.0,3.74,700.0,446798051.05,446.7981
262.5,Akash_Class,MIDCOURSE,73507.94,73.5079,148590.37,148.5904,1134.0722,4082.66,1134.0722,575.8986,-976.965,-0.0029,-9.8051,9.8051,6.3004,0.0006,138.23,0.1382,0.0,0.0,3.99,700.0,450141927.37,450.1419
263.0,Akash_Class,MIDCOURSE,73017.01,73.017,148878.31,148.8783,1138.2976,4097.8713,1138.2976,575.8972,-981.8675,-0.0031,-9.8048,9.8048,6.3239,0.0006,147.55,0.1475,0.0,0.0,4.26,700.0,453502486.47,453.5025
263.5,Akash_Class,MIDCOURSE,72523.62,72.5236,149166.26,149.1663,1142.5282,4113.1014,1142.5282,575.8956,-986.7699,-0.0033,-9.8044,9.8044,6.3474,0.0007,157.53,0.1575,0.0,0.0,4.55,700.0,456879716.47,456.8797
264.0,Akash_Class,MIDCOURSE,72027.79,72.0278,149454.21,149.4542,1146.7639,4128.35,1146.7639,575.894,-991.6721,-0.0035,-9.804,9.804,6.3709,0.0007,168.23,0.1682,0.0,0.0,4.86,700.0,460273604.56,460.2736
264.5,Akash_Class,MIDCOURSE,71529.5,71.5295,149742.16,149.7422,1151.0047,4143.6169,1151.0047,575.8922,-996.5741,-0.0037,-9.8036,9.8036,6.3945,0.0008,179.71,0.1797,0.0,0.0,5.19,700.0,463684136.9,463.6841
265.0,Akash_Class,MIDCOURSE,71028.76,71.0288,150030.1,150.0301,1155.2505,4158.9018,1155.2505,575.8904,-1001.4759,-0.0039,-9.8031,9.8031,6.4181,0.0008,192.02,0.192,0.0,0.0,5.54,700.0,467111298.59,467.1113
265.5,Akash_Class,MIDCOURSE,70525.57,70.5256,150318.04,150.318,1159.5012,4174.2044,1159.5012,575.8884,-1006.3775,-0.0042,-9.8027,9.8027,6.4417,0.0009,205.24,0.2052,0.0,0.0,5.92,700.0,470555073.5,470.5551
266.0,Akash_Class,MIDCOURSE,70019.93,70.0199,150605.99,150.606,1163.7568,4189.5244,1163.7568,575.8863,-1011.2788,-0.0045,-9.8021,9.8021,6.4653,0.0009,219.42,0.2194,0.0,0.0,6.33,700.0,474015444.24,474.0154
266.5,Akash_Class,MIDCOURSE,69511.84,69.5118,150893.93,150.8939,1168.0171,4204.8616,1168.0171,575.8841,-1016.1799,-0.0048,-9.8016,9.8016,6.489,0.001,234.64,0.2346,0.0,0.0,6.77,700.0,477492392.03,477.4924
267.0,Akash_Class,MIDCOURSE,69001.3,69.0013,151181.87,151.1819,1172.2821,4220.2157,1172.2821,575.8817,-1021.0806,-0.0051,-9.801,9.801,6.5127,0.0011,250.99,0.251,0.0,0.0,7.24,700.0,480985896.57,480.9859
267.5,Akash_Class,MIDCOURSE,68488.31,68.4883,151469.81,151.4698,1176.5518,4235.5864,1176.5518,575.8792,-1025.9811,-0.0054,-9.8003,9.8003,6.5364,0.0011,268.55,0.2685,0.0,0.0,7.75,700.0,484495935.94,484.4959
268.0,Akash_Class,MIDCOURSE,67972.87,67.9729,151757.75,151.7577,1180.826,4250.9735,1180.826,575.8764,-1030.8813,-0.0058,-9.7997,9.7997,6.5601,0.0012,287.41,0.2874,0.0,0.0,8.3,700.0,488022486.42,488.0225
268.5,Akash_Class,MIDCOURSE,67454.98,67.455,152045.69,152.0457,1185.1046,4266.3766,1185.1046,575.8736,-1035.7811,-0.0062,-9.7989,9.7989,6.5839,0.0013,307.69,0.3077,0.0,0.0,8.88,700.0,491565522.4,491.5655
269.0,Akash_Class,MIDCOURSE,66934.64,66.9346,152333.62,152.3336,1189.3876,4281.7954,1189.3876,575.8705,-1040.6806,-0.0066,-9.7981,9.7981,6.6077,0.0014,329.48,0.3295,0.0,0.0,9.51,700.0,495125016.18,495.125
269.5,Akash_Class,MIDCOURSE,66411.85,66.4119,152621.55,152.6216,1193.6749,4297.2297,1193.6749,575.8672,-1045.5797,-0.007,-9.7973,9.7973,6.6315,0.0015,352.91,0.3529,0.0,0.0,10.19,700.0,498700937.77,498.7009
270.0,Akash_Class,MIDCOURSE,65886.61,65.8866,152909.49,152.9095,1197.9664,4312.6792,1197.9664,575.8637,-1050.4783,-0.0075,-9.7963,9.7963,6.6554,0.0016,378.11,0.3781,0.0,0.0,10.91,700.0,502293254.78,502.2933
270.5,Akash_Class,MIDCOURSE,65358.92,65.3589,153197.42,153.1974,1202.2621,4328.1435,1202.2621,575.8599,-1055.3764,-0.008,-9.7953,9.7953,6.6792,0.0017,405.22,0.4052,0.0,0.0,11.7,700.0,505901932.11,505.9019
271.0,Akash_Class,MIDCOURSE,64828.79,64.8288,153485.34,153.4853,1206.5617,4343.6223,1206.5617,575.8559,-1060.2741,-0.0085,-9.7943,9.7943,6.7031,0.0018,434.39,0.4344,0.0,0.0,12.54,700.0,509526931.8,509.5269
271.5,Akash_Class,MIDCOURSE,64296.2,64.2962,153773.27,153.7733,1210.8653,4359.1153,1210.8653,575.8517,-1065.1712,-0.0091,-9.7931,9.7931,6.727,0.002,465.78,0.4658,0.0,0.0,13.44,700.0,513168212.74,513.1682
272.0,Akash_Class,MIDCOURSE,63761.17,63.7612,154061.19,154.0612,1215.1728,4374.6221,1215.1728,575.8471,-1070.0678,-0.0098,-9.7919,9.7919,6.751,0.0021,499.58,0.4996,0.0,0.0,14.42,700.0,516825730.43,516.8257
272.5,Akash_Class,MIDCOURSE,63223.68,63.2237,154349.11,154.3491,1219.484,4390.1424,1219.484,575.8422,-1074.9637,-0.0104,-9.7905,9.7905,6.7749,0.0023,535.97,0.536,0.0,0.0,15.47,700.0,520499436.66,520.4994
273.0,Akash_Class,MIDCOURSE,62683.75,62.6838,154637.03,154.637,1223.7989,4405.6759,1223.7989,575.837,-1079.859,-0.0112,-9.7891,9.7891,6.7989,0.0024,575.17,0.5752,0.0,0.0,16.6,700.0,524189279.19,524.1893
273.5,Akash_Class,MIDCOURSE,62141.38,62.1414,154924.95,154.9249,1228.1173,4421.2221,1228.1173,575.8314,-1084.7535,-0.0119,-9.7875,9.7875,6.8229,0.0026,617.4,0.6174,0.0,0.0,17.82,700.0,527895201.44,527.8952
274.0,Akash_Class,MIDCOURSE,61596.55,61.5966,155212.86,155.2129,1232.4391,4436.7807,1232.4391,575.8254,-1089.6473,-0.0128,-9.7858,9.7858,6.8469,0.0028,662.91,0.6629,0.0,0.0,19.13,700.0,531617142.07,531.6171
274.5,Akash_Class,MIDCOURSE,61049.28,61.0493,155500.77,155.5008,1236.7643,4452.3513,1236.7643,575.8191,-1094.5402,-0.0137,-9.784,9.784,6.8709,0.003,711.97,0.712,0.0,0.0,20.55,700.0,535355034.56,535.355
275.0,Akash_Class,MIDCOURSE,60499.57,60.4996,155788.68,155.7887,1241.0926,4467.9334,1241.0926,575.8122,-1099.4322,-0.0146,-9.7821,9.7821,6.895,0.0032,764.86,0.7649,0.0,0.0,22.08,700.0,539108806.82,539.1088
275.5,Akash_Class,MIDCOURSE,59947.41,59.9474,156076.58,156.0766,1245.4241,4483.5266,1245.4241,575.8049,-1104.3232,-0.0157,-9.7799,9.78,6.919,0.0035,821.9,0.8219,0.0,0.0,23.72,700.0,542878380.62,542.8784
276.0,Akash_Class,MIDCOURSE,59392.8,59.3928,156364.48,156.3645,1249.7585,4499.1304,1249.7585,575.7971,-1109.2132,-0.0168,-9.7777,9.7777,6.9431,0.0037,883.43,0.8834,0.0,0.0,25.5,700.0,546663671.1,546.6637
276.5,Akash_Class,MIDCOURSE,58835.75,58.8357,156652.37,156.6524,1254.0957,4514.7444,1254.0957,575.7887,-1114.102,-0.018,-9.7752,9.7752,6.9672,0.004,949.83,0.9498,0.0,0.0,27.42,700.0,550464586.2,550.4646
277.0,Akash_Class,MIDCOURSE,58276.25,58.2763,156940.26,156.9403,1258.4356,4530.368,1258.4356,575.7797,-1118.9896,-0.0193,-9.7725,9.7726,6.9913,0.0043,1021.49,1.0215,0.0,0.0,29.48,700.0,554281025.95,554.281
277.5,Akash_Class,MIDCOURSE,57714.32,57.7143,157228.15,157.2281,1262.778,4546.0007,1262.778,575.77,-1123.8759,-0.0207,-9.7697,9.7697,7.0154,0.0046,1098.84,1.0988,0.0,0.0,31.72,700.0,558112881.86,558.1129
278.0,Akash_Class,MIDCOURSE,57149.94,57.1499,157516.03,157.516,1267.1228,4561.642,1267.1228,575.7597,-1128.7608,-0.0222,-9.7666,9.7666,7.0396,0.005,1182.37,1.1824,0.0,0.0,34.13,700.0,561960036.11,561.96
278.5,Akash_Class,MIDCOURSE,56583.11,56.5831,157803.9,157.8039,1271.4697,4577.2911,1271.4697,575.7486,-1133.644,-0.0238,-9.7632,9.7632,7.0637,0.0053,1272.6,1.2726,0.0,0.0,36.73,700.0,565822360.73,565.8224
279.0,Akash_Class,MIDCOURSE,56013.85,56.0139,158091.77,158.0918,1275.8187,4592.9475,1275.8187,575.7368,-1138.5256,-0.0255,-9.7596,9.7596,7.0879,0.0058,1370.07,1.3701,0.0,0.0,39.54,700.0,569699716.68,569.6997
279.5,Akash_Class,MIDCOURSE,55442.15,55.4421,158379.63,158.3796,1280.1696,4608.6105,1280.1696,575.724,-1143.4054,-0.0274,-9.7557,9.7557,7.1121,0.0062,1475.4,1.4754,0.0,0.0,42.59,700.0,573591952.89,573.592
280.0,Akash_Class,MIDCOURSE,54868.01,54.868,158667.49,158.6675,1284.522,4624.2793,1284.522,575.7103,-1148.2833,-0.0294,-9.7514,9.7515,7.1362,0.0067,1589.25,1.5893,0.0,0.0,45.87,700.0,577498905.17,577.4989
280.5,Akash_Class,MIDCOURSE,54291.43,54.2914,158955.33,158.9553,1288.8759,4639.9533,1288.8759,575.6957,-1153.159,-0.0315,-9.7468,9.7469,7.1604,0.0072,1712.34,1.7123,0.0,0.0,49.42,700.0,581420395.0,581.4204
281.0,Akash_Class,MIDCOURSE,53712.41,53.7124,159243.17,159.2432,1293.231,4655.6315,1293.231,575.6799,-1158.0324,-0.0339,-9.7419,9.7419,7.1846,0.0078,1845.46,1.8455,0.0,0.0,53.27,700.0,585356228.3,585.3562
281.5,Akash_Class,MIDCOURSE,53130.96,53.131,159531.01,159.531,1297.587,4671.3131,1297.587,575.6629,-1162.9033,-0.0364,-9.7365,9.7366,7.2088,0.0084,1989.45,1.9895,0.0,0.0,57.42,700.0,589306193.95,589.3062
282.0,Akash_Class,MIDCOURSE,52547.07,52.5471,159818.83,159.8188,1301.9437,4686.9972,1301.9437,575.6448,-1167.7716,-0.0391,-9.7307,9.7307,7.233,0.009,2145.25,2.1453,0.0,0.0,61.92,700.0,593270062.29,593.2701
282.5,Akash_Class,MIDCOURSE,51960.76,51.9608,160106.64,160.1066,1306.3008,4702.6827,1306.3008,575.6252,-1172.6369,-0.042,-9.7244,9.7244,7.2572,0.0097,2313.86,2.3139,0.0,0.0,66.79,700.0,597247583.45,597.2476
283.0,Akash_Class,MIDCOURSE,51372.01,51.372,160394.44,160.3944,1310.6579,4718.3686,1310.6579,575.6042,-1177.4991,-0.0452,-9.7175,9.7176,7.2814,0.0105,2496.38,2.4964,0.0,0.0,72.05,700.0,601238485.47,601.2385
283.5,Akash_Class,MIDCOURSE,50780.83,50.7808,160682.23,160.6822,1315.0149,4734.0537,1315.0149,575.5816,-1182.3578,-0.0486,-9.7101,9.7102,7.3056,0.0113,2694.01,2.694,0.0,0.0,77.76,700.0,605242472.3,605.2425
284.0,Akash_Class,MIDCOURSE,50187.22,50.1872,160970.01,160.97,1319.3713,4749.7367,1319.3713,575.5573,-1187.2129,-0.0523,-9.7021,9.7022,7.3298,0.0122,2908.04,2.908,0.0,0.0,83.94,700.0,609259221.64,609.2592
284.5,Akash_Class,TERMINAL,49591.19,49.5912,161257.78,161.2578,1323.7268,4765.4163,1323.7268,575.5311,-1192.064,-0.0563,-9.6934,9.6936,7.354,0.0132,3139.91,3.1399,0.0,0.0,90.63,700.0,613288382.44,613.2884
285.0,Akash_Class,TERMINAL,48992.73,48.9927,161545.53,161.5455,1328.0809,4781.0911,1328.0809,575.503,-1196.9107,-0.0606,-9.684,9.6842,7.3782,0.0143,3391.15,3.3911,0.0,0.0,97.88,700.0,617329572.39,617.3296
285.5,Akash_Class,TERMINAL,48391.86,48.3919,161833.27,161.8333,1332.4332,4796.7595,1332.4332,575.4727,-1201.7526,-0.0652,-9.6738,9.674,7.4024,0.0154,3663.44,3.6634,0.0,0.0,105.74,700.0,621382374.92,621.3824
286.0,Akash_Class,TERMINAL,47788.56,47.7886,162120.99,162.121,1336.7833,4812.4198,1336.7833,575.44,-1206.5895,-0.0703,-9.6627,9.6629,7.4266,0.0166,3958.63,3.9586,0.0,0.0,114.26,700.0,625446336.12,625.4463
286.5,Akash_Class,TERMINAL,47182.85,47.1829,162408.69,162.4087,1341.1306,4828.0702,1341.1306,575.4049,-1211.4209,-0.0757,-9.6506,9.6509,7.4507,0.018,4278.71,4.2787,0.0,0.0,123.5,700.0,629520961.29,629.521
287.0,Akash_Class,TERMINAL,46574.73,46.5747,162696.37,162.6964,1345.4746,4843.7087,1345.4746,575.3671,-1216.2462,-0.0816,-9.6376,9.6379,7.4749,0.0194,4625.86,4.6259,0.0,0.0,133.52,700.0,633605711.14,633.6057
287.5,Akash_Class,TERMINAL,45964.2,45.9642,162984.03,162.984,1349.8148,4859.3333,1349.8148,575.3263,-1221.065,-0.0879,-9.6234,9.6238,7.499,0.021,5002.47,5.0025,0.0,0.0,144.39,700.0,637699997.67,637.7
288.0,Akash_Class,TERMINAL,45351.26,45.3513,163271.68,163.2717,1354.1504,4874.9415,1354.1504,575.2823,-1225.8767,-0.0948,-9.608,9.6085,7.5231,0.0227,5411.12,5.4111,0.0,0.0,156.18,700.0,641803179.67,641.8032
288.5,Akash_Class,TERMINAL,44735.92,44.7359,163559.29,163.5593,1358.4808,4890.531,1358.4808,575.2349,-1230.6807,-0.1022,-9.5913,9.5918,7.5471,0.0246,5854.64,5.8546,0.0,0.0,168.98,700.0,645914557.77,645.9146
289.0,Akash_Class,TERMINAL,44118.18,44.1182,163846.89,163.8469,1362.8053,4906.099,1362.8053,575.1838,-1235.4763,-0.1103,-9.5732,9.5738,7.5711,0.0266,6336.11,6.3361,0.0,0.0,182.88,700.0,650033369.02,650.0334
289.5,Akash_Class,TERMINAL,43498.05,43.498,164134.45,164.1344,1367.1229,4921.6425,1367.1229,575.1287,-1240.2629,-0.119,-9.5534,9.5542,7.5951,0.0288,6858.91,6.8589,0.0,0.0,197.97,700.0,654158780.99,654.1588
290.0,Akash_Class,TERMINAL,42875.53,42.8755,164421.98,164.422,1371.4329,4937.1585,1371.4329,575.0692,-1245.0396,-0.1284,-9.532,9.5329,7.6191,0.0312,7426.7,7.4267,0.0,0.0,214.36,700.0,658289885.29,658.2899
290.5,Akash_Class,TERMINAL,42250.62,42.2506,164709.49,164.7095,1375.7343,4952.6434,1375.7343,575.005,-1249.8056,-0.1386,-9.5087,9.5097,7.643,0.0338,8043.48,8.0435,0.0,0.0,232.16,700.0,662425690.49,662.4257
291.0,Akash_Class,TERMINAL,41623.34,41.6233,164996.95,164.997,1380.026,4968.0936,1380.026,574.9357,-1254.56,-0.1497,-9.4834,9.4846,7.6668,0.0366,8713.64,8.7136,0.0,0.0,251.51,700.0,666565114.38,666.5651
291.5,Akash_Class,TERMINAL,40993.69,40.9937,165284.39,165.2844,1384.3069,4983.5049,1384.3069,574.8608,-1259.3017,-0.1617,-9.4558,9.4572,7.6906,0.0397,9441.93,9.4419,0.0,0.0,272.53,700.0,670706975.46,670.707
292.0,Akash_Class,TERMINAL,40361.68,40.3617,165571.78,165.5718,1388.5758,4998.873,1388.5758,574.78,-1264.0296,-0.1747,-9.4259,9.4275,7.7143,0.043,10233.57,10.2336,0.0,0.0,295.38,700.0,674849983.72,674.85
292.5,Akash_Class,TERMINAL,39727.31,39.7273,165859.12,165.8591,1392.8314,5014.1929,1392.8314,574.6927,-1268.7425,-0.1887,-9.3933,9.3952,7.738,0.0466,11094.23,11.0942,0.0,0.0,320.22,700.0,678992730.49,678.9927
293.0,Akash_Class,TERMINAL,39090.59,39.0906,166146.42,166.1464,1397.0721,5029.4596,1397.0721,574.5983,-1273.4392,-0.204,-9.3579,9.3601,7.7615,0.0506,12030.12,12.0301,0.0,0.0,347.23,700.0,683133677.34,683.1337
293.5,Akash_Class,TERMINAL,38451.53,38.4515,166433.67,166.4337,1401.2965,5044.6673,1401.2965,574.4963,-1278.1181,-0.2206,-9.3193,9.3219,7.785,0.0548,13048.01,13.048,0.0,0.0,376.61,700.0,687271144.01,687.2711
294.0,Akash_Class,TERMINAL,37810.14,37.8101,166720.86,166.7209,1405.5028,5059.8099,1405.5028,574.386,-1282.7777,-0.2385,-9.2773,9.2804,7.8083,0.0595,14155.27,14.1553,0.0,0.0,408.57,700.0,691403295.17,691.4033
294.5,Akash_Class,TERMINAL,37166.43,37.1664,167008.0,167.008,1409.689,5074.8806,1409.689,574.2667,-1287.4164,-0.258,-9.2316,9.2352,7.8316,0.0646,15359.99,15.36,0.0,0.0,443.34,700.0,695528125.97,695.5281
295.0,Akash_Class,TERMINAL,36520.42,36.5204,167295.06,167.2951,1413.8533,5089.872,1413.8533,574.1377,-1292.0322,-0.2791,-9.1818,9.1861,7.8547,0.0701,16670.94,16.6709,0.0,0.0,481.18,700.0,699643446.3,699.6434
295.5,Akash_Class,TERMINAL,35872.1,35.8721,167582.06,167.5821,1417.9934,5104.7763,1417.9934,573.9982,-1296.6231,-0.3021,-9.1276,9.1326,7.8777,0.0761,18097.74,18.0977,0.0,0.0,522.36,700.0,703746863.58,703.7469
296.0,Akash_Class,TERMINAL,35221.51,35.2215,167868.99,167.869,1422.1069,5119.5847,1422.1069,573.8471,-1301.1869,-0.327,-9.0686,9.0745,7.9006,0.0826,19650.85,19.6509,0.0,0.0,567.19,700.0,707835764.03,707.8358
296.5,Akash_Class,TERMINAL,34568.65,34.5687,168155.83,168.1558,1426.191,5134.2877,1426.191,573.6836,-1305.7212,-0.354,-9.0043,9.0113,7.9233,0.0897,21341.71,21.3417,0.0,0.0,615.99,700.0,711907292.2,711.9073
297.0,Akash_Class,TERMINAL,33913.54,33.9135,168442.58,168.4426,1430.2431,5148.875,1430.2431,573.5067,-1310.2234,-0.3833,-8.9343,8.9425,7.9458,0.0974,23182.78,23.1828,0.0,0.0,669.13,700.0,715958328.78,715.9583
297.5,Akash_Class,TERMINAL,33256.19,33.2562,168729.24,168.7292,1434.2599,5163.3355,1434.2599,573.315,-1314.6905,-0.4151,-8.858,8.8677,7.9681,0.1059,25187.64,25.1876,0.0,0.0,727.0,700.0,719985466.38,719.9855
298.0,Akash_Class,TERMINAL,32596.63,32.5966,169015.79,169.0158,1438.238,5177.6568,1438.238,573.1074,-1319.1196,-0.4497,-8.7749,8.7864,7.9902,0.115,27371.12,27.3711,0.0,0.0,790.02,700.0,723984983.25,723.985
298.5,Akash_Class,TERMINAL,31934.88,31.9349,169302.23,169.3022,1442.1738,5191.8256,1442.1738,572.8826,-1323.507,-0.4873,-8.6843,8.6979,8.0121,0.125,29749.35,29.7493,0.0,0.0,858.67,700.0,727952814.72,727.9528
299.0,Akash_Class,TERMINAL,31270.96,31.271,169588.55,169.5886,1446.0632,5205.8273,1446.0632,572.6389,-1327.8491,-0.5281,-8.5855,8.6017,8.0337,0.1359,32339.93,32.3399,0.0,0.0,933.44,700.0,731884522.26,731.8845
299.5,Akash_Class,TERMINAL,30604.88,30.6049,169874.74,169.8747,1449.9017,5219.6462,1449.9017,572.3749,-1332.1419,-0.5724,-8.4779,8.4972,8.055,0.1478,35162.0,35.162,0.0,0.0,1014.89,700.0,735775260.01,735.7753
300.0,Akash_Class,TERMINAL,29936.69,29.9367,170160.79,170.1608,1453.6847,5233.265,1453.6847,572.0887,-1336.3808,-0.6205,-8.3606,8.3836,8.076,0.1607,38236.4,38.2364,0.0,0.0,1103.63,700.0,739619738.51,739.6197
300.5,Akash_Class,TERMINAL,29266.41,29.2664,170446.67,170.4467,1457.4069,5246.6648,1457.4069,571.7785,-1340.5611,-0.6727,-8.2328,8.2602,8.0967,0.1748,41585.81,41.5858,0.0,0.0,1200.31,700.0,743412185.67,743.4122
301.0,Akash_Class,TERMINAL,28594.08,28.5941,170732.4,170.7324,1461.0625,5259.8251,1461.0625,571.4421,-1344.6775,-0.7295,-8.0934,8.1262,8.117,0.1901,45234.86,45.2349,0.0,0.0,1305.63,700.0,747146304.66,747.1463
301.5,Akash_Class,TERMINAL,27919.71,27.9197,171017.93,171.0179,1464.6455,5272.7237,1464.6455,571.0774,-1348.7242,-0.7912,-7.9415,7.9808,8.1369,0.2068,49210.32,49.2103,0.0,0.0,1420.38,700.0,750815228.72,750.8152
302.0,Akash_Class,TERMINAL,27243.37,27.2434,171303.28,171.3033,1468.149,5285.3362,1468.149,570.6818,-1352.695,-0.8581,-7.7759,7.8231,8.1564,0.225,53541.22,53.5412,0.0,0.0,1545.38,700.0,754411472.7,754.4115
302.5,Akash_Class,TERMINAL,26565.07,26.5651,171588.4,171.5884,1471.5656,5297.6362,1471.5656,570.2527,-1356.5829,-0.9309,-7.5955,7.6523,8.1754,0.2449,58259.07,58.2591,0.0,0.0,1681.55,700.0,757926881.32,757.9269
303.0,Akash_Class,TERMINAL,25884.88,25.8849,171873.3,171.8733,1474.8875,5309.5949,1474.8875,569.7873,-1360.3807,-1.0099,-7.3988,7.4674,8.1938,0.2665,63397.97,63.398,0.0,0.0,1829.88,700.0,761352574.08,761.3526
303.5,Akash_Class,TERMINAL,25202.84,25.2028,172157.94,172.1579,1478.1058,5321.181,1478.1058,569.2823,-1364.0801,-1.0957,-7.1846,7.2676,8.2117,0.29,68994.81,68.9948,0.0,0.0,1991.42,700.0,764678886.77,764.6789
304.0,Akash_Class,TERMINAL,24519.01,24.519,172442.3,172.4423,1481.2112,5332.3603,1481.2112,568.7345,-1367.6724,-1.1888,-6.9511,7.0521,8.229,0.3156,75089.45,75.0895,0.0,0.0,2167.34,700.0,767895309.86,767.8953
304.5,Akash_Class,TERMINAL,23833.43,23.8334,172726.37,172.7264,1484.1933,5343.0959,1484.1933,568.1401,-1371.1479,-1.2899,-6.6969,6.82,8.2455,0.3435,81724.87,81.7249,0.0,0.0,2358.86,700.0,770990423.61,770.9904
305.0,Akash_Class,TERMINAL,23146.19,23.1462,173010.12,173.0101,1487.041,5353.3476,1487.041,567.4951,-1374.4964,-1.3997,-6.42,6.5708,8.2613,0.3739,88947.37,88.9474,0.0,0.0,2567.32,700.0,773951830.51,773.9518
305.5,Akash_Class,TERMINAL,22457.33,22.4573,173293.52,173.2935,1489.7421,5363.0717,1489.7421,566.7953,-1377.7064,-1.5187,-6.1185,6.3042,8.2763,0.4069,96806.68,96.8067,0.0,0.0,2794.17,700.0,776766085.2,776.7661
306.0,Akash_Class,TERMINAL,21766.95,21.7669,173576.54,173.5765,1492.2836,5372.221,1492.2836,566.0359,-1380.7656,-1.6478,-5.7904,6.0203,8.2905,0.4428,105356.15,105.3561,0.0,0.0,3040.93,700.0,779418622.44,779.4186
306.5,Akash_Class,TERMINAL,21075.12,21.0751,173859.14,173.8591,1494.6511,5380.744,1494.6511,565.212,-1383.6608,-1.7877,-5.4335,5.7201,8.3036,0.4819,114652.84,114.6528,0.0,0.0,3309.27,700.0,781893684.0,781.8937
307.0,Akash_Class,TERMINAL,20381.93,20.3819,174141.3,174.1413,1496.8293,5388.5853,1496.8293,564.3182,-1386.3776,-1.9394,-5.0454,5.4053,8.3157,0.5244,124757.63,124.7576,0.0,0.0,3600.93,700.0,784174245.24,784.1742
307.5,Akash_Class,TERMINAL,19687.48,19.6875,174422.98,174.423,1498.8014,5395.6849,1498.8014,563.3485,-1388.9003,-2.1037,-4.6236,5.0796,8.3267,0.5705,135735.24,135.7352,0.0,0.0,3917.78,700.0,786241942.67,786.2419
308.0,Akash_Class,TERMINAL,18991.87,18.9919,174704.12,174.7041,1500.5494,5401.9779,1500.5494,562.2966,-1391.2121,-2.2814,-4.1653,4.7492,8.312,0.6206,147654.26,147.6543,0.0,0.0,4261.8,700.0,788077003.97,788.077
308.5,Akash_Class,TERMINAL,18295.23,18.2952,174984.7,174.9847,1502.054,5407.3944,1502.054,561.1559,-1393.2948,-2.4738,-3.6679,4.4241,8.1294,0.675,160587.08,160.5871,0.0,0.0,4635.09,700.0,789658182.38,789.6582
309.0,Akash_Class,TERMINAL,17597.66,17.5977,175264.66,175.2647,1503.2942,5411.8591,1503.2942,559.919,-1395.1287,-2.6816,-3.1283,4.1204,7.9491,0.7339,174609.73,174.6097,0.0,0.0,5039.83,700.0,790962697.55,790.9627
309.5,Akash_Class,TERMINAL,16899.32,16.8993,175543.95,175.544,1504.2475,5415.291,1504.2475,558.5782,-1396.6929,-2.9061,-2.5434,3.8619,7.7711,0.7978,189801.67,189.8017,0.0,0.0,5478.32,700.0,791966185.76,791.9662
310.0,Akash_Class,TERMINAL,16200.33,16.2003,175822.51,175.8225,1504.8898,5417.6033,1504.8898,557.1251,-1397.9646,-3.1483,-1.91,3.6824,7.5954,0.8669,206245.4,206.2454,0.0,0.0,5952.94,700.0,792642662.47,792.6427
310.5,Akash_Class,TERMINAL,15500.87,15.5009,176100.29,176.1003,1505.1953,5418.703,1505.1953,555.551,-1398.9196,-3.4094,-1.2249,3.6228,7.4218,0.9416,224025.98,224.026,0.0,0.0,6466.15,700.0,792964501.13,792.9645
311.0,Akash_Class,TERMINAL,14801.11,14.8011,176377.21,176.3772,1505.1364,5418.491,1505.1364,553.8463,-1399.532,-3.6905,-0.4845,3.7221,7.2504,1.0223,243230.41,243.2304,0.0,0.0,7020.45,700.0,792902432.39,792.9024
311.5,Akash_Class,TERMINAL,14101.22,14.1012,176653.21,176.6532,1504.6837,5416.8613,1504.6837,552.001,-1399.7742,-3.9926,0.3146,4.005,7.0811,1.1094,263946.71,263.9467,0.0,0.0,7618.39,700.0,792425568.7,792.4256
312.0,Akash_Class,TERMINAL,13401.41,13.4014,176928.22,176.9282,1503.8061,5413.7019,1503.8061,550.0047,-1399.6169,-4.3171,1.1758,4.4743,6.9138,1.2032,286262.95,286.2629,0.0,0.0,8262.52,700.0,791501459.69,791.5015
312.5,Akash_Class,TERMINAL,12701.9,12.7019,177202.14,177.2021,1502.4705,5408.8939,1502.4705,547.8462,-1399.029,-4.6648,2.1025,5.1168,6.7485,1.3041,310265.87,310.2659,0.0,0.0,8955.32,700.0,790096184.48,790.0962
313.0,Akash_Class,TERMINAL,12002.91,12.0029,177474.9,177.4749,1500.6422,5402.312,1500.6422,545.5138,-1397.9778,-5.037,3.0981,5.9135,6.585,1.4124,336039.38,336.0394,0.0,0.0,9699.23,700.0,788174487.47,788.1745
313.5,Akash_Class,TERMINAL,11304.69,11.3047,177746.39,177.7464,1498.2847,5393.8249,1498.2847,542.9953,-1396.4287,-5.4344,4.1657,6.8473,6.4234,1.5285,363662.68,363.6627,0.0,0.0,10496.54,700.0,785699964.37,785.7
314.0,Akash_Class,TERMINAL,10607.52,10.6075,178016.53,178.0165,1495.3598,5383.2952,1495.3598,540.2781,-1394.3459,-5.8579,5.3081,7.9051,6.2636,1.6527,393208.07,393.2081,0.0,0.0,11349.31,700.0,782635305.89,782.6353
314.5,Akash_Class,TERMINAL,9911.68,9.9117,178285.21,178.2852,1491.8278,5370.5802,1491.8278,537.3492,-1391.6918,-6.3082,6.5279,9.0778,6.1056,1.7853,424738.5,424.7385,0.0,0.0,12259.39,700.0,778942605.92,778.9426
315.0,Akash_Class,TERMINAL,9217.46,9.2175,178552.3,178.5523,1487.6479,5355.5326,1487.6479,534.195,-1388.4279,-6.7858,7.8271,10.3591,5.9492,1.9263,458304.73,458.3047,0.0,0.0,13228.22,700.0,774583741.06,774.5837
315.5,Akash_Class,TERMINAL,8525.2,8.5252,178817.71,178.8177,1482.7781,5338.0012,1482.7781,530.8021,-1384.5144,-7.2909,9.2072,11.7444,5.7945,2.0761,493942.24,493.9422,0.0,0.0,14256.84,700.0,769520827.28,769.5208
316.0,Akash_Class,TERMINAL,7835.25,7.8352,179081.28,179.0813,1477.1756,5317.8323,1477.1756,527.1567,-1379.9108,-7.8234,10.669,13.23,5.6413,2.2347,531667.75,531.6678,0.0,0.0,15345.73,700.0,763716758.32,763.7168
316.5,Akash_Class,TERMINAL,7147.96,7.148,179342.91,179.3429,1470.7975,5294.8709,1470.7975,523.2449,-1374.5763,-8.383,12.2123,14.8127,5.4897,2.402,571475.65,571.4757,0.0,0.0,16494.72,700.0,757135828.27,757.1358
317.0,Akash_Class,TERMINAL,6463.73,6.4637,179602.43,179.6024,1463.6007,5268.9625,1463.6007,519.0534,-1368.4701,-8.9688,13.8361,16.4887,5.3397,2.578,613334.13,613.3341,0.0,0.0,17702.9,700.0,749744438.18,749.7444
317.5,Akash_Class,TERMINAL,5782.95,5.7829,179859.72,179.8597,1455.543,5239.9547,1455.543,514.569,-1361.5521,-9.5797,15.538,18.2538,5.1911,2.7623,657181.31,657.1813,0.0,0.0,18968.48,700.0,741511883.12,741.5119
318.0,Akash_Class,TERMINAL,5106.06,5.1061,180114.61,180.1146,1446.5834,5207.7002,1446.5834,509.7792,-1353.7831,-10.214,17.3145,20.1027,5.0441,2.9545,702921.47,702.9215,0.0,0.0,20288.69,700.0,732411211.56,732.4112
318.5,Akash_Class,TERMINAL,4433.5,4.4335,180366.94,180.3669,1436.6828,5172.0582,1436.6828,504.6722,-1345.1258,-10.8693,19.1605,22.0288,4.8985,3.1542,750421.46,750.4215,0.0,0.0,21659.7,700.0,722420144.32,722.4201
319.0,Akash_Class,TERMINAL,3765.72,3.7657,180616.56,180.6166,1425.8051,5132.8983,1425.8051,499.2375,-1335.5456,-11.543,21.0695,24.0243,4.7544,3.3605,799507.57,799.5076,0.0,0.0,23076.49,700.0,711522034.21,711.522
319.5,Akash_Class,TERMINAL,3103.22,3.1032,180863.29,180.8633,1413.9174,5090.1026,1413.9174,493.466,-1325.0108,-12.2316,23.0331,26.0794,4.6118,3.5726,849963.05,849.963,0.0,0.0,24532.81,700.0,699706841.75,699.7068
320.0,Akash_Class,TERMINAL,2446.47,2.4465,181106.97,181.107,1400.9916,5043.5697,1400.9916,487.3502,-1313.4943,-12.931,25.0414,28.183,4.4707,3.7893,901526.53,901.5265,0.0,0.0,26021.1,700.0,686972096.02,686.9721
320.5,Akash_Class,TERMINAL,1795.98,1.796,181347.41,181.3474,1387.0048,4993.2173,1387.0048,480.8847,-1300.9736,-13.6368,27.0826,30.322,4.3311,4.0094,953891.56,953.8916,0.0,0.0,27532.54,700.0,673323803.89,673.3238
321.0,Akash_Class,TERMINAL,1152.27,1.1523,181584.45,181.5844,1371.9405,4938.9858,1371.9405,474.0663,-1287.4323,-14.3435,29.1431,32.4816,4.1931,4.2314,1006707.57,1006.7076,0.0,0.0,29056.99,700.0,658777265.96,658.7773
321.5,Akash_Class,TERMINAL,515.84,0.5158,181817.89,181.8179,1355.7894,4880.842,1355.7894,466.8946,-1272.8607,-15.0456,31.2078,34.6453,4.0568,4.4536,1059582.32,1059.5823,0.0,0.0,30583.13,700.0,643357754.29,643.3578
