Time_s,Missile_Class,Flight_Phase,Altitude_m,Altitude_km,Range_m,Range_km,Speed_ms,Speed_kmh,Absolute_Velocity_ms,Vx_ms,Vy_ms,Ax_ms2,Ay_ms2,Total_Acceleration_ms2,Mach_Number,G_Load,Dynamic_Pressure_Pa,Dynamic_Pressure_kPa,Thrust_N,Thrust_kN,Drag_Force_N,Mass_kg,Kinetic_Energy_J,Kinetic_Energy_MJ
0.0,Prithvi_Class,BOOST,0.0,0.0,0.0,0.0,2200.0,7920.0,2200.0,679.8374,2092.3243,0.3612,-8.6984,8.7059,6.4706,0.1191,2964500.0,2964.5,180000.0,180.0,174623.46,4600.0,11132000000.0,11132.0
0.5,Prithvi_Class,BOOST,1043.99,1.044,340.01,0.34,2195.92,7905.312,2195.92,680.018,2087.9751,1.7533,-4.3382,4.6792,6.6873,0.5857,2612150.37,2612.1504,180000.0,180.0,153868.36,4548.0,10965374975.67,10965.375
1.0,Prithvi_Class,BOOST,2086.89,2.0869,680.46,0.6805,2194.1295,7898.8662,2194.1295,680.8946,2085.806,2.9929,-0.4642,3.0287,6.9182,1.0003,2306769.11,2306.7691,180000.0,180.0,135879.92,4496.0,10822331138.89,10822.3311
1.5,Prithvi_Class,BOOST,3129.68,3.1297,1021.65,1.0217,2194.3737,7899.7455,2194.3737,682.3911,2085.5739,4.104,3.001,5.0842,7.1637,1.3713,2040897.56,2040.8976,180000.0,180.0,120218.79,4444.0,10699543487.07,10699.5435
2.0,Prithvi_Class,BOOST,4173.21,4.1732,1363.87,1.3639,2196.4384,7907.1784,2196.4384,684.4431,2087.0744,5.1063,6.12,7.9705,7.4243,1.7052,1808506.83,1808.5068,180000.0,180.0,106529.85,4392.0,10594254734.06,10594.2547
2.5,Prithvi_Class,BOOST,5218.28,5.2183,1707.37,1.7074,2200.1422,7920.5119,2200.1422,686.9962,2090.1344,6.0157,8.9442,10.779,7.7004,2.0077,1604676.4,1604.6764,180000.0,180.0,94523.24,4340.0,10504157600.0,10504.1576
3.0,Prithvi_Class,BOOST,6265.59,6.2656,2052.37,2.0524,2205.3304,7939.1893,2205.3304,690.0041,2094.6065,6.8455,11.5159,13.3969,7.9928,2.2831,1425354.61,1425.3546,180000.0,180.0,83960.32,4288.0,10427305310.66,10427.3053
3.5,Prithvi_Class,BOOST,7315.77,7.3158,2399.09,2.3991,2211.8706,7962.7341,2211.8706,693.4268,2100.3644,7.6068,13.8704,15.8193,8.3021,2.5354,1267177.89,1267.1779,180000.0,180.0,74642.94,4236.0,10362042722.59,10362.0427
4.0,Prithvi_Class,BOOST,8369.42,8.3694,2747.7,2.7477,2219.649,7990.7364,2219.649,697.2302,2107.2996,8.3088,16.0375,18.062,8.6291,2.7676,1127332.8,1127.3328,180000.0,180.0,66405.38,4184.0,10306952732.21,10306.9527
4.5,Prithvi_Class,BOOST,9427.08,9.4271,3098.39,3.0984,2228.5673,8022.8422,2228.5673,701.3846,2115.3184,8.9594,18.0423,20.1444,8.9747,2.9825,1003449.61,1003.4496,180000.0,180.0,59108.06,4132.0,10260814149.75,10260.8141
5.0,Prithvi_Class,BOOST,10489.25,10.4892,3451.33,3.4513,2238.5403,8058.7452,2238.5403,705.8643,2124.3395,9.5654,19.9063,22.0853,9.3397,3.1823,893519.39,893.5194,180000.0,180.0,52632.64,4080.0,10222568270.17,10222.5683
5.5,Prithvi_Class,BOOST,11556.39,11.5564,3806.65,3.8067,2249.4943,8098.1794,2249.4943,710.647,2134.2927,10.1325,21.648,23.9019,9.7253,3.369,795828.89,795.8289,180000.0,180.0,46878.19,4028.0,10191292110.25,10191.2921
6.0,Prithvi_Class,BOOST,12628.95,12.629,4164.51,4.1645,2261.3649,8140.9135,2261.3649,715.7133,2145.1167,10.6657,23.2832,25.6099,10.1325,3.5443,708908.97,708.909,180000.0,180.0,41758.19,3976.0,10166176804.14,10166.1768
6.5,Prithvi_Class,BOOST,13707.33,13.7073,4525.03,4.525,2274.0963,8186.7465,2274.0963,721.0461,2156.7583,11.1694,24.826,27.2228,10.5624,3.7097,631493.3,631.4933,180000.0,180.0,37198.03,3924.0,10146510026.26,10146.51
7.0,Prithvi_Class,BOOST,14791.92,14.7919,4888.35,4.8883,2287.6399,8235.5036,2287.6399,726.6308,2169.1713,11.6474,26.2884,28.7531,11.0165,3.8666,562485.26,562.4853,180000.0,180.0,33133.12,3872.0,10131661584.27,10131.6616
7.5,Prithvi_Class,BOOST,15883.07,15.8831,5254.57,5.2546,2301.9536,8287.0329,2301.9536,732.4545,2182.3154,12.1032,27.6812,30.2115,11.4961,4.0159,500931.01,500.931,180000.0,180.0,29507.27,3820.0,10121071526.8,10121.0715
8.0,Prithvi_Class,BOOST,16981.15,16.9812,5623.83,5.6238,2317.0008,8341.2029,2317.0008,738.5061,2196.1561,12.5397,29.014,31.6079,12.0026,4.1589,445997.62,445.9976,180000.0,180.0,26271.43,3768.0,10114240260.12,10114.2403
8.5,Prithvi_Class,BOOST,18086.48,18.0865,5996.21,5.9962,2332.75,8397.8999,2332.75,744.7759,2210.6631,12.9596,30.2953,32.9508,12.5377,4.2964,396955.05,396.9551,180000.0,180.0,23382.58,3716.0,10110720280.66,10110.7203
9.0,Prithvi_Class,BOOST,19199.39,19.1994,6371.84,6.3718,2349.174,8457.0265,2349.174,751.2557,2225.8107,13.3653,31.5327,34.2482,13.051,4.4291,353161.32,353.1613,180000.0,180.0,20802.92,3664.0,10110109215.34,10110.1092
9.5,Prithvi_Class,BOOST,20320.18,20.3202,6750.81,6.7508,2366.2499,8518.4995,2366.2499,757.9384,2241.5771,13.759,32.7331,35.5073,13.1458,4.5579,314050.13,314.0501,180000.0,180.0,18499.08,3612.0,10112043926.69,10112.0439
10.0,Prithvi_Class,BOOST,21449.15,21.4491,7133.22,7.1332,2383.958,8582.2489,2383.958,764.8179,2257.9437,14.1428,33.9028,36.7345,13.2442,4.6834,279120.61,279.1206,180000.0,180.0,16441.56,3560.0,10116195489.82,10116.1955
10.5,Prithvi_Class,BOOST,22586.6,22.5866,7519.16,7.5192,2402.2824,8648.2165,2402.2824,771.8893,2274.8951,14.5184,35.0476,37.9357,13.346,4.8062,247928.62,247.9286,180000.0,180.0,14604.2,3508.0,10122264886.83,10122.2649
11.0,Prithvi_Class,BOOST,23732.81,23.7328,7908.74,7.9087,2421.2097,8716.355,2421.2097,779.1485,2292.4189,14.8875,36.1726,39.1165,13.4512,4.9269,220079.48,220.0795,180000.0,180.0,12963.75,3456.0,10129979294.86,10129.9793
11.5,Prithvi_Class,BOOST,24888.06,24.8881,8302.03,8.302,2440.7297,8786.6269,2440.7297,786.5922,2310.5052,15.2518,37.2829,40.2819,13.5596,5.046,195221.77,195.2218,180000.0,180.0,11499.51,3404.0,10139088867.29,10139.0889
12.0,Prithvi_Class,BOOST,26052.63,26.0526,8699.14,8.6991,2460.8345,8859.0042,2460.8345,794.2181,2329.1466,15.6126,38.3829,41.4367,13.6713,5.164,173042.03,173.042,180000.0,180.0,10193.02,3352.0,10149363926.67,10149.3639
12.5,Prithvi_Class,BOOST,27226.8,27.2268,9100.16,9.1002,2481.5187,8933.4672,2481.5187,802.0244,2348.3381,15.9713,39.4769,42.5853,13.7862,5.2814,153260.24,153.2602,180000.0,180.0,9027.77,3300.0,10160592502.72,10160.5925
13.0,Prithvi_Class,BOOST,28410.84,28.4108,9505.16,9.5052,2502.779,9010.0045,2502.779,810.01,2368.0766,16.3293,40.569,43.732,13.9043,5.3985,135625.95,135.626,180000.0,180.0,7989.03,3248.0,10172578160.48,10172.5782
13.5,Prithvi_Class,BOOST,29605.02,29.605,9914.25,9.9142,2524.6145,9088.6122,2524.6145,818.1747,2388.3611,16.6877,41.663,44.8808,14.0256,5.5159,119914.89,119.9149,180000.0,180.0,7063.57,3196.0,10185138073.59,10185.1381
14.0,Prithvi_Class,BOOST,30809.62,30.8096,10327.51,10.3275,2547.0261,9169.2938,2547.0261,826.5185,2409.1926,17.0478,42.7626,46.0355,14.1501,5.6338,105926.04,105.926,180000.0,180.0,6239.56,3144.0,10198101304.72,10198.1013
14.5,Prithvi_Class,BOOST,32024.9,32.0249,10745.03,10.745,2570.0166,9252.0597,2570.0166,835.0424,2430.5739,17.4107,43.8713,47.1998,14.2779,5.7527,93479.12,93.4791,180000.0,180.0,5506.37,3092.0,10211307262.14,10211.3073
15.0,Prithvi_Class,BOOST,33251.16,33.2512,11166.9,11.1669,2593.5908,9336.927,2593.5908,843.7478,2452.5095,17.7776,44.9926,48.3774,14.4088,5.873,82412.3,82.4123,180000.0,180.0,4854.49,3040.0,10224604305.56,10224.6043
15.5,Prithvi_Class,BOOST,34488.66,34.4887,11593.22,11.5932,2617.7553,9423.9191,2617.7553,852.6366,2475.0058,18.1494,46.1298,49.5717,14.5431,5.9949,72580.33,72.5803,180000.0,180.0,4275.33,2988.0,10237848479.25,10237.8485
16.0,Prithvi_Class,BOOST,35737.7,35.7377,12024.08,12.0241,2642.5184,9513.0663,2642.5184,861.7113,2498.0707,18.5274,47.2862,50.7864,14.6807,6.119,63852.71,63.8527,180000.0,180.0,3761.23,2936.0,10250902353.09,10250.9024
16.5,Prithvi_Class,BOOST,36998.55,36.9986,12459.56,12.4596,2667.8902,9604.4046,2667.8902,870.975,2521.7138,18.9126,48.4653,52.0247,14.8216,6.2454,56112.24,56.1122,180000.0,180.0,3305.28,2884.0,10263633955.32,10263.634
17.0,Prithvi_Class,BOOST,38271.53,38.2715,12899.78,12.8998,2693.8825,9697.9768,2693.8825,880.4313,2545.9465,19.3061,49.6703,53.2904,14.966,6.3746,49253.65,49.2536,180000.0,180.0,2901.28,2832.0,10275915782.7,10275.9158
17.5,Prithvi_Class,BOOST,39556.92,39.5569,13344.82,13.3448,2720.5088,9793.8318,2720.5088,890.0844,2570.7816,19.7089,50.9046,54.5868,15.1139,6.507,43182.35,43.1824,180000.0,180.0,2543.65,2780.0,10287623875.67,10287.6239
18.0,Prithvi_Class,BOOST,40855.03,40.855,13794.79,13.7948,2747.7846,9892.0246,2747.7846,899.9388,2596.2339,20.1223,52.1715,55.9176,15.2655,6.6428,37813.43,37.8134,180000.0,180.0,2227.4,2728.0,10298636947.48,10298.6369
18.5,Prithvi_Class,BOOST,42166.19,42.1662,14249.79,14.2498,2775.727,9992.6172,2775.727,910.0,2622.3197,20.5472,53.4747,57.2864,15.4207,6.7825,33070.63,33.0706,180000.0,180.0,1948.02,2676.0,10308835557.26,10308.8356
19.0,Prithvi_Class,BOOST,43490.72,43.4907,14709.93,14.7099,2804.3549,10095.6777,2804.3549,920.2736,2649.057,20.985,54.8176,58.697,15.5797,6.9265,28885.52,28.8855,180000.0,180.0,1701.5,2624.0,10318101318.23,10318.1013
19.5,Prithvi_Class,BOOST,44828.95,44.829,15175.31,15.1753,2833.6893,10201.2813,2833.6893,930.7661,2676.4658,21.4368,56.2041,60.1535,15.7427,7.0752,25196.71,25.1967,180000.0,180.0,1484.21,2572.0,10326316132.46,10326.3161
20.0,Prithvi_Class,BOOST,46181.24,46.1812,15646.05,15.6461,2863.7529,10309.5103,2863.7529,941.4845,2704.5679,21.904,57.6381,61.6598,15.9097,7.2289,21949.14,21.9491,180000.0,180.0,1292.91,2520.0,10333361444.45,10333.3614
20.5,Prithvi_Class,BOOST,47547.93,47.5479,16122.27,16.1223,2894.5707,10420.4544,2894.5707,952.4365,2733.3869,22.3878,59.1236,63.2203,16.0809,7.3882,19093.5,19.0935,180000.0,180.0,1124.7,2468.0,10339117505.91,10339.1175
21.0,Prithvi_Class,BOOST,48929.41,48.9294,16604.09,16.6041,2926.1697,10534.2109,2926.1697,963.6304,2762.9487,22.8896,60.665,64.8397,16.2565,7.5534,16585.63,16.5856,180000.0,180.0,976.97,2416.0,10343462644.3,10343.4626
21.5,Prithvi_Class,BOOST,50326.05,50.326,17091.62,17.0916,2958.5793,10650.8856,2958.5793,975.0752,2793.2812,23.4111,62.267,66.5226,16.4366,7.7252,14386.01,14.386,180000.0,180.0,847.41,2364.0,10346272527.89,10346.2725
22.0,Prithvi_Class,BOOST,51738.25,51.7383,17585.01,17.585,2991.8314,10770.5929,2991.8314,986.7807,2824.4147,23.9537,63.9345,68.2745,16.6213,7.9039,12459.29,12.4593,180000.0,180.0,733.91,2312.0,10347419419.61,10347.4194
22.5,Prithvi_Class,BOOST,53166.45,53.1664,18084.39,18.0844,3025.9602,10893.4566,3025.9602,998.7576,2856.382,24.5193,65.6728,70.1007,16.8109,8.0902,10773.94,10.7739,180000.0,180.0,634.64,2260.0,10346771412.06,10346.7714
23.0,Prithvi_Class,BOOST,54611.05,54.6111,18589.9,18.5899,3061.0029,11019.6105,3061.0029,1011.0172,2889.2184,25.1096,67.4876,72.0074,17.0056,8.2848,9301.77,9.3018,180000.0,180.0,547.92,2208.0,10344191635.36,10344.1916
23.5,Prithvi_Class,BOOST,56072.54,56.0725,19101.69,19.1017,3096.9998,11149.1992,3096.9998,1023.572,2922.9622,25.7268,69.385,74.001,17.2056,8.4882,8017.67,8.0177,180000.0,180.0,472.28,2156.0,10339537429.04,10339.5374
24.0,Prithvi_Class,BOOST,57551.36,57.5514,19619.91,19.6199,3133.9942,11282.3791,3133.9942,1036.4354,2957.6547,26.3729,71.3719,76.0886,17.4111,8.7011,6899.28,6.8993,180000.0,180.0,406.4,2104.0,10332659468.25,10332.6595
24.5,Prithvi_Class,BOOST,59048.03,59.048,20144.72,20.1447,3172.0331,11419.3193,3172.0331,1049.6219,2993.3406,27.0505,73.4555,78.2779,17.6224,8.9245,5926.7,5.9267,180000.0,180.0,349.11,2052.0,10323400833.84,10323.4008
25.0,Prithvi_Class,BOOST,60563.07,60.5631,20676.29,20.6763,3211.1674,11560.2026,3211.1674,1063.1471,3030.0683,27.762,75.6438,80.5774,17.8398,9.1591,5082.24,5.0822,180000.0,180.0,299.37,2000.0,10311596014.11,10311.596
25.5,Prithvi_Class,MIDCOURSE,62097.01,62.097,21214.8,21.2148,3251.452,11705.2273,3251.452,1077.0281,3067.8903,-0.0424,-9.9309,9.931,18.0636,0.0131,4350.2,4.3502,0.0,0.0,256.25,2000.0,10571940272.19,10571.9403
26.0,Prithvi_Class,MIDCOURSE,63628.48,63.6285,21753.31,21.7533,3246.7603,11688.337,3246.7603,1077.0069,3062.9248,-0.0354,-9.9107,9.9107,18.0376,0.0109,3622.49,3.6225,0.0,0.0,213.38,2000.0,10541452336.02,10541.4523
26.5,Prithvi_Class,MIDCOURSE,65157.46,65.1575,22291.8,22.2918,3242.0801,11671.4883,3242.0801,1076.9892,3057.9695,-0.0295,-9.8938,9.8939,18.0116,0.0091,3017.4,3.0174,0.0,0.0,177.74,2000.0,10511083198.64,10511.0832
27.0,Prithvi_Class,MIDCOURSE,66683.97,66.684,22830.29,22.8303,3237.4096,11654.6745,3237.4096,1076.9744,3053.0226,-0.0246,-9.8798,9.8799,17.9856,0.0075,2514.12,2.5141,0.0,0.0,148.09,2000.0,10480820867.09,10480.8209
27.5,Prithvi_Class,MIDCOURSE,68208.01,68.208,23368.77,23.3688,3232.7473,11637.8904,3232.7473,1076.9621,3048.0827,-0.0206,-9.8682,9.8682,17.9597,0.0063,2095.39,2.0954,0.0,0.0,123.43,2000.0,10450655398.13,10450.6554
28.0,Prithvi_Class,MIDCOURSE,69729.59,69.7296,23907.25,23.9072,3228.0921,11621.1315,3228.0921,1076.9519,3043.1486,-0.0172,-9.8585,9.8585,17.9338,0.0052,1746.91,1.7469,0.0,0.0,102.9,2000.0,10420578545.32,10420.5785
28.5,Prithvi_Class,MIDCOURSE,71248.7,71.2487,24445.72,24.4457,3223.4428,11604.3941,3223.4428,1076.9433,3038.2193,-0.0143,-9.8504,9.8505,17.908,0.0044,1456.81,1.4568,0.0,0.0,85.81,2000.0,10390583467.27,10390.5835
29.0,Prithvi_Class,MIDCOURSE,72765.34,72.7653,24984.19,24.9842,3218.7986,11587.675,3218.7986,1076.9361,3033.2941,-0.012,-9.8437,9.8437,17.8822,0.0036,1215.23,1.2152,0.0,0.0,71.58,2000.0,10360664486.56,10360.6645
29.5,Prithvi_Class,MIDCOURSE,74279.53,74.2795,25522.65,25.5227,3214.1588,11570.9717,3214.1588,1076.9301,3028.3722,-0.01,-9.8381,9.8381,17.8564,0.003,1014.01,1.014,0.0,0.0,59.73,2000.0,10330816890.24,10330.8169
30.0,Prithvi_Class,MIDCOURSE,75791.26,75.7913,26061.11,26.0611,3209.5228,11554.2822,3209.5228,1076.9251,3023.4532,-0.0084,-9.8335,9.8335,17.8307,0.0025,846.35,0.8463,0.0,0.0,49.85,2000.0,10301036764.86,10301.0368
30.5,Prithvi_Class,MIDCOURSE,77300.52,77.3005,26599.57,26.5996,3204.8901,11537.6045,3204.8901,1076.9209,3018.5364,-0.007,-9.8296,9.8296,17.8049,0.0021,706.61,0.7066,0.0,0.0,41.62,2000.0,10271320859.84,10271.3209
31.0,Prithvi_Class,MIDCOURSE,78807.34,78.8073,27138.03,27.138,3200.2604,11520.9374,3200.2604,1076.9174,3013.6216,-0.0058,-9.8264,9.8264,17.7792,0.0018,590.11,0.5901,0.0,0.0,34.76,2000.0,10241666474.44,10241.6665
31.5,Prithvi_Class,MIDCOURSE,80311.69,80.3117,27676.49,27.6765,3195.6332,11504.2794,3195.6332,1076.9145,3008.7084,-0.0049,-9.8237,9.8237,17.7535,0.0015,492.97,0.493,0.0,0.0,29.04,2000.0,10212071364.09,10212.0714
32.0,Prithvi_Class,MIDCOURSE,81813.59,81.8136,28214.95,28.2149,3191.0083,11487.6297,3191.0083,1076.9121,3003.7966,-0.0041,-9.8214,9.8214,17.7278,0.0012,411.93,0.4119,0.0,0.0,24.26,2000.0,10182533662.8,10182.5337
32.5,Prithvi_Class,MIDCOURSE,83313.03,83.313,28753.4,28.7534,3186.3854,11470.9874,3186.3854,1076.91,2998.8859,-0.0034,-9.8195,9.8195,17.7021,0.001,344.31,0.3443,0.0,0.0,20.28,2000.0,10153051818.87,10153.0518
33.0,Prithvi_Class,MIDCOURSE,84810.02,84.81,29291.86,29.2919,3181.7644,11454.3518,3181.7644,1076.9083,2993.9761,-0.0029,-9.818,9.818,17.6765,0.0009,287.88,0.2879,0.0,0.0,16.96,2000.0,10123624541.56,10123.6245
33.5,Prithvi_Class,MIDCOURSE,86304.55,86.3046,29830.31,29.8303,3177.1451,11437.7222,3177.1451,1076.9069,2989.0671,-0.0024,-9.8167,9.8167,17.6508,0.0007,240.76,0.2408,0.0,0.0,14.18,2000.0,10094250756.94,10094.2508
34.0,Prithvi_Class,MIDCOURSE,87796.63,87.7966,30368.76,30.3688,3172.5273,11421.0983,3172.5273,1076.9057,2984.1588,-0.002,-9.8156,9.8156,17.6252,0.0006,201.41,0.2014,0.0,0.0,11.86,2000.0,10064929571.19,10064.9296
34.5,Prithvi_Class,MIDCOURSE,89286.26,89.2863,30907.21,30.9072,3167.911,11404.4797,3167.911,1076.9047,2979.251,-0.0017,-9.8147,9.8147,17.5995,0.0005,168.54,0.1685,0.0,0.0,9.93,2000.0,10035660240.2,10035.6602
35.0,Prithvi_Class,MIDCOURSE,90773.43,90.7734,31445.67,31.4457,3163.2961,11387.8659,3163.2961,1076.9038,2974.3437,-0.0014,-9.8139,9.8139,17.5739,0.0004,141.08,0.1411,0.0,0.0,8.31,2000.0,10006442144.29,10006.4421
35.5,Prithvi_Class,MIDCOURSE,92258.15,92.2581,31984.12,31.9841,3158.6824,11371.2568,3158.6824,1076.9031,2969.4367,-0.0012,-9.8133,9.8133,17.5482,0.0004,118.12,0.1181,0.0,0.0,6.96,2000.0,9977274767.29,9977.2748
36.0,Prithvi_Class,MIDCOURSE,93740.41,93.7404,32522.57,32.5226,3154.07,11354.6521,3154.07,1076.9025,2964.5301,-0.001,-9.8127,9.8127,17.5226,0.0003,98.93,0.0989,0.0,0.0,5.83,2000.0,9948157679.13,9948.1577
36.5,Prithvi_Class,MIDCOURSE,95220.22,95.2202,33061.02,33.061,3149.4588,11338.0516,3149.4588,1076.902,2959.6237,-0.0008,-9.8123,9.8123,17.497,0.0002,82.88,0.0829,0.0,0.0,4.88,2000.0,9919090521.34,9919.0905
37.0,Prithvi_Class,MIDCOURSE,96697.58,96.6976,33599.47,33.5995,3144.8486,11321.4551,3144.8486,1076.9016,2954.7176,-0.0007,-9.8119,9.8119,17.4714,0.0002,69.45,0.0695,0.0,0.0,4.09,2000.0,9890072995.08,9890.073
37.5,Prithvi_Class,MIDCOURSE,98172.49,98.1725,34137.92,34.1379,3140.2396,11304.8626,3140.2396,1076.9012,2949.8116,-0.0006,-9.8116,9.8116,17.4458,0.0002,58.22,0.0582,0.0,0.0,3.43,2000.0,9861104851.16,9861.1049
38.0,Prithvi_Class,MIDCOURSE,99644.94,99.6449,34676.37,34.6764,3135.6317,11288.274,3135.6317,1076.901,2944.9058,-0.0005,-9.8114,9.8114,17.4202,0.0001,48.81,0.0488,0.0,0.0,2.88,2000.0,9832185881.69,9832.1859
38.5,Prithvi_Class,MIDCOURSE,101114.94,101.1149,35214.82,35.2148,3131.0247,11271.6891,3131.0247,1076.9007,2940.0001,-0.0004,-9.8111,9.8111,17.3946,0.0001,40.94,0.0409,0.0,0.0,2.41,2000.0,9803315913.23,9803.3159
39.0,Prithvi_Class,MIDCOURSE,102582.49,102.5825,35753.27,35.7533,3126.4188,11255.1078,3126.4188,1076.9005,2935.0946,-0.0003,-9.8109,9.8109,17.369,0.0001,34.35,0.0343,0.0,0.0,2.02,2000.0,9774494801.01,9774.4948
39.5,Prithvi_Class,MIDCOURSE,104047.58,104.0476,36291.72,36.2917,3121.814,11238.5303,3121.814,1076.9003,2930.1891,-0.0003,-9.8108,9.8108,17.3434,0.0001,28.82,0.0288,0.0,0.0,1.7,2000.0,9745722424.18,9745.7224
40.0,Prithvi_Class,MIDCOURSE,105510.23,105.5102,36830.17,36.8302,3117.2101,11221.9563,3117.2101,1076.9002,2925.2837,-0.0002,-9.8107,9.8107,17.3178,0.0001,24.2,0.0242,0.0,0.0,1.43,2000.0,9716998681.81,9716.9987
40.5,Prithvi_Class,MIDCOURSE,106970.41,106.9704,37368.62,37.3686,3112.6072,11205.3859,3112.6072,1076.9001,2920.3784,-0.0002,-9.8106,9.8106,17.2923,0.0001,20.32,0.0203,0.0,0.0,1.2,2000.0,9688323489.6,9688.3235
41.0,Prithvi_Class,MIDCOURSE,108428.15,108.4282,37907.07,37.9071,3108.0053,11188.819,3108.0053,1076.9,2915.4731,-0.0002,-9.8105,9.8105,17.2667,0.0001,17.06,0.0171,0.0,0.0,1.01,2000.0,9659696777.12,9659.6968
41.5,Prithvi_Class,MIDCOURSE,109883.44,109.8834,38445.52,38.4455,3103.4043,11172.2556,3103.4043,1076.8999,2910.5678,-0.0001,-9.8104,9.8104,17.2411,0.0,14.34,0.0143,0.0,0.0,0.84,2000.0,9631118485.48,9631.1185
42.0,Prithvi_Class,MIDCOURSE,111336.27,111.3363,38983.97,38.984,3098.8044,11155.6958,3098.8044,1076.8998,2905.6626,-0.0001,-9.8103,9.8103,17.2156,0.0,12.05,0.012,0.0,0.0,0.71,2000.0,9602588565.47,9602.5886
42.5,Prithvi_Class,MIDCOURSE,112786.65,112.7866,39522.42,39.5224,3094.2054,11139.1394,3094.2054,1076.8997,2900.7575,-0.0001,-9.8103,9.8103,17.19,0.0,10.13,0.0101,0.0,0.0,0.6,2000.0,9574106975.94,9574.107
43.0,Prithvi_Class,MIDCOURSE,114234.57,114.2346,40060.87,40.0609,3089.6074,11122.5865,3089.6074,1076.8997,2895.8523,-0.0001,-9.8102,9.8102,17.1645,0.0,8.52,0.0085,0.0,0.0,0.5,2000.0,9545673682.44,9545.6737
43.5,Prithvi_Class,MIDCOURSE,115680.05,115.68,40599.32,40.5993,3085.0103,11106.0371,3085.0103,1076.8996,2890.9472,-0.0001,-9.8102,9.8102,17.1389,0.0,7.16,0.0072,0.0,0.0,0.42,2000.0,9517288656.19,9517.2887
44.0,Prithvi_Class,MIDCOURSE,117123.07,117.1231,41137.77,41.1378,3080.4142,11089.4913,3080.4142,1076.8996,2886.0421,-0.0001,-9.8102,9.8102,17.1134,0.0,6.03,0.006,0.0,0.0,0.36,2000.0,9488951873.06,9488.9519
44.5,Prithvi_Class,MIDCOURSE,118563.63,118.5636,41676.22,41.6762,3075.8191,11072.9489,3075.8191,1076.8996,2881.137,-0.0001,-9.8101,9.8101,17.0879,0.0,5.07,0.0051,0.0,0.0,0.3,2000.0,9460663312.88,9460.6633
45.0,Prithvi_Class,MIDCOURSE,120001.75,120.0018,42214.67,42.2147,3071.225,11056.41,3071.225,1076.8995,2876.232,-0.0,-9.8101,9.8101,17.0624,0.0,4.27,0.0043,0.0,0.0,0.25,2000.0,9432422958.75,9432.423
45.5,Prithvi_Class,MIDCOURSE,121437.41,121.4374,42753.12,42.7531,3066.6318,11039.8746,3066.6318,1076.8995,2871.3269,-0.0,-9.8101,9.8101,17.0368,0.0,3.6,0.0036,0.0,0.0,0.21,2000.0,9404230796.49,9404.2308
46.0,Prithvi_Class,MIDCOURSE,122870.63,122.8706,43291.57,43.2916,3062.0396,11023.3427,3062.0396,1076.8995,2866.4219,-0.0,-9.8101,9.8101,17.0113,0.0,3.03,0.003,0.0,0.0,0.18,2000.0,9376086814.26,9376.0868
46.5,Prithvi_Class,MIDCOURSE,124301.38,124.3014,43830.02,43.83,3057.4484,11006.8144,3057.4484,1076.8995,2861.5168,-0.0,-9.8101,9.8101,16.9858,0.0,2.55,0.0026,0.0,0.0,0.15,2000.0,9347991002.11,9347.991
47.0,Prithvi_Class,MIDCOURSE,125729.69,125.7297,44368.47,44.3685,3052.8582,10990.2896,3052.8582,1076.8995,2856.6118,-0.0,-9.8101,9.8101,16.9603,0.0,2.15,0.0022,0.0,0.0,0.13,2000.0,9319943351.71,9319.9434
47.5,Prithvi_Class,MIDCOURSE,127155.54,127.1555,44906.92,44.9069,3048.269,10973.7684,3048.269,1076.8995,2851.7068,-0.0,-9.81,9.81,16.9348,0.0,1.81,0.0018,0.0,0.0,0.11,2000.0,9291943856.06,9291.9439
48.0,Prithvi_Class,MIDCOURSE,128578.94,128.5789,45445.37,45.4454,3043.6808,10957.2507,3043.6808,1076.8994,2846.8017,-0.0,-9.81,9.81,16.9093,0.0,1.53,0.0015,0.0,0.0,0.09,2000.0,9263992509.31,9263.9925
48.5,Prithvi_Class,MIDCOURSE,129999.89,129.9999,45983.82,45.9838,3039.0935,10940.7366,3039.0935,1076.8994,2841.8967,-0.0,-9.81,9.81,16.8839,0.0,1.29,0.0013,0.0,0.0,0.08,2000.0,9236089306.53,9236.0893
49.0,Prithvi_Class,MIDCOURSE,131418.39,131.4184,46522.27,46.5223,3034.5072,10924.2261,3034.5072,1076.8994,2836.9917,-0.0,-9.81,9.81,16.8584,0.0,1.09,0.0011,0.0,0.0,0.06,2000.0,9208234243.59,9208.2342
49.5,Prithvi_Class,MIDCOURSE,132834.43,132.8344,47060.72,47.0607,3029.922,10907.7192,3029.922,1076.8994,2832.0867,-0.0,-9.81,9.81,16.8329,0.0,0.92,0.0009,0.0,0.0,0.05,2000.0,9180427317.04,9180.4273
50.0,Prithvi_Class,MIDCOURSE,134248.02,134.248,47599.17,47.5992,3025.3378,10891.2159,3025.3378,1076.8994,2827.1817,-0.0,-9.81,9.81,16.8074,0.0,0.78,0.0008,0.0,0.0,0.05,2000.0,9152668523.95,9152.6685
50.5,Prithvi_Class,MIDCOURSE,135659.16,135.6592,48137.62,48.1376,3020.7545,10874.7163,3020.7545,1076.8994,2822.2767,-0.0,-9.81,9.81,16.782,0.0,0.65,0.0007,0.0,0.0,0.04,2000.0,9124957861.89,9124.9579
51.0,Prithvi_Class,MIDCOURSE,137067.85,137.0678,48676.07,48.6761,3016.1723,10858.2203,3016.1723,1076.8994,2817.3716,-0.0,-9.81,9.81,16.7565,0.0,0.55,0.0006,0.0,0.0,0.03,2000.0,9097295328.8,9097.2953
51.5,Prithvi_Class,MIDCOURSE,138474.08,138.4741,49214.52,49.2145,3011.5911,10841.7279,3011.5911,1076.8994,2812.4666,-0.0,-9.81,9.81,16.7311,0.0,0.47,0.0005,0.0,0.0,0.03,2000.0,9069680922.96,9069.6809
52.0,Prithvi_Class,MIDCOURSE,139877.86,139.8779,49752.97,49.753,3007.0109,10825.2393,3007.0109,1076.8994,2807.5616,-0.0,-9.81,9.81,16.7056,0.0,0.39,0.0004,0.0,0.0,0.02,2000.0,9042114642.91,9042.1146
52.5,Prithvi_Class,MIDCOURSE,141279.19,141.2792,50291.42,50.2914,3002.4318,10808.7543,3002.4318,1076.8994,2802.6566,-0.0,-9.81,9.81,16.6802,0.0,0.33,0.0003,0.0,0.0,0.02,2000.0,9014596487.43,9014.5965
53.0,Prithvi_Class,MIDCOURSE,142678.06,142.6781,50829.87,50.8299,2997.8536,10792.2731,2997.8536,1076.8994,2797.7516,-0.0,-9.81,9.81,16.6547,0.0,0.28,0.0003,0.0,0.0,0.02,2000.0,8987126455.5,8987.1265
53.5,Prithvi_Class,MIDCOURSE,144074.49,144.0745,51368.32,51.3683,2993.2766,10775.7956,2993.2766,1076.8994,2792.8466,-0.0,-9.81,9.81,16.6293,0.0,0.24,0.0002,0.0,0.0,0.01,2000.0,8959704546.25,8959.7045
54.0,Prithvi_Class,MIDCOURSE,145468.46,145.4685,51906.77,51.9068,2988.7005,10759.3218,2988.7005,1076.8994,2787.9416,-0.0,-9.81,9.81,16.6039,0.0,0.2,0.0002,0.0,0.0,0.01,2000.0,8932330758.95,8932.3308
54.5,Prithvi_Class,MIDCOURSE,146859.98,146.86,52445.22,52.4452,2984.1255,10742.8519,2984.1255,1076.8994,2783.0366,-0.0,-9.81,9.81,16.5785,0.0,0.17,0.0002,0.0,0.0,0.01,2000.0,8905005093.0,8905.0051
55.0,Prithvi_Class,MIDCOURSE,148249.04,148.249,52983.67,52.9837,2979.5516,10726.3856,2979.5516,1076.8994,2778.1316,-0.0,-9.81,9.81,16.5531,0.0,0.14,0.0001,0.0,0.0,0.01,2000.0,8877727547.88,8877.7275
55.5,Prithvi_Class,MIDCOURSE,149635.66,149.6357,53522.12,53.5221,2974.9787,10709.9232,2974.9787,1076.8994,2773.2266,-0.0,-9.81,9.81,16.5277,0.0,0.12,0.0001,0.0,0.0,0.01,2000.0,8850498123.16,8850.4981
56.0,Prithvi_Class,MIDCOURSE,151019.82,151.0198,54060.56,54.0606,2970.4068,10693.4646,2970.4068,1076.8994,2768.3216,-0.0,-9.81,9.81,16.5023,0.0,0.1,0.0001,0.0,0.0,0.01,2000.0,8823316818.46,8823.3168
56.5,Prithvi_Class,MIDCOURSE,152401.52,152.4015,54599.01,54.599,2965.8361,10677.0099,2965.8361,1076.8994,2763.4166,-0.0,-9.81,9.81,16.4769,0.0,0.09,0.0001,0.0,0.0,0.01,2000.0,8796183633.49,8796.1836
57.0,Prithvi_Class,MIDCOURSE,153780.78,153.7808,55137.46,55.1375,2961.2664,10660.559,2961.2664,1076.8994,2758.5116,-0.0,-9.81,9.81,16.4515,0.0,0.07,0.0001,0.0,0.0,0.0,2000.0,8769098567.97,8769.0986
57.5,Prithvi_Class,MIDCOURSE,155157.58,155.1576,55675.91,55.6759,2956.6978,10644.1119,2956.6978,1076.8994,2753.6066,-0.0,-9.81,9.81,16.4261,0.0,0.06,0.0001,0.0,0.0,0.0,2000.0,8742061621.7,8742.0616
58.0,Prithvi_Class,MIDCOURSE,156531.93,156.5319,56214.36,56.2144,2952.1302,10627.6688,2952.1302,1076.8994,2748.7016,-0.0,-9.81,9.81,16.4007,0.0,0.05,0.0001,0.0,0.0,0.0,2000.0,8715072794.49,8715.0728
58.5,Prithvi_Class,MIDCOURSE,157903.83,157.9038,56752.81,56.7528,2947.5638,10611.2295,2947.5638,1076.8994,2743.7966,-0.0,-9.81,9.81,16.3754,0.0,0.05,0.0,0.0,0.0,0.0,2000.0,8688132086.17,8688.1321
59.0,Prithvi_Class,MIDCOURSE,159273.28,159.2733,57291.26,57.2913,2942.9984,10594.7942,2942.9984,1076.8994,2738.8916,-0.0,-9.81,9.81,16.35,0.0,0.04,0.0,0.0,0.0,0.0,2000.0,8661239496.63,8661.2395
59.5,Prithvi_Class,MIDCOURSE,160640.27,160.6403,57829.71,57.8297,2938.4341,10578.3628,2938.4341,1076.8994,2733.9866,-0.0,-9.81,9.81,16.3246,0.0,0.03,0.0,0.0,0.0,0.0,2000.0,8634395025.75,8634.395
60.0,Prithvi_Class,MIDCOURSE,162004.81,162.0048,58368.16,58.3682,2933.8709,10561.9354,2933.8709,1076.8994,2729.0816,-0.0,-9.81,9.81,16.2993,0.0,0.03,0.0,0.0,0.0,0.0,2000.0,8607598673.43,8607.5987
60.5,Prithvi_Class,MIDCOURSE,163366.9,163.3669,58906.61,58.9066,2929.3089,10545.5119,2929.3089,1076.8994,2724.1766,-0.0,-9.81,9.81,16.2739,0.0,0.02,0.0,0.0,0.0,0.0,2000.0,8580850439.59,8580.8504
61.0,Prithvi_Class,MIDCOURSE,164726.54,164.7265,59445.06,59.4451,2924.7479,10529.0925,2924.7479,1076.8994,2719.2716,-0.0,-9.81,9.81,16.2486,0.0,0.02,0.0,0.0,0.0,0.0,2000.0,8554150324.18,8554.1503
61.5,Prithvi_Class,MIDCOURSE,166083.72,166.0837,59983.51,59.9835,2920.1881,10512.677,2920.1881,1076.8994,2714.3666,-0.0,-9.81,9.81,16.2233,0.0,0.02,0.0,0.0,0.0,0.0,2000.0,8527498327.13,8527.4983
62.0,Prithvi_Class,MIDCOURSE,167438.45,167.4385,60521.96,60.522,2915.6293,10496.2656,2915.6293,1076.8994,2709.4616,-0.0,-9.81,9.81,16.1979,0.0,0.01,0.0,0.0,0.0,0.0,2000.0,8500894448.39,8500.8944
62.5,Prithvi_Class,MIDCOURSE,168790.73,168.7907,61060.41,61.0604,2911.0717,10479.8583,2911.0717,1076.8994,2704.5566,-0.0,-9.81,9.81,16.1726,0.0,0.01,0.0,0.0,0.0,0.0,2000.0,8474338687.92,8474.3387
63.0,Prithvi_Class,MIDCOURSE,170140.56,170.1406,61598.86,61.5989,2906.5153,10463.455,2906.5153,1076.8994,2699.6516,-0.0,-9.81,9.81,16.1473,0.0,0.01,0.0,0.0,0.0,0.0,2000.0,8447831045.7,8447.831
63.5,Prithvi_Class,MIDCOURSE,171487.93,171.4879,62137.31,62.1373,2901.9599,10447.0558,2901.9599,1076.8994,2694.7466,-0.0,-9.81,9.81,16.122,0.0,0.01,0.0,0.0,0.0,0.0,2000.0,8421371521.69,8421.3715
64.0,Prithvi_Class,MIDCOURSE,172832.85,172.8328,62675.76,62.6758,2897.4058,10430.6607,2897.4058,1076.8994,2689.8416,-0.0,-9.81,9.81,16.0967,0.0,0.01,0.0,0.0,0.0,0.0,2000.0,8394960115.86,8394.9601
64.5,Prithvi_Class,MIDCOURSE,174175.32,174.1753,63214.21,63.2142,2892.8527,10414.2698,2892.8527,1076.8994,2684.9366,-0.0,-9.81,9.81,16.0714,0.0,0.01,0.0,0.0,0.0,0.0,2000.0,8368596828.2,8368.5968
65.0,Prithvi_Class,MIDCOURSE,175515.33,175.5153,63752.66,63.7527,2888.3008,10397.883,2888.3008,1076.8994,2680.0316,-0.0,-9.81,9.81,16.0461,0.0,0.01,0.0,0.0,0.0,0.0,2000.0,8342281658.69,8342.2817
65.5,Prithvi_Class,MIDCOURSE,176852.9,176.8529,64291.11,64.2911,2883.7501,10381.5003,2883.7501,1076.8994,2675.1266,-0.0,-9.81,9.81,16.0208,0.0,0.0,0.0,0.0,0.0,0.0,2000.0,8316014607.31,8316.0146
66.0,Prithvi_Class,MIDCOURSE,178188.01,178.188,64829.56,64.8296,2879.2005,10365.1219,2879.2005,1076.8994,2670.2216,-0.0,-9.81,9.81,15.9956,0.0,0.0,0.0,0.0,0.0,0.0,2000.0,8289795674.05,8289.7957
66.5,Prithvi_Class,MIDCOURSE,179520.67,179.5207,65368.01,65.368,2874.6521,10348.7477,2874.6521,1076.8994,2665.3166,-0.0,-9.81,9.81,15.9703,0.0,0.0,0.0,0.0,0.0,0.0,2000.0,8263624858.9,8263.6249
67.0,Prithvi_Class,MIDCOURSE,180850.87,180.8509,65906.46,65.9065,2870.1049,10332.3777,2870.1049,1076.8994,2660.4116,-0.0,-9.81,9.81,15.945,0.0,0.0,0.0,0.0,0.0,0.0,2000.0,8237502161.85,8237.5022
67.5,Prithvi_Class,MIDCOURSE,182178.63,182.1786,66444.91,66.4449,2865.5589,10316.0119,2865.5589,1076.8994,2655.5066,-0.0,-9.81,9.81,15.9198,0.0,0.0,0.0,0.0,0.0,0.0,2000.0,8211427582.9,8211.4276
68.0,Prithvi_Class,MIDCOURSE,183503.93,183.5039,66983.36,66.9834,2861.014,10299.6504,2861.014,1076.8994,2650.6016,-0.0,-9.81,9.81,15.8945,0.0,0.0,0.0,0.0,0.0,0.0,2000.0,8185401122.03,8185.4011
68.5,Prithvi_Class,MIDCOURSE,184826.77,184.8268,67521.81,67.5218,2856.4703,10283.2932,2856.4703,1076.8994,2645.6966,-0.0,-9.81,9.81,15.8693,0.0,0.0,0.0,0.0,0.0,0.0,2000.0,8159422779.24,8159.4228
69.0,Prithvi_Class,MIDCOURSE,186147.17,186.1472,68060.26,68.0603,2851.9279,10266.9403,2851.9279,1076.8994,2640.7916,-0.0,-9.81,9.81,15.844,0.0,0.0,0.0,0.0,0.0,0.0,2000.0,8133492554.53,8133.4926
69.5,Prithvi_Class,MIDCOURSE,187465.11,187.4651,68598.71,68.5987,2847.3866,10250.5918,2847.3866,1076.8994,2635.8866,-0.0,-9.81,9.81,15.8188,0.0,0.0,0.0,0.0,0.0,0.0,2000.0,8107610447.9,8107.6104
70.0,Prithvi_Class,MIDCOURSE,188780.6,188.7806,69137.16,69.1372,2842.8465,10234.2475,2842.8465,1076.8994,2630.9816,-0.0,-9.81,9.81,15.7936,0.0,0.0,0.0,0.0,0.0,0.0,2000.0,8081776459.33,8081.7765
70.5,Prithvi_Class,MIDCOURSE,190093.64,190.0936,69675.61,69.6756,2838.3077,10217.9077,2838.3077,1076.8994,2626.0766,-0.0,-9.81,9.81,15.7684,0.0,0.0,0.0,0.0,0.0,0.0,2000.0,8055990588.83,8055.9906
71.0,Prithvi_Class,MIDCOURSE,191404.23,191.4042,70214.06,70.2141,2833.7701,10201.5723,2833.7701,1076.8994,2621.1716,-0.0,-9.81,9.81,15.7432,0.0,0.0,0.0,0.0,0.0,0.0,2000.0,8030252836.39,8030.2528
71.5,Prithvi_Class,MIDCOURSE,192712.36,192.7124,70752.51,70.7525,2829.2337,10185.2412,2829.2337,1076.8994,2616.2666,-0.0,-9.81,9.81,15.718,0.0,0.0,0.0,0.0,0.0,0.0,2000.0,8004563202.01,8004.5632
72.0,Prithvi_Class,MIDCOURSE,194018.04,194.018,71290.96,71.291,2824.6985,10168.9146,2824.6985,1076.8994,2611.3616,-0.0,-9.81,9.81,15.6928,0.0,0.0,0.0,0.0,0.0,0.0,2000.0,7978921685.7,7978.9217
72.5,Prithvi_Class,MIDCOURSE,195321.27,195.3213,71829.4,71.8294,2820.1646,10152.5925,2820.1646,1076.8994,2606.4566,-0.0,-9.81,9.81,15.6676,0.0,0.0,0.0,0.0,0.0,0.0,2000.0,7953328287.44,7953.3283
73.0,Prithvi_Class,MIDCOURSE,196622.05,196.622,72367.85,72.3679,2815.6319,10136.2748,2815.6319,1076.8994,2601.5516,-0.0,-9.81,9.81,15.6424,0.0,0.0,0.0,0.0,0.0,0.0,2000.0,7927783007.24,7927.783
73.5,Prithvi_Class,MIDCOURSE,197920.37,197.9204,72906.3,72.9063,2811.1005,10119.9617,2811.1005,1076.8994,2596.6466,-0.0,-9.81,9.81,15.6172,0.0,0.0,0.0,0.0,0.0,0.0,2000.0,7902285845.1,7902.2858
74.0,Prithvi_Class,MIDCOURSE,199216.24,199.2162,73444.75,73.4448,2806.5703,10103.653,2806.5703,1076.8994,2591.7416,-0.0,-9.81,9.81,15.5921,0.0,0.0,0.0,0.0,0.0,0.0,2000.0,7876836801.01,7876.8368
74.5,Prithvi_Class,MIDCOURSE,200509.66,200.5097,73983.2,73.9832,2802.0414,10087.349,2802.0414,1076.8994,2586.8366,-0.0,-9.81,9.81,15.5669,0.0,0.0,0.0,0.0,0.0,0.0,2000.0,7851435874.97,7851.4359
75.0,Prithvi_Class,MIDCOURSE,201800.62,201.8006,74521.65,74.5217,2797.5137,10071.0494,2797.5137,1076.8994,2581.9316,-0.0,-9.81,9.81,15.5417,0.0,0.0,0.0,0.0,0.0,0.0,2000.0,7826083066.99,7826.0831
75.5,Prithvi_Class,MIDCOURSE,203089.14,203.0891,75060.1,75.0601,2792.9874,10054.7545,2792.9874,1076.8994,2577.0266,-0.0,-9.81,9.81,15.5166,0.0,0.0,0.0,0.0,0.0,0.0,2000.0,7800778377.07,7800.7784
76.0,Prithvi_Class,MIDCOURSE,204375.2,204.3752,75598.55,75.5986,2788.4623,10038.4642,2788.4623,1076.8994,2572.1216,-0.0,-9.81,9.81,15.4915,0.0,0.0,0.0,0.0,0.0,0.0,2000.0,7775521805.19,7775.5218
76.5,Prithvi_Class,MIDCOURSE,205658.81,205.6588,76137.0,76.137,2783.9385,10022.1785,2783.9385,1076.8994,2567.2166,-0.0,-9.81,9.81,15.4663,0.0,0.0,0.0,0.0,0.0,0.0,2000.0,7750313351.37,7750.3134
77.0,Prithvi_Class,MIDCOURSE,206939.96,206.94,76675.45,76.6755,2779.4159,10005.8974,2779.4159,1076.8994,2562.3116,-0.0,-9.81,9.81,15.4412,0.0,0.0,0.0,0.0,0.0,0.0,2000.0,7725153015.6,7725.153
77.5,Prithvi_Class,MIDCOURSE,208218.67,208.2187,77213.9,77.2139,2774.8947,9989.6211,2774.8947,1076.8994,2557.4066,-0.0,-9.81,9.81,15.4161,0.0,0.0,0.0,0.0,0.0,0.0,2000.0,7700040797.88,7700.0408
78.0,Prithvi_Class,MIDCOURSE,209494.92,209.4949,77752.35,77.7524,2770.3748,9973.3494,2770.3748,1076.8994,2552.5016,-0.0,-9.81,9.81,15.391,0.0,0.0,0.0,0.0,0.0,0.0,2000.0,7674976698.22,7674.9767
78.5,Prithvi_Class,MIDCOURSE,210768.72,210.7687,78290.8,78.2908,2765.8562,9957.0824,2765.8562,1076.8994,2547.5966,-0.0,-9.81,9.81,15.3659,0.0,0.0,0.0,0.0,0.0,0.0,2000.0,7649960716.6,7649.9607
79.0,Prithvi_Class,MIDCOURSE,212040.06,212.0401,78829.25,78.8293,2761.339,9940.8203,2761.339,1076.8994,2542.6916,-0.0,-9.81,9.81,15.3408,0.0,0.0,0.0,0.0,0.0,0.0,2000.0,7624992853.04,7624.9929
79.5,Prithvi_Class,MIDCOURSE,213308.95,213.309,79367.7,79.3677,2756.823,9924.5628,2756.823,1076.8994,2537.7866,-0.0,-9.81,9.81,15.3157,0.0,0.0,0.0,0.0,0.0,0.0,2000.0,7600073107.53,7600.0731
80.0,Prithvi_Class,MIDCOURSE,214575.39,214.5754,79906.15,79.9062,2752.3084,9908.3102,2752.3084,1076.8994,2532.8816,-0.0,-9.81,9.81,15.2906,0.0,0.0,0.0,0.0,0.0,0.0,2000.0,7575201480.07,7575.2015
80.5,Prithvi_Class,MIDCOURSE,215839.38,215.8394,80444.6,80.4446,2747.7951,9892.0624,2747.7951,1076.8994,2527.9766,-0.0,-9.81,9.81,15.2655,0.0,0.0,0.0,0.0,0.0,0.0,2000.0,7550377970.65,7550.378
81.0,Prithvi_Class,MIDCOURSE,217100.92,217.1009,80983.05,80.983,2743.2832,9875.8194,2743.2832,1076.8994,2523.0716,-0.0,-9.81,9.81,15.2405,0.0,0.0,0.0,0.0,0.0,0.0,2000.0,7525602579.29,7525.6026
81.5,Prithvi_Class,MIDCOURSE,218360.0,218.36,81521.5,81.5215,2738.7726,9859.5813,2738.7726,1076.8994,2518.1666,-0.0,-9.81,9.81,15.2154,0.0,0.0,0.0,0.0,0.0,0.0,2000.0,7500875305.98,7500.8753
82.0,Prithvi_Class,MIDCOURSE,219616.63,219.6166,82059.95,82.0599,2734.2634,9843.3481,2734.2634,1076.8994,2513.2616,-0.0,-9.81,9.81,15.1904,0.0,0.0,0.0,0.0,0.0,0.0,2000.0,7476196150.72,7476.1962
82.5,Prithvi_Class,MIDCOURSE,220870.81,220.8708,82598.4,82.5984,2729.7555,9827.1198,2729.7555,1076.8994,2508.3566,-0.0,-9.81,9.81,15.1653,0.0,0.0,0.0,0.0,0.0,0.0,2000.0,7451565113.52,7451.5651
83.0,Prithvi_Class,MIDCOURSE,222122.54,222.1225,83136.85,83.1368,2725.249,9810.8965,2725.249,1076.8994,2503.4516,-0.0,-9.81,9.81,15.1403,0.0,0.0,0.0,0.0,0.0,0.0,2000.0,7426982194.36,7426.9822
83.5,Prithvi_Class,MIDCOURSE,223371.81,223.3718,83675.3,83.6753,2720.7439,9794.6781,2720.7439,1076.8994,2498.5466,-0.0,-9.81,9.81,15.1152,0.0,0.0,0.0,0.0,0.0,0.0,2000.0,7402447393.25,7402.4474
84.0,Prithvi_Class,MIDCOURSE,224618.63,224.6186,84213.75,84.2137,2716.2402,9778.4646,2716.2402,1076.8994,2493.6416,-0.0,-9.81,9.81,15.0902,0.0,0.0,0.0,0.0,0.0,0.0,2000.0,7377960710.19,7377.9607
84.5,Prithvi_Class,MIDCOURSE,225863.0,225.863,84752.2,84.7522,2711.7378,9762.2562,2711.7378,1076.8994,2488.7366,-0.0,-9.81,9.81,15.0652,0.0,0.0,0.0,0.0,0.0,0.0,2000.0,7353522145.18,7353.5221
85.0,Prithvi_Class,MIDCOURSE,227104.92,227.1049,85290.65,85.2906,2707.2369,9746.0529,2707.2369,1076.8994,2483.8316,-0.0,-9.81,9.81,15.0402,0.0,0.0,0.0,0.0,0.0,0.0,2000.0,7329131698.22,7329.1317
85.5,Prithvi_Class,MIDCOURSE,228344.38,228.3444,85829.1,85.8291,2702.7374,9729.8546,2702.7374,1076.8994,2478.9266,-0.0,-9.81,9.81,15.0152,0.0,0.0,0.0,0.0,0.0,0.0,2000.0,7304789369.31,7304.7894
86.0,Prithvi_Class,MIDCOURSE,229581.39,229.5814,86367.55,86.3675,2698.2393,9713.6614,2698.2393,1076.8994,2474.0216,-0.0,-9.81,9.81,14.9902,0.0,0.0,0.0,0.0,0.0,0.0,2000.0,7280495158.46,7280.4952
86.5,Prithvi_Class,MIDCOURSE,230815.95,230.8159,86906.0,86.906,2693.7426,9697.4733,2693.7426,1076.8994,2469.1166,-0.0,-9.81,9.81,14.9652,0.0,0.0,0.0,0.0,0.0,0.0,2000.0,7256249065.65,7256.2491
87.0,Prithvi_Class,MIDCOURSE,232048.05,232.0481,87444.45,87.4444,2689.2473,9681.2903,2689.2473,1076.8994,2464.2116,-0.0,-9.81,9.81,14.9403,0.0,0.0,0.0,0.0,0.0,0.0,2000.0,7232051090.89,7232.0511
87.5,Prithvi_Class,MIDCOURSE,233277.71,233.2777,87982.9,87.9829,2684.7535,9665.1125,2684.7535,1076.8994,2459.3066,-0.0,-9.81,9.81,14.9153,0.0,0.0,0.0,0.0,0.0,0.0,2000.0,7207901234.18,7207.9012
88.0,Prithvi_Class,MIDCOURSE,234504.91,234.5049,88521.35,88.5213,2680.2611,9648.9399,2680.2611,1076.8994,2454.4016,-0.0,-9.81,9.81,14.8903,0.0,0.0,0.0,0.0,0.0,0.0,2000.0,7183799495.53,7183.7995
88.5,Prithvi_Class,MIDCOURSE,235729.66,235.7297,89059.8,89.0598,2675.7701,9632.7725,2675.7701,1076.8994,2449.4966,-0.0,-9.81,9.81,14.8654,0.0,0.0,0.0,0.0,0.0,0.0,2000.0,7159745874.92,7159.7459
89.0,Prithvi_Class,MIDCOURSE,236951.95,236.952,89598.25,89.5982,2671.2807,9616.6104,2671.2807,1076.8994,2444.5916,-0.0,-9.81,9.81,14.8404,0.0,0.0,0.0,0.0,0.0,0.0,2000.0,7135740372.36,7135.7404
89.5,Prithvi_Class,MIDCOURSE,238171.8,238.1718,90136.69,90.1367,2666.7926,9600.4535,2666.7926,1076.8994,2439.6866,-0.0,-9.81,9.81,14.8155,0.0,0.0,0.0,0.0,0.0,0.0,2000.0,7111782987.85,7111.783
90.0,Prithvi_Class,MIDCOURSE,239389.19,239.3892,90675.14,90.6751,2662.3061,9584.3019,2662.3061,1076.8994,2434.7816,-0.0,-9.81,9.81,14.7906,0.0,0.0,0.0,0.0,0.0,0.0,2000.0,7087873721.4,7087.8737
90.5,Prithvi_Class,MIDCOURSE,240604.12,240.6041,91213.59,91.2136,2657.821,9568.1557,2657.821,1076.8994,2429.8766,-0.0,-9.81,9.81,14.7657,0.0,0.0,0.0,0.0,0.0,0.0,2000.0,7064012572.99,7064.0126
91.0,Prithvi_Class,MIDCOURSE,241816.61,241.8166,91752.04,91.752,2653.3374,9552.0148,2653.3374,1076.8994,2424.9716,-0.0,-9.81,9.81,14.7408,0.0,0.0,0.0,0.0,0.0,0.0,2000.0,7040199542.63,7040.1995
91.5,Prithvi_Class,MIDCOURSE,243026.64,243.0266,92290.49,92.2905,2648.8553,9535.8792,2648.8553,1076.8994,2420.0666,-0.0,-9.81,9.81,14.7159,0.0,0.0,0.0,0.0,0.0,0.0,2000.0,7016434630.33,7016.4346
92.0,Prithvi_Class,MIDCOURSE,244234.22,244.2342,92828.94,92.8289,2644.3748,9519.7491,2644.3748,1076.8994,2415.1616,-0.0,-9.81,9.81,14.691,0.0,0.0,0.0,0.0,0.0,0.0,2000.0,6992717836.07,6992.7178
92.5,Prithvi_Class,MIDCOURSE,245439.35,245.4394,93367.39,93.3674,2639.8957,9503.6244,2639.8957,1076.8994,2410.2566,-0.0,-9.81,9.81,14.6661,0.0,0.0,0.0,0.0,0.0,0.0,2000.0,6969049159.86,6969.0492
93.0,Prithvi_Class,MIDCOURSE,246642.03,246.642,93905.84,93.9058,2635.4181,9487.5052,2635.4181,1076.8994,2405.3516,-0.0,-9.81,9.81,14.6412,0.0,0.0,0.0,0.0,0.0,0.0,2000.0,6945428601.7,6945.4286
93.5,Prithvi_Class,MIDCOURSE,247842.25,247.8423,94444.29,94.4443,2630.9421,9471.3914,2630.9421,1076.8994,2400.4466,-0.0,-9.81,9.81,14.6163,0.0,0.0,0.0,0.0,0.0,0.0,2000.0,6921856161.6,6921.8562
94.0,Prithvi_Class,MIDCOURSE,249040.02,249.04,94982.74,94.9827,2626.4676,9455.2832,2626.4676,1076.8994,2395.5416,-0.0,-9.81,9.81,14.5915,0.0,0.0,0.0,0.0,0.0,0.0,2000.0,6898331839.54,6898.3318
94.5,Prithvi_Class,MIDCOURSE,250235.34,250.2353,95521.19,95.5212,2621.9946,9439.1805,2621.9946,1076.8994,2390.6366,-0.0,-9.81,9.81,14.5666,0.0,0.0,0.0,0.0,0.0,0.0,2000.0,6874855635.53,6874.8556
95.0,Prithvi_Class,MIDCOURSE,251428.21,251.4282,96059.64,96.0596,2617.5232,9423.0834,2617.5232,1076.8994,2385.7316,-0.0,-9.81,9.81,14.5418,0.0,0.0,0.0,0.0,0.0,0.0,2000.0,6851427549.57,6851.4275
95.5,Prithvi_Class,MIDCOURSE,252618.62,252.6186,96598.09,96.5981,2613.0533,9406.9919,2613.0533,1076.8994,2380.8266,-0.0,-9.81,9.81,14.517,0.0,0.0,0.0,0.0,0.0,0.0,2000.0,6828047581.67,6828.0476
96.0,Prithvi_Class,MIDCOURSE,253806.58,253.8066,97136.54,97.1365,2608.585,9390.906,2608.585,1076.8994,2375.9216,-0.0,-9.81,9.81,14.4921,0.0,0.0,0.0,0.0,0.0,0.0,2000.0,6804715731.81,6804.7157
96.5,Prithvi_Class,MIDCOURSE,254992.09,254.9921,97674.99,97.675,2604.1183,9374.8258,2604.1183,1076.8994,2371.0166,-0.0,-9.81,9.81,14.4673,0.0,0.0,0.0,0.0,0.0,0.0,2000.0,6781432000.0,6781.432
97.0,Prithvi_Class,MIDCOURSE,256175.14,256.1751,98213.44,98.2134,2599.6531,9358.7513,2599.6531,1076.8994,2366.1116,-0.0,-9.81,9.81,14.4425,0.0,0.0,0.0,0.0,0.0,0.0,2000.0,6758196386.25,6758.1964
97.5,Prithvi_Class,MIDCOURSE,257355.75,257.3557,98751.89,98.7519,2595.1896,9342.6824,2595.1896,1076.8994,2361.2066,-0.0,-9.81,9.81,14.4177,0.0,0.0,0.0,0.0,0.0,0.0,2000.0,6735008890.54,6735.0089
98.0,Prithvi_Class,MIDCOURSE,258533.9,258.5339,99290.34,99.2903,2590.7276,9326.6194,2590.7276,1076.8994,2356.3016,-0.0,-9.81,9.81,14.3929,0.0,0.0,0.0,0.0,0.0,0.0,2000.0,6711869512.88,6711.8695
98.5,Prithvi_Class,MIDCOURSE,259709.6,259.7096,99828.79,99.8288,2586.2672,9310.5621,2586.2672,1076.8994,2351.3966,-0.0,-9.81,9.81,14.3682,0.0,0.0,0.0,0.0,0.0,0.0,2000.0,6688778253.28,6688.7783
99.0,Prithvi_Class,MIDCOURSE,260882.84,260.8828,100367.24,100.3672,2581.8085,9294.5106,2581.8085,1076.8994,2346.4916,-0.0,-9.81,9.81,14.3434,0.0,0.0,0.0,0.0,0.0,0.0,2000.0,6665735111.72,6665.7351
99.5,Prithvi_Class,MIDCOURSE,262053.64,262.0536,100905.69,100.9057,2577.3514,9278.4649,2577.3514,1076.8994,2341.5866,-0.0,-9.81,9.81,14.3186,0.0,0.0,0.0,0.0,0.0,0.0,2000.0,6642740088.21,6642.7401
100.0,Prithvi_Class,MIDCOURSE,263221.98,263.222,101444.14,101.4441,2572.8959,9262.4251,2572.8959,1076.8994,2336.6816,-0.0,-9.81,9.81,14.2939,0.0,0.0,0.0,0.0,0.0,0.0,2000.0,6619793182.75,6619.7932
100.5,Prithvi_Class,MIDCOURSE,264387.87,264.3879,101982.59,101.9826,2568.442,9246.3913,2568.442,1076.8994,2331.7766,-0.0,-9.81,9.81,14.2691,0.0,0.0,0.0,0.0,0.0,0.0,2000.0,6596894395.35,6596.8944
101.0,Prithvi_Class,MIDCOURSE,265551.3,265.5513,102521.04,102.521,2563.9898,9230.3633,2563.9898,1076.8994,2326.8716,-0.0,-9.81,9.81,14.2444,0.0,0.0,0.0,0.0,0.0,0.0,2000.0,6574043725.99,6574.0437
101.5,Prithvi_Class,MIDCOURSE,266712.28,266.7123,103059.49,103.0595,2559.5393,9214.3413,2559.5393,1076.8994,2321.9666,-0.0,-9.81,9.81,14.2197,0.0,0.0,0.0,0.0,0.0,0.0,2000.0,6551241174.68,6551.2412
102.0,Prithvi_Class,MIDCOURSE,267870.82,267.8708,103597.94,103.5979,2555.0904,9198.3253,2555.0904,1076.8994,2317.0616,-0.0,-9.81,9.81,14.1949,0.0,0.0,0.0,0.0,0.0,0.0,2000.0,6528486741.43,6528.4867
102.5,Prithvi_Class,MIDCOURSE,269026.89,269.0269,104136.39,104.1364,2550.6431,9182.3153,2550.6431,1076.8994,2312.1566,-0.0,-9.81,9.81,14.1702,0.0,0.0,0.0,0.0,0.0,0.0,2000.0,6505780426.22,6505.7804
103.0,Prithvi_Class,MIDCOURSE,270180.52,270.1805,104674.84,104.6748,2546.1976,9166.3114,2546.1976,1076.8994,2307.2516,-0.0,-9.81,9.81,14.1455,0.0,0.0,0.0,0.0,0.0,0.0,2000.0,6483122229.06,6483.1222
103.5,Prithvi_Class,MIDCOURSE,271331.69,271.3317,105213.29,105.2133,2541.7538,9150.3135,2541.7538,1076.8994,2302.3466,-0.0,-9.81,9.81,14.1209,0.0,0.0,0.0,0.0,0.0,0.0,2000.0,6460512149.95,6460.5121
104.0,Prithvi_Class,MIDCOURSE,272480.41,272.4804,105751.74,105.7517,2537.3116,9134.3218,2537.3116,1076.8994,2297.4416,-0.0,-9.81,9.81,14.0962,0.0,0.0,0.0,0.0,0.0,0.0,2000.0,6437950188.9,6437.9502
104.5,Prithvi_Class,MIDCOURSE,273626.68,273.6267,106290.19,106.2902,2532.8712,9118.3362,2532.8712,1076.8994,2292.5366,-0.0,-9.81,9.81,14.0715,0.0,0.0,0.0,0.0,0.0,0.0,2000.0,6415436345.89,6415.4363
105.0,Prithvi_Class,MIDCOURSE,274770.5,274.7705,106828.64,106.8286,2528.4324,9102.3568,2528.4324,1076.8994,2287.6316,-0.0,-9.81,9.81,14.0468,0.0,0.0,0.0,0.0,0.0,0.0,2000.0,6392970620.93,6392.9706
105.5,Prithvi_Class,MIDCOURSE,275911.86,275.9119,107367.09,107.3671,2523.9954,9086.3836,2523.9954,1076.8994,2282.7266,-0.0,-9.81,9.81,14.0222,0.0,0.0,0.0,0.0,0.0,0.0,2000.0,6370553014.03,6370.553
106.0,Prithvi_Class,MIDCOURSE,277050.77,277.0508,107905.53,107.9055,2519.5602,9070.4167,2519.5602,1076.8994,2277.8216,-0.0,-9.81,9.81,13.9976,0.0,0.0,0.0,0.0,0.0,0.0,2000.0,6348183525.17,6348.1835
106.5,Prithvi_Class,MIDCOURSE,278187.23,278.1872,108443.98,108.444,2515.1267,9054.456,2515.1267,1076.8994,2272.9166,-0.0,-9.81,9.81,13.9729,0.0,0.0,0.0,0.0,0.0,0.0,2000.0,6325862154.36,6325.8622
107.0,Prithvi_Class,MIDCOURSE,279321.24,279.3212,108982.43,108.9824,2510.6949,9038.5017,2510.6949,1076.8994,2268.0116,-0.0,-9.81,9.81,13.9483,0.0,0.0,0.0,0.0,0.0,0.0,2000.0,6303588901.6,6303.5889
107.5,Prithvi_Class,MIDCOURSE,280452.79,280.4528,109520.88,109.5209,2506.2649,9022.5537,2506.2649,1076.8994,2263.1066,-0.0,-9.81,9.81,13.9237,0.0,0.0,0.0,0.0,0.0,0.0,2000.0,6281363766.9,6281.3638
108.0,Prithvi_Class,MIDCOURSE,281581.89,281.5819,110059.33,110.0593,2501.8367,9006.612,2501.8367,1076.8994,2258.2016,-0.0,-9.81,9.81,13.8991,0.0,0.0,0.0,0.0,0.0,0.0,2000.0,6259186750.24,6259.1868
108.5,Prithvi_Class,MIDCOURSE,282708.54,282.7085,110597.78,110.5978,2497.4102,8990.6768,2497.4102,1076.8994,2253.2966,-0.0,-9.81,9.81,13.8745,0.0,0.0,0.0,0.0,0.0,0.0,2000.0,6237057851.63,6237.0579
109.0,Prithvi_Class,MIDCOURSE,283832.73,283.8327,111136.23,111.1362,2492.9856,8974.7481,2492.9856,1076.8994,2248.3916,-0.0,-9.81,9.81,13.8499,0.0,0.0,0.0,0.0,0.0,0.0,2000.0,6214977071.08,6214.9771
109.5,Prithvi_Class,MIDCOURSE,284954.48,284.9545,111674.68,111.6747,2488.5627,8958.8258,2488.5627,1076.8994,2243.4866,-0.0,-9.81,9.81,13.8253,0.0,0.0,0.0,0.0,0.0,0.0,2000.0,6192944408.57,6192.9444
110.0,Prithvi_Class,MIDCOURSE,286073.77,286.0738,112213.13,112.2131,2484.1417,8942.91,2484.1417,1076.8994,2238.5816,-0.0,-9.81,9.81,13.8008,0.0,0.0,0.0,0.0,0.0,0.0,2000.0,6170959864.11,6170.9599
110.5,Prithvi_Class,MIDCOURSE,287190.61,287.1906,112751.58,112.7516,2479.7225,8927.0008,2479.7225,1076.8994,2233.6766,-0.0,-9.81,9.81,13.7762,0.0,0.0,0.0,0.0,0.0,0.0,2000.0,6149023437.71,6149.0234
111.0,Prithvi_Class,MIDCOURSE,288304.99,288.305,113290.03,113.29,2475.3051,8911.0982,2475.3051,1076.8994,2228.7716,-0.0,-9.81,9.81,13.7517,0.0,0.0,0.0,0.0,0.0,0.0,2000.0,6127135129.35,6127.1351
111.5,Prithvi_Class,MIDCOURSE,289416.93,289.4169,113828.48,113.8285,2470.8895,8895.2022,2470.8895,1076.8994,2223.8666,-0.0,-9.81,9.81,13.7272,0.0,0.0,0.0,0.0,0.0,0.0,2000.0,6105294939.04,6105.2949
112.0,Prithvi_Class,MIDCOURSE,290526.41,290.5264,114366.93,114.3669,2466.4758,8879.3129,2466.4758,1076.8994,2218.9616,-0.0,-9.81,9.81,13.7026,0.0,0.0,0.0,0.0,0.0,0.0,2000.0,6083502866.78,6083.5029
112.5,Prithvi_Class,MIDCOURSE,291633.43,291.6334,114905.38,114.9054,2462.064,8863.4302,2462.064,1076.8994,2214.0566,-0.0,-9.81,9.81,13.6781,0.0,0.0,0.0,0.0,0.0,0.0,2000.0,6061758912.58,6061.7589
113.0,Prithvi_Class,MIDCOURSE,292738.01,292.738,115443.83,115.4438,2457.654,8847.5543,2457.654,1076.8994,2209.1516,-0.0,-9.81,9.81,13.6536,0.0,0.0,0.0,0.0,0.0,0.0,2000.0,6040063076.42,6040.0631
113.5,Prithvi_Class,MIDCOURSE,293840.13,293.8401,115982.28,115.9823,2453.2459,8831.6852,2453.2459,1076.8994,2204.2466,-0.0,-9.81,9.81,13.6291,0.0,0.0,0.0,0.0,0.0,0.0,2000.0,6018415358.31,6018.4154
114.0,Prithvi_Class,MIDCOURSE,294939.8,294.9398,116520.73,116.5207,2448.8397,8815.8228,2448.8397,1076.8994,2199.3416,-0.0,-9.81,9.81,13.6047,0.0,0.0,0.0,0.0,0.0,0.0,2000.0,5996815758.26,5996.8158
114.5,Prithvi_Class,MIDCOURSE,296037.02,296.037,117059.18,117.0592,2444.4354,8799.9673,2444.4354,1076.8994,2194.4366,-0.0,-9.81,9.81,13.5802,0.0,0.0,0.0,0.0,0.0,0.0,2000.0,5975264276.25,5975.2643
115.0,Prithvi_Class,MIDCOURSE,297131.79,297.1318,117597.63,117.5976,2440.033,8784.1187,2440.033,1076.8994,2189.5316,-0.0,-9.81,9.81,13.5557,0.0,0.0,0.0,0.0,0.0,0.0,2000.0,5953760912.29,5953.7609
115.5,Prithvi_Class,MIDCOURSE,298224.1,298.2241,118136.08,118.1361,2435.6325,8768.277,2435.6325,1076.8994,2184.6266,-0.0,-9.81,9.81,13.5313,0.0,0.0,0.0,0.0,0.0,0.0,2000.0,5932305666.38,5932.3057
116.0,Prithvi_Class,MIDCOURSE,299313.96,299.314,118674.53,118.6745,2431.234,8752.4422,2431.234,1076.8994,2179.7216,-0.0,-9.81,9.81,13.5069,0.0,0.0,0.0,0.0,0.0,0.0,2000.0,5910898538.53,5910.8985
116.5,Prithvi_Class,MIDCOURSE,300401.37,300.4014,119212.98,119.213,2426.8374,8736.6145,2426.8374,1076.8994,2174.8166,-0.0,-9.81,9.81,13.4824,0.0,0.0,0.0,0.0,0.0,0.0,2000.0,5889539528.72,5889.5395
117.0,Prithvi_Class,MIDCOURSE,301486.33,301.4863,119751.43,119.7514,2422.4427,8720.7937,2422.4427,1076.8994,2169.9116,-0.0,-9.81,9.81,13.458,0.0,0.0,0.0,0.0,0.0,0.0,2000.0,5868228636.96,5868.2286
117.5,Prithvi_Class,MIDCOURSE,302568.83,302.5688,120289.88,120.2899,2418.05,8704.98,2418.05,1076.8994,2165.0066,-0.0,-9.81,9.81,13.4336,0.0,0.0,0.0,0.0,0.0,0.0,2000.0,5846965863.26,5846.9659
118.0,Prithvi_Class,MIDCOURSE,303648.88,303.6489,120828.33,120.8283,2413.6593,8689.1735,2413.6593,1076.8994,2160.1016,-0.0,-9.81,9.81,13.4092,0.0,0.0,0.0,0.0,0.0,0.0,2000.0,5825751207.6,5825.7512
118.5,Prithvi_Class,MIDCOURSE,304726.48,304.7265,121366.78,121.3668,2409.2706,8673.374,2409.2706,1076.8994,2155.1966,-0.0,-9.81,9.81,13.3848,0.0,0.0,0.0,0.0,0.0,0.0,2000.0,5804584669.99,5804.5847
119.0,Prithvi_Class,MIDCOURSE,305801.62,305.8016,121905.23,121.9052,2404.8838,8657.5818,2404.8838,1076.8994,2150.2916,-0.0,-9.81,9.81,13.3605,0.0,0.0,0.0,0.0,0.0,0.0,2000.0,5783466250.44,5783.4663
119.5,Prithvi_Class,MIDCOURSE,306874.32,306.8743,122443.68,122.4437,2400.4991,8641.7968,2400.4991,1076.8994,2145.3866,-0.0,-9.81,9.81,13.3361,0.0,0.0,0.0,0.0,0.0,0.0,2000.0,5762395948.93,5762.3959
120.0,Prithvi_Class,MIDCOURSE,307944.56,307.9446,122982.13,122.9821,2396.1164,8626.019,2396.1164,1076.8994,2140.4816,-0.0,-9.81,9.81,13.3118,0.0,0.0,0.0,0.0,0.0,0.0,2000.0,5741373765.47,5741.3738
120.5,Prithvi_Class,MIDCOURSE,309012.35,309.0123,123520.58,123.5206,2391.7357,8610.2486,2391.7357,1076.8994,2135.5766,-0.0,-9.81,9.81,13.2874,0.0,0.0,0.0,0.0,0.0,0.0,2000.0,5720399700.06,5720.3997
121.0,Prithvi_Class,MIDCOURSE,310077.68,310.0777,124059.03,124.059,2387.3571,8594.4854,2387.3571,1076.8994,2130.6716,-0.0,-9.81,9.81,13.2631,0.0,0.0,0.0,0.0,0.0,0.0,2000.0,5699473752.71,5699.4738
121.5,Prithvi_Class,MIDCOURSE,311140.57,311.1406,124597.48,124.5975,2382.9805,8578.7297,2382.9805,1076.8994,2125.7666,-0.0,-9.81,9.81,13.2388,0.0,0.0,0.0,0.0,0.0,0.0,2000.0,5678595923.4,5678.5959
122.0,Prithvi_Class,MIDCOURSE,312201.0,312.201,125135.93,125.1359,2378.6059,8562.9814,2378.6059,1076.8994,2120.8616,-0.0,-9.81,9.81,13.2145,0.0,0.0,0.0,0.0,0.0,0.0,2000.0,5657766212.14,5657.7662
122.5,Prithvi_Class,MIDCOURSE,313258.98,313.259,125674.37,125.6744,2374.2335,8547.2405,2374.2335,1076.8994,2115.9566,-0.0,-9.81,9.81,13.1902,0.0,0.0,0.0,0.0,0.0,0.0,2000.0,5636984618.94,5636.9846
123.0,Prithvi_Class,MIDCOURSE,314314.5,314.3145,126212.82,126.2128,2369.8631,8531.5072,2369.8631,1076.8994,2111.0516,-0.0,-9.81,9.81,13.1659,0.0,0.0,0.0,0.0,0.0,0.0,2000.0,5616251143.78,5616.2511
123.5,Prithvi_Class,MIDCOURSE,315367.57,315.3676,126751.27,126.7513,2365.4948,8515.7814,2365.4948,1076.8994,2106.1466,-0.0,-9.81,9.81,13.1416,0.0,0.0,0.0,0.0,0.0,0.0,2000.0,5595565786.67,5595.5658
124.0,Prithvi_Class,MIDCOURSE,316418.2,316.4182,127289.72,127.2897,2361.1287,8500.0632,2361.1287,1076.8994,2101.2416,-0.0,-9.81,9.81,13.1174,0.0,0.0,0.0,0.0,0.0,0.0,2000.0,5574928547.61,5574.9285
124.5,Prithvi_Class,MIDCOURSE,317466.36,317.4664,127828.17,127.8282,2356.7646,8484.3526,2356.7646,1076.8994,2096.3366,-0.0,-9.81,9.81,13.0931,0.0,0.0,0.0,0.0,0.0,0.0,2000.0,5554339426.61,5554.3394
125.0,Prithvi_Class,MIDCOURSE,318512.08,318.5121,128366.62,128.3666,2352.4027,8468.6497,2352.4027,1076.8994,2091.4316,-0.0,-9.81,9.81,13.0689,0.0,0.0,0.0,0.0,0.0,0.0,2000.0,5533798423.65,5533.7984
125.5,Prithvi_Class,MIDCOURSE,319555.34,319.5553,128905.07,128.9051,2348.0429,8452.9545,2348.0429,1076.8994,2086.5266,-0.0,-9.81,9.81,13.0447,0.0,0.0,0.0,0.0,0.0,0.0,2000.0,5513305538.74,5513.3055
126.0,Prithvi_Class,MIDCOURSE,320596.15,320.5962,129443.52,129.4435,2343.6853,8437.2671,2343.6853,1076.8994,2081.6216,-0.0,-9.81,9.81,13.0205,0.0,0.0,0.0,0.0,0.0,0.0,2000.0,5492860771.89,5492.8608
126.5,Prithvi_Class,MIDCOURSE,321634.51,321.6345,129981.97,129.982,2339.3298,8421.5874,2339.3298,1076.8994,2076.7166,-0.0,-9.81,9.81,12.9963,0.0,0.0,0.0,0.0,0.0,0.0,2000.0,5472464123.08,5472.4641
127.0,Prithvi_Class,MIDCOURSE,322670.42,322.6704,130520.42,130.5204,2334.9766,8405.9157,2334.9766,1076.8994,2071.8116,-0.0,-9.81,9.81,12.9721,0.0,0.0,0.0,0.0,0.0,0.0,2000.0,5452115592.32,5452.1156
127.5,Prithvi_Class,MIDCOURSE,323703.87,323.7039,131058.87,131.0589,2330.6255,8390.2518,2330.6255,1076.8994,2066.9066,-0.0,-9.81,9.81,12.9479,0.0,0.0,0.0,0.0,0.0,0.0,2000.0,5431815179.62,5431.8152
128.0,Prithvi_Class,MIDCOURSE,324734.87,324.7349,131597.32,131.5973,2326.2766,8374.5958,2326.2766,1076.8994,2062.0016,-0.0,-9.81,9.81,12.9238,0.0,0.0,0.0,0.0,0.0,0.0,2000.0,5411562884.96,5411.5629
128.5,Prithvi_Class,MIDCOURSE,325763.42,325.7634,132135.77,132.1358,2321.93,8358.9478,2321.93,1076.8994,2057.0966,-0.0,-9.81,9.81,12.8996,0.0,0.0,0.0,0.0,0.0,0.0,2000.0,5391358708.35,5391.3587
129.0,Prithvi_Class,MIDCOURSE,326789.52,326.7895,132674.22,132.6742,2317.5855,8343.3079,2317.5855,1076.8994,2052.1916,-0.0,-9.81,9.81,12.8755,0.0,0.0,0.0,0.0,0.0,0.0,2000.0,5371202649.79,5371.2026
129.5,Prithvi_Class,MIDCOURSE,327813.16,327.8132,133212.67,133.2127,2313.2433,8327.676,2313.2433,1076.8994,2047.2866,-0.0,-9.81,9.81,12.8514,0.0,0.0,0.0,0.0,0.0,0.0,2000.0,5351094709.29,5351.0947
130.0,Prithvi_Class,MIDCOURSE,328834.35,328.8343,133751.12,133.7511,2308.9034,8312.0522,2308.9034,1076.8994,2042.3816,-0.0,-9.81,9.81,12.8272,0.0,0.0,0.0,0.0,0.0,0.0,2000.0,5331034886.83,5331.0349
130.5,Prithvi_Class,MIDCOURSE,329853.09,329.8531,134289.57,134.2896,2304.5657,8296.4366,2304.5657,1076.8994,2037.4766,-0.0,-9.81,9.81,12.8031,0.0,0.0,0.0,0.0,0.0,0.0,2000.0,5311023182.42,5311.0232
131.0,Prithvi_Class,MIDCOURSE,330869.37,330.8694,134828.02,134.828,2300.2303,8280.8292,2300.2303,1076.8994,2032.5716,-0.0,-9.81,9.81,12.7791,0.0,0.0,0.0,0.0,0.0,0.0,2000.0,5291059596.07,5291.0596
131.5,Prithvi_Class,MIDCOURSE,331883.21,331.8832,135366.47,135.3665,2295.8972,8265.2301,2295.8972,1076.8994,2027.6666,-0.0,-9.81,9.81,12.755,0.0,0.0,0.0,0.0,0.0,0.0,2000.0,5271144127.76,5271.1441
132.0,Prithvi_Class,MIDCOURSE,332894.59,332.8946,135904.92,135.9049,2291.5664,8249.6392,2291.5664,1076.8994,2022.7616,-0.0,-9.81,9.81,12.7309,0.0,0.0,0.0,0.0,0.0,0.0,2000.0,5251276777.5,5251.2768
132.5,Prithvi_Class,MIDCOURSE,333903.52,333.9035,136443.37,136.4434,2287.238,8234.0567,2287.238,1076.8994,2017.8566,-0.0,-9.81,9.81,12.7069,0.0,0.0,0.0,0.0,0.0,0.0,2000.0,5231457545.29,5231.4575
133.0,Prithvi_Class,MIDCOURSE,334909.99,334.91,136981.82,136.9818,2282.9118,8218.4826,2282.9118,1076.8994,2012.9516,-0.0,-9.81,9.81,12.6828,0.0,0.0,0.0,0.0,0.0,0.0,2000.0,5211686431.14,5211.6864
133.5,Prithvi_Class,MIDCOURSE,335914.02,335.914,137520.27,137.5203,2278.588,8202.9169,2278.588,1076.8994,2008.0466,-0.0,-9.81,9.81,12.6588,0.0,0.0,0.0,0.0,0.0,0.0,2000.0,5191963435.03,5191.9634
134.0,Prithvi_Class,MIDCOURSE,336915.59,336.9156,138058.72,138.0587,2274.2666,8187.3598,2274.2666,1076.8994,2003.1416,-0.0,-9.81,9.81,12.6348,0.0,0.0,0.0,0.0,0.0,0.0,2000.0,5172288556.97,5172.2886
134.5,Prithvi_Class,MIDCOURSE,337914.7,337.9147,138597.17,138.5972,2269.9475,8171.8111,2269.9475,1076.8994,1998.2366,-0.0,-9.81,9.81,12.6108,0.0,0.0,0.0,0.0,0.0,0.0,2000.0,5152661796.97,5152.6618
135.0,Prithvi_Class,MIDCOURSE,338911.37,338.9114,139135.62,139.1356,2265.6309,8156.2711,2265.6309,1076.8994,1993.3316,-0.0,-9.81,9.81,12.5868,0.0,0.0,0.0,0.0,0.0,0.0,2000.0,5133083155.01,5133.0832
135.5,Prithvi_Class,MIDCOURSE,339905.58,339.9056,139674.07,139.6741,2261.3166,8140.7397,2261.3166,1076.8994,1988.4266,-0.0,-9.81,9.81,12.5629,0.0,0.0,0.0,0.0,0.0,0.0,2000.0,5113552631.1,5113.5526
136.0,Prithvi_Class,MIDCOURSE,340897.34,340.8973,140212.52,140.2125,2257.0047,8125.2169,2257.0047,1076.8994,1983.5216,-0.0,-9.81,9.81,12.5389,0.0,0.0,0.0,0.0,0.0,0.0,2000.0,5094070225.24,5094.0702
136.5,Prithvi_Class,MIDCOURSE,341886.65,341.8867,140750.97,140.751,2252.6953,8109.7029,2252.6953,1076.8994,1978.6166,-0.0,-9.81,9.81,12.515,0.0,0.0,0.0,0.0,0.0,0.0,2000.0,5074635937.44,5074.6359
137.0,Prithvi_Class,MIDCOURSE,342873.51,342.8735,141289.42,141.2894,2248.3883,8094.1977,2248.3883,1076.8994,1973.7116,-0.0,-9.81,9.81,12.491,0.0,0.0,0.0,0.0,0.0,0.0,2000.0,5055249767.68,5055.2498
137.5,Prithvi_Class,MIDCOURSE,343857.91,343.8579,141827.87,141.8279,2244.0837,8078.7014,2244.0837,1076.8994,1968.8066,-0.0,-9.81,9.81,12.4671,0.0,0.0,0.0,0.0,0.0,0.0,2000.0,5035911715.97,5035.9117
138.0,Prithvi_Class,MIDCOURSE,344839.86,344.8399,142366.32,142.3663,2239.7816,8063.2139,2239.7816,1076.8994,1963.9016,-0.0,-9.81,9.81,12.4432,0.0,0.0,0.0,0.0,0.0,0.0,2000.0,5016621782.32,5016.6218
138.5,Prithvi_Class,MIDCOURSE,345819.36,345.8194,142904.77,142.9048,2235.482,8047.7354,2235.482,1076.8994,1958.9966,-0.0,-9.81,9.81,12.4193,0.0,0.0,0.0,0.0,0.0,0.0,2000.0,4997379966.71,4997.38
139.0,Prithvi_Class,MIDCOURSE,346796.41,346.7964,143443.21,143.4432,2231.1849,8032.2658,2231.1849,1076.8994,1954.0916,-0.0,-9.81,9.81,12.3955,0.0,0.0,0.0,0.0,0.0,0.0,2000.0,4978186269.15,4978.1863
139.5,Prithvi_Class,MIDCOURSE,347771.0,347.771,143981.66,143.9817,2226.8904,8016.8053,2226.8904,1076.8994,1949.1866,-0.0,-9.81,9.81,12.3716,0.0,0.0,0.0,0.0,0.0,0.0,2000.0,4959040689.65,4959.0407
140.0,Prithvi_Class,MIDCOURSE,348743.14,348.7431,144520.11,144.5201,2222.5983,8001.3539,2222.5983,1076.8994,1944.2816,-0.0,-9.81,9.81,12.3478,0.0,0.0,0.0,0.0,0.0,0.0,2000.0,4939943228.19,4939.9432
140.5,Prithvi_Class,MIDCOURSE,349712.83,349.7128,145058.56,145.0586,2218.3088,7985.9116,2218.3088,1076.8994,1939.3766,-0.0,-9.81,9.81,12.3239,0.0,0.0,0.0,0.0,0.0,0.0,2000.0,4920893884.78,4920.8939
141.0,Prithvi_Class,MIDCOURSE,350680.06,350.6801,145597.01,145.597,2214.0218,7970.4786,2214.0218,1076.8994,1934.4716,-0.0,-9.81,9.81,12.3001,0.0,0.0,0.0,0.0,0.0,0.0,2000.0,4901892659.42,4901.8927
141.5,Prithvi_Class,MIDCOURSE,351644.85,351.6448,146135.46,146.1355,2209.7374,7955.0548,2209.7374,1076.8994,1929.5666,-0.0,-9.81,9.81,12.2763,0.0,0.0,0.0,0.0,0.0,0.0,2000.0,4882939552.12,4882.9396
142.0,Prithvi_Class,MIDCOURSE,352607.18,352.6072,146673.91,146.6739,2205.4556,7939.6403,2205.4556,1076.8994,1924.6616,-0.0,-9.81,9.81,12.2525,0.0,0.0,0.0,0.0,0.0,0.0,2000.0,4864034562.86,4864.0346
142.5,Prithvi_Class,MIDCOURSE,353567.06,353.5671,147212.36,147.2124,2201.1764,7924.2352,2201.1764,1076.8994,1919.7566,-0.0,-9.81,9.81,12.2288,0.0,0.0,0.0,0.0,0.0,0.0,2000.0,4845177691.65,4845.1777
143.0,Prithvi_Class,MIDCOURSE,354524.48,354.5245,147750.81,147.7508,2196.8998,7908.8394,2196.8998,1076.8994,1914.8516,-0.0,-9.81,9.81,12.205,0.0,0.0,0.0,0.0,0.0,0.0,2000.0,4826368938.5,4826.3689
143.5,Prithvi_Class,MIDCOURSE,355479.46,355.4795,148289.26,148.2893,2192.6259,7893.4532,2192.6259,1076.8994,1909.9466,-0.0,-9.81,9.81,12.1813,0.0,0.0,0.0,0.0,0.0,0.0,2000.0,4807608303.39,4807.6083
144.0,Prithvi_Class,MIDCOURSE,356431.98,356.432,148827.71,148.8277,2188.3546,7878.0765,2188.3546,1076.8994,1905.0416,-0.0,-9.81,9.81,12.1575,0.0,0.0,0.0,0.0,0.0,0.0,2000.0,4788895786.33,4788.8958
144.5,Prithvi_Class,MIDCOURSE,357382.05,357.382,149366.16,149.3662,2184.0859,7862.7094,2184.0859,1076.8994,1900.1366,-0.0,-9.81,9.81,12.1338,0.0,0.0,0.0,0.0,0.0,0.0,2000.0,4770231387.32,4770.2314
145.0,Prithvi_Class,MIDCOURSE,358329.66,358.3297,149904.61,149.9046,2179.82,7847.3519,2179.82,1076.8994,1895.2316,-0.0,-9.81,9.81,12.1101,0.0,0.0,0.0,0.0,0.0,0.0,2000.0,4751615106.37,4751.6151
145.5,Prithvi_Class,MIDCOURSE,359274.82,359.2748,150443.06,150.4431,2175.5567,7832.0041,2175.5567,1076.8994,1890.3266,-0.0,-9.81,9.81,12.0864,0.0,0.0,0.0,0.0,0.0,0.0,2000.0,4733046943.46,4733.0469
146.0,Prithvi_Class,MIDCOURSE,360217.54,360.2175,150981.51,150.9815,2171.2961,7816.6661,2171.2961,1076.8994,1885.4216,-0.0,-9.81,9.81,12.0628,0.0,0.0,0.0,0.0,0.0,0.0,2000.0,4714526898.6,4714.5269
146.5,Prithvi_Class,MIDCOURSE,361157.79,361.1578,151519.96,151.52,2167.0383,7801.3379,2167.0383,1076.8994,1880.5166,-0.0,-9.81,9.81,12.0391,0.0,0.0,0.0,0.0,0.0,0.0,2000.0,4696054971.8,4696.055
147.0,Prithvi_Class,MIDCOURSE,362095.6,362.0956,152058.41,152.0584,2162.7832,7786.0195,2162.7832,1076.8994,1875.6116,-0.0,-9.81,9.81,12.0155,0.0,0.0,0.0,0.0,0.0,0.0,2000.0,4677631163.04,4677.6312
147.5,Prithvi_Class,MIDCOURSE,363030.95,363.031,152596.86,152.5969,2158.5309,7770.7111,2158.5309,1076.8994,1870.7066,-0.0,-9.81,9.81,11.9918,0.0,0.0,0.0,0.0,0.0,0.0,2000.0,4659255472.33,4659.2555
148.0,Prithvi_Class,MIDCOURSE,363963.85,363.9639,153135.31,153.1353,2154.2813,7755.4127,2154.2813,1076.8994,1865.8016,-0.0,-9.81,9.81,11.9682,0.0,0.0,0.0,0.0,0.0,0.0,2000.0,4640927899.68,4640.9279
148.5,Prithvi_Class,MIDCOURSE,364894.3,364.8943,153673.76,153.6738,2150.0345,7740.1243,2150.0345,1076.8994,1860.8966,-0.0,-9.81,9.81,11.9446,0.0,0.0,0.0,0.0,0.0,0.0,2000.0,4622648445.07,4622.6484
149.0,Prithvi_Class,MIDCOURSE,365822.3,365.8223,154212.21,154.2122,2145.7906,7724.846,2145.7906,1076.8994,1855.9916,-0.0,-9.81,9.81,11.9211,0.0,0.0,0.0,0.0,0.0,0.0,2000.0,4604417108.51,4604.4171
149.5,Prithvi_Class,MIDCOURSE,366747.84,366.7478,154750.66,154.7507,2141.5494,7709.5779,2141.5494,1076.8994,1851.0866,-0.0,-9.81,9.81,11.8975,0.0,0.0,0.0,0.0,0.0,0.0,2000.0,4586233890.0,4586.2339
150.0,Prithvi_Class,MIDCOURSE,367670.93,367.6709,155289.11,155.2891,2137.3111,7694.32,2137.3111,1076.8994,1846.1816,-0.0,-9.81,9.81,11.874,0.0,0.0,0.0,0.0,0.0,0.0,2000.0,4568098789.55,4568.0988
150.5,Prithvi_Class,MIDCOURSE,368591.57,368.5916,155827.56,155.8276,2133.0757,7679.0724,2133.0757,1076.8994,1841.2766,-0.0,-9.81,9.81,11.8504,0.0,0.0,0.0,0.0,0.0,0.0,2000.0,4550011807.14,4550.0118
151.0,Prithvi_Class,MIDCOURSE,369509.76,369.5098,156366.01,156.366,2128.8431,7663.8352,2128.8431,1076.8994,1836.3716,-0.0,-9.81,9.81,11.8269,0.0,0.0,0.0,0.0,0.0,0.0,2000.0,4531972942.78,4531.9729
151.5,Prithvi_Class,MIDCOURSE,370425.49,370.4255,156904.46,156.9045,2124.6134,7648.6083,2124.6134,1076.8994,1831.4666,-0.0,-9.81,9.81,11.8034,0.0,0.0,0.0,0.0,0.0,0.0,2000.0,4513982196.48,4513.9822
152.0,Prithvi_Class,MIDCOURSE,371338.77,371.3388,157442.91,157.4429,2120.3867,7633.392,2120.3867,1076.8994,1826.5616,-0.0,-9.81,9.81,11.7799,0.0,0.0,0.0,0.0,0.0,0.0,2000.0,4496039568.22,4496.0396
152.5,Prithvi_Class,MIDCOURSE,372249.6,372.2496,157981.36,157.9814,2116.1628,7618.1861,2116.1628,1076.8994,1821.6566,-0.0,-9.81,9.81,11.7565,0.0,0.0,0.0,0.0,0.0,0.0,2000.0,4478145058.01,4478.1451
153.0,Prithvi_Class,MIDCOURSE,373157.97,373.158,158519.81,158.5198,2111.9419,7602.9909,2111.9419,1076.8994,1816.7516,-0.0,-9.81,9.81,11.733,0.0,0.0,0.0,0.0,0.0,0.0,2000.0,4460298665.85,4460.2987
153.5,Prithvi_Class,MIDCOURSE,374063.9,374.0639,159058.26,159.0583,2107.724,7587.8063,2107.724,1076.8994,1811.8466,-0.0,-9.81,9.81,11.7096,0.0,0.0,0.0,0.0,0.0,0.0,2000.0,4442500391.75,4442.5004
154.0,Prithvi_Class,MIDCOURSE,374967.37,374.9674,159596.71,159.5967,2103.509,7572.6325,2103.509,1076.8994,1806.9416,-0.0,-9.81,9.81,11.6862,0.0,0.0,0.0,0.0,0.0,0.0,2000.0,4424750235.69,4424.7502
154.5,Prithvi_Class,MIDCOURSE,375868.39,375.8684,160135.16,160.1352,2099.2971,7557.4695,2099.2971,1076.8994,1802.0366,-0.0,-9.81,9.81,11.6628,0.0,0.0,0.0,0.0,0.0,0.0,2000.0,4407048197.68,4407.0482
155.0,Prithvi_Class,MIDCOURSE,376766.95,376.767,160673.61,160.6736,2095.0881,7542.3173,2095.0881,1076.8994,1797.1316,-0.0,-9.81,9.81,11.6394,0.0,0.0,0.0,0.0,0.0,0.0,2000.0,4389394277.73,4389.3943
155.5,Prithvi_Class,MIDCOURSE,377663.07,377.6631,161212.05,161.2121,2090.8822,7527.176,2090.8822,1076.8994,1792.2266,-0.0,-9.81,9.81,11.616,0.0,0.0,0.0,0.0,0.0,0.0,2000.0,4371788475.82,4371.7885
156.0,Prithvi_Class,MIDCOURSE,378556.73,378.5567,161750.5,161.7505,2086.6794,7512.0457,2086.6794,1076.8994,1787.3216,-0.0,-9.81,9.81,11.5927,0.0,0.0,0.0,0.0,0.0,0.0,2000.0,4354230791.96,4354.2308
156.5,Prithvi_Class,MIDCOURSE,379447.93,379.4479,162288.95,162.289,2082.4796,7496.9265,2082.4796,1076.8994,1782.4166,-0.0,-9.81,9.81,11.5693,0.0,0.0,0.0,0.0,0.0,0.0,2000.0,4336721226.16,4336.7212
157.0,Prithvi_Class,MIDCOURSE,380336.69,380.3367,162827.4,162.8274,2078.2829,7481.8184,2078.2829,1076.8994,1777.5116,-0.0,-9.81,9.81,11.546,0.0,0.0,0.0,0.0,0.0,0.0,2000.0,4319259778.4,4319.2598
157.5,Prithvi_Class,MIDCOURSE,381222.99,381.223,163365.85,163.3659,2074.0893,7466.7215,2074.0893,1076.8994,1772.6066,-0.0,-9.81,9.81,11.5227,0.0,0.0,0.0,0.0,0.0,0.0,2000.0,4301846448.69,4301.8464
158.0,Prithvi_Class,MIDCOURSE,382106.84,382.1068,163904.3,163.9043,2069.8988,7451.6358,2069.8988,1076.8994,1767.7016,-0.0,-9.81,9.81,11.4994,0.0,0.0,0.0,0.0,0.0,0.0,2000.0,4284481237.03,4284.4812
158.5,Prithvi_Class,MIDCOURSE,382988.24,382.9882,164442.75,164.4428,2065.7115,7436.5615,2065.7115,1076.8994,1762.7966,-0.0,-9.81,9.81,11.4762,0.0,0.0,0.0,0.0,0.0,0.0,2000.0,4267164143.43,4267.1641
159.0,Prithvi_Class,MIDCOURSE,383867.19,383.8672,164981.2,164.9812,2061.5274,7421.4986,2061.5274,1076.8994,1757.8916,-0.0,-9.81,9.81,11.4529,0.0,0.0,0.0,0.0,0.0,0.0,2000.0,4249895167.87,4249.8952
159.5,Prithvi_Class,MIDCOURSE,384743.68,384.7437,165519.65,165.5197,2057.3464,7406.4471,2057.3464,1076.8994,1752.9866,-0.0,-9.81,9.81,11.4297,0.0,0.0,0.0,0.0,0.0,0.0,2000.0,4232674310.36,4232.6743
160.0,Prithvi_Class,MIDCOURSE,385617.72,385.6177,166058.1,166.0581,2053.1687,7391.4072,2053.1687,1076.8994,1748.0816,-0.0,-9.81,9.81,11.4065,0.0,0.0,0.0,0.0,0.0,0.0,2000.0,4215501570.91,4215.5016
160.5,Prithvi_Class,MIDCOURSE,386489.31,386.4893,166596.55,166.5966,2048.9941,7376.3789,2048.9941,1076.8994,1743.1766,-0.0,-9.81,9.81,11.3833,0.0,0.0,0.0,0.0,0.0,0.0,2000.0,4198376949.5,4198.3769
161.0,Prithvi_Class,MIDCOURSE,387358.45,387.3584,167135.0,167.135,2044.8228,7361.3622,2044.8228,1076.8994,1738.2716,-0.0,-9.81,9.81,11.3601,0.0,0.0,0.0,0.0,0.0,0.0,2000.0,4181300446.14,4181.3004
161.5,Prithvi_Class,MIDCOURSE,388225.13,388.2251,167673.45,167.6735,2040.6548,7346.3573,2040.6548,1076.8994,1733.3666,-0.0,-9.81,9.81,11.337,0.0,0.0,0.0,0.0,0.0,0.0,2000.0,4164272060.83,4164.2721
162.0,Prithvi_Class,MIDCOURSE,389089.36,389.0894,168211.9,168.2119,2036.4901,7331.3642,2036.4901,1076.8994,1728.4616,-0.0,-9.81,9.81,11.3138,0.0,0.0,0.0,0.0,0.0,0.0,2000.0,4147291793.58,4147.2918
162.5,Prithvi_Class,MIDCOURSE,389951.14,389.9511,168750.35,168.7504,2032.3286,7316.3831,2032.3286,1076.8994,1723.5566,-0.0,-9.81,9.81,11.2907,0.0,0.0,0.0,0.0,0.0,0.0,2000.0,4130359644.37,4130.3596
163.0,Prithvi_Class,MIDCOURSE,390810.46,390.8105,169288.8,169.2888,2028.1705,7301.4138,2028.1705,1076.8994,1718.6516,-0.0,-9.81,9.81,11.2676,0.0,0.0,0.0,0.0,0.0,0.0,2000.0,4113475613.21,4113.4756
163.5,Prithvi_Class,MIDCOURSE,391667.34,391.6673,169827.25,169.8273,2024.0157,7286.4567,2024.0157,1076.8994,1713.7466,-0.0,-9.81,9.81,11.2445,0.0,0.0,0.0,0.0,0.0,0.0,2000.0,4096639700.11,4096.6397
164.0,Prithvi_Class,MIDCOURSE,392521.76,392.5218,170365.7,170.3657,2019.8643,7271.5116,2019.8643,1076.8994,1708.8416,-0.0,-9.81,9.81,11.2215,0.0,0.0,0.0,0.0,0.0,0.0,2000.0,4079851905.05,4079.8519
164.5,Prithvi_Class,MIDCOURSE,393373.73,393.3737,170904.15,170.9041,2015.7163,7256.5787,2015.7163,1076.8994,1703.9366,-0.0,-9.81,9.81,11.1984,0.0,0.0,0.0,0.0,0.0,0.0,2000.0,4063112228.04,4063.1122
165.0,Prithvi_Class,MIDCOURSE,394223.24,394.2232,171442.6,171.4426,2011.5717,7241.6581,2011.5717,1076.8994,1699.0316,-0.0,-9.81,9.81,11.1754,0.0,0.0,0.0,0.0,0.0,0.0,2000.0,4046420669.08,4046.4207
165.5,Prithvi_Class,MIDCOURSE,395070.31,395.0703,171981.05,171.981,2007.4305,7226.7498,2007.4305,1076.8994,1694.1266,-0.0,-9.81,9.81,11.1524,0.0,0.0,0.0,0.0,0.0,0.0,2000.0,4029777228.18,4029.7772
166.0,Prithvi_Class,MIDCOURSE,395914.92,395.9149,172519.5,172.5195,2003.2928,7211.854,2003.2928,1076.8994,1689.2216,-0.0,-9.81,9.81,11.1294,0.0,0.0,0.0,0.0,0.0,0.0,2000.0,4013181905.32,4013.1819
166.5,Prithvi_Class,MIDCOURSE,396757.08,396.7571,173057.95,173.0579,1999.1585,7196.9706,1999.1585,1076.8994,1684.3166,-0.0,-9.81,9.81,11.1064,0.0,0.0,0.0,0.0,0.0,0.0,2000.0,3996634700.51,3996.6347
167.0,Prithvi_Class,MIDCOURSE,397596.78,397.5968,173596.4,173.5964,1995.0277,7182.0998,1995.0277,1076.8994,1679.4116,-0.0,-9.81,9.81,11.0835,0.0,0.0,0.0,0.0,0.0,0.0,2000.0,3980135613.76,3980.1356
167.5,Prithvi_Class,MIDCOURSE,398434.03,398.434,174134.85,174.1348,1990.9005,7167.2417,1990.9005,1076.8994,1674.5066,-0.0,-9.81,9.81,11.0606,0.0,0.0,0.0,0.0,0.0,0.0,2000.0,3963684645.05,3963.6846
168.0,Prithvi_Class,MIDCOURSE,399268.84,399.2688,174673.3,174.6733,1986.7767,7152.3962,1986.7767,1076.8994,1669.6016,-0.0,-9.81,9.81,11.0376,0.0,0.0,0.0,0.0,0.0,0.0,2000.0,3947281794.39,3947.2818
168.5,Prithvi_Class,MIDCOURSE,400101.18,400.1012,175211.75,175.2117,1982.6566,7137.5636,1982.6566,1076.8994,1664.6966,-0.0,-9.81,9.81,11.0148,0.0,0.0,0.0,0.0,0.0,0.0,2000.0,3930927061.79,3930.9271
169.0,Prithvi_Class,MIDCOURSE,400931.08,400.9311,175750.2,175.7502,1978.54,7122.7439,1978.54,1076.8994,1659.7916,-0.0,-9.81,9.81,10.9919,0.0,0.0,0.0,0.0,0.0,0.0,2000.0,3914620447.23,3914.6204
169.5,Prithvi_Class,MIDCOURSE,401758.52,401.7585,176288.65,176.2886,1974.427,7107.9372,1974.427,1076.8994,1654.8866,-0.0,-9.81,9.81,10.969,0.0,0.0,0.0,0.0,0.0,0.0,2000.0,3898361950.72,3898.362
170.0,Prithvi_Class,MIDCOURSE,402583.51,402.5835,176827.1,176.8271,1970.3176,7093.1435,1970.3176,1076.8994,1649.9816,-0.0,-9.81,9.81,10.9462,0.0,0.0,0.0,0.0,0.0,0.0,2000.0,3882151572.26,3882.1516
170.5,Prithvi_Class,MIDCOURSE,403406.05,403.4061,177365.55,177.3655,1966.2119,7078.3629,1966.2119,1076.8994,1645.0766,-0.0,-9.81,9.81,10.9234,0.0,0.0,0.0,0.0,0.0,0.0,2000.0,3865989311.86,3865.9893
171.0,Prithvi_Class,MIDCOURSE,404226.14,404.2261,177904.0,177.904,1962.1099,7063.5956,1962.1099,1076.8994,1640.1716,-0.0,-9.81,9.81,10.9006,0.0,0.0,0.0,0.0,0.0,0.0,2000.0,3849875169.5,3849.8752
171.5,Prithvi_Class,MIDCOURSE,405043.77,405.0438,178442.45,178.4424,1958.0115,7048.8415,1958.0115,1076.8994,1635.2666,-0.0,-9.81,9.81,10.8778,0.0,0.0,0.0,0.0,0.0,0.0,2000.0,3833809145.19,3833.8091
172.0,Prithvi_Class,MIDCOURSE,405858.95,405.859,178980.9,178.9809,1953.9169,7034.1008,1953.9169,1076.8994,1630.3616,-0.0,-9.81,9.81,10.8551,0.0,0.0,0.0,0.0,0.0,0.0,2000.0,3817791238.94,3817.7912
172.5,Prithvi_Class,MIDCOURSE,406671.68,406.6717,179519.34,179.5193,1949.826,7019.3736,1949.826,1076.8994,1625.4566,-0.0,-9.81,9.81,10.8324,0.0,0.0,0.0,0.0,0.0,0.0,2000.0,3801821450.73,3801.8215
173.0,Prithvi_Class,MIDCOURSE,407481.96,407.482,180057.79,180.0578,1945.7389,7004.66,1945.7389,1076.8994,1620.5516,-0.0,-9.81,9.81,10.8097,0.0,0.0,0.0,0.0,0.0,0.0,2000.0,3785899780.57,3785.8998
173.5,Prithvi_Class,MIDCOURSE,408289.78,408.2898,180596.24,180.5962,1941.6555,6989.9599,1941.6555,1076.8994,1615.6466,-0.0,-9.81,9.81,10.787,0.0,0.0,0.0,0.0,0.0,0.0,2000.0,3770026228.46,3770.0262
174.0,Prithvi_Class,MIDCOURSE,409095.15,409.0951,181134.69,181.1347,1937.576,6975.2736,1937.576,1076.8994,1610.7416,-0.0,-9.81,9.81,10.7643,0.0,0.0,0.0,0.0,0.0,0.0,2000.0,3754200794.41,3754.2008
174.5,Prithvi_Class,MIDCOURSE,409898.07,409.8981,181673.14,181.6731,1933.5003,6960.6011,1933.5003,1076.8994,1605.8366,-0.0,-9.81,9.81,10.7417,0.0,0.0,0.0,0.0,0.0,0.0,2000.0,3738423478.4,3738.4235
175.0,Prithvi_Class,MIDCOURSE,410698.53,410.6985,182211.59,182.2116,1929.4285,6945.9425,1929.4285,1076.8994,1600.9316,-0.0,-9.81,9.81,10.719,0.0,0.0,0.0,0.0,0.0,0.0,2000.0,3722694280.44,3722.6943
175.5,Prithvi_Class,MIDCOURSE,411496.55,411.4965,182750.04,182.75,1925.3605,6931.2979,1925.3605,1076.8994,1596.0266,-0.0,-9.81,9.81,10.6964,0.0,0.0,0.0,0.0,0.0,0.0,2000.0,3707013200.54,3707.0132
176.0,Prithvi_Class,MIDCOURSE,412292.11,412.2921,183288.49,183.2885,1921.2965,6916.6674,1921.2965,1076.8994,1591.1216,-0.0,-9.81,9.81,10.6739,0.0,0.0,0.0,0.0,0.0,0.0,2000.0,3691380238.68,3691.3802
176.5,Prithvi_Class,MIDCOURSE,413085.22,413.0852,183826.94,183.8269,1917.2364,6902.051,1917.2364,1076.8994,1586.2166,-0.0,-9.81,9.81,10.6513,0.0,0.0,0.0,0.0,0.0,0.0,2000.0,3675795394.87,3675.7954
177.0,Prithvi_Class,MIDCOURSE,413875.87,413.8759,184365.39,184.3654,1913.1803,6887.4489,1913.1803,1076.8994,1581.3116,-0.0,-9.81,9.81,10.6288,0.0,0.0,0.0,0.0,0.0,0.0,2000.0,3660258669.12,3660.2587
177.5,Prithvi_Class,MIDCOURSE,414664.08,414.6641,184903.84,184.9038,1909.1281,6872.8611,1909.1281,1076.8994,1576.4066,-0.0,-9.81,9.81,10.6063,0.0,0.0,0.0,0.0,0.0,0.0,2000.0,3644770061.41,3644.7701
178.0,Prithvi_Class,MIDCOURSE,415449.83,415.4498,185442.29,185.4423,1905.0799,6858.2878,1905.0799,1076.8994,1571.5016,-0.0,-9.81,9.81,10.5838,0.0,0.0,0.0,0.0,0.0,0.0,2000.0,3629329571.75,3629.3296
178.5,Prithvi_Class,MIDCOURSE,416233.12,416.2331,185980.74,185.9807,1901.0358,6843.729,1901.0358,1076.8994,1566.5966,-0.0,-9.81,9.81,10.5613,0.0,0.0,0.0,0.0,0.0,0.0,2000.0,3613937200.14,3613.9372
179.0,Prithvi_Class,MIDCOURSE,417013.97,417.014,186519.19,186.5192,1896.9958,6829.1848,1896.9958,1076.8994,1561.6916,-0.0,-9.81,9.81,10.5389,0.0,0.0,0.0,0.0,0.0,0.0,2000.0,3598592946.59,3598.5929
179.5,Prithvi_Class,MIDCOURSE,417792.36,417.7924,187057.64,187.0576,1892.9598,6814.6553,1892.9598,1076.8994,1556.7866,-0.0,-9.81,9.81,10.5164,0.0,0.0,0.0,0.0,0.0,0.0,2000.0,3583296811.08,3583.2968
180.0,Prithvi_Class,MIDCOURSE,418568.3,418.5683,187596.09,187.5961,1888.9279,6800.1406,1888.9279,1076.8994,1551.8816,-0.0,-9.81,9.81,10.494,0.0,0.0,0.0,0.0,0.0,0.0,2000.0,3568048793.62,3568.0488
180.5,Prithvi_Class,MIDCOURSE,419341.79,419.3418,188134.54,188.1345,1884.9002,6785.6408,1884.9002,1076.8994,1546.9766,-0.0,-9.81,9.81,10.4717,0.0,0.0,0.0,0.0,0.0,0.0,2000.0,3552848894.22,3552.8489
181.0,Prithvi_Class,MIDCOURSE,420112.83,420.1128,188672.99,188.673,1880.8767,6771.1561,1880.8767,1076.8994,1542.0716,-0.0,-9.81,9.81,10.4493,0.0,0.0,0.0,0.0,0.0,0.0,2000.0,3537697112.86,3537.6971
181.5,Prithvi_Class,MIDCOURSE,420881.41,420.8814,189211.44,189.2114,1876.8573,6756.6864,1876.8573,1076.8994,1537.1666,-0.0,-9.81,9.81,10.427,0.0,0.0,0.0,0.0,0.0,0.0,2000.0,3522593449.55,3522.5934
182.0,Prithvi_Class,MIDCOURSE,421647.54,421.6475,189749.89,189.7499,1872.8422,6742.2319,1872.8422,1076.8994,1532.2616,-0.0,-9.81,9.81,10.4047,0.0,0.0,0.0,0.0,0.0,0.0,2000.0,3507537904.29,3507.5379
182.5,Prithvi_Class,MIDCOURSE,422411.22,422.4112,190288.34,190.2883,1868.8313,6727.7927,1868.8313,1076.8994,1527.3566,-0.0,-9.81,9.81,10.3824,0.0,0.0,0.0,0.0,0.0,0.0,2000.0,3492530477.09,3492.5305
183.0,Prithvi_Class,MIDCOURSE,423172.45,423.1724,190826.79,190.8268,1864.8247,6713.3689,1864.8247,1076.8994,1522.4516,-0.0,-9.81,9.81,10.3601,0.0,0.0,0.0,0.0,0.0,0.0,2000.0,3477571167.93,3477.5712
183.5,Prithvi_Class,MIDCOURSE,423931.22,423.9312,191365.24,191.3652,1860.8224,6698.9606,1860.8224,1076.8994,1517.5466,-0.0,-9.81,9.81,10.3379,0.0,0.0,0.0,0.0,0.0,0.0,2000.0,3462659976.82,3462.66
184.0,Prithvi_Class,MIDCOURSE,424687.54,424.6875,191903.69,191.9037,1856.8244,6684.5679,1856.8244,1076.8994,1512.6416,-0.0,-9.81,9.81,10.3157,0.0,0.0,0.0,0.0,0.0,0.0,2000.0,3447796903.77,3447.7969
184.5,Prithvi_Class,MIDCOURSE,425441.41,425.4414,192442.14,192.4421,1852.8308,6670.1909,1852.8308,1076.8994,1507.7366,-0.0,-9.81,9.81,10.2935,0.0,0.0,0.0,0.0,0.0,0.0,2000.0,3432981948.76,3432.9819
185.0,Prithvi_Class,MIDCOURSE,426192.82,426.1928,192980.59,192.9806,1848.8416,6655.8296,1848.8416,1076.8994,1502.8316,-0.0,-9.81,9.81,10.2713,0.0,0.0,0.0,0.0,0.0,0.0,2000.0,3418215111.8,3418.2151
185.5,Prithvi_Class,MIDCOURSE,426941.79,426.9418,193519.04,193.519,1844.8567,6641.4843,1844.8567,1076.8994,1497.9266,-0.0,-9.81,9.81,10.2492,0.0,0.0,0.0,0.0,0.0,0.0,2000.0,3403496392.9,3403.4964
186.0,Prithvi_Class,MIDCOURSE,427688.3,427.6883,194057.49,194.0575,1840.8764,6627.1549,1840.8764,1076.8994,1493.0216,-0.0,-9.81,9.81,10.2271,0.0,0.0,0.0,0.0,0.0,0.0,2000.0,3388825792.04,3388.8258
186.5,Prithvi_Class,MIDCOURSE,428432.36,428.4324,194595.94,194.5959,1836.9005,6612.8417,1836.9005,1076.8994,1488.1166,-0.0,-9.81,9.81,10.205,0.0,0.0,0.0,0.0,0.0,0.0,2000.0,3374203309.23,3374.2033
187.0,Prithvi_Class,MIDCOURSE,429173.96,429.174,195134.39,195.1344,1832.9291,6598.5446,1832.9291,1076.8994,1483.2116,-0.0,-9.81,9.81,10.1829,0.0,0.0,0.0,0.0,0.0,0.0,2000.0,3359628944.47,3359.6289
187.5,Prithvi_Class,MIDCOURSE,429913.12,429.9131,195672.84,195.6728,1828.9622,6584.2639,1828.9622,1076.8994,1478.3066,-0.0,-9.81,9.81,10.1609,0.0,0.0,0.0,0.0,0.0,0.0,2000.0,3345102697.77,3345.1027
188.0,Prithvi_Class,MIDCOURSE,430649.82,430.6498,196211.29,196.2113,1824.9999,6569.9996,1824.9999,1076.8994,1473.4016,-0.0,-9.81,9.81,10.1389,0.0,0.0,0.0,0.0,0.0,0.0,2000.0,3330624569.11,3330.6246
188.5,Prithvi_Class,MIDCOURSE,431384.07,431.3841,196749.74,196.7497,1821.0422,6555.7518,1821.0422,1076.8994,1468.4966,-0.0,-9.81,9.81,10.1169,0.0,0.0,0.0,0.0,0.0,0.0,2000.0,3316194558.5,3316.1946
189.0,Prithvi_Class,MIDCOURSE,432115.86,432.1159,197288.18,197.2882,1817.0891,6541.5206,1817.0891,1076.8994,1463.5916,-0.0,-9.81,9.81,10.0949,0.0,0.0,0.0,0.0,0.0,0.0,2000.0,3301812665.95,3301.8127
189.5,Prithvi_Class,MIDCOURSE,432845.2,432.8452,197826.63,197.8266,1813.1406,6527.3062,1813.1406,1076.8994,1458.6866,-0.0,-9.81,9.81,10.073,0.0,0.0,0.0,0.0,0.0,0.0,2000.0,3287478891.44,3287.4789
190.0,Prithvi_Class,MIDCOURSE,433572.1,433.5721,198365.08,198.3651,1809.1968,6513.1087,1809.1968,1076.8994,1453.7816,-0.0,-9.81,9.81,10.0511,0.0,0.0,0.0,0.0,0.0,0.0,2000.0,3273193234.98,3273.1932
190.5,Prithvi_Class,MIDCOURSE,434296.53,434.2965,198903.53,198.9035,1805.2578,6498.9281,1805.2578,1076.8994,1448.8766,-0.0,-9.81,9.81,10.0292,0.0,0.0,0.0,0.0,0.0,0.0,2000.0,3258955696.57,3258.9557
191.0,Prithvi_Class,MIDCOURSE,435018.52,435.0185,199441.98,199.442,1801.3235,6484.7645,1801.3235,1076.8994,1443.9716,-0.0,-9.81,9.81,10.0074,0.0,0.0,0.0,0.0,0.0,0.0,2000.0,3244766276.22,3244.7663
191.5,Prithvi_Class,MIDCOURSE,435738.05,435.7381,199980.43,199.9804,1797.3939,6470.6182,1797.3939,1076.8994,1439.0666,-0.0,-9.81,9.81,9.9855,0.0,0.0,0.0,0.0,0.0,0.0,2000.0,3230624973.91,3230.625
192.0,Prithvi_Class,MIDCOURSE,436455.13,436.4551,200518.88,200.5189,1793.4692,6456.4891,1793.4692,1076.8994,1434.1616,-0.0,-9.81,9.81,9.9637,0.0,0.0,0.0,0.0,0.0,0.0,2000.0,3216531789.65,3216.5318
192.5,Prithvi_Class,MIDCOURSE,437169.76,437.1698,201057.33,201.0573,1789.5493,6442.3775,1789.5493,1076.8994,1429.2566,-0.0,-9.81,9.81,9.9419,0.0,0.0,0.0,0.0,0.0,0.0,2000.0,3202486723.45,3202.4867
193.0,Prithvi_Class,MIDCOURSE,437881.94,437.8819,201595.78,201.5958,1785.6343,6428.2834,1785.6343,1076.8994,1424.3516,-0.0,-9.81,9.81,9.9202,0.0,0.0,0.0,0.0,0.0,0.0,2000.0,3188489775.29,3188.4898
193.5,Prithvi_Class,MIDCOURSE,438591.66,438.5917,202134.23,202.1342,1781.7241,6414.2069,1781.7241,1076.8994,1419.4466,-0.0,-9.81,9.81,9.8985,0.0,0.0,0.0,0.0,0.0,0.0,2000.0,3174540945.18,3174.5409
194.0,Prithvi_Class,MIDCOURSE,439298.93,439.2989,202672.68,202.6727,1777.819,6400.1482,1777.819,1076.8994,1414.5416,-0.0,-9.81,9.81,9.8768,0.0,0.0,0.0,0.0,0.0,0.0,2000.0,3160640233.13,3160.6402
194.5,Prithvi_Class,MIDCOURSE,440003.75,440.0037,203211.13,203.2111,1773.9187,6386.1074,1773.9187,1076.8994,1409.6366,-0.0,-9.81,9.81,9.8551,0.0,0.0,0.0,0.0,0.0,0.0,2000.0,3146787639.12,3146.7876
195.0,Prithvi_Class,MIDCOURSE,440706.12,440.7061,203749.58,203.7496,1770.0235,6372.0846,1770.0235,1076.8994,1404.7316,-0.0,-9.81,9.81,9.8335,0.0,0.0,0.0,0.0,0.0,0.0,2000.0,3132983163.16,3132.9832
195.5,Prithvi_Class,MIDCOURSE,441406.03,441.406,204288.03,204.288,1766.1333,6358.0799,1766.1333,1076.8994,1399.8266,-0.0,-9.81,9.81,9.8119,0.0,0.0,0.0,0.0,0.0,0.0,2000.0,3119226805.25,3119.2268
196.0,Prithvi_Class,MIDCOURSE,442103.49,442.1035,204826.48,204.8265,1762.2482,6344.0934,1762.2482,1076.8994,1394.9216,-0.0,-9.81,9.81,9.7903,0.0,0.0,0.0,0.0,0.0,0.0,2000.0,3105518565.4,3105.5186
196.5,Prithvi_Class,MIDCOURSE,442798.5,442.7985,205364.93,205.3649,1758.3681,6330.1252,1758.3681,1076.8994,1390.0166,-0.0,-9.81,9.81,9.7687,0.0,0.0,0.0,0.0,0.0,0.0,2000.0,3091858443.59,3091.8584
197.0,Prithvi_Class,MIDCOURSE,443491.05,443.4911,205903.38,205.9034,1754.4932,6316.1756,1754.4932,1076.8994,1385.1116,-0.0,-9.81,9.81,9.7472,0.0,0.0,0.0,0.0,0.0,0.0,2000.0,3078246439.83,3078.2464
197.5,Prithvi_Class,MIDCOURSE,444181.16,444.1812,206441.83,206.4418,1750.6235,6302.2445,1750.6235,1076.8994,1380.2066,-0.0,-9.81,9.81,9.7257,0.0,0.0,0.0,0.0,0.0,0.0,2000.0,3064682554.13,3064.6826
198.0,Prithvi_Class,MIDCOURSE,444868.81,444.8688,206980.28,206.9803,1746.7589,6288.3322,1746.7589,1076.8994,1375.3016,-0.0,-9.81,9.81,9.7042,0.0,0.0,0.0,0.0,0.0,0.0,2000.0,3051166786.47,3051.1668
198.5,Prithvi_Class,MIDCOURSE,445554.01,445.554,207518.73,207.5187,1742.8996,6274.4387,1742.8996,1076.8994,1370.3966,-0.0,-9.81,9.81,9.6828,0.0,0.0,0.0,0.0,0.0,0.0,2000.0,3037699136.86,3037.6991
199.0,Prithvi_Class,MIDCOURSE,446236.75,446.2368,208057.18,208.0572,1739.0456,6260.5642,1739.0456,1076.8994,1365.4916,-0.0,-9.81,9.81,9.6614,0.0,0.0,0.0,0.0,0.0,0.0,2000.0,3024279605.3,3024.2796
199.5,Prithvi_Class,MIDCOURSE,446917.05,446.917,208595.63,208.5956,1735.1969,6246.7087,1735.1969,1076.8994,1360.5866,-0.0,-9.81,9.81,9.64,0.0,0.0,0.0,0.0,0.0,0.0,2000.0,3010908191.8,3010.9082
200.0,Prithvi_Class,MIDCOURSE,447594.89,447.5949,209134.08,209.1341,1731.3535,6232.8726,1731.3535,1076.8994,1355.6816,-0.0,-9.81,9.81,9.6186,0.0,0.0,0.0,0.0,0.0,0.0,2000.0,2997584896.34,2997.5849
200.5,Prithvi_Class,MIDCOURSE,448270.27,448.2703,209672.53,209.6725,1727.5155,6219.0557,1727.5155,1076.8994,1350.7766,-0.0,-9.81,9.81,9.5973,0.0,0.0,0.0,0.0,0.0,0.0,2000.0,2984309718.93,2984.3097
201.0,Prithvi_Class,MIDCOURSE,448943.21,448.9432,210210.98,210.211,1723.6829,6205.2584,1723.6829,1076.8994,1345.8716,-0.0,-9.81,9.81,9.576,0.0,0.0,0.0,0.0,0.0,0.0,2000.0,2971082659.58,2971.0827
201.5,Prithvi_Class,MIDCOURSE,449613.69,449.6137,210749.43,210.7494,1719.8557,6191.4806,1719.8557,1076.8994,1340.9666,-0.0,-9.81,9.81,9.5548,0.0,0.0,0.0,0.0,0.0,0.0,2000.0,2957903718.27,2957.9037
202.0,Prithvi_Class,MIDCOURSE,450281.72,450.2817,211287.88,211.2879,1716.0341,6177.7226,1716.0341,1076.8994,1336.0616,-0.0,-9.81,9.81,9.5335,0.0,0.0,0.0,0.0,0.0,0.0,2000.0,2944772895.01,2944.7729
202.5,Prithvi_Class,MIDCOURSE,450947.3,450.9473,211826.33,211.8263,1712.2179,6163.9845,1712.2179,1076.8994,1331.1566,-0.0,-9.81,9.81,9.5123,0.0,0.0,0.0,0.0,0.0,0.0,2000.0,2931690189.8,2931.6902
203.0,Prithvi_Class,MIDCOURSE,451610.43,451.6104,212364.78,212.3648,1708.4073,6150.2664,1708.4073,1076.8994,1326.2516,-0.0,-9.81,9.81,9.4912,0.0,0.0,0.0,0.0,0.0,0.0,2000.0,2918655602.65,2918.6556
203.5,Prithvi_Class,MIDCOURSE,452271.1,452.2711,212903.23,212.9032,1704.6023,6136.5684,1704.6023,1076.8994,1321.3466,-0.0,-9.81,9.81,9.47,0.0,0.0,0.0,0.0,0.0,0.0,2000.0,2905669133.54,2905.6691
204.0,Prithvi_Class,MIDCOURSE,452929.32,452.9293,213441.68,213.4417,1700.803,6122.8907,1700.803,1076.8994,1316.4416,-0.0,-9.81,9.81,9.4489,0.0,0.0,0.0,0.0,0.0,0.0,2000.0,2892730782.48,2892.7308
204.5,Prithvi_Class,MIDCOURSE,453585.09,453.5851,213980.13,213.9801,1697.0093,6109.2335,1697.0093,1076.8994,1311.5366,-0.0,-9.81,9.81,9.4278,0.0,0.0,0.0,0.0,0.0,0.0,2000.0,2879840549.48,2879.8405
205.0,Prithvi_Class,MIDCOURSE,454238.41,454.2384,214518.58,214.5186,1693.2213,6095.5967,1693.2213,1076.8994,1306.6316,-0.0,-9.81,9.81,9.4068,0.0,0.0,0.0,0.0,0.0,0.0,2000.0,2866998434.52,2866.9984
205.5,Prithvi_Class,MIDCOURSE,454889.27,454.8893,215057.02,215.057,1689.4391,6081.9807,1689.4391,1076.8994,1301.7266,-0.0,-9.81,9.81,9.3858,0.0,0.0,0.0,0.0,0.0,0.0,2000.0,2854204437.61,2854.2044
206.0,Prithvi_Class,MIDCOURSE,455537.68,455.5377,215595.47,215.5955,1685.6626,6068.3855,1685.6626,1076.8994,1296.8216,-0.0,-9.81,9.81,9.3648,0.0,0.0,0.0,0.0,0.0,0.0,2000.0,2841458558.76,2841.4586
206.5,Prithvi_Class,MIDCOURSE,456183.64,456.1836,216133.92,216.1339,1681.892,6054.8113,1681.892,1076.8994,1291.9166,-0.0,-9.81,9.81,9.3438,0.0,0.0,0.0,0.0,0.0,0.0,2000.0,2828760797.95,2828.7608
207.0,Prithvi_Class,MIDCOURSE,456827.14,456.8271,216672.37,216.6724,1678.1273,6041.2582,1678.1273,1076.8994,1287.0116,-0.0,-9.81,9.81,9.3229,0.0,0.0,0.0,0.0,0.0,0.0,2000.0,2816111155.19,2816.1112
207.5,Prithvi_Class,MIDCOURSE,457468.2,457.4682,217210.82,217.2108,1674.3684,6027.7263,1674.3684,1076.8994,1282.1066,-0.0,-9.81,9.81,9.302,0.0,0.0,0.0,0.0,0.0,0.0,2000.0,2803509630.48,2803.5096
208.0,Prithvi_Class,MIDCOURSE,458106.8,458.1068,217749.27,217.7493,1670.6155,6014.2159,1670.6155,1076.8994,1277.2016,-0.0,-9.81,9.81,9.2812,0.0,0.0,0.0,0.0,0.0,0.0,2000.0,2790956223.83,2790.9562
208.5,Prithvi_Class,MIDCOURSE,458742.95,458.7429,218287.72,218.2877,1666.8686,6000.727,1666.8686,1076.8994,1272.2966,-0.0,-9.81,9.81,9.2604,0.0,0.0,0.0,0.0,0.0,0.0,2000.0,2778450935.22,2778.4509
209.0,Prithvi_Class,MIDCOURSE,459376.64,459.3766,218826.17,218.8262,1663.1277,5987.2597,1663.1277,1076.8994,1267.3916,-0.0,-9.81,9.81,9.2396,0.0,0.0,0.0,0.0,0.0,0.0,2000.0,2765993764.66,2765.9938
209.5,Prithvi_Class,MIDCOURSE,460007.89,460.0079,219364.62,219.3646,1659.3929,5973.8143,1659.3929,1076.8994,1262.4866,-0.0,-9.81,9.81,9.2188,0.0,0.0,0.0,0.0,0.0,0.0,2000.0,2753584712.16,2753.5847
210.0,Prithvi_Class,MIDCOURSE,460636.68,460.6367,219903.07,219.9031,1655.6642,5960.3909,1655.6642,1076.8994,1257.5816,-0.0,-9.81,9.81,9.1981,0.0,0.0,0.0,0.0,0.0,0.0,2000.0,2741223777.7,2741.2238
210.5,Prithvi_Class,MIDCOURSE,461263.02,461.263,220441.52,220.4415,1651.9416,5946.9897,1651.9416,1076.8994,1252.6766,-0.0,-9.81,9.81,9.1775,0.0,0.0,0.0,0.0,0.0,0.0,2000.0,2728910961.29,2728.911
211.0,Prithvi_Class,MIDCOURSE,461886.9,461.8869,220979.97,220.98,1648.2252,5933.6107,1648.2252,1076.8994,1247.7716,-0.0,-9.81,9.81,9.1568,0.0,0.0,0.0,0.0,0.0,0.0,2000.0,2716646262.93,2716.6463
211.5,Prithvi_Class,MIDCOURSE,462508.33,462.5083,221518.42,221.5184,1644.515,5920.2541,1644.515,1076.8994,1242.8666,-0.0,-9.81,9.81,9.1362,0.0,0.0,0.0,0.0,0.0,0.0,2000.0,2704429682.63,2704.4297
212.0,Prithvi_Class,MIDCOURSE,463127.32,463.1273,222056.87,222.0569,1640.8111,5906.9201,1640.8111,1076.8994,1237.9616,-0.0,-9.81,9.81,9.1156,0.0,0.0,0.0,0.0,0.0,0.0,2000.0,2692261220.37,2692.2612
212.5,Prithvi_Class,MIDCOURSE,463743.84,463.7438,222595.32,222.5953,1637.1136,5893.6089,1637.1136,1076.8994,1233.0566,-0.0,-9.81,9.81,9.0951,0.0,0.0,0.0,0.0,0.0,0.0,2000.0,2680140876.16,2680.1409
213.0,Prithvi_Class,MIDCOURSE,464357.92,464.3579,223133.77,223.1338,1633.4224,5880.3205,1633.4224,1076.8994,1228.1516,-0.0,-9.81,9.81,9.0746,0.0,0.0,0.0,0.0,0.0,0.0,2000.0,2668068650.01,2668.0687
213.5,Prithvi_Class,MIDCOURSE,464969.54,464.9695,223672.22,223.6722,1629.7376,5867.0552,1629.7376,1076.8994,1223.2466,-0.0,-9.81,9.81,9.0541,0.0,0.0,0.0,0.0,0.0,0.0,2000.0,2656044541.9,2656.0445
214.0,Prithvi_Class,MIDCOURSE,465578.71,465.5787,224210.67,224.2107,1626.0592,5853.8132,1626.0592,1076.8994,1218.3416,-0.0,-9.81,9.81,9.0337,0.0,0.0,0.0,0.0,0.0,0.0,2000.0,2644068551.84,2644.0686
214.5,Prithvi_Class,MIDCOURSE,466185.43,466.1854,224749.12,224.7491,1622.3873,5840.5944,1622.3873,1076.8994,1213.4366,-0.0,-9.81,9.81,9.0133,0.0,0.0,0.0,0.0,0.0,0.0,2000.0,2632140679.84,2632.1407
215.0,Prithvi_Class,MIDCOURSE,466789.7,466.7897,225287.57,225.2876,1618.722,5827.3992,1618.722,1076.8994,1208.5316,-0.0,-9.81,9.81,8.9929,0.0,0.0,0.0,0.0,0.0,0.0,2000.0,2620260925.88,2620.2609
215.5,Prithvi_Class,MIDCOURSE,467391.51,467.3915,225826.02,225.826,1615.0632,5814.2277,1615.0632,1076.8994,1203.6266,-0.0,-9.81,9.81,8.9726,0.0,0.0,0.0,0.0,0.0,0.0,2000.0,2608429289.97,2608.4293
216.0,Prithvi_Class,MIDCOURSE,467990.87,467.9909,226364.47,226.3645,1611.4111,5801.08,1611.4111,1076.8994,1198.7216,-0.0,-9.81,9.81,8.9523,0.0,0.0,0.0,0.0,0.0,0.0,2000.0,2596645772.11,2596.6458
216.5,Prithvi_Class,MIDCOURSE,468587.78,468.5878,226902.92,226.9029,1607.7656,5787.9563,1607.7656,1076.8994,1193.8166,-0.0,-9.81,9.81,8.932,0.0,0.0,0.0,0.0,0.0,0.0,2000.0,2584910372.31,2584.9104
217.0,Prithvi_Class,MIDCOURSE,469182.24,469.1822,227441.37,227.4414,1604.1269,5774.8568,1604.1269,1076.8994,1188.9116,-0.0,-9.81,9.81,8.9118,0.0,0.0,0.0,0.0,0.0,0.0,2000.0,2573223090.55,2573.2231
217.5,Prithvi_Class,MIDCOURSE,469774.24,469.7742,227979.82,227.9798,1600.4949,5761.7816,1600.4949,1076.8994,1184.0066,-0.0,-9.81,9.81,8.8916,0.0,0.0,0.0,0.0,0.0,0.0,2000.0,2561583926.84,2561.5839
218.0,Prithvi_Class,MIDCOURSE,470363.79,470.3638,228518.27,228.5183,1596.8697,5748.731,1596.8697,1076.8994,1179.1016,-0.0,-9.81,9.81,8.8715,0.0,0.0,0.0,0.0,0.0,0.0,2000.0,2549992881.19,2549.9929
218.5,Prithvi_Class,MIDCOURSE,470950.89,470.9509,229056.72,229.0567,1593.2514,5735.705,1593.2514,1076.8994,1174.1966,-0.0,-9.81,9.81,8.8514,0.0,0.0,0.0,0.0,0.0,0.0,2000.0,2538449953.58,2538.45
219.0,Prithvi_Class,MIDCOURSE,471535.53,471.5355,229595.17,229.5952,1589.6399,5722.7038,1589.6399,1076.8994,1169.2916,-0.0,-9.81,9.81,8.8313,0.0,0.0,0.0,0.0,0.0,0.0,2000.0,2526955144.02,2526.9551
219.5,Prithvi_Class,MIDCOURSE,472117.73,472.1177,230133.62,230.1336,1586.0355,5709.7276,1586.0355,1076.8994,1164.3866,-0.0,-9.81,9.81,8.8113,0.0,0.0,0.0,0.0,0.0,0.0,2000.0,2515508452.51,2515.5085
220.0,Prithvi_Class,MIDCOURSE,472697.47,472.6975,230672.07,230.6721,1582.438,5696.7766,1582.438,1076.8994,1159.4816,-0.0,-9.81,9.81,8.7913,0.0,0.0,0.0,0.0,0.0,0.0,2000.0,2504109879.06,2504.1099
220.5,Prithvi_Class,MIDCOURSE,473274.76,473.2748,231210.52,231.2105,1578.8475,5683.851,1578.8475,1076.8994,1154.5766,-0.0,-9.81,9.81,8.7714,0.0,0.0,0.0,0.0,0.0,0.0,2000.0,2492759423.65,2492.7594
221.0,Prithvi_Class,MIDCOURSE,473849.59,473.8496,231748.97,231.749,1575.2641,5670.9509,1575.2641,1076.8994,1149.6716,-0.0,-9.81,9.81,8.7515,0.0,0.0,0.0,0.0,0.0,0.0,2000.0,2481457086.29,2481.4571
221.5,Prithvi_Class,MIDCOURSE,474421.98,474.422,232287.42,232.2874,1571.6879,5658.0765,1571.6879,1076.8994,1144.7666,-0.0,-9.81,9.81,8.7316,0.0,0.0,0.0,0.0,0.0,0.0,2000.0,2470202866.99,2470.2029
222.0,Prithvi_Class,MIDCOURSE,474991.91,474.9919,232825.86,232.8259,1568.1189,5645.2279,1568.1189,1076.8994,1139.8616,-0.0,-9.81,9.81,8.7118,0.0,0.0,0.0,0.0,0.0,0.0,2000.0,2458996765.73,2458.9968
222.5,Prithvi_Class,MIDCOURSE,475559.38,475.5594,233364.31,233.3643,1564.5571,5632.4054,1564.5571,1076.8994,1134.9566,-0.0,-9.81,9.81,8.692,0.0,0.0,0.0,0.0,0.0,0.0,2000.0,2447838782.52,2447.8388
223.0,Prithvi_Class,MIDCOURSE,476124.41,476.1244,233902.76,233.9028,1561.0025,5619.6091,1561.0025,1076.8994,1130.0516,-0.0,-9.81,9.81,8.6722,0.0,0.0,0.0,0.0,0.0,0.0,2000.0,2436728917.37,2436.7289
223.5,Prithvi_Class,MIDCOURSE,476686.98,476.687,234441.21,234.4412,1557.4554,5606.8393,1557.4554,1076.8994,1125.1466,-0.0,-9.81,9.81,8.6525,0.0,0.0,0.0,0.0,0.0,0.0,2000.0,2425667170.26,2425.6672
224.0,Prithvi_Class,MIDCOURSE,477247.1,477.2471,234979.66,234.9797,1553.9156,5594.096,1553.9156,1076.8994,1120.2416,-0.0,-9.81,9.81,8.6329,0.0,0.0,0.0,0.0,0.0,0.0,2000.0,2414653541.2,2414.6535
224.5,Prithvi_Class,MIDCOURSE,477804.77,477.8048,235518.11,235.5181,1550.3832,5581.3795,1550.3832,1076.8994,1115.3366,-0.0,-9.81,9.81,8.6132,0.0,0.0,0.0,0.0,0.0,0.0,2000.0,2403688030.19,2403.688
225.0,Prithvi_Class,MIDCOURSE,478359.99,478.36,236056.56,236.0566,1546.8583,5568.6899,1546.8583,1076.8994,1110.4316,-0.0,-9.81,9.81,8.5937,0.0,0.0,0.0,0.0,0.0,0.0,2000.0,2392770637.24,2392.7706
225.5,Prithvi_Class,MIDCOURSE,478912.75,478.9128,236595.01,236.595,1543.341,5556.0275,1543.341,1076.8994,1105.5266,-0.0,-9.81,9.81,8.5741,0.0,0.0,0.0,0.0,0.0,0.0,2000.0,2381901362.33,2381.9014
226.0,Prithvi_Class,MIDCOURSE,479463.06,479.4631,237133.46,237.1335,1539.8312,5543.3924,1539.8312,1076.8994,1100.6216,-0.0,-9.81,9.81,8.5546,0.0,0.0,0.0,0.0,0.0,0.0,2000.0,2371080205.47,2371.0802
226.5,Prithvi_Class,MIDCOURSE,480010.92,480.0109,237671.91,237.6719,1536.3291,5530.7848,1536.3291,1076.8994,1095.7166,-0.0,-9.81,9.81,8.5352,0.0,0.0,0.0,0.0,0.0,0.0,2000.0,2360307166.67,2360.3072
227.0,Prithvi_Class,MIDCOURSE,480556.33,480.5563,238210.36,238.2104,1532.8347,5518.205,1532.8347,1076.8994,1090.8116,-0.0,-9.81,9.81,8.5157,0.0,0.0,0.0,0.0,0.0,0.0,2000.0,2349582245.91,2349.5822
227.5,Prithvi_Class,MIDCOURSE,481099.28,481.0993,238748.81,238.7488,1529.348,5505.653,1529.348,1076.8994,1085.9066,-0.0,-9.81,9.81,8.4964,0.0,0.0,0.0,0.0,0.0,0.0,2000.0,2338905443.2,2338.9054
228.0,Prithvi_Class,MIDCOURSE,481639.78,481.6398,239287.26,239.2873,1525.8692,5493.1291,1525.8692,1076.8994,1081.0016,-0.0,-9.81,9.81,8.4771,0.0,0.0,0.0,0.0,0.0,0.0,2000.0,2328276758.54,2328.2768
228.5,Prithvi_Class,MIDCOURSE,482177.83,482.1778,239825.71,239.8257,1522.3982,5480.6334,1522.3982,1076.8994,1076.0966,-0.0,-9.81,9.81,8.4578,0.0,0.0,0.0,0.0,0.0,0.0,2000.0,2317696191.94,2317.6962
229.0,Prithvi_Class,MIDCOURSE,482713.42,482.7134,240364.16,240.3642,1518.9351,5468.1662,1518.9351,1076.8994,1071.1916,-0.0,-9.81,9.81,8.4385,0.0,0.0,0.0,0.0,0.0,0.0,2000.0,2307163743.38,2307.1637
229.5,Prithvi_Class,MIDCOURSE,483246.57,483.2466,240902.61,240.9026,1515.4799,5455.7277,1515.4799,1076.8994,1066.2866,-0.0,-9.81,9.81,8.4193,0.0,0.0,0.0,0.0,0.0,0.0,2000.0,2296679412.87,2296.6794
230.0,Prithvi_Class,MIDCOURSE,483777.26,483.7773,241441.06,241.4411,1512.0328,5443.3181,1512.0328,1076.8994,1061.3816,-0.0,-9.81,9.81,8.4002,0.0,0.0,0.0,0.0,0.0,0.0,2000.0,2286243200.42,2286.2432
230.5,Prithvi_Class,MIDCOURSE,484305.5,484.3055,241979.51,241.9795,1508.5938,5430.9375,1508.5938,1076.8994,1056.4766,-0.0,-9.81,9.81,8.3811,0.0,0.0,0.0,0.0,0.0,0.0,2000.0,2275855106.01,2275.8551
231.0,Prithvi_Class,MIDCOURSE,484831.28,484.8313,242517.96,242.518,1505.1628,5418.5862,1505.1628,1076.8994,1051.5716,-0.0,-9.81,9.81,8.362,0.0,0.0,0.0,0.0,0.0,0.0,2000.0,2265515129.65,2265.5151
231.5,Prithvi_Class,MIDCOURSE,485354.62,485.3546,243056.41,243.0564,1501.7401,5406.2643,1501.7401,1076.8994,1046.6666,-0.0,-9.81,9.81,8.343,0.0,0.0,0.0,0.0,0.0,0.0,2000.0,2255223271.34,2255.2233
232.0,Prithvi_Class,MIDCOURSE,485875.5,485.8755,243594.86,243.5949,1498.3256,5393.9721,1498.3256,1076.8994,1041.7616,-0.0,-9.81,9.81,8.324,0.0,0.0,0.0,0.0,0.0,0.0,2000.0,2244979531.09,2244.9795
232.5,Prithvi_Class,MIDCOURSE,486393.93,486.3939,244133.31,244.1333,1494.9194,5381.7097,1494.9194,1076.8994,1036.8566,-0.0,-9.81,9.81,8.3051,0.0,0.0,0.0,0.0,0.0,0.0,2000.0,2234783908.88,2234.7839
233.0,Prithvi_Class,MIDCOURSE,486909.9,486.9099,244671.76,244.6718,1491.5215,5369.4774,1491.5215,1076.8994,1031.9516,-0.0,-9.81,9.81,8.2862,0.0,0.0,0.0,0.0,0.0,0.0,2000.0,2224636404.72,2224.6364
233.5,Prithvi_Class,MIDCOURSE,487423.42,487.4234,245210.21,245.2102,1488.1321,5357.2754,1488.1321,1076.8994,1027.0466,-0.0,-9.81,9.81,8.2674,0.0,0.0,0.0,0.0,0.0,0.0,2000.0,2214537018.62,2214.537
234.0,Prithvi_Class,MIDCOURSE,487934.5,487.9345,245748.66,245.7487,1484.7511,5345.1039,1484.7511,1076.8994,1022.1416,-0.0,-9.81,9.81,8.2486,0.0,0.0,0.0,0.0,0.0,0.0,2000.0,2204485750.56,2204.4858
234.5,Prithvi_Class,MIDCOURSE,488443.11,488.4431,246287.11,246.2871,1481.3786,5332.963,1481.3786,1076.8994,1017.2366,-0.0,-9.81,9.81,8.2299,0.0,0.0,0.0,0.0,0.0,0.0,2000.0,2194482600.55,2194.4826
235.0,Prithvi_Class,MIDCOURSE,488949.28,488.9493,246825.56,246.8256,1478.0147,5320.8531,1478.0147,1076.8994,1012.3316,-0.0,-9.81,9.81,8.2112,0.0,0.0,0.0,0.0,0.0,0.0,2000.0,2184527568.6,2184.5276
235.5,Prithvi_Class,MIDCOURSE,489452.99,489.453,247364.01,247.364,1474.6595,5308.7742,1474.6595,1076.8994,1007.4266,-0.0,-9.81,9.81,8.1926,0.0,0.0,0.0,0.0,0.0,0.0,2000.0,2174620654.69,2174.6207
236.0,Prithvi_Class,MIDCOURSE,489954.25,489.9543,247902.46,247.9025,1471.313,5296.7267,1471.313,1076.8994,1002.5216,-0.0,-9.81,9.81,8.174,0.0,0.0,0.0,0.0,0.0,0.0,2000.0,2164761858.83,2164.7619
236.5,Prithvi_Class,MIDCOURSE,490453.06,490.4531,248440.91,248.4409,1467.9752,5284.7107,1467.9752,1076.8994,997.6166,-0.0,-9.81,9.81,8.1554,0.0,0.0,0.0,0.0,0.0,0.0,2000.0,2154951181.02,2154.9512
237.0,Prithvi_Class,MIDCOURSE,490949.42,490.9494,248979.36,248.9794,1464.6462,5272.7265,1464.6462,1076.8994,992.7116,-0.0,-9.81,9.81,8.1369,0.0,0.0,0.0,0.0,0.0,0.0,2000.0,2145188621.27,2145.1886
237.5,Prithvi_Class,MIDCOURSE,491443.32,491.4433,249517.81,249.5178,1461.3262,5260.7742,1461.3262,1076.8994,987.8066,-0.0,-9.81,9.81,8.1185,0.0,0.0,0.0,0.0,0.0,0.0,2000.0,2135474179.56,2135.4742
238.0,Prithvi_Class,MIDCOURSE,491934.77,491.9348,250056.26,250.0563,1458.015,5248.8541,1458.015,1076.8994,982.9016,-0.0,-9.81,9.81,8.1001,0.0,0.0,0.0,0.0,0.0,0.0,2000.0,2125807855.9,2125.8079
238.5,Prithvi_Class,MIDCOURSE,492423.77,492.4238,250594.71,250.5947,1454.7129,5236.9665,1454.7129,1076.8994,977.9966,-0.0,-9.81,9.81,8.0817,0.0,0.0,0.0,0.0,0.0,0.0,2000.0,2116189650.3,2116.1897
239.0,Prithvi_Class,MIDCOURSE,492910.32,492.9103,251133.15,251.1332,1451.4198,5225.1114,1451.4198,1076.8994,973.0916,-0.0,-9.81,9.81,8.0634,0.0,0.0,0.0,0.0,0.0,0.0,2000.0,2106619562.74,2106.6196
239.5,Prithvi_Class,MIDCOURSE,493394.41,493.3944,251671.6,251.6716,1448.1359,5213.2893,1448.1359,1076.8994,968.1866,-0.0,-9.81,9.81,8.0452,0.0,0.0,0.0,0.0,0.0,0.0,2000.0,2097097593.23,2097.0976
240.0,Prithvi_Class,MIDCOURSE,493876.05,493.876,252210.05,252.2101,1444.8611,5201.5001,1444.8611,1076.8994,963.2816,-0.0,-9.81,9.81,8.027,0.0,0.0,0.0,0.0,0.0,0.0,2000.0,2087623741.77,2087.6237
240.5,Prithvi_Class,MIDCOURSE,494355.24,494.3552,252748.5,252.7485,1441.5956,5189.7443,1441.5956,1076.8994,958.3766,-0.0,-9.81,9.81,8.0089,0.0,0.0,0.0,0.0,0.0,0.0,2000.0,2078198008.37,2078.198
241.0,Prithvi_Class,MIDCOURSE,494831.97,494.832,253286.95,253.287,1438.3395,5178.022,1438.3395,1076.8994,953.4716,-0.0,-9.81,9.81,7.9908,0.0,0.0,0.0,0.0,0.0,0.0,2000.0,2068820393.01,2068.8204
241.5,Prithvi_Class,MIDCOURSE,495306.26,495.3063,253825.4,253.8254,1435.0926,5166.3335,1435.0926,1076.8994,948.5666,-0.0,-9.81,9.81,7.9727,0.0,0.0,0.0,0.0,0.0,0.0,2000.0,2059490895.7,2059.4909
242.0,Prithvi_Class,MIDCOURSE,495778.09,495.7781,254363.85,254.3639,1431.8553,5154.679,1431.8553,1076.8994,943.6616,-0.0,-9.81,9.81,7.9548,0.0,0.0,0.0,0.0,0.0,0.0,2000.0,2050209516.45,2050.2095
242.5,Prithvi_Class,MIDCOURSE,496247.47,496.2475,254902.3,254.9023,1428.6274,5143.0586,1428.6274,1076.8994,938.7566,-0.0,-9.81,9.81,7.9368,0.0,0.0,0.0,0.0,0.0,0.0,2000.0,2040976255.24,2040.9763
243.0,Prithvi_Class,MIDCOURSE,496714.39,496.7144,255440.75,255.4408,1425.4091,5131.4728,1425.4091,1076.8994,933.8516,-0.0,-9.81,9.81,7.9189,0.0,0.0,0.0,0.0,0.0,0.0,2000.0,2031791112.08,2031.7911
243.5,Prithvi_Class,MIDCOURSE,497178.87,497.1789,255979.2,255.9792,1422.2004,5119.9216,1422.2004,1076.8994,928.9466,-0.0,-9.81,9.81,7.9011,0.0,0.0,0.0,0.0,0.0,0.0,2000.0,2022654086.98,2022.6541
244.0,Prithvi_Class,MIDCOURSE,497640.89,497.6409,256517.65,256.5177,1419.0015,5108.4053,1419.0015,1076.8994,924.0416,-0.0,-9.81,9.81,7.8833,0.0,0.0,0.0,0.0,0.0,0.0,2000.0,2013565179.92,2013.5652
244.5,Prithvi_Class,MIDCOURSE,498100.45,498.1005,257056.1,257.0561,1415.8123,5096.9242,1415.8123,1076.8994,919.1366,-0.0,-9.81,9.81,7.8656,0.0,0.0,0.0,0.0,0.0,0.0,2000.0,2004524390.91,2004.5244
245.0,Prithvi_Class,MIDCOURSE,498557.57,498.5576,257594.55,257.5946,1412.6329,5085.4785,1412.6329,1076.8994,914.2316,-0.0,-9.81,9.81,7.848,0.0,0.0,0.0,0.0,0.0,0.0,2000.0,1995531719.95,1995.5317
245.5,Prithvi_Class,MIDCOURSE,499012.23,499.0122,258133.0,258.133,1409.4634,5074.0684,1409.4634,1076.8994,909.3266,-0.0,-9.81,9.81,7.8304,0.0,0.0,0.0,0.0,0.0,0.0,2000.0,1986587167.05,1986.5872
246.0,Prithvi_Class,MIDCOURSE,499464.44,499.4644,258671.45,258.6715,1406.3039,5062.6941,1406.3039,1076.8994,904.4216,-0.0,-9.81,9.81,7.8128,0.0,0.0,0.0,0.0,0.0,0.0,2000.0,1977690732.19,1977.6907
246.5,Prithvi_Class,MIDCOURSE,499914.2,499.9142,259209.9,259.2099,1403.1545,5051.356,1403.1545,1076.8994,899.5166,-0.0,-9.81,9.81,7.7953,0.0,0.0,0.0,0.0,0.0,0.0,2000.0,1968842415.38,1968.8424
247.0,Prithvi_Class,MIDCOURSE,500361.51,500.3615,259748.35,259.7483,1400.0151,5040.0543,1400.0151,1076.8994,894.6116,-0.0,-9.81,9.81,7.7779,0.0,0.0,0.0,0.0,0.0,0.0,2000.0,1960042216.63,1960.0422
247.5,Prithvi_Class,MIDCOURSE,500806.36,500.8064,260286.8,260.2868,1396.8859,5028.7891,1396.8859,1076.8994,889.7066,-0.0,-9.81,9.81,7.7605,0.0,0.0,0.0,0.0,0.0,0.0,2000.0,1951290135.92,1951.2901
248.0,Prithvi_Class,MIDCOURSE,501248.76,501.2488,260825.25,260.8252,1393.7669,5017.5608,1393.7669,1076.8994,884.8016,-0.0,-9.81,9.81,7.7431,0.0,0.0,0.0,0.0,0.0,0.0,2000.0,1942586173.26,1942.5862
248.5,Prithvi_Class,MIDCOURSE,501688.71,501.6887,261363.7,261.3637,1390.6582,5006.3696,1390.6582,1076.8994,879.8966,-0.0,-9.81,9.81,7.7259,0.0,0.0,0.0,0.0,0.0,0.0,2000.0,1933930328.65,1933.9303
249.0,Prithvi_Class,MIDCOURSE,502126.21,502.1262,261902.15,261.9021,1387.5599,4995.2158,1387.5599,1076.8994,874.9916,-0.0,-9.81,9.81,7.7087,0.0,0.0,0.0,0.0,0.0,0.0,2000.0,1925322602.1,1925.3226
249.5,Prithvi_Class,MIDCOURSE,502561.25,502.5613,262440.6,262.4406,1384.4721,4984.0996,1384.4721,1076.8994,870.0866,-0.0,-9.81,9.81,7.6915,0.0,0.0,0.0,0.0,0.0,0.0,2000.0,1916762993.59,1916.763
250.0,Prithvi_Class,MIDCOURSE,502993.84,502.9938,262979.05,262.979,1381.3948,4973.0212,1381.3948,1076.8994,865.1816,-0.0,-9.81,9.81,7.6744,0.0,0.0,0.0,0.0,0.0,0.0,2000.0,1908251503.13,1908.2515
250.5,Prithvi_Class,MIDCOURSE,503423.98,503.424,263517.5,263.5175,1378.328,4961.9809,1378.328,1076.8994,860.2766,-0.0,-9.81,9.81,7.6574,0.0,0.0,0.0,0.0,0.0,0.0,2000.0,1899788130.73,1899.7881
251.0,Prithvi_Class,MIDCOURSE,503851.66,503.8517,264055.95,264.0559,1375.2719,4950.9789,1375.2719,1076.8994,855.3716,-0.0,-9.81,9.81,7.6404,0.0,0.0,0.0,0.0,0.0,0.0,2000.0,1891372876.37,1891.3729
251.5,Prithvi_Class,MIDCOURSE,504276.9,504.2769,264594.4,264.5944,1372.2266,4940.0156,1372.2266,1076.8994,850.4666,-0.0,-9.81,9.81,7.6235,0.0,0.0,0.0,0.0,0.0,0.0,2000.0,1883005740.06,1883.0057
252.0,Prithvi_Class,MIDCOURSE,504699.68,504.6997,265132.85,265.1328,1369.192,4929.0912,1369.192,1076.8994,845.5616,-0.0,-9.81,9.81,7.6066,0.0,0.0,0.0,0.0,0.0,0.0,2000.0,1874686721.81,1874.6867
252.5,Prithvi_Class,MIDCOURSE,505120.01,505.12,265671.3,265.6713,1366.1683,4918.2059,1366.1683,1076.8994,840.6566,-0.0,-9.81,9.81,7.5898,0.0,0.0,0.0,0.0,0.0,0.0,2000.0,1866415821.6,1866.4158
253.0,Prithvi_Class,MIDCOURSE,505537.88,505.5379,266209.75,266.2097,1363.1555,4907.36,1363.1555,1076.8994,835.7516,-0.0,-9.81,9.81,7.5731,0.0,0.0,0.0,0.0,0.0,0.0,2000.0,1858193039.44,1858.193
253.5,Prithvi_Class,MIDCOURSE,505953.31,505.9533,266748.2,266.7482,1360.1538,4896.5537,1360.1538,1076.8994,830.8466,-0.0,-9.81,9.81,7.5564,0.0,0.0,0.0,0.0,0.0,0.0,2000.0,1850018375.33,1850.0184
254.0,Prithvi_Class,MIDCOURSE,506366.28,506.3663,267286.65,267.2866,1357.1632,4885.7874,1357.1632,1076.8994,825.9416,-0.0,-9.81,9.81,7.5398,0.0,0.0,0.0,0.0,0.0,0.0,2000.0,1841891829.28,1841.8918
254.5,Prithvi_Class,MIDCOURSE,506776.8,506.7768,267825.1,267.8251,1354.1837,4875.0612,1354.1837,1076.8994,821.0366,-0.0,-9.81,9.81,7.5232,0.0,0.0,0.0,0.0,0.0,0.0,2000.0,1833813401.27,1833.8134
255.0,Prithvi_Class,MIDCOURSE,507184.86,507.1849,268363.55,268.3635,1351.2154,4864.3755,1351.2154,1076.8994,816.1316,-0.0,-9.81,9.81,7.5068,0.0,0.0,0.0,0.0,0.0,0.0,2000.0,1825783091.31,1825.7831
255.5,Prithvi_Class,MIDCOURSE,507590.47,507.5905,268901.99,268.902,1348.2585,4853.7305,1348.2585,1076.8994,811.2266,-0.0,-9.81,9.81,7.4903,0.0,0.0,0.0,0.0,0.0,0.0,2000.0,1817800899.41,1817.8009
256.0,Prithvi_Class,MIDCOURSE,507993.64,507.9936,269440.44,269.4404,1345.3129,4843.1265,1345.3129,1076.8994,806.3216,-0.0,-9.81,9.81,7.474,0.0,0.0,0.0,0.0,0.0,0.0,2000.0,1809866825.55,1809.8668
256.5,Prithvi_Class,MIDCOURSE,508394.34,508.3943,269978.89,269.9789,1342.3788,4832.5637,1342.3788,1076.8994,801.4166,-0.0,-9.81,9.81,7.4577,0.0,0.0,0.0,0.0,0.0,0.0,2000.0,1801980869.74,1801.9809
257.0,Prithvi_Class,MIDCOURSE,508792.6,508.7926,270517.34,270.5173,1339.4562,4822.0425,1339.4562,1076.8994,796.5116,-0.0,-9.81,9.81,7.4414,0.0,0.0,0.0,0.0,0.0,0.0,2000.0,1794143031.98,1794.143
257.5,Prithvi_Class,MIDCOURSE,509188.4,509.1884,271055.79,271.0558,1336.5453,4811.563,1336.5453,1076.8994,791.6066,-0.0,-9.81,9.81,7.4253,0.0,0.0,0.0,0.0,0.0,0.0,2000.0,1786353312.28,1786.3533
258.0,Prithvi_Class,MIDCOURSE,509581.75,509.5818,271594.24,271.5942,1333.646,4801.1257,1333.646,1076.8994,786.7016,-0.0,-9.81,9.81,7.4091,0.0,0.0,0.0,0.0,0.0,0.0,2000.0,1778611710.62,1778.6117
258.5,Prithvi_Class,MIDCOURSE,509972.65,509.9727,272132.69,272.1327,1330.7585,4790.7307,1330.7585,1076.8994,781.7966,-0.0,-9.81,9.81,7.3931,0.0,0.0,0.0,0.0,0.0,0.0,2000.0,1770918227.01,1770.9182
259.0,Prithvi_Class,MIDCOURSE,510361.1,510.3611,272671.14,272.6711,1327.8828,4780.3783,1327.8828,1076.8994,776.8916,-0.0,-9.81,9.81,7.3771,0.0,0.0,0.0,0.0,0.0,0.0,2000.0,1763272861.46,1763.2729
259.5,Prithvi_Class,MIDCOURSE,510747.09,510.7471,273209.59,273.2096,1325.0191,4770.0688,1325.0191,1076.8994,771.9866,-0.0,-9.81,9.81,7.3612,0.0,0.0,0.0,0.0,0.0,0.0,2000.0,1755675613.95,1755.6756
260.0,Prithvi_Class,MIDCOURSE,511130.63,511.1306,273748.04,273.748,1322.1673,4759.8024,1322.1673,1076.8994,767.0816,-0.0,-9.81,9.81,7.3454,0.0,0.0,0.0,0.0,0.0,0.0,2000.0,1748126484.49,1748.1265
260.5,Prithvi_Class,MIDCOURSE,511511.72,511.5117,274286.49,274.2865,1319.3277,4749.5796,1319.3277,1076.8994,762.1766,-0.0,-9.81,9.81,7.3296,0.0,0.0,0.0,0.0,0.0,0.0,2000.0,1740625473.08,1740.6255
261.0,Prithvi_Class,MIDCOURSE,511890.36,511.8904,274824.94,274.8249,1316.5001,4739.4005,1316.5001,1076.8994,757.2716,-0.0,-9.81,9.81,7.3139,0.0,0.0,0.0,0.0,0.0,0.0,2000.0,1733172579.73,1733.1726
261.5,Prithvi_Class,MIDCOURSE,512266.54,512.2665,275363.39,275.3634,1313.6848,4729.2653,1313.6848,1076.8994,752.3666,-0.0,-9.81,9.81,7.2982,0.0,0.0,0.0,0.0,0.0,0.0,2000.0,1725767804.42,1725.7678
262.0,Prithvi_Class,MIDCOURSE,512640.27,512.6403,275901.84,275.9018,1310.8818,4719.1746,1310.8818,1076.8994,747.4616,-0.0,-9.81,9.81,7.2827,0.0,0.0,0.0,0.0,0.0,0.0,2000.0,1718411147.16,1718.4111
262.5,Prithvi_Class,MIDCOURSE,513011.55,513.0115,276440.29,276.4403,1308.0912,4709.1283,1308.0912,1076.8994,742.5566,-0.0,-9.81,9.81,7.2672,0.0,0.0,0.0,0.0,0.0,0.0,2000.0,1711102607.96,1711.1026
263.0,Prithvi_Class,MIDCOURSE,513380.37,513.3804,276978.74,276.9787,1305.3131,4699.127,1305.3131,1076.8994,737.6516,-0.0,-9.81,9.81,7.2517,0.0,0.0,0.0,0.0,0.0,0.0,2000.0,1703842186.8,1703.8422
263.5,Prithvi_Class,MIDCOURSE,513746.75,513.7467,277517.19,277.5172,1302.5475,4689.1709,1302.5475,1076.8994,732.7466,-0.0,-9.81,9.81,7.2364,0.0,0.0,0.0,0.0,0.0,0.0,2000.0,1696629883.69,1696.6299
264.0,Prithvi_Class,MIDCOURSE,514110.67,514.1107,278055.64,278.0556,1299.7945,4679.2601,1299.7945,1076.8994,727.8416,-0.0,-9.81,9.81,7.2211,0.0,0.0,0.0,0.0,0.0,0.0,2000.0,1689465698.64,1689.4657
264.5,Prithvi_Class,MIDCOURSE,514472.14,514.4721,278594.09,278.5941,1297.0542,4669.3952,1297.0542,1076.8994,722.9366,-0.0,-9.81,9.81,7.2059,0.0,0.0,0.0,0.0,0.0,0.0,2000.0,1682349631.63,1682.3496
265.0,Prithvi_Class,MIDCOURSE,514831.15,514.8312,279132.54,279.1325,1294.3267,4659.5762,1294.3267,1076.8994,718.0316,-0.0,-9.81,9.81,7.1907,0.0,0.0,0.0,0.0,0.0,0.0,2000.0,1675281682.67,1675.2817
265.5,Prithvi_Class,MIDCOURSE,515187.72,515.1877,279670.99,279.671,1291.6121,4649.8036,1291.6121,1076.8994,713.1266,-0.0,-9.81,9.81,7.1756,0.0,0.0,0.0,0.0,0.0,0.0,2000.0,1668261851.76,1668.2619
266.0,Prithvi_Class,MIDCOURSE,515541.83,515.5418,280209.44,280.2094,1288.9104,4640.0776,1288.9104,1076.8994,708.2216,-0.0,-9.81,9.81,7.1606,0.0,0.0,0.0,0.0,0.0,0.0,2000.0,1661290138.91,1661.2901
266.5,Prithvi_Class,MIDCOURSE,515893.48,515.8935,280747.89,280.7479,1286.2218,4630.3985,1286.2218,1076.8994,703.3166,-0.0,-9.81,9.81,7.1457,0.0,0.0,0.0,0.0,0.0,0.0,2000.0,1654366544.1,1654.3665
267.0,Prithvi_Class,MIDCOURSE,516242.69,516.2427,281286.34,281.2863,1283.5463,4620.7666,1283.5463,1076.8994,698.4116,-0.0,-9.81,9.81,7.1308,0.0,0.0,0.0,0.0,0.0,0.0,2000.0,1647491067.34,1647.4911
267.5,Prithvi_Class,MIDCOURSE,516589.44,516.5894,281824.79,281.8248,1280.884,4611.1822,1280.884,1076.8994,693.5066,-0.0,-9.81,9.81,7.116,0.0,0.0,0.0,0.0,0.0,0.0,2000.0,1640663708.64,1640.6637
268.0,Prithvi_Class,MIDCOURSE,516933.74,516.9337,282363.24,282.3632,1278.2349,4601.6457,1278.2349,1076.8994,688.6016,-0.0,-9.81,9.81,7.1013,0.0,0.0,0.0,0.0,0.0,0.0,2000.0,1633884467.98,1633.8845
268.5,Prithvi_Class,MIDCOURSE,517275.59,517.2756,282901.69,282.9017,1275.5992,4592.1572,1275.5992,1076.8994,683.6966,-0.0,-9.81,9.81,7.0867,0.0,0.0,0.0,0.0,0.0,0.0,2000.0,1627153345.37,1627.1533
269.0,Prithvi_Class,MIDCOURSE,517614.99,517.615,283440.14,283.4401,1272.977,4582.7171,1272.977,1076.8994,678.7916,-0.0,-9.81,9.81,7.0721,0.0,0.0,0.0,0.0,0.0,0.0,2000.0,1620470340.81,1620.4703
269.5,Prithvi_Class,MIDCOURSE,517951.93,517.9519,283978.59,283.9786,1270.3682,4573.3256,1270.3682,1076.8994,673.8866,-0.0,-9.81,9.81,7.0576,0.0,0.0,0.0,0.0,0.0,0.0,2000.0,1613835454.31,1613.8355
270.0,Prithvi_Class,MIDCOURSE,518286.42,518.2864,284517.04,284.517,1267.7731,4563.9832,1267.7731,1076.8994,668.9816,-0.0,-9.81,9.81,7.0432,0.0,0.0,0.0,0.0,0.0,0.0,2000.0,1607248685.85,1607.2487
270.5,Prithvi_Class,MIDCOURSE,518618.46,518.6185,285055.49,285.0555,1265.1917,4554.6901,1265.1917,1076.8994,664.0766,-0.0,-9.81,9.81,7.0288,0.0,0.0,0.0,0.0,0.0,0.0,2000.0,1600710035.44,1600.71
271.0,Prithvi_Class,MIDCOURSE,518948.05,518.948,285593.94,285.5939,1262.6241,4545.4466,1262.6241,1076.8994,659.1716,-0.0,-9.81,9.81,7.0146,0.0,0.0,0.0,0.0,0.0,0.0,2000.0,1594219503.09,1594.2195
271.5,Prithvi_Class,MIDCOURSE,519275.18,519.2752,286132.39,286.1324,1260.0703,4536.253,1260.0703,1076.8994,654.2666,-0.0,-9.81,9.81,7.0004,0.0,0.0,0.0,0.0,0.0,0.0,2000.0,1587777088.78,1587.7771
272.0,Prithvi_Class,MIDCOURSE,519599.86,519.5999,286670.83,286.6708,1257.5304,4527.1096,1257.5304,1076.8994,649.3616,-0.0,-9.81,9.81,6.9863,0.0,0.0,0.0,0.0,0.0,0.0,2000.0,1581382792.52,1581.3828
272.5,Prithvi_Class,MIDCOURSE,519922.09,519.9221,287209.28,287.2093,1255.0046,4518.0167,1255.0046,1076.8994,644.4566,-0.0,-9.81,9.81,6.9722,0.0,0.0,0.0,0.0,0.0,0.0,2000.0,1575036614.32,1575.0366
273.0,Prithvi_Class,MIDCOURSE,520241.87,520.2419,287747.73,287.7477,1252.4929,4508.9746,1252.4929,1076.8994,639.5516,-0.0,-9.81,9.81,6.9583,0.0,0.0,0.0,0.0,0.0,0.0,2000.0,1568738554.16,1568.7386
273.5,Prithvi_Class,MIDCOURSE,520559.19,520.5592,288286.18,288.2862,1249.9954,4499.9836,1249.9954,1076.8994,634.6466,-0.0,-9.81,9.81,6.9444,0.0,0.0,0.0,0.0,0.0,0.0,2000.0,1562488612.05,1562.4886
274.0,Prithvi_Class,MIDCOURSE,520874.06,520.8741,288824.63,288.8246,1247.5122,4491.0441,1247.5122,1076.8994,629.7416,-0.0,-9.81,9.81,6.9306,0.0,0.0,0.0,0.0,0.0,0.0,2000.0,1556286787.99,1556.2868
274.5,Prithvi_Class,MIDCOURSE,521186.48,521.1865,289363.08,289.3631,1245.0434,4482.1563,1245.0434,1076.8994,624.8366,-0.0,-9.81,9.81,6.9169,0.0,0.0,0.0,0.0,0.0,0.0,2000.0,1550133081.99,1550.1331
275.0,Prithvi_Class,MIDCOURSE,521496.44,521.4964,289901.53,289.9015,1242.589,4473.3205,1242.589,1076.8994,619.9316,-0.0,-9.81,9.81,6.9033,0.0,0.0,0.0,0.0,0.0,0.0,2000.0,1544027494.03,1544.0275
275.5,Prithvi_Class,MIDCOURSE,521803.96,521.804,290439.98,290.44,1240.1492,4464.5371,1240.1492,1076.8994,615.0266,-0.0,-9.81,9.81,6.8897,0.0,0.0,0.0,0.0,0.0,0.0,2000.0,1537970024.12,1537.97
276.0,Prithvi_Class,MIDCOURSE,522109.02,522.109,290978.43,290.9784,1237.724,4455.8064,1237.724,1076.8994,610.1216,-0.0,-9.81,9.81,6.8762,0.0,0.0,0.0,0.0,0.0,0.0,2000.0,1531960672.27,1531.9607
276.5,Prithvi_Class,MIDCOURSE,522411.63,522.4116,291516.88,291.5169,1235.3135,4447.1286,1235.3135,1076.8994,605.2166,-0.0,-9.81,9.81,6.8629,0.0,0.0,0.0,0.0,0.0,0.0,2000.0,1525999438.46,1525.9994
277.0,Prithvi_Class,MIDCOURSE,522711.78,522.7118,292055.33,292.0553,1232.9178,4438.5041,1232.9178,1076.8994,600.3116,-0.0,-9.81,9.81,6.8495,0.0,0.0,0.0,0.0,0.0,0.0,2000.0,1520086322.7,1520.0863
277.5,Prithvi_Class,MIDCOURSE,523009.48,523.0095,292593.78,292.5938,1230.537,4429.9332,1230.537,1076.8994,595.4066,-0.0,-9.81,9.81,6.8363,0.0,0.0,0.0,0.0,0.0,0.0,2000.0,1514221324.99,1514.2213
278.0,Prithvi_Class,MIDCOURSE,523304.74,523.3047,293132.23,293.1322,1228.1712,4421.4162,1228.1712,1076.8994,590.5016,-0.0,-9.81,9.81,6.8232,0.0,0.0,0.0,0.0,0.0,0.0,2000.0,1508404445.34,1508.4044
278.5,Prithvi_Class,MIDCOURSE,523597.53,523.5975,293670.68,293.6707,1225.8204,4412.9535,1225.8204,1076.8994,585.5966,-0.0,-9.81,9.81,6.8101,0.0,0.0,0.0,0.0,0.0,0.0,2000.0,1502635683.73,1502.6357
279.0,Prithvi_Class,MIDCOURSE,523887.88,523.8879,294209.13,294.2091,1223.4848,4404.5453,1223.4848,1076.8994,580.6916,-0.0,-9.81,9.81,6.7971,0.0,0.0,0.0,0.0,0.0,0.0,2000.0,1496915040.17,1496.915
279.5,Prithvi_Class,MIDCOURSE,524175.77,524.1758,294747.58,294.7476,1221.1644,4396.1919,1221.1644,1076.8994,575.7866,-0.0,-9.81,9.81,6.7842,0.0,0.0,0.0,0.0,0.0,0.0,2000.0,1491242514.67,1491.2425
280.0,Prithvi_Class,MIDCOURSE,524461.21,524.4612,295286.03,295.286,1218.8593,4387.8936,1218.8593,1076.8994,570.8816,-0.0,-9.81,9.81,6.7714,0.0,0.0,0.0,0.0,0.0,0.0,2000.0,1485618107.21,1485.6181
280.5,Prithvi_Class,MIDCOURSE,524744.2,524.7442,295824.48,295.8245,1216.5697,4379.6509,1216.5697,1076.8994,565.9766,-0.0,-9.81,9.81,6.7587,0.0,0.0,0.0,0.0,0.0,0.0,2000.0,1480041817.8,1480.0418
281.0,Prithvi_Class,MIDCOURSE,525024.74,525.0247,296362.93,296.3629,1214.2955,4371.4639,1214.2955,1076.8994,561.0716,-0.0,-9.81,9.81,6.7461,0.0,0.0,0.0,0.0,0.0,0.0,2000.0,1474513646.45,1474.5136
281.5,Prithvi_Class,MIDCOURSE,525302.82,525.3028,296901.38,296.9014,1212.037,4363.3331,1212.037,1076.8994,556.1666,-0.0,-9.81,9.81,6.7335,0.0,0.0,0.0,0.0,0.0,0.0,2000.0,1469033593.14,1469.0336
282.0,Prithvi_Class,MIDCOURSE,525578.45,525.5785,297439.83,297.4398,1209.7941,4355.2586,1209.7941,1076.8994,551.2616,-0.0,-9.81,9.81,6.7211,0.0,0.0,0.0,0.0,0.0,0.0,2000.0,1463601657.88,1463.6017
282.5,Prithvi_Class,MIDCOURSE,525851.63,525.8516,297978.28,297.9783,1207.5669,4347.2409,1207.5669,1076.8994,546.3566,-0.0,-9.81,9.81,6.7087,0.0,0.0,0.0,0.0,0.0,0.0,2000.0,1458217840.67,1458.2178
283.0,Prithvi_Class,MIDCOURSE,526122.36,526.1224,298516.73,298.5167,1205.3556,4339.2802,1205.3556,1076.8994,541.4516,-0.0,-9.81,9.81,6.6964,0.0,0.0,0.0,0.0,0.0,0.0,2000.0,1452882141.52,1452.8821
283.5,Prithvi_Class,MIDCOURSE,526390.63,526.3906,299055.18,299.0552,1203.1602,4331.3769,1203.1602,1076.8994,536.5466,-0.0,-9.81,9.81,6.6842,0.0,0.0,0.0,0.0,0.0,0.0,2000.0,1447594560.41,1447.5946
284.0,Prithvi_Class,MIDCOURSE,526656.45,526.6565,299593.63,299.5936,1200.9809,4323.5312,1200.9809,1076.8994,531.6416,-0.0,-9.81,9.81,6.6721,0.0,0.0,0.0,0.0,0.0,0.0,2000.0,1442355097.35,1442.3551
284.5,Prithvi_Class,MIDCOURSE,526919.82,526.9198,300132.08,300.1321,1198.8176,4315.7435,1198.8176,1076.8994,526.7366,-0.0,-9.81,9.81,6.6601,0.0,0.0,0.0,0.0,0.0,0.0,2000.0,1437163752.35,1437.1638
285.0,Prithvi_Class,MIDCOURSE,527180.73,527.1807,300670.53,300.6705,1196.6706,4308.0142,1196.6706,1076.8994,521.8316,-0.0,-9.81,9.81,6.6482,0.0,0.0,0.0,0.0,0.0,0.0,2000.0,1432020525.39,1432.0205
285.5,Prithvi_Class,MIDCOURSE,527439.2,527.4392,301208.98,301.209,1194.5398,4300.3434,1194.5398,1076.8994,516.9266,-0.0,-9.81,9.81,6.6363,0.0,0.0,0.0,0.0,0.0,0.0,2000.0,1426925416.48,1426.9254
286.0,Prithvi_Class,MIDCOURSE,527695.21,527.6952,301747.43,301.7474,1192.4254,4292.7316,1192.4254,1076.8994,512.0216,-0.0,-9.81,9.81,6.6246,0.0,0.0,0.0,0.0,0.0,0.0,2000.0,1421878425.62,1421.8784
286.5,Prithvi_Class,MIDCOURSE,527948.77,527.9488,302285.88,302.2859,1190.3275,4285.179,1190.3275,1076.8994,507.1166,-0.0,-9.81,9.81,6.6129,0.0,0.0,0.0,0.0,0.0,0.0,2000.0,1416879552.82,1416.8796
287.0,Prithvi_Class,MIDCOURSE,528199.87,528.1999,302824.33,302.8243,1188.2461,4277.686,1188.2461,1076.8994,502.2116,-0.0,-9.81,9.81,6.6014,0.0,0.0,0.0,0.0,0.0,0.0,2000.0,1411928798.06,1411.9288
287.5,Prithvi_Class,MIDCOURSE,528448.53,528.4485,303362.78,303.3628,1186.1813,4270.2528,1186.1813,1076.8994,497.3066,-0.0,-9.81,9.81,6.5899,0.0,0.0,0.0,0.0,0.0,0.0,2000.0,1407026161.35,1407.0262
288.0,Prithvi_Class,MIDCOURSE,528694.73,528.6947,303901.23,303.9012,1184.1333,4262.8798,1184.1333,1076.8994,492.4016,-0.0,-9.81,9.81,6.5785,0.0,0.0,0.0,0.0,0.0,0.0,2000.0,1402171642.7,1402.1716
288.5,Prithvi_Class,MIDCOURSE,528938.47,528.9385,304439.67,304.4397,1182.102,4255.5674,1182.102,1076.8994,487.4966,-0.0,-9.81,9.81,6.5672,0.0,0.0,0.0,0.0,0.0,0.0,2000.0,1397365242.09,1397.3652
289.0,Prithvi_Class,MIDCOURSE,529179.77,529.1798,304978.12,304.9781,1180.0877,4248.3157,1180.0877,1076.8994,482.5916,-0.0,-9.81,9.81,6.556,0.0,0.0,0.0,0.0,0.0,0.0,2000.0,1392606959.53,1392.607
289.5,Prithvi_Class,MIDCOURSE,529418.61,529.4186,305516.57,305.5166,1178.0903,4241.1251,1178.0903,1076.8994,477.6866,-0.0,-9.81,9.81,6.5449,0.0,0.0,0.0,0.0,0.0,0.0,2000.0,1387896795.02,1387.8968
290.0,Prithvi_Class,MIDCOURSE,529655.0,529.655,306055.02,306.055,1176.11,4233.996,1176.11,1076.8994,472.7816,-0.0,-9.81,9.81,6.5339,0.0,0.0,0.0,0.0,0.0,0.0,2000.0,1383234748.57,1383.2347
290.5,Prithvi_Class,MIDCOURSE,529888.94,529.8889,306593.47,306.5935,1174.1468,4226.9287,1174.1468,1076.8994,467.8766,-0.0,-9.81,9.81,6.523,0.0,0.0,0.0,0.0,0.0,0.0,2000.0,1378620820.16,1378.6208
291.0,Prithvi_Class,MIDCOURSE,530120.43,530.1204,307131.92,307.1319,1172.2009,4219.9233,1172.2009,1076.8994,462.9716,-0.0,-9.81,9.81,6.5122,0.0,0.0,0.0,0.0,0.0,0.0,2000.0,1374055009.8,1374.055
291.5,Prithvi_Class,MIDCOURSE,530349.46,530.3495,307670.37,307.6704,1170.2723,4212.9804,1170.2723,1076.8994,458.0666,-0.0,-9.81,9.81,6.5015,0.0,0.0,0.0,0.0,0.0,0.0,2000.0,1369537317.5,1369.5373
292.0,Prithvi_Class,MIDCOURSE,530576.04,530.576,308208.82,308.2088,1168.3611,4206.1001,1168.3611,1076.8994,453.1616,-0.0,-9.81,9.81,6.4909,0.0,0.0,0.0,0.0,0.0,0.0,2000.0,1365067743.24,1365.0677
292.5,Prithvi_Class,MIDCOURSE,530800.17,530.8002,308747.27,308.7473,1166.4674,4199.2828,1166.4674,1076.8994,448.2566,-0.0,-9.81,9.81,6.4804,0.0,0.0,0.0,0.0,0.0,0.0,2000.0,1360646287.03,1360.6463
293.0,Prithvi_Class,MIDCOURSE,531021.85,531.0218,309285.72,309.2857,1164.5913,4192.5288,1164.5913,1076.8994,443.3516,-0.0,-9.81,9.81,6.47,0.0,0.0,0.0,0.0,0.0,0.0,2000.0,1356272948.88,1356.2729
293.5,Prithvi_Class,MIDCOURSE,531241.07,531.2411,309824.17,309.8242,1162.7329,4185.8383,1162.7329,1076.8994,438.4466,-0.0,-9.81,9.81,6.4596,0.0,0.0,0.0,0.0,0.0,0.0,2000.0,1351947728.77,1351.9477
294.0,Prithvi_Class,MIDCOURSE,531457.84,531.4578,310362.62,310.3626,1160.8922,4179.2118,1160.8922,1076.8994,433.5416,-0.0,-9.81,9.81,6.4494,0.0,0.0,0.0,0.0,0.0,0.0,2000.0,1347670626.71,1347.6706
294.5,Prithvi_Class,MIDCOURSE,531672.16,531.6722,310901.07,310.9011,1159.0693,4172.6495,1159.0693,1076.8994,428.6366,-0.0,-9.81,9.81,6.4393,0.0,0.0,0.0,0.0,0.0,0.0,2000.0,1343441642.7,1343.4416
295.0,Prithvi_Class,MIDCOURSE,531884.03,531.884,311439.52,311.4395,1157.2644,4166.1517,1157.2644,1076.8994,423.7316,-0.0,-9.81,9.81,6.4292,0.0,0.0,0.0,0.0,0.0,0.0,2000.0,1339260776.75,1339.2608
295.5,Prithvi_Class,MIDCOURSE,532093.44,532.0934,311977.97,311.978,1155.4774,4159.7187,1155.4774,1076.8994,418.8266,-0.0,-9.81,9.81,6.4193,0.0,0.0,0.0,0.0,0.0,0.0,2000.0,1335128028.84,1335.128
296.0,Prithvi_Class,MIDCOURSE,532300.4,532.3004,312516.42,312.5164,1153.7085,4153.3507,1153.7085,1076.8994,413.9216,-0.0,-9.81,9.81,6.4095,0.0,0.0,0.0,0.0,0.0,0.0,2000.0,1331043398.98,1331.0434
296.5,Prithvi_Class,MIDCOURSE,532504.91,532.5049,313054.87,313.0549,1151.9578,4147.0483,1151.9578,1076.8994,409.0166,-0.0,-9.81,9.81,6.3998,0.0,0.0,0.0,0.0,0.0,0.0,2000.0,1327006887.18,1327.0069
297.0,Prithvi_Class,MIDCOURSE,532706.96,532.707,313593.32,313.5933,1150.2254,4140.8115,1150.2254,1076.8994,404.1116,-0.0,-9.81,9.81,6.3901,0.0,0.0,0.0,0.0,0.0,0.0,2000.0,1323018493.42,1323.0185
297.5,Prithvi_Class,MIDCOURSE,532906.57,532.9066,314131.77,314.1318,1148.5113,4134.6407,1148.5113,1076.8994,399.2066,-0.0,-9.81,9.81,6.3806,0.0,0.0,0.0,0.0,0.0,0.0,2000.0,1319078217.71,1319.0782
298.0,Prithvi_Class,MIDCOURSE,533103.72,533.1037,314670.22,314.6702,1146.8156,4128.5362,1146.8156,1076.8994,394.3016,-0.0,-9.81,9.81,6.3712,0.0,0.0,0.0,0.0,0.0,0.0,2000.0,1315186060.05,1315.1861
298.5,Prithvi_Class,MIDCOURSE,533298.42,533.2984,315208.67,315.2087,1145.1384,4122.4983,1145.1384,1076.8994,389.3966,-0.0,-9.81,9.81,6.3619,0.0,0.0,0.0,0.0,0.0,0.0,2000.0,1311342020.45,1311.342
299.0,Prithvi_Class,MIDCOURSE,533490.66,533.4907,315747.12,315.7471,1143.4798,4116.5274,1143.4798,1076.8994,384.4916,-0.0,-9.81,9.81,6.3527,0.0,0.0,0.0,0.0,0.0,0.0,2000.0,1307546098.89,1307.5461
299.5,Prithvi_Class,MIDCOURSE,533680.45,533.6805,316285.57,316.2856,1141.8399,4110.6235,1141.8399,1076.8994,379.5866,-0.0,-9.81,9.81,6.3436,0.0,0.0,0.0,0.0,0.0,0.0,2000.0,1303798295.38,1303.7983
300.0,Prithvi_Class,MIDCOURSE,533867.8,533.8678,316824.02,316.824,1140.2187,4104.7872,1140.2187,1076.8994,374.6816,-0.0,-9.81,9.81,6.3345,0.0,0.0,0.0,0.0,0.0,0.0,2000.0,1300098609.93,1300.0986
300.5,Prithvi_Class,MIDCOURSE,534052.68,534.0527,317362.47,317.3625,1138.6163,4099.0186,1138.6163,1076.8994,369.7766,-0.0,-9.81,9.81,6.3256,0.0,0.0,0.0,0.0,0.0,0.0,2000.0,1296447042.52,1296.447
301.0,Prithvi_Class,MIDCOURSE,534235.12,534.2351,317900.92,317.9009,1137.0328,4093.3181,1137.0328,1076.8994,364.8716,-0.0,-9.81,9.81,6.3168,0.0,0.0,0.0,0.0,0.0,0.0,2000.0,1292843593.16,1292.8436
301.5,Prithvi_Class,MIDCOURSE,534415.1,534.4151,318439.37,318.4394,1135.4683,4087.6859,1135.4683,1076.8994,359.9666,-0.0,-9.81,9.81,6.3082,0.0,0.0,0.0,0.0,0.0,0.0,2000.0,1289288261.86,1289.2883
302.0,Prithvi_Class,MIDCOURSE,534592.63,534.5926,318977.82,318.9778,1133.9229,4082.1223,1133.9229,1076.8994,355.0616,-0.0,-9.81,9.81,6.2996,0.0,0.0,0.0,0.0,0.0,0.0,2000.0,1285781048.6,1285.781
302.5,Prithvi_Class,MIDCOURSE,534767.71,534.7677,319516.27,319.5163,1132.3966,4076.6276,1132.3966,1076.8994,350.1566,-0.0,-9.81,9.81,6.2911,0.0,0.0,0.0,0.0,0.0,0.0,2000.0,1282321953.39,1282.322
303.0,Prithvi_Class,MIDCOURSE,534940.34,534.9403,320054.72,320.0547,1130.8895,4071.2021,1130.8895,1076.8994,345.2516,-0.0,-9.81,9.81,6.2827,0.0,0.0,0.0,0.0,0.0,0.0,2000.0,1278910976.23,1278.911
303.5,Prithvi_Class,MIDCOURSE,535110.51,535.1105,320593.17,320.5932,1129.4017,4065.846,1129.4017,1076.8994,340.3466,-0.0,-9.81,9.81,6.2745,0.0,0.0,0.0,0.0,0.0,0.0,2000.0,1275548117.13,1275.5481
304.0,Prithvi_Class,MIDCOURSE,535278.23,535.2782,321131.62,321.1316,1127.9332,4060.5596,1127.9332,1076.8994,335.4416,-0.0,-9.81,9.81,6.2663,0.0,0.0,0.0,0.0,0.0,0.0,2000.0,1272233376.07,1272.2334
304.5,Prithvi_Class,MIDCOURSE,535443.5,535.4435,321670.07,321.6701,1126.4842,4055.3433,1126.4842,1076.8994,330.5366,-0.0,-9.81,9.81,6.2582,0.0,0.0,0.0,0.0,0.0,0.0,2000.0,1268966753.06,1268.9668
305.0,Prithvi_Class,MIDCOURSE,535606.32,535.6063,322208.51,322.2085,1125.0548,4050.1972,1125.0548,1076.8994,325.6316,-0.0,-9.81,9.81,6.2503,0.0,0.0,0.0,0.0,0.0,0.0,2000.0,1265748248.11,1265.7482
305.5,Prithvi_Class,MIDCOURSE,535766.68,535.7667,322746.96,322.747,1123.6449,4045.1216,1123.6449,1076.8994,320.7266,-0.0,-9.81,9.81,6.2425,0.0,0.0,0.0,0.0,0.0,0.0,2000.0,1262577861.2,1262.5779
306.0,Prithvi_Class,MIDCOURSE,535924.59,535.9246,323285.41,323.2854,1122.2547,4040.1169,1122.2547,1076.8994,315.8216,-0.0,-9.81,9.81,6.2347,0.0,0.0,0.0,0.0,0.0,0.0,2000.0,1259455592.34,1259.4556
306.5,Prithvi_Class,MIDCOURSE,536080.05,536.08,323823.86,323.8239,1120.8842,4035.1832,1120.8842,1076.8994,310.9166,-0.0,-9.81,9.81,6.2271,0.0,0.0,0.0,0.0,0.0,0.0,2000.0,1256381441.53,1256.3814
307.0,Prithvi_Class,MIDCOURSE,536233.05,536.2331,324362.31,324.3623,1119.5336,4030.3208,1119.5336,1076.8994,306.0116,-0.0,-9.81,9.81,6.2196,0.0,0.0,0.0,0.0,0.0,0.0,2000.0,1253355408.78,1253.3554
307.5,Prithvi_Class,MIDCOURSE,536383.61,536.3836,324900.76,324.9008,1118.2028,4025.5301,1118.2028,1076.8994,301.1066,-0.0,-9.81,9.81,6.2122,0.0,0.0,0.0,0.0,0.0,0.0,2000.0,1250377494.07,1250.3775
308.0,Prithvi_Class,MIDCOURSE,536531.71,536.5317,325439.21,325.4392,1116.892,4020.8111,1116.892,1076.8994,296.2016,-0.0,-9.81,9.81,6.205,0.0,0.0,0.0,0.0,0.0,0.0,2000.0,1247447697.41,1247.4477
308.5,Prithvi_Class,MIDCOURSE,536677.36,536.6774,325977.66,325.9777,1115.6012,4016.1643,1115.6012,1076.8994,291.2966,-0.0,-9.81,9.81,6.1978,0.0,0.0,0.0,0.0,0.0,0.0,2000.0,1244566018.81,1244.566
309.0,Prithvi_Class,MIDCOURSE,536820.55,536.8206,326516.11,326.5161,1114.3305,4011.5898,1114.3305,1076.8994,286.3916,-0.0,-9.81,9.81,6.1907,0.0,0.0,0.0,0.0,0.0,0.0,2000.0,1241732458.25,1241.7325
309.5,Prithvi_Class,MIDCOURSE,536961.3,536.9613,327054.56,327.0546,1113.08,4007.0879,1113.08,1076.8994,281.4866,-0.0,-9.81,9.81,6.1838,0.0,0.0,0.0,0.0,0.0,0.0,2000.0,1238947015.74,1238.947
310.0,Prithvi_Class,MIDCOURSE,537099.59,537.0996,327593.01,327.593,1111.8497,4002.6588,1111.8497,1076.8994,276.5816,-0.0,-9.81,9.81,6.1769,0.0,0.0,0.0,0.0,0.0,0.0,2000.0,1236209691.29,1236.2097
310.5,Prithvi_Class,MIDCOURSE,537235.42,537.2354,328131.46,328.1315,1110.6397,3998.3028,1110.6397,1076.8994,271.6766,-0.0,-9.81,9.81,6.1702,0.0,0.0,0.0,0.0,0.0,0.0,2000.0,1233520484.88,1233.5205
311.0,Prithvi_Class,MIDCOURSE,537368.81,537.3688,328669.91,328.6699,1109.45,3994.0202,1109.45,1076.8994,266.7716,-0.0,-9.81,9.81,6.1636,0.0,0.0,0.0,0.0,0.0,0.0,2000.0,1230879396.52,1230.8794
311.5,Prithvi_Class,MIDCOURSE,537499.74,537.4997,329208.36,329.2084,1108.2808,3989.811,1108.2808,1076.8994,261.8666,-0.0,-9.81,9.81,6.1571,0.0,0.0,0.0,0.0,0.0,0.0,2000.0,1228286426.21,1228.2864
312.0,Prithvi_Class,MIDCOURSE,537628.22,537.6282,329746.81,329.7468,1107.1321,3985.6757,1107.1321,1076.8994,256.9616,-0.0,-9.81,9.81,6.1507,0.0,0.0,0.0,0.0,0.0,0.0,2000.0,1225741573.96,1225.7416
312.5,Prithvi_Class,MIDCOURSE,537754.25,537.7543,330285.26,330.2853,1106.004,3981.6144,1106.004,1076.8994,252.0566,-0.0,-9.81,9.81,6.1445,0.0,0.0,0.0,0.0,0.0,0.0,2000.0,1223244839.75,1223.2448
313.0,Prithvi_Class,MIDCOURSE,537877.83,537.8778,330823.71,330.8237,1104.8965,3977.6273,1104.8965,1076.8994,247.1516,-0.0,-9.81,9.81,6.1383,0.0,0.0,0.0,0.0,0.0,0.0,2000.0,1220796223.59,1220.7962
313.5,Prithvi_Class,MIDCOURSE,537998.95,537.999,331362.16,331.3622,1103.8096,3973.7147,1103.8096,1076.8994,242.2466,-0.0,-9.81,9.81,6.1323,0.0,0.0,0.0,0.0,0.0,0.0,2000.0,1218395725.49,1218.3957
314.0,Prithvi_Class,MIDCOURSE,538117.62,538.1176,331900.61,331.9006,1102.7436,3969.8768,1102.7436,1076.8994,237.3416,-0.0,-9.81,9.81,6.1264,0.0,0.0,0.0,0.0,0.0,0.0,2000.0,1216043345.43,1216.0433
314.5,Prithvi_Class,MIDCOURSE,538233.84,538.2338,332439.06,332.4391,1101.6983,3966.1138,1101.6983,1076.8994,232.4366,-0.0,-9.81,9.81,6.1205,0.0,0.0,0.0,0.0,0.0,0.0,2000.0,1213739083.42,1213.7391
315.0,Prithvi_Class,MIDCOURSE,538347.61,538.3476,332977.51,332.9775,1100.6739,3962.4259,1100.6739,1076.8994,227.5316,-0.0,-9.81,9.81,6.1149,0.0,0.0,0.0,0.0,0.0,0.0,2000.0,1211482939.46,1211.4829
315.5,Prithvi_Class,MIDCOURSE,538458.92,538.4589,333515.96,333.516,1099.6704,3958.8133,1099.6704,1076.8994,222.6266,-0.0,-9.81,9.81,6.1093,0.0,0.0,0.0,0.0,0.0,0.0,2000.0,1209274913.56,1209.2749
316.0,Prithvi_Class,MIDCOURSE,538567.78,538.5678,334054.41,334.0544,1098.6879,3955.2763,1098.6879,1076.8994,217.7216,-0.0,-9.81,9.81,6.1038,0.0,0.0,0.0,0.0,0.0,0.0,2000.0,1207115005.7,1207.115
316.5,Prithvi_Class,MIDCOURSE,538674.19,538.6742,334592.86,334.5929,1097.7264,3951.815,1097.7264,1076.8994,212.8166,-0.0,-9.81,9.81,6.0985,0.0,0.0,0.0,0.0,0.0,0.0,2000.0,1205003215.89,1205.0032
317.0,Prithvi_Class,MIDCOURSE,538778.15,538.7781,335131.31,335.1313,1096.786,3948.4296,1096.786,1076.8994,207.9116,-0.0,-9.81,9.81,6.0933,0.0,0.0,0.0,0.0,0.0,0.0,2000.0,1202939544.14,1202.9395
317.5,Prithvi_Class,MIDCOURSE,538879.65,538.8796,335669.76,335.6698,1095.8668,3945.1204,1095.8668,1076.8994,203.0066,-0.0,-9.81,9.81,6.0881,0.0,0.0,0.0,0.0,0.0,0.0,2000.0,1200923990.43,1200.924
318.0,Prithvi_Class,MIDCOURSE,538978.7,538.9787,336208.21,336.2082,1094.9687,3941.8875,1094.9687,1076.8994,198.1016,-0.0,-9.81,9.81,6.0832,0.0,0.0,0.0,0.0,0.0,0.0,2000.0,1198956554.77,1198.9566
318.5,Prithvi_Class,MIDCOURSE,539075.3,539.0753,336746.66,336.7467,1094.092,3938.7311,1094.092,1076.8994,193.1966,-0.0,-9.81,9.81,6.0783,0.0,0.0,0.0,0.0,0.0,0.0,2000.0,1197037237.16,1197.0372
319.0,Prithvi_Class,MIDCOURSE,539169.44,539.1694,337285.11,337.2851,1093.2365,3935.6514,1093.2365,1076.8994,188.2916,-0.0,-9.81,9.81,6.0735,0.0,0.0,0.0,0.0,0.0,0.0,2000.0,1195166037.61,1195.166
319.5,Prithvi_Class,MIDCOURSE,539261.14,539.2611,337823.56,337.8236,1092.4024,3932.6486,1092.4024,1076.8994,183.3866,-0.0,-9.81,9.81,6.0689,0.0,0.0,0.0,0.0,0.0,0.0,2000.0,1193342956.1,1193.343
320.0,Prithvi_Class,MIDCOURSE,539350.38,539.3504,338362.01,338.362,1091.5897,3929.7228,1091.5897,1076.8994,178.4816,-0.0,-9.81,9.81,6.0644,0.0,0.0,0.0,0.0,0.0,0.0,2000.0,1191567992.64,1191.568
320.5,Prithvi_Class,MIDCOURSE,539437.17,539.4372,338900.46,338.9005,1090.7984,3926.8742,1090.7984,1076.8994,173.5766,-0.0,-9.81,9.81,6.06,0.0,0.0,0.0,0.0,0.0,0.0,2000.0,1189841147.24,1189.8411
321.0,Prithvi_Class,MIDCOURSE,539521.5,539.5215,339438.91,339.4389,1090.0286,3924.1031,1090.0286,1076.8994,168.6716,-0.0,-9.81,9.81,6.0557,0.0,0.0,0.0,0.0,0.0,0.0,2000.0,1188162419.88,1188.1624
321.5,Prithvi_Class,MIDCOURSE,539603.38,539.6034,339977.36,339.9774,1089.2804,3921.4095,1089.2804,1076.8994,163.7666,-0.0,-9.81,9.81,6.0516,0.0,0.0,0.0,0.0,0.0,0.0,2000.0,1186531810.57,1186.5318
322.0,Prithvi_Class,MIDCOURSE,539682.82,539.6828,340515.8,340.5158,1088.5538,3918.7936,1088.5538,1076.8994,158.8616,-0.0,-9.81,9.81,6.0475,0.0,0.0,0.0,0.0,0.0,0.0,2000.0,1184949319.32,1184.9493
322.5,Prithvi_Class,MIDCOURSE,539759.79,539.7598,341054.25,341.0543,1087.8488,3916.2556,1087.8488,1076.8994,153.9566,-0.0,-9.81,9.81,6.0436,0.0,0.0,0.0,0.0,0.0,0.0,2000.0,1183414946.11,1183.4149
323.0,Prithvi_Class,MIDCOURSE,539834.32,539.8343,341592.7,341.5927,1087.1654,3913.7956,1087.1654,1076.8994,149.0516,-0.0,-9.81,9.81,6.0398,0.0,0.0,0.0,0.0,0.0,0.0,2000.0,1181928690.95,1181.9287
323.5,Prithvi_Class,MIDCOURSE,539906.39,539.9064,342131.15,342.1312,1086.5038,3911.4138,1086.5038,1076.8994,144.1466,-0.0,-9.81,9.81,6.0361,0.0,0.0,0.0,0.0,0.0,0.0,2000.0,1180490553.84,1180.4906
324.0,Prithvi_Class,MIDCOURSE,539976.01,539.976,342669.6,342.6696,1085.864,3909.1102,1085.864,1076.8994,139.2416,-0.0,-9.81,9.81,6.0326,0.0,0.0,0.0,0.0,0.0,0.0,2000.0,1179100534.79,1179.1005
324.5,Prithvi_Class,MIDCOURSE,540043.18,540.0432,343208.05,343.2081,1085.2459,3906.8852,1085.2459,1076.8994,134.3366,-0.0,-9.81,9.81,6.0291,0.0,0.0,0.0,0.0,0.0,0.0,2000.0,1177758633.78,1177.7586
325.0,Prithvi_Class,MIDCOURSE,540107.9,540.1079,343746.5,343.7465,1084.6496,3904.7387,1084.6496,1076.8994,129.4316,-0.0,-9.81,9.81,6.0258,0.0,0.0,0.0,0.0,0.0,0.0,2000.0,1176464850.82,1176.4649
325.5,Prithvi_Class,MIDCOURSE,540170.16,540.1702,344284.95,344.285,1084.0753,3902.671,1084.0753,1076.8994,124.5266,-0.0,-9.81,9.81,6.0226,0.0,0.0,0.0,0.0,0.0,0.0,2000.0,1175219185.92,1175.2192
326.0,Prithvi_Class,MIDCOURSE,540229.97,540.23,344823.4,344.8234,1083.5228,3900.682,1083.5228,1076.8994,119.6216,-0.0,-9.81,9.81,6.0196,0.0,0.0,0.0,0.0,0.0,0.0,2000.0,1174021639.06,1174.0216
326.5,Prithvi_Class,MIDCOURSE,540287.33,540.2873,345361.85,345.3619,1082.9922,3898.7721,1082.9922,1076.8994,114.7166,-0.0,-9.81,9.81,6.0166,0.0,0.0,0.0,0.0,0.0,0.0,2000.0,1172872210.25,1172.8722
327.0,Prithvi_Class,MIDCOURSE,540342.24,540.3422,345900.3,345.9003,1082.4837,3896.9412,1082.4837,1076.8994,109.8116,-0.0,-9.81,9.81,6.0138,0.0,0.0,0.0,0.0,0.0,0.0,2000.0,1171770899.49,1171.7709
327.5,Prithvi_Class,MIDCOURSE,540394.69,540.3947,346438.75,346.4388,1081.9971,3895.1895,1081.9971,1076.8994,104.9066,-0.0,-9.81,9.81,6.0111,0.0,0.0,0.0,0.0,0.0,0.0,2000.0,1170717706.79,1170.7177
328.0,Prithvi_Class,MIDCOURSE,540444.69,540.4447,346977.2,346.9772,1081.5325,3893.5171,1081.5325,1076.8994,100.0016,-0.0,-9.81,9.81,6.0085,0.0,0.0,0.0,0.0,0.0,0.0,2000.0,1169712632.13,1169.7126
328.5,Prithvi_Class,MIDCOURSE,540492.24,540.4922,347515.65,347.5157,1081.09,3891.9241,1081.09,1076.8994,95.0966,-0.0,-9.81,9.81,6.0061,0.0,0.0,0.0,0.0,0.0,0.0,2000.0,1168755675.52,1168.7557
329.0,Prithvi_Class,MIDCOURSE,540537.33,540.5373,348054.1,348.0541,1080.6696,3890.4106,1080.6696,1076.8994,90.1916,-0.0,-9.81,9.81,6.0037,0.0,0.0,0.0,0.0,0.0,0.0,2000.0,1167846836.97,1167.8468
329.5,Prithvi_Class,MIDCOURSE,540579.98,540.58,348592.55,348.5926,1080.2713,3888.9767,1080.2713,1076.8994,85.2866,-0.0,-9.81,9.81,6.0015,0.0,0.0,0.0,0.0,0.0,0.0,2000.0,1166986116.46,1166.9861
330.0,Prithvi_Class,MIDCOURSE,540620.17,540.6202,349131.0,349.131,1079.8951,3887.6225,1079.8951,1076.8994,80.3816,-0.0,-9.81,9.81,5.9994,0.0,0.0,0.0,0.0,0.0,0.0,2000.0,1166173514.0,1166.1735
330.5,Prithvi_Class,MIDCOURSE,540657.91,540.6579,349669.45,349.6694,1079.5411,3886.348,1079.5411,1076.8994,75.4766,-0.0,-9.81,9.81,5.9975,0.0,0.0,0.0,0.0,0.0,0.0,2000.0,1165409029.6,1165.409
331.0,Prithvi_Class,MIDCOURSE,540693.19,540.6932,350207.9,350.2079,1079.2093,3885.1534,1079.2093,1076.8994,70.5716,-0.0,-9.81,9.81,5.9956,0.0,0.0,0.0,0.0,0.0,0.0,2000.0,1164692663.24,1164.6927
331.5,Prithvi_Class,MIDCOURSE,540726.03,540.726,350746.35,350.7463,1078.8996,3884.0387,1078.8996,1076.8994,65.6666,-0.0,-9.81,9.81,5.9939,0.0,0.0,0.0,0.0,0.0,0.0,2000.0,1164024414.93,1164.0244
332.0,Prithvi_Class,MIDCOURSE,540756.41,540.7564,351284.8,351.2848,1078.6122,3883.0039,1078.6122,1076.8994,60.7616,-0.0,-9.81,9.81,5.9923,0.0,0.0,0.0,0.0,0.0,0.0,2000.0,1163404284.67,1163.4043
332.5,Prithvi_Class,MIDCOURSE,540784.33,540.7843,351823.25,351.8232,1078.347,3882.0492,1078.347,1076.8994,55.8566,-0.0,-9.81,9.81,5.9908,0.0,0.0,0.0,0.0,0.0,0.0,2000.0,1162832272.47,1162.8323
333.0,Prithvi_Class,MIDCOURSE,540809.81,540.8098,352361.7,352.3617,1078.1041,3881.1746,1078.1041,1076.8994,50.9516,-0.0,-9.81,9.81,5.9895,0.0,0.0,0.0,0.0,0.0,0.0,2000.0,1162308378.31,1162.3084
333.5,Prithvi_Class,MIDCOURSE,540832.83,540.8328,352900.15,352.9001,1077.8834,3880.3802,1077.8834,1076.8994,46.0466,-0.0,-9.81,9.81,5.9882,0.0,0.0,0.0,0.0,0.0,0.0,2000.0,1161832602.2,1161.8326
334.0,Prithvi_Class,MIDCOURSE,540853.4,540.8534,353438.6,353.4386,1077.685,3879.666,1077.685,1076.8994,41.1416,-0.0,-9.81,9.81,5.9871,0.0,0.0,0.0,0.0,0.0,0.0,2000.0,1161404944.15,1161.4049
334.5,Prithvi_Class,MIDCOURSE,540871.52,540.8715,353977.05,353.977,1077.5089,3879.032,1077.5089,1076.8994,36.2366,-0.0,-9.81,9.81,5.9862,0.0,0.0,0.0,0.0,0.0,0.0,2000.0,1161025404.14,1161.0254
335.0,Prithvi_Class,MIDCOURSE,540887.19,540.8872,354515.5,354.5155,1077.3551,3878.4783,1077.3551,1076.8994,31.3316,-0.0,-9.81,9.81,5.9853,0.0,0.0,0.0,0.0,0.0,0.0,2000.0,1160693982.18,1160.694
335.5,Prithvi_Class,MIDCOURSE,540900.4,540.9004,355053.95,355.0539,1077.2236,3878.0049,1077.2236,1076.8994,26.4266,-0.0,-9.81,9.81,5.9846,0.0,0.0,0.0,0.0,0.0,0.0,2000.0,1160410678.27,1160.4107
336.0,Prithvi_Class,MIDCOURSE,540911.16,540.9112,355592.4,355.5924,1077.1144,3877.6119,1077.1144,1076.8994,21.5216,-0.0,-9.81,9.81,5.984,0.0,0.0,0.0,0.0,0.0,0.0,2000.0,1160175492.42,1160.1755
336.5,Prithvi_Class,MIDCOURSE,540919.47,540.9195,356130.85,356.1308,1077.0276,3877.2993,1077.0276,1076.8994,16.6166,-0.0,-9.81,9.81,5.9835,0.0,0.0,0.0,0.0,0.0,0.0,2000.0,1159988424.61,1159.9884
337.0,Prithvi_Class,MIDCOURSE,540925.33,540.9253,356669.3,356.6693,1076.9631,3877.0671,1076.9631,1076.8994,11.7116,-0.0,-9.81,9.81,5.9831,0.0,0.0,0.0,0.0,0.0,0.0,2000.0,1159849474.85,1159.8495
337.5,Prithvi_Class,MIDCOURSE,540928.73,540.9287,357207.75,357.2077,1076.9209,3876.9153,1076.9209,1076.8994,6.8066,-0.0,-9.81,9.81,5.9829,0.0,0.0,0.0,0.0,0.0,0.0,2000.0,1159758643.15,1159.7586
338.0,Prithvi_Class,MIDCOURSE,540929.68,540.9297,357746.2,357.7462,1076.9011,3876.8439,1076.9011,1076.8994,1.9016,-0.0,-9.81,9.81,5.9828,0.0,0.0,0.0,0.0,0.0,0.0,2000.0,1159715929.49,1159.7159
338.5,Prithvi_Class,MIDCOURSE,540928.18,540.9282,358284.64,358.2846,1076.9036,3876.8529,1076.9036,1076.8994,-3.0034,-0.0,-9.81,9.81,5.9828,0.0,0.0,0.0,0.0,0.0,0.0,2000.0,1159721333.88,1159.7213
339.0,Prithvi_Class,MIDCOURSE,540924.23,540.9242,358823.09,358.8231,1076.9284,3876.9424,1076.9284,1076.8994,-7.9084,-0.0,-9.81,9.81,5.9829,0.0,0.0,0.0,0.0,0.0,0.0,2000.0,1159774856.33,1159.7749
339.5,Prithvi_Class,MIDCOURSE,540917.82,540.9178,359361.54,359.3615,1076.9756,3877.1122,1076.9756,1076.8994,-12.8134,-0.0,-9.81,9.81,5.9832,0.0,0.0,0.0,0.0,0.0,0.0,2000.0,1159876496.82,1159.8765
340.0,Prithvi_Class,MIDCOURSE,540908.96,540.909,359899.99,359.9,1077.0452,3877.3625,1077.0452,1076.8994,-17.7184,-0.0,-9.81,9.81,5.9836,0.0,0.0,0.0,0.0,0.0,0.0,2000.0,1160026255.36,1160.0263
340.5,Prithvi_Class,MIDCOURSE,540897.65,540.8976,360438.44,360.4384,1077.137,3877.6932,1077.137,1076.8994,-22.6234,-0.0,-9.81,9.81,5.9841,0.0,0.0,0.0,0.0,0.0,0.0,2000.0,1160224131.95,1160.2241
341.0,Prithvi_Class,MIDCOURSE,540883.88,540.8839,360976.89,360.9769,1077.2512,3878.1043,1077.2512,1076.8994,-27.5284,-0.0,-9.81,9.81,5.9847,0.0,0.0,0.0,0.0,0.0,0.0,2000.0,1160470126.6,1160.4701
341.5,Prithvi_Class,MIDCOURSE,540867.67,540.8677,361515.34,361.5153,1077.3877,3878.5957,1077.3877,1076.8994,-32.4334,-0.0,-9.81,9.81,5.9855,0.0,0.0,0.0,0.0,0.0,0.0,2000.0,1160764239.29,1160.7642
342.0,Prithvi_Class,MIDCOURSE,540849.0,540.849,362053.79,362.0538,1077.5465,3879.1674,1077.5465,1076.8994,-37.3384,-0.0,-9.81,9.81,5.9864,0.0,0.0,0.0,0.0,0.0,0.0,2000.0,1161106470.03,1161.1065
342.5,Prithvi_Class,MIDCOURSE,540827.88,540.8279,362592.24,362.5922,1077.7276,3879.8194,1077.7276,1076.8994,-42.2434,-0.0,-9.81,9.81,5.9874,0.0,0.0,0.0,0.0,0.0,0.0,2000.0,1161496818.83,1161.4968
343.0,Prithvi_Class,MIDCOURSE,540804.3,540.8043,363130.69,363.1307,1077.931,3880.5517,1077.931,1076.8994,-47.1484,-0.0,-9.81,9.81,5.9885,0.0,0.0,0.0,0.0,0.0,0.0,2000.0,1161935285.67,1161.9353
343.5,Prithvi_Class,MIDCOURSE,540778.27,540.7783,363669.14,363.6691,1078.1567,3881.3641,1078.1567,1076.8994,-52.0534,-0.0,-9.81,9.81,5.9898,0.0,0.0,0.0,0.0,0.0,0.0,2000.0,1162421870.56,1162.4219
344.0,Prithvi_Class,MIDCOURSE,540749.8,540.7498,364207.59,364.2076,1078.4046,3882.2567,1078.4046,1076.8994,-56.9584,-0.0,-9.81,9.81,5.9911,0.0,0.0,0.0,0.0,0.0,0.0,2000.0,1162956573.5,1162.9566
344.5,Prithvi_Class,MIDCOURSE,540718.86,540.7189,364746.04,364.746,1078.6748,3883.2294,1078.6748,1076.8994,-61.8634,-0.0,-9.81,9.81,5.9926,0.0,0.0,0.0,0.0,0.0,0.0,2000.0,1163539394.5,1163.5394
345.0,Prithvi_Class,MIDCOURSE,540685.48,540.6855,365284.49,365.2845,1078.9673,3884.2821,1078.9673,1076.8994,-66.7684,-0.0,-9.81,9.81,5.9943,0.0,0.0,0.0,0.0,0.0,0.0,2000.0,1164170333.54,1164.1703
345.5,Prithvi_Class,MIDCOURSE,540649.64,540.6496,365822.94,365.8229,1079.2819,3885.4148,1079.2819,1076.8994,-71.6734,-0.0,-9.81,9.81,5.996,0.0,0.0,0.0,0.0,0.0,0.0,2000.0,1164849390.63,1164.8494
346.0,Prithvi_Class,MIDCOURSE,540611.35,540.6114,366361.39,366.3614,1079.6187,3886.6274,1079.6187,1076.8994,-76.5784,-0.0,-9.81,9.81,5.9979,0.0,0.0,0.0,0.0,0.0,0.0,2000.0,1165576565.78,1165.5766
346.5,Prithvi_Class,MIDCOURSE,540570.61,540.5706,366899.84,366.8998,1079.9777,3887.9198,1079.9777,1076.8994,-81.4834,-0.0,-9.81,9.81,5.9999,0.0,0.0,0.0,0.0,0.0,0.0,2000.0,1166351858.97,1166.3519
347.0,Prithvi_Class,MIDCOURSE,540527.42,540.5274,367438.29,367.4383,1080.3589,3889.2919,1080.3589,1076.8994,-86.3884,-0.0,-9.81,9.81,6.002,0.0,0.0,0.0,0.0,0.0,0.0,2000.0,1167175270.21,1167.1753
347.5,Prithvi_Class,MIDCOURSE,540481.77,540.4818,367976.74,367.9767,1080.7621,3890.7437,1080.7621,1076.8994,-91.2934,-0.0,-9.81,9.81,6.0042,0.0,0.0,0.0,0.0,0.0,0.0,2000.0,1168046799.51,1168.0468
348.0,Prithvi_Class,MIDCOURSE,540433.67,540.4337,368515.19,368.5152,1081.1875,3892.2751,1081.1875,1076.8994,-96.1984,-0.0,-9.81,9.81,6.0066,0.0,0.0,0.0,0.0,0.0,0.0,2000.0,1168966446.85,1168.9664
348.5,Prithvi_Class,MIDCOURSE,540383.12,540.3831,369053.64,369.0536,1081.635,3893.8859,1081.635,1076.8994,-101.1034,-0.0,-9.81,9.81,6.0091,0.0,0.0,0.0,0.0,0.0,0.0,2000.0,1169934212.24,1169.9342
349.0,Prithvi_Class,MIDCOURSE,540330.12,540.3301,369592.09,369.5921,1082.1045,3895.5761,1082.1045,1076.8994,-106.0084,-0.0,-9.81,9.81,6.0117,0.0,0.0,0.0,0.0,0.0,0.0,2000.0,1170950095.68,1170.9501
349.5,Prithvi_Class,MIDCOURSE,540274.66,540.2747,370130.54,370.1305,1082.596,3897.3456,1082.596,1076.8994,-110.9134,-0.0,-9.81,9.81,6.0144,0.0,0.0,0.0,0.0,0.0,0.0,2000.0,1172014097.18,1172.0141
350.0,Prithvi_Class,MIDCOURSE,540216.75,540.2168,370668.99,370.669,1083.1095,3899.1942,1083.1095,1076.8994,-115.8184,-0.0,-9.81,9.81,6.0173,0.0,0.0,0.0,0.0,0.0,0.0,2000.0,1173126216.72,1173.1262
350.5,Prithvi_Class,MIDCOURSE,540156.39,540.1564,371207.44,371.2074,1083.645,3901.1219,1083.645,1076.8994,-120.7234,-0.0,-9.81,9.81,6.0202,0.0,0.0,0.0,0.0,0.0,0.0,2000.0,1174286454.31,1174.2865
351.0,Prithvi_Class,MIDCOURSE,540093.57,540.0936,371745.89,371.7459,1084.2024,3903.1286,1084.2024,1076.8994,-125.6284,-0.0,-9.81,9.81,6.0233,0.0,0.0,0.0,0.0,0.0,0.0,2000.0,1175494809.96,1175.4948
351.5,Prithvi_Class,MIDCOURSE,540028.31,540.0283,372284.34,372.2843,1084.7817,3905.214,1084.7817,1076.8994,-130.5334,-0.0,-9.81,9.81,6.0266,0.0,0.0,0.0,0.0,0.0,0.0,2000.0,1176751283.65,1176.7513
352.0,Prithvi_Class,MIDCOURSE,539960.59,539.9606,372822.79,372.8228,1085.3828,3907.3782,1085.3828,1076.8994,-135.4384,-0.0,-9.81,9.81,6.0299,0.0,0.0,0.0,0.0,0.0,0.0,2000.0,1178055875.39,1178.0559
352.5,Prithvi_Class,MIDCOURSE,539890.42,539.8904,373361.24,373.3612,1086.0058,3909.6209,1086.0058,1076.8994,-140.3434,-0.0,-9.81,9.81,6.0334,0.0,0.0,0.0,0.0,0.0,0.0,2000.0,1179408585.18,1179.4086
353.0,Prithvi_Class,MIDCOURSE,539817.79,539.8178,373899.69,373.8997,1086.6505,3911.942,1086.6505,1076.8994,-145.2484,-0.0,-9.81,9.81,6.0369,0.0,0.0,0.0,0.0,0.0,0.0,2000.0,1180809413.03,1180.8094
353.5,Prithvi_Class,MIDCOURSE,539742.72,539.7427,374438.14,374.4381,1087.317,3914.3414,1087.317,1076.8994,-150.1534,-0.0,-9.81,9.81,6.0407,0.0,0.0,0.0,0.0,0.0,0.0,2000.0,1182258358.92,1182.2584
354.0,Prithvi_Class,MIDCOURSE,539665.19,539.6652,374976.59,374.9766,1088.0052,3916.8189,1088.0052,1076.8994,-155.0584,-0.0,-9.81,9.81,6.0445,0.0,0.0,0.0,0.0,0.0,0.0,2000.0,1183755422.86,1183.7554
354.5,Prithvi_Class,MIDCOURSE,539585.2,539.5852,375515.04,375.515,1088.7151,3919.3744,1088.7151,1076.8994,-159.9634,-0.0,-9.81,9.81,6.0484,0.0,0.0,0.0,0.0,0.0,0.0,2000.0,1185300604.86,1185.3006
355.0,Prithvi_Class,MIDCOURSE,539502.77,539.5028,376053.48,376.0535,1089.4466,3922.0078,1089.4466,1076.8994,-164.8684,-0.0,-9.81,9.81,6.0525,0.0,0.0,0.0,0.0,0.0,0.0,2000.0,1186893904.9,1186.8939
355.5,Prithvi_Class,MIDCOURSE,539417.88,539.4179,376591.93,376.5919,1090.1997,3924.7188,1090.1997,1076.8994,-169.7734,-0.0,-9.81,9.81,6.0567,0.0,0.0,0.0,0.0,0.0,0.0,2000.0,1188535322.99,1188.5353
356.0,Prithvi_Class,MIDCOURSE,539330.54,539.3305,377130.38,377.1304,1090.9743,3927.5074,1090.9743,1076.8994,-174.6784,-0.0,-9.81,9.81,6.061,0.0,0.0,0.0,0.0,0.0,0.0,2000.0,1190224859.13,1190.2249
356.5,Prithvi_Class,MIDCOURSE,539240.75,539.2408,377668.83,377.6688,1091.7704,3930.3733,1091.7704,1076.8994,-179.5834,-0.0,-9.81,9.81,6.0654,0.0,0.0,0.0,0.0,0.0,0.0,2000.0,1191962513.33,1191.9625
357.0,Prithvi_Class,MIDCOURSE,539148.51,539.1485,378207.28,378.2073,1092.5879,3933.3164,1092.5879,1076.8994,-184.4884,-0.0,-9.81,9.81,6.0699,0.0,0.0,0.0,0.0,0.0,0.0,2000.0,1193748285.57,1193.7483
357.5,Prithvi_Class,MIDCOURSE,539053.81,539.0538,378745.73,378.7457,1093.4268,3936.3365,1093.4268,1076.8994,-189.3934,-0.0,-9.81,9.81,6.0746,0.0,0.0,0.0,0.0,0.0,0.0,2000.0,1195582175.86,1195.5822
358.0,Prithvi_Class,MIDCOURSE,538956.66,538.9567,379284.18,379.2842,1094.2871,3939.4334,1094.2871,1076.8994,-194.2984,-0.0,-9.81,9.81,6.0794,0.0,0.0,0.0,0.0,0.0,0.0,2000.0,1197464184.21,1197.4642
358.5,Prithvi_Class,MIDCOURSE,538857.06,538.8571,379822.63,379.8226,1095.1686,3942.607,1095.1686,1076.8994,-199.2034,-0.0,-9.81,9.81,6.0843,0.0,0.0,0.0,0.0,0.0,0.0,2000.0,1199394310.6,1199.3943
359.0,Prithvi_Class,MIDCOURSE,538755.01,538.755,380361.08,380.3611,1096.0714,3945.8571,1096.0714,1076.8994,-204.1084,-0.0,-9.81,9.81,6.0893,0.0,0.0,0.0,0.0,0.0,0.0,2000.0,1201372555.04,1201.3726
359.5,Prithvi_Class,MIDCOURSE,538650.5,538.6505,380899.53,380.8995,1096.9954,3949.1835,1096.9954,1076.8994,-209.0134,-0.0,-9.81,9.81,6.0944,0.0,0.0,0.0,0.0,0.0,0.0,2000.0,1203398917.54,1203.3989
360.0,Prithvi_Class,MIDCOURSE,538543.54,538.5435,381437.98,381.438,1097.9405,3952.5859,1097.9405,1076.8994,-213.9184,-0.0,-9.81,9.81,6.0997,0.0,0.0,0.0,0.0,0.0,0.0,2000.0,1205473398.08,1205.4734
360.5,Prithvi_Class,MIDCOURSE,538434.13,538.4341,381976.43,381.9764,1098.9067,3956.0642,1098.9067,1076.8994,-218.8234,-0.0,-9.81,9.81,6.105,0.0,0.0,0.0,0.0,0.0,0.0,2000.0,1207595996.67,1207.596
361.0,Prithvi_Class,MIDCOURSE,538322.27,538.3223,382514.88,382.5149,1099.894,3959.6182,1099.894,1076.8994,-223.7284,-0.0,-9.81,9.81,6.1105,0.0,0.0,0.0,0.0,0.0,0.0,2000.0,1209766713.31,1209.7667
361.5,Prithvi_Class,MIDCOURSE,538207.95,538.2079,383053.33,383.0533,1100.9022,3963.2477,1100.9022,1076.8994,-228.6334,-0.0,-9.81,9.81,6.1161,0.0,0.0,0.0,0.0,0.0,0.0,2000.0,1211985548.01,1211.9855
362.0,Prithvi_Class,MIDCOURSE,538091.18,538.0912,383591.78,383.5918,1101.9313,3966.9525,1101.9313,1076.8994,-233.5384,-0.0,-9.81,9.81,6.1218,0.0,0.0,0.0,0.0,0.0,0.0,2000.0,1214252500.75,1214.2525
362.5,Prithvi_Class,MIDCOURSE,537971.96,537.972,384130.23,384.1302,1102.9812,3970.7324,1102.9812,1076.8994,-238.4434,-0.0,-9.81,9.81,6.1277,0.0,0.0,0.0,0.0,0.0,0.0,2000.0,1216567571.54,1216.5676
363.0,Prithvi_Class,MIDCOURSE,537850.28,537.8503,384668.68,384.6687,1104.052,3974.5871,1104.052,1076.8994,-243.3484,-0.0,-9.81,9.81,6.1336,0.0,0.0,0.0,0.0,0.0,0.0,2000.0,1218930760.39,1218.9308
363.5,Prithvi_Class,MIDCOURSE,537726.16,537.7262,385207.13,385.2071,1105.1435,3978.5165,1105.1435,1076.8994,-248.2534,-0.0,-9.81,9.81,6.1397,0.0,0.0,0.0,0.0,0.0,0.0,2000.0,1221342067.28,1221.3421
364.0,Prithvi_Class,MIDCOURSE,537599.58,537.5996,385745.58,385.7456,1106.2556,3982.5202,1106.2556,1076.8994,-253.1584,-0.0,-9.81,9.81,6.1459,0.0,0.0,0.0,0.0,0.0,0.0,2000.0,1223801492.22,1223.8015
364.5,Prithvi_Class,MIDCOURSE,537470.55,537.4705,386284.03,386.284,1107.3884,3986.5982,1107.3884,1076.8994,-258.0634,-0.0,-9.81,9.81,6.1522,0.0,0.0,0.0,0.0,0.0,0.0,2000.0,1226309035.21,1226.309
365.0,Prithvi_Class,MIDCOURSE,537339.06,537.3391,386822.48,386.8225,1108.5417,3990.7501,1108.5417,1076.8994,-262.9684,-0.0,-9.81,9.81,6.1586,0.0,0.0,0.0,0.0,0.0,0.0,2000.0,1228864696.26,1228.8647
365.5,Prithvi_Class,MIDCOURSE,537205.12,537.2051,387360.93,387.3609,1109.7155,3994.9758,1109.7155,1076.8994,-267.8734,-0.0,-9.81,9.81,6.1651,0.0,0.0,0.0,0.0,0.0,0.0,2000.0,1231468475.35,1231.4685
366.0,Prithvi_Class,MIDCOURSE,537068.74,537.0687,387899.38,387.8994,1110.9097,3999.2749,1110.9097,1076.8994,-272.7784,-0.0,-9.81,9.81,6.1717,0.0,0.0,0.0,0.0,0.0,0.0,2000.0,1234120372.49,1234.1204
366.5,Prithvi_Class,MIDCOURSE,536929.89,536.9299,388437.83,388.4378,1112.1243,4003.6474,1112.1243,1076.8994,-277.6834,-0.0,-9.81,9.81,6.1785,0.0,0.0,0.0,0.0,0.0,0.0,2000.0,1236820387.69,1236.8204
367.0,Prithvi_Class,MIDCOURSE,536788.6,536.7886,388976.28,388.9763,1113.3591,4008.0928,1113.3591,1076.8994,-282.5884,-0.0,-9.81,9.81,6.1853,0.0,0.0,0.0,0.0,0.0,0.0,2000.0,1239568520.93,1239.5685
367.5,Prithvi_Class,MIDCOURSE,536644.85,536.6449,389514.73,389.5147,1114.6142,4012.6111,1114.6142,1076.8994,-287.4934,-0.0,-9.81,9.81,6.1923,0.0,0.0,0.0,0.0,0.0,0.0,2000.0,1242364772.22,1242.3648
368.0,Prithvi_Class,MIDCOURSE,536498.65,536.4987,390053.18,390.0532,1115.8894,4017.2018,1115.8894,1076.8994,-292.3984,-0.0,-9.81,9.81,6.1994,0.0,0.0,0.0,0.0,0.0,0.0,2000.0,1245209141.57,1245.2091
368.5,Prithvi_Class,MIDCOURSE,536350.0,536.35,390591.63,390.5916,1117.1847,4021.8649,1117.1847,1076.8994,-297.3034,-0.0,-9.81,9.81,6.2066,0.0,0.0,0.0,0.0,0.0,0.0,2000.0,1248101628.96,1248.1016
369.0,Prithvi_Class,MIDCOURSE,536198.9,536.1989,391130.08,391.1301,1118.5,4026.6,1118.5,1076.8994,-302.2084,-0.0,-9.81,9.81,6.2139,0.0,0.0,0.0,0.0,0.0,0.0,2000.0,1251042234.4,1251.0422
369.5,Prithvi_Class,MIDCOURSE,536045.34,536.0453,391668.53,391.6685,1119.8352,4031.4069,1119.8352,1076.8994,-307.1134,-0.0,-9.81,9.81,6.2213,0.0,0.0,0.0,0.0,0.0,0.0,2000.0,1254030957.89,1254.031
370.0,Prithvi_Class,MIDCOURSE,535889.33,535.8893,392206.98,392.207,1121.1903,4036.2853,1121.1903,1076.8994,-312.0184,-0.0,-9.81,9.81,6.2288,0.0,0.0,0.0,0.0,0.0,0.0,2000.0,1257067799.44,1257.0678
370.5,Prithvi_Class,MIDCOURSE,535730.87,535.7309,392745.43,392.7454,1122.5653,4041.2349,1122.5653,1076.8994,-316.9234,-0.0,-9.81,9.81,6.2365,0.0,0.0,0.0,0.0,0.0,0.0,2000.0,1260152759.03,1260.1528
371.0,Prithvi_Class,MIDCOURSE,535569.96,535.57,393283.88,393.2839,1123.9599,4046.2556,1123.9599,1076.8994,-321.8284,-0.0,-9.81,9.81,6.2442,0.0,0.0,0.0,0.0,0.0,0.0,2000.0,1263285836.67,1263.2858
371.5,Prithvi_Class,MIDCOURSE,535406.59,535.4066,393822.32,393.8223,1125.3742,4051.347,1125.3742,1076.8994,-326.7334,-0.0,-9.81,9.81,6.2521,0.0,0.0,0.0,0.0,0.0,0.0,2000.0,1266467032.37,1266.467
372.0,Prithvi_Class,MIDCOURSE,535240.77,535.2408,394360.77,394.3608,1126.808,4056.5089,1126.808,1076.8994,-331.6384,-0.0,-9.81,9.81,6.26,0.0,0.0,0.0,0.0,0.0,0.0,2000.0,1269696346.11,1269.6963
372.5,Prithvi_Class,MIDCOURSE,535072.5,535.0725,394899.22,394.8992,1128.2614,4061.741,1128.2614,1076.8994,-336.5434,-0.0,-9.81,9.81,6.2681,0.0,0.0,0.0,0.0,0.0,0.0,2000.0,1272973777.9,1272.9738
373.0,Prithvi_Class,MIDCOURSE,534901.77,534.9018,395437.67,395.4377,1129.7342,4067.0431,1129.7342,1076.8994,-341.4484,-0.0,-9.81,9.81,6.2763,0.0,0.0,0.0,0.0,0.0,0.0,2000.0,1276299327.74,1276.2993
373.5,Prithvi_Class,MIDCOURSE,534728.6,534.7286,395976.12,395.9761,1131.2263,4072.4148,1131.2263,1076.8994,-346.3534,-0.0,-9.81,9.81,6.2846,0.0,0.0,0.0,0.0,0.0,0.0,2000.0,1279672995.64,1279.673
374.0,Prithvi_Class,MIDCOURSE,534552.97,534.553,396514.57,396.5146,1132.7377,4077.8559,1132.7377,1076.8994,-351.2584,-0.0,-9.81,9.81,6.293,0.0,0.0,0.0,0.0,0.0,0.0,2000.0,1283094781.58,1283.0948
374.5,Prithvi_Class,MIDCOURSE,534374.89,534.3749,397053.02,397.053,1134.2683,4083.3661,1134.2683,1076.8994,-356.1634,-0.0,-9.81,9.81,6.3015,0.0,0.0,0.0,0.0,0.0,0.0,2000.0,1286564685.57,1286.5647
375.0,Prithvi_Class,MIDCOURSE,534194.35,534.1944,397591.47,397.5915,1135.8181,4088.9451,1135.8181,1076.8994,-361.0684,-0.0,-9.81,9.81,6.3101,0.0,0.0,0.0,0.0,0.0,0.0,2000.0,1290082707.62,1290.0827
375.5,Prithvi_Class,MIDCOURSE,534011.37,534.0114,398129.92,398.1299,1137.3869,4094.5927,1137.3869,1076.8994,-365.9734,-0.0,-9.81,9.81,6.3188,0.0,0.0,0.0,0.0,0.0,0.0,2000.0,1293648847.71,1293.6488
376.0,Prithvi_Class,MIDCOURSE,533825.93,533.8259,398668.37,398.6684,1138.9746,4100.3085,1138.9746,1076.8994,-370.8784,-0.0,-9.81,9.81,6.3276,0.0,0.0,0.0,0.0,0.0,0.0,2000.0,1297263105.85,1297.2631
376.5,Prithvi_Class,MIDCOURSE,533638.03,533.638,399206.82,399.2068,1140.5812,4106.0923,1140.5812,1076.8994,-375.7834,-0.0,-9.81,9.81,6.3366,0.0,0.0,0.0,0.0,0.0,0.0,2000.0,1300925482.05,1300.9255
377.0,Prithvi_Class,MIDCOURSE,533447.69,533.4477,399745.27,399.7453,1142.2066,4111.9439,1142.2066,1076.8994,-380.6884,-0.0,-9.81,9.81,6.3456,0.0,0.0,0.0,0.0,0.0,0.0,2000.0,1304635976.29,1304.636
377.5,Prithvi_Class,MIDCOURSE,533254.89,533.2549,400283.72,400.2837,1143.8508,4117.8628,1143.8508,1076.8994,-385.5934,-0.0,-9.81,9.81,6.3547,0.0,0.0,0.0,0.0,0.0,0.0,2000.0,1308394588.58,1308.3946
378.0,Prithvi_Class,MIDCOURSE,533059.64,533.0596,400822.17,400.8222,1145.5136,4123.8488,1145.5136,1076.8994,-390.4984,-0.0,-9.81,9.81,6.364,0.0,0.0,0.0,0.0,0.0,0.0,2000.0,1312201318.92,1312.2013
378.5,Prithvi_Class,MIDCOURSE,532861.94,532.8619,401360.62,401.3606,1147.1949,4129.9017,1147.1949,1076.8994,-395.4034,-0.0,-9.81,9.81,6.3733,0.0,0.0,0.0,0.0,0.0,0.0,2000.0,1316056167.32,1316.0562
379.0,Prithvi_Class,MIDCOURSE,532661.79,532.6618,401899.07,401.8991,1148.8947,4136.0211,1148.8947,1076.8994,-400.3084,-0.0,-9.81,9.81,6.3827,0.0,0.0,0.0,0.0,0.0,0.0,2000.0,1319959133.76,1319.9591
379.5,Prithvi_Class,MIDCOURSE,532459.18,532.4592,402437.52,402.4375,1150.613,4142.2067,1150.613,1076.8994,-405.2134,-0.0,-9.81,9.81,6.3923,0.0,0.0,0.0,0.0,0.0,0.0,2000.0,1323910218.25,1323.9102
380.0,Prithvi_Class,MIDCOURSE,532254.12,532.2541,402975.97,402.976,1152.3495,4148.4583,1152.3495,1076.8994,-410.1184,-0.0,-9.81,9.81,6.4019,0.0,0.0,0.0,0.0,0.0,0.0,2000.0,1327909420.8,1327.9094
380.5,Prithvi_Class,MIDCOURSE,532046.61,532.0466,403514.42,403.5144,1154.1043,4154.7755,1154.1043,1076.8994,-415.0234,-0.0,-9.81,9.81,6.4117,0.0,0.0,0.0,0.0,0.0,0.0,2000.0,1331956741.39,1331.9567
381.0,Prithvi_Class,MIDCOURSE,531836.65,531.8366,404052.87,404.0529,1155.8772,4161.158,1155.8772,1076.8994,-419.9284,-0.0,-9.81,9.81,6.4215,0.0,0.0,0.0,0.0,0.0,0.0,2000.0,1336052180.03,1336.0522
381.5,Prithvi_Class,MIDCOURSE,531624.23,531.6242,404591.32,404.5913,1157.6682,4167.6056,1157.6682,1076.8994,-424.8334,-0.0,-9.81,9.81,6.4315,0.0,0.0,0.0,0.0,0.0,0.0,2000.0,1340195736.72,1340.1957
382.0,Prithvi_Class,MIDCOURSE,531409.36,531.4094,405129.77,405.1298,1159.4772,4174.118,1159.4772,1076.8994,-429.7384,-0.0,-9.81,9.81,6.4415,0.0,0.0,0.0,0.0,0.0,0.0,2000.0,1344387411.47,1344.3874
382.5,Prithvi_Class,MIDCOURSE,531192.04,531.192,405668.22,405.6682,1161.3041,4180.6947,1161.3041,1076.8994,-434.6434,-0.0,-9.81,9.81,6.4517,0.0,0.0,0.0,0.0,0.0,0.0,2000.0,1348627204.26,1348.6272
383.0,Prithvi_Class,MIDCOURSE,530972.27,530.9723,406206.67,406.2067,1163.1488,4187.3357,1163.1488,1076.8994,-439.5484,-0.0,-9.81,9.81,6.4619,0.0,0.0,0.0,0.0,0.0,0.0,2000.0,1352915115.1,1352.9151
383.5,Prithvi_Class,MIDCOURSE,530750.04,530.75,406745.12,406.7451,1165.0112,4194.0404,1165.0112,1076.8994,-444.4534,-0.0,-9.81,9.81,6.4723,0.0,0.0,0.0,0.0,0.0,0.0,2000.0,1357251144.0,1357.2511
384.0,Prithvi_Class,MIDCOURSE,530525.36,530.5254,407283.57,407.2836,1166.8913,4200.8087,1166.8913,1076.8994,-449.3584,-0.0,-9.81,9.81,6.4827,0.0,0.0,0.0,0.0,0.0,0.0,2000.0,1361635290.94,1361.6353
384.5,Prithvi_Class,MIDCOURSE,530298.23,530.2982,407822.02,407.822,1168.7889,4207.6401,1168.7889,1076.8994,-454.2634,-0.0,-9.81,9.81,6.4933,0.0,0.0,0.0,0.0,0.0,0.0,2000.0,1366067555.93,1366.0676
385.0,Prithvi_Class,MIDCOURSE,530068.64,530.0686,408360.47,408.3605,1170.704,4214.5345,1170.704,1076.8994,-459.1684,-0.0,-9.81,9.81,6.5039,0.0,0.0,0.0,0.0,0.0,0.0,2000.0,1370547938.97,1370.5479
385.5,Prithvi_Class,MIDCOURSE,529836.61,529.8366,408898.92,408.8989,1172.6365,4221.4915,1172.6365,1076.8994,-464.0734,-0.0,-9.81,9.81,6.5146,0.0,0.0,0.0,0.0,0.0,0.0,2000.0,1375076440.07,1375.0764
386.0,Prithvi_Class,MIDCOURSE,529602.12,529.6021,409437.37,409.4374,1174.5863,4228.5108,1174.5863,1076.8994,-468.9784,-0.0,-9.81,9.81,6.5255,0.0,0.0,0.0,0.0,0.0,0.0,2000.0,1379653059.21,1379.6531
386.5,Prithvi_Class,MIDCOURSE,529365.18,529.3652,409975.82,409.9758,1176.5534,4235.5921,1176.5534,1076.8994,-473.8834,-0.0,-9.81,9.81,6.5364,0.0,0.0,0.0,0.0,0.0,0.0,2000.0,1384277796.4,1384.2778
387.0,Prithvi_Class,MIDCOURSE,529125.78,529.1258,410514.27,410.5143,1178.5375,4242.735,1178.5375,1076.8994,-478.7884,-0.0,-9.81,9.81,6.5474,0.0,0.0,0.0,0.0,0.0,0.0,2000.0,1388950651.65,1388.9507
387.5,Prithvi_Class,MIDCOURSE,528883.93,528.8839,411052.72,411.0527,1180.5387,4249.9393,1180.5387,1076.8994,-483.6934,-0.0,-9.81,9.81,6.5585,0.0,0.0,0.0,0.0,0.0,0.0,2000.0,1393671624.94,1393.6716
388.0,Prithvi_Class,MIDCOURSE,528639.64,528.6396,411591.17,411.5912,1182.5569,4257.2047,1182.5569,1076.8994,-488.5984,-0.0,-9.81,9.81,6.5698,0.0,0.0,0.0,0.0,0.0,0.0,2000.0,1398440716.28,1398.4407
388.5,Prithvi_Class,MIDCOURSE,528392.88,528.3929,412129.61,412.1296,1184.5919,4264.5308,1184.5919,1076.8994,-493.5034,-0.0,-9.81,9.81,6.5811,0.0,0.0,0.0,0.0,0.0,0.0,2000.0,1403257925.68,1403.2579
389.0,Prithvi_Class,MIDCOURSE,528143.68,528.1437,412668.06,412.6681,1186.6437,4271.9173,1186.6437,1076.8994,-498.4084,-0.0,-9.81,9.81,6.5925,0.0,0.0,0.0,0.0,0.0,0.0,2000.0,1408123253.12,1408.1233
389.5,Prithvi_Class,MIDCOURSE,527892.02,527.892,413206.51,413.2065,1188.7122,4279.3639,1188.7122,1076.8994,-503.3134,-0.0,-9.81,9.81,6.604,0.0,0.0,0.0,0.0,0.0,0.0,2000.0,1413036698.61,1413.0367
390.0,Prithvi_Class,MIDCOURSE,527637.91,527.6379,413744.96,413.745,1190.7973,4286.8704,1190.7973,1076.8994,-508.2184,-0.0,-9.81,9.81,6.6155,0.0,0.0,0.0,0.0,0.0,0.0,2000.0,1417998262.15,1417.9983
390.5,Prithvi_Class,MIDCOURSE,527381.35,527.3814,414283.41,414.2834,1192.899,4294.4363,1192.899,1076.8994,-513.1234,-0.0,-9.81,9.81,6.6272,0.0,0.0,0.0,0.0,0.0,0.0,2000.0,1423007943.75,1423.0079
391.0,Prithvi_Class,MIDCOURSE,527122.34,527.1223,414821.86,414.8219,1195.017,4302.0614,1195.017,1076.8994,-518.0284,-0.0,-9.81,9.81,6.639,0.0,0.0,0.0,0.0,0.0,0.0,2000.0,1428065743.39,1428.0657
391.5,Prithvi_Class,MIDCOURSE,526860.87,526.8609,415360.31,415.3603,1197.1515,4309.7453,1197.1515,1076.8994,-522.9334,-0.0,-9.81,9.81,6.6508,0.0,0.0,0.0,0.0,0.0,0.0,2000.0,1433171661.08,1433.1717
392.0,Prithvi_Class,MIDCOURSE,526596.95,526.597,415898.76,415.8988,1199.3022,4317.4878,1199.3022,1076.8994,-527.8384,-0.0,-9.81,9.81,6.6628,0.0,0.0,0.0,0.0,0.0,0.0,2000.0,1438325696.83,1438.3257
392.5,Prithvi_Class,MIDCOURSE,526330.58,526.3306,416437.21,416.4372,1201.469,4325.2885,1201.469,1076.8994,-532.7434,-0.0,-9.81,9.81,6.6748,0.0,0.0,0.0,0.0,0.0,0.0,2000.0,1443527850.62,1443.5279
393.0,Prithvi_Class,MIDCOURSE,526061.76,526.0618,416975.66,416.9757,1203.652,4333.1472,1203.652,1076.8994,-537.6484,-0.0,-9.81,9.81,6.687,0.0,0.0,0.0,0.0,0.0,0.0,2000.0,1448778122.46,1448.7781
393.5,Prithvi_Class,MIDCOURSE,525790.48,525.7905,417514.11,417.5141,1205.8509,4341.0634,1205.8509,1076.8994,-542.5534,-0.0,-9.81,9.81,6.6992,0.0,0.0,0.0,0.0,0.0,0.0,2000.0,1454076512.35,1454.0765
394.0,Prithvi_Class,MIDCOURSE,525516.75,525.5168,418052.56,418.0526,1208.0658,4349.0369,1208.0658,1076.8994,-547.4584,-0.0,-9.81,9.81,6.7115,0.0,0.0,0.0,0.0,0.0,0.0,2000.0,1459423020.3,1459.423
394.5,Prithvi_Class,MIDCOURSE,525240.57,525.2406,418591.01,418.591,1210.2965,4357.0674,1210.2965,1076.8994,-552.3634,-0.0,-9.81,9.81,6.7239,0.0,0.0,0.0,0.0,0.0,0.0,2000.0,1464817646.29,1464.8176
395.0,Prithvi_Class,MIDCOURSE,524961.93,524.9619,419129.46,419.1295,1212.5429,4365.1546,1212.5429,1076.8994,-557.2684,-0.0,-9.81,9.81,6.7363,0.0,0.0,0.0,0.0,0.0,0.0,2000.0,1470260390.33,1470.2604
395.5,Prithvi_Class,MIDCOURSE,524680.85,524.6808,419667.91,419.6679,1214.805,4373.2981,1214.805,1076.8994,-562.1734,-0.0,-9.81,9.81,6.7489,0.0,0.0,0.0,0.0,0.0,0.0,2000.0,1475751252.43,1475.7513
396.0,Prithvi_Class,MIDCOURSE,524397.31,524.3973,420206.36,420.2064,1217.0827,4381.4976,1217.0827,1076.8994,-567.0784,-0.0,-9.81,9.81,6.7616,0.0,0.0,0.0,0.0,0.0,0.0,2000.0,1481290232.57,1481.2902
396.5,Prithvi_Class,MIDCOURSE,524111.32,524.1113,420744.81,420.7448,1219.3758,4389.7529,1219.3758,1076.8994,-571.9834,-0.0,-9.81,9.81,6.7743,0.0,0.0,0.0,0.0,0.0,0.0,2000.0,1486877330.76,1486.8773
397.0,Prithvi_Class,MIDCOURSE,523822.87,523.8229,421283.26,421.2833,1221.6843,4398.0635,1221.6843,1076.8994,-576.8884,-0.0,-9.81,9.81,6.7871,0.0,0.0,0.0,0.0,0.0,0.0,2000.0,1492512547.01,1492.5125
397.5,Prithvi_Class,MIDCOURSE,523531.98,523.532,421821.71,421.8217,1224.0081,4406.4292,1224.0081,1076.8994,-581.7934,-0.0,-9.81,9.81,6.8,0.0,0.0,0.0,0.0,0.0,0.0,2000.0,1498195881.3,1498.1959
398.0,Prithvi_Class,MIDCOURSE,523238.63,523.2386,422360.16,422.3602,1226.3472,4414.8497,1226.3472,1076.8994,-586.6984,-0.0,-9.81,9.81,6.813,0.0,0.0,0.0,0.0,0.0,0.0,2000.0,1503927333.64,1503.9273
398.5,Prithvi_Class,MIDCOURSE,522942.82,522.9428,422898.61,422.8986,1228.7013,4423.3247,1228.7013,1076.8994,-591.6034,-0.0,-9.81,9.81,6.8261,0.0,0.0,0.0,0.0,0.0,0.0,2000.0,1509706904.03,1509.7069
399.0,Prithvi_Class,MIDCOURSE,522644.57,522.6446,423437.06,423.4371,1231.0705,4431.8538,1231.0705,1076.8994,-596.5084,-0.0,-9.81,9.81,6.8393,0.0,0.0,0.0,0.0,0.0,0.0,2000.0,1515534592.48,1515.5346
399.5,Prithvi_Class,MIDCOURSE,522343.86,522.3439,423975.51,423.9755,1233.4547,4440.4368,1233.4547,1076.8994,-601.4134,-0.0,-9.81,9.81,6.8525,0.0,0.0,0.0,0.0,0.0,0.0,2000.0,1521410398.97,1521.4104
400.0,Prithvi_Class,MIDCOURSE,522040.7,522.0407,424513.96,424.514,1235.8537,4449.0733,1235.8537,1076.8994,-606.3184,-0.0,-9.81,9.81,6.8659,0.0,0.0,0.0,0.0,0.0,0.0,2000.0,1527334323.51,1527.3343
400.5,Prithvi_Class,MIDCOURSE,521735.09,521.7351,425052.41,425.0524,1238.2675,4457.7629,1238.2675,1076.8994,-611.2234,-0.0,-9.81,9.81,6.8793,0.0,0.0,0.0,0.0,0.0,0.0,2000.0,1533306366.11,1533.3064
401.0,Prithvi_Class,MIDCOURSE,521427.03,521.427,425590.86,425.5909,1240.696,4466.5055,1240.696,1076.8994,-616.1284,-0.0,-9.81,9.81,6.8928,0.0,0.0,0.0,0.0,0.0,0.0,2000.0,1539326526.75,1539.3265
401.5,Prithvi_Class,MIDCOURSE,521116.51,521.1165,426129.31,426.1293,1243.1391,4475.3007,1243.1391,1076.8994,-621.0334,-0.0,-9.81,9.81,6.9063,0.0,0.0,0.0,0.0,0.0,0.0,2000.0,1545394805.44,1545.3948
402.0,Prithvi_Class,MIDCOURSE,520803.54,520.8035,426667.76,426.6678,1245.5967,4484.1482,1245.5967,1076.8994,-625.9384,-0.0,-9.81,9.81,6.92,0.0,0.0,0.0,0.0,0.0,0.0,2000.0,1551511202.18,1551.5112
402.5,Prithvi_Class,MIDCOURSE,520488.12,520.4881,427206.21,427.2062,1248.0688,4493.0477,1248.0688,1076.8994,-630.8434,-0.0,-9.81,9.81,6.9337,0.0,0.0,0.0,0.0,0.0,0.0,2000.0,1557675716.98,1557.6757
403.0,Prithvi_Class,MIDCOURSE,520170.25,520.1702,427744.66,427.7447,1250.5552,4501.9988,1250.5552,1076.8994,-635.7484,-0.0,-9.81,9.81,6.9475,0.0,0.0,0.0,0.0,0.0,0.0,2000.0,1563888349.82,1563.8883
403.5,Prithvi_Class,MIDCOURSE,519849.92,519.8499,428283.11,428.2831,1253.0559,4511.0013,1253.0559,1076.8994,-640.6534,-0.0,-9.81,9.81,6.9614,0.0,0.0,0.0,0.0,0.0,0.0,2000.0,1570149100.71,1570.1491
404.0,Prithvi_Class,MIDCOURSE,519527.14,519.5271,428821.56,428.8216,1255.5708,4520.0548,1255.5708,1076.8994,-645.5584,-0.0,-9.81,9.81,6.9754,0.0,0.0,0.0,0.0,0.0,0.0,2000.0,1576457969.66,1576.458
404.5,Prithvi_Class,MIDCOURSE,519201.91,519.2019,429360.01,429.36,1258.0997,4529.1591,1258.0997,1076.8994,-650.4634,-0.0,-9.81,9.81,6.9894,0.0,0.0,0.0,0.0,0.0,0.0,2000.0,1582814956.65,1582.815
405.0,Prithvi_Class,MIDCOURSE,518874.23,518.8742,429898.45,429.8985,1260.6427,4538.3138,1260.6427,1076.8994,-655.3684,-0.0,-9.81,9.81,7.0036,0.0,0.0,0.0,0.0,0.0,0.0,2000.0,1589220061.69,1589.2201
405.5,Prithvi_Class,MIDCOURSE,518544.09,518.5441,430436.9,430.4369,1263.1996,4547.5186,1263.1996,1076.8994,-660.2734,-0.0,-9.81,9.81,7.0178,0.0,0.0,0.0,0.0,0.0,0.0,2000.0,1595673284.79,1595.6733
406.0,Prithvi_Class,MIDCOURSE,518211.5,518.2115,430975.35,430.9754,1265.7704,4556.7733,1265.7704,1076.8994,-665.1784,-0.0,-9.81,9.81,7.0321,0.0,0.0,0.0,0.0,0.0,0.0,2000.0,1602174625.93,1602.1746
406.5,Prithvi_Class,MIDCOURSE,517876.46,517.8765,431513.8,431.5138,1268.3549,4566.0775,1268.3549,1076.8994,-670.0834,-0.0,-9.81,9.81,7.0464,0.0,0.0,0.0,0.0,0.0,0.0,2000.0,1608724085.12,1608.7241
407.0,Prithvi_Class,MIDCOURSE,517538.96,517.539,432052.25,432.0523,1270.9531,4575.431,1270.9531,1076.8994,-674.9884,-0.0,-9.81,9.81,7.0609,0.0,0.0,0.0,0.0,0.0,0.0,2000.0,1615321662.36,1615.3217
407.5,Prithvi_Class,MIDCOURSE,517199.02,517.199,432590.7,432.5907,1273.5648,4584.8334,1273.5648,1076.8994,-679.8934,-0.0,-9.81,9.81,7.0754,0.0,0.0,0.0,0.0,0.0,0.0,2000.0,1621967357.66,1621.9674
408.0,Prithvi_Class,MIDCOURSE,516856.62,516.8566,433129.15,433.1292,1276.1901,4594.2844,1276.1901,1076.8994,-684.7984,-0.0,-9.81,9.81,7.0899,0.0,0.0,0.0,0.0,0.0,0.0,2000.0,1628661171.0,1628.6612
408.5,Prithvi_Class,MIDCOURSE,516511.77,516.5118,433667.6,433.6676,1278.8288,4603.7837,1278.8288,1076.8994,-689.7034,-0.0,-9.81,9.81,7.1046,0.0,0.0,0.0,0.0,0.0,0.0,2000.0,1635403102.39,1635.4031
409.0,Prithvi_Class,MIDCOURSE,516164.46,516.1645,434206.05,434.2061,1281.4808,4613.331,1281.4808,1076.8994,-694.6084,-0.0,-9.81,9.81,7.1193,0.0,0.0,0.0,0.0,0.0,0.0,2000.0,1642193151.84,1642.1932
409.5,Prithvi_Class,MIDCOURSE,515814.71,515.8147,434744.5,434.7445,1284.1461,4622.9261,1284.1461,1076.8994,-699.5134,-0.0,-9.81,9.81,7.1341,0.0,0.0,0.0,0.0,0.0,0.0,2000.0,1649031319.33,1649.0313
410.0,Prithvi_Class,MIDCOURSE,515462.5,515.4625,435282.95,435.283,1286.8246,4632.5686,1286.8246,1076.8994,-704.4184,-0.0,-9.81,9.81,7.149,0.0,0.0,0.0,0.0,0.0,0.0,2000.0,1655917604.87,1655.9176
410.5,Prithvi_Class,MIDCOURSE,515107.83,515.1078,435821.4,435.8214,1289.5162,4642.2583,1289.5162,1076.8994,-709.3234,-0.0,-9.81,9.81,7.164,0.0,0.0,0.0,0.0,0.0,0.0,2000.0,1662852008.46,1662.852
411.0,Prithvi_Class,MIDCOURSE,514750.72,514.7507,436359.85,436.3599,1292.2208,4651.9948,1292.2208,1076.8994,-714.2284,-0.0,-9.81,9.81,7.179,0.0,0.0,0.0,0.0,0.0,0.0,2000.0,1669834530.11,1669.8345
411.5,Prithvi_Class,MIDCOURSE,514391.15,514.3912,436898.3,436.8983,1294.9383,4661.7778,1294.9383,1076.8994,-719.1334,-0.0,-9.81,9.81,7.1941,0.0,0.0,0.0,0.0,0.0,0.0,2000.0,1676865169.8,1676.8652
412.0,Prithvi_Class,MIDCOURSE,514029.13,514.0291,437436.75,437.4368,1297.6687,4671.6071,1297.6687,1076.8994,-724.0384,-0.0,-9.81,9.81,7.2093,0.0,0.0,0.0,0.0,0.0,0.0,2000.0,1683943927.54,1683.9439
412.5,Prithvi_Class,MIDCOURSE,513664.66,513.6647,437975.2,437.9752,1300.4118,4681.4824,1300.4118,1076.8994,-728.9434,-0.0,-9.81,9.81,7.2245,0.0,0.0,0.0,0.0,0.0,0.0,2000.0,1691070803.34,1691.0708
413.0,Prithvi_Class,MIDCOURSE,513297.74,513.2977,438513.65,438.5136,1303.1676,4691.4034,1303.1676,1076.8994,-733.8484,-0.0,-9.81,9.81,7.2398,0.0,0.0,0.0,0.0,0.0,0.0,2000.0,1698245797.18,1698.2458
413.5,Prithvi_Class,MIDCOURSE,512928.36,512.9284,439052.1,439.0521,1305.936,4701.3697,1305.936,1076.8994,-738.7534,-0.0,-9.81,9.81,7.2552,0.0,0.0,0.0,0.0,0.0,0.0,2000.0,1705468909.07,1705.4689
414.0,Prithvi_Class,MIDCOURSE,512556.53,512.5565,439590.55,439.5905,1308.717,4711.3811,1308.717,1076.8994,-743.6584,-0.0,-9.81,9.81,7.2706,0.0,0.0,0.0,0.0,0.0,0.0,2000.0,1712740139.01,1712.7401
414.5,Prithvi_Class,MIDCOURSE,512182.25,512.1823,440129.0,440.129,1311.5104,4721.4374,1311.5104,1076.8994,-748.5634,-0.0,-9.81,9.81,7.2862,0.0,0.0,0.0,0.0,0.0,0.0,2000.0,1720059487.01,1720.0595
415.0,Prithvi_Class,MIDCOURSE,511805.52,511.8055,440667.45,440.6674,1314.3162,4731.5382,1314.3162,1076.8994,-753.4684,-0.0,-9.81,9.81,7.3018,0.0,0.0,0.0,0.0,0.0,0.0,2000.0,1727426953.05,1727.427
415.5,Prithvi_Class,MIDCOURSE,511426.33,511.4263,441205.9,441.2059,1317.1342,4741.6832,1317.1342,1076.8994,-758.3734,-0.0,-9.81,9.81,7.3174,0.0,0.0,0.0,0.0,0.0,0.0,2000.0,1734842537.14,1734.8425
416.0,Prithvi_Class,MIDCOURSE,511044.69,511.0447,441744.35,441.7443,1319.9645,4751.8721,1319.9645,1076.8994,-763.2784,-0.0,-9.81,9.81,7.3331,0.0,0.0,0.0,0.0,0.0,0.0,2000.0,1742306239.29,1742.3062
416.5,Prithvi_Class,MIDCOURSE,510660.6,510.6606,442282.8,442.2828,1322.8069,4762.1048,1322.8069,1076.8994,-768.1834,-0.0,-9.81,9.81,7.3489,0.0,0.0,0.0,0.0,0.0,0.0,2000.0,1749818059.48,1749.8181
417.0,Prithvi_Class,MIDCOURSE,510274.05,510.2741,442821.25,442.8212,1325.6613,4772.3808,1325.6613,1076.8994,-773.0884,-0.0,-9.81,9.81,7.3648,0.0,0.0,0.0,0.0,0.0,0.0,2000.0,1757377997.72,1757.378
417.5,Prithvi_Class,MIDCOURSE,509885.06,509.8851,443359.7,443.3597,1328.5278,4782.7,1328.5278,1076.8994,-777.9934,-0.0,-9.81,9.81,7.3807,0.0,0.0,0.0,0.0,0.0,0.0,2000.0,1764986054.02,1764.9861
418.0,Prithvi_Class,MIDCOURSE,509493.61,509.4936,443898.15,443.8981,1331.4061,4793.062,1331.4061,1076.8994,-782.8984,-0.0,-9.81,9.81,7.3967,0.0,0.0,0.0,0.0,0.0,0.0,2000.0,1772642228.36,1772.6422
418.5,Prithvi_Class,MIDCOURSE,509099.71,509.0997,444436.6,444.4366,1334.2963,4803.4666,1334.2963,1076.8994,-787.8034,-0.0,-9.81,9.81,7.4128,0.0,0.0,0.0,0.0,0.0,0.0,2000.0,1780346520.75,1780.3465
419.0,Prithvi_Class,MIDCOURSE,508703.35,508.7034,444975.05,444.975,1337.1982,4813.9134,1337.1982,1076.8994,-792.7084,-0.0,-9.81,9.81,7.4289,0.0,0.0,0.0,0.0,0.0,0.0,2000.0,1788098931.19,1788.0989
419.5,Prithvi_Class,MIDCOURSE,508304.55,508.3045,445513.5,445.5135,1340.1117,4824.4022,1340.1117,1076.8994,-797.6134,-0.0,-9.81,9.81,7.4451,0.0,0.0,0.0,0.0,0.0,0.0,2000.0,1795899459.69,1795.8995
420.0,Prithvi_Class,MIDCOURSE,507903.29,507.9033,446051.95,446.0519,1343.0369,4834.9328,1343.0369,1076.8994,-802.5184,-0.0,-9.81,9.81,7.4613,0.0,0.0,0.0,0.0,0.0,0.0,2000.0,1803748106.23,1803.7481
420.5,Prithvi_Class,MIDCOURSE,507499.58,507.4996,446590.4,446.5904,1345.9736,4845.5049,1345.9736,1076.8994,-807.4234,-0.0,-9.81,9.81,7.4776,0.0,0.0,0.0,0.0,0.0,0.0,2000.0,1811644870.82,1811.6449
421.0,Prithvi_Class,MIDCOURSE,507093.41,507.0934,447128.85,447.1288,1348.9217,4856.1181,1348.9217,1076.8994,-812.3284,-0.0,-9.81,9.81,7.494,0.0,0.0,0.0,0.0,0.0,0.0,2000.0,1819589753.47,1819.5898
421.5,Prithvi_Class,MIDCOURSE,506684.79,506.6848,447667.29,447.6673,1351.8812,4866.7723,1351.8812,1076.8994,-817.2334,-0.0,-9.81,9.81,7.5105,0.0,0.0,0.0,0.0,0.0,0.0,2000.0,1827582754.16,1827.5828
422.0,Prithvi_Class,MIDCOURSE,506273.72,506.2737,448205.74,448.2057,1354.852,4877.4671,1354.852,1076.8994,-822.1384,-0.0,-9.81,9.81,7.527,0.0,0.0,0.0,0.0,0.0,0.0,2000.0,1835623872.9,1835.6239
422.5,Prithvi_Class,MIDCOURSE,505860.2,505.8602,448744.19,448.7442,1357.834,4888.2023,1357.834,1076.8994,-827.0434,-0.0,-9.81,9.81,7.5435,0.0,0.0,0.0,0.0,0.0,0.0,2000.0,1843713109.69,1843.7131
423.0,Prithvi_Class,MIDCOURSE,505444.23,505.4442,449282.64,449.2826,1360.8271,4898.9777,1360.8271,1076.8994,-831.9484,-0.0,-9.81,9.81,7.5602,0.0,0.0,0.0,0.0,0.0,0.0,2000.0,1851850464.54,1851.8505
423.5,Prithvi_Class,MIDCOURSE,505025.8,505.0258,449821.09,449.8211,1363.8313,4909.7928,1363.8313,1076.8994,-836.8534,-0.0,-9.81,9.81,7.5768,0.0,0.0,0.0,0.0,0.0,0.0,2000.0,1860035937.43,1860.0359
424.0,Prithvi_Class,MIDCOURSE,504604.92,504.6049,450359.54,450.3595,1366.8466,4920.6476,1366.8466,1076.8994,-841.7584,-0.0,-9.81,9.81,7.5936,0.0,0.0,0.0,0.0,0.0,0.0,2000.0,1868269528.37,1868.2695
424.5,Prithvi_Class,MIDCOURSE,504181.59,504.1816,450897.99,450.898,1369.8727,4931.5418,1369.8727,1076.8994,-846.6634,-0.0,-9.81,9.81,7.6104,0.0,0.0,0.0,0.0,0.0,0.0,2000.0,1876551237.37,1876.5512
425.0,Prithvi_Class,MIDCOURSE,503755.81,503.7558,451436.44,451.4364,1372.9097,4942.4749,1372.9097,1076.8994,-851.5684,-0.0,-9.81,9.81,7.6273,0.0,0.0,0.0,0.0,0.0,0.0,2000.0,1884881064.41,1884.8811
425.5,Prithvi_Class,MIDCOURSE,503327.57,503.3276,451974.89,451.9749,1375.9575,4953.447,1375.9575,1076.8994,-856.4734,-0.0,-9.81,9.81,7.6442,0.0,0.0,0.0,0.0,0.0,0.0,2000.0,1893259009.5,1893.259
426.0,Prithvi_Class,MIDCOURSE,502896.88,502.8969,452513.34,452.5133,1379.016,4964.4575,1379.016,1076.8994,-861.3784,-0.0,-9.81,9.81,7.6612,0.0,0.0,0.0,0.0,0.0,0.0,2000.0,1901685072.65,1901.6851
426.5,Prithvi_Class,MIDCOURSE,502463.74,502.4637,453051.79,453.0518,1382.0851,4975.5064,1382.0851,1076.8994,-866.2834,-0.0,-9.81,9.81,7.6783,0.0,0.0,0.0,0.0,0.0,0.0,2000.0,1910159253.84,1910.1593
427.0,Prithvi_Class,MIDCOURSE,502028.15,502.0281,453590.24,453.5902,1385.1648,4986.5933,1385.1648,1076.8994,-871.1884,-0.0,-9.81,9.81,7.6954,0.0,0.0,0.0,0.0,0.0,0.0,2000.0,1918681553.08,1918.6816
427.5,Prithvi_Class,MIDCOURSE,501590.1,501.5901,454128.69,454.1287,1388.255,4997.718,1388.255,1076.8994,-876.0934,-0.0,-9.81,9.81,7.7125,0.0,0.0,0.0,0.0,0.0,0.0,2000.0,1927251970.37,1927.252
428.0,Prithvi_Class,MIDCOURSE,501149.6,501.1496,454667.14,454.6671,1391.3556,5008.8803,1391.3556,1076.8994,-880.9984,-0.0,-9.81,9.81,7.7298,0.0,0.0,0.0,0.0,0.0,0.0,2000.0,1935870505.72,1935.8705
428.5,Prithvi_Class,MIDCOURSE,500706.65,500.7066,455205.59,455.2056,1394.4666,5020.0798,1394.4666,1076.8994,-885.9034,-0.0,-9.81,9.81,7.747,0.0,0.0,0.0,0.0,0.0,0.0,2000.0,1944537159.11,1944.5372
429.0,Prithvi_Class,MIDCOURSE,500261.24,500.2612,455744.04,455.744,1397.5879,5031.3164,1397.5879,1076.8994,-890.8084,-0.0,-9.81,9.81,7.7644,0.0,0.0,0.0,0.0,0.0,0.0,2000.0,1953251930.55,1953.2519
429.5,Prithvi_Class,MIDCOURSE,499813.39,499.8134,456282.49,456.2825,1400.7194,5042.5898,1400.7194,1076.8994,-895.7134,-0.0,-9.81,9.81,7.7818,0.0,0.0,0.0,0.0,0.0,0.0,2000.0,1962014820.05,1962.0148
430.0,Prithvi_Class,MIDCOURSE,499363.08,499.3631,456820.94,456.8209,1403.861,5053.8998,1403.861,1076.8994,-900.6184,-0.0,-9.81,9.81,7.7992,0.0,0.0,0.0,0.0,0.0,0.0,2000.0,1970825827.59,1970.8258
430.5,Prithvi_Class,MIDCOURSE,498910.32,498.9103,457359.39,457.3594,1407.0128,5065.246,1407.0128,1076.8994,-905.5234,-0.0,-9.81,9.81,7.8167,0.0,0.0,0.0,0.0,0.0,0.0,2000.0,1979684953.18,1979.685
431.0,Prithvi_Class,MIDCOURSE,498455.1,498.4551,457897.84,457.8978,1410.1745,5076.6283,1410.1745,1076.8994,-910.4284,-0.0,-9.81,9.81,7.8343,0.0,0.0,0.0,0.0,0.0,0.0,2000.0,1988592196.82,1988.5922
431.5,Prithvi_Class,MIDCOURSE,497997.44,497.9974,458436.29,458.4363,1413.3462,5088.0464,1413.3462,1076.8994,-915.3334,-0.0,-9.81,9.81,7.8519,0.0,0.0,0.0,0.0,0.0,0.0,2000.0,1997547558.52,1997.5476
432.0,Prithvi_Class,MIDCOURSE,497537.32,497.5373,458974.74,458.9747,1416.5278,5099.5001,1416.5278,1076.8994,-920.2384,-0.0,-9.81,9.81,7.8696,0.0,0.0,0.0,0.0,0.0,0.0,2000.0,2006551038.26,2006.551
432.5,Prithvi_Class,MIDCOURSE,497074.74,497.0747,459513.19,459.5132,1419.7192,5110.9892,1419.7192,1076.8994,-925.1434,-0.0,-9.81,9.81,7.8873,0.0,0.0,0.0,0.0,0.0,0.0,2000.0,2015602636.05,2015.6026
433.0,Prithvi_Class,MIDCOURSE,496609.72,496.6097,460051.64,460.0516,1422.9204,5122.5133,1422.9204,1076.8994,-930.0484,-0.0,-9.81,9.81,7.9051,0.0,0.0,0.0,0.0,0.0,0.0,2000.0,2024702351.9,2024.7024
433.5,Prithvi_Class,MIDCOURSE,496142.24,496.1422,460590.09,460.5901,1426.1312,5134.0723,1426.1312,1076.8994,-934.9534,-0.0,-9.81,9.81,7.923,0.0,0.0,0.0,0.0,0.0,0.0,2000.0,2033850185.79,2033.8502
434.0,Prithvi_Class,MIDCOURSE,495672.31,495.6723,461128.54,461.1285,1429.3516,5145.6659,1429.3516,1076.8994,-939.8584,-0.0,-9.81,9.81,7.9408,0.0,0.0,0.0,0.0,0.0,0.0,2000.0,2043046137.73,2043.0461
434.5,Prithvi_Class,MIDCOURSE,495199.93,495.1999,461666.99,461.667,1432.5817,5157.294,1432.5817,1076.8994,-944.7634,-0.0,-9.81,9.81,7.9588,0.0,0.0,0.0,0.0,0.0,0.0,2000.0,2052290207.73,2052.2902
435.0,Prithvi_Class,MIDCOURSE,494725.1,494.7251,462205.44,462.2054,1435.8212,5168.9562,1435.8212,1076.8994,-949.6684,-0.0,-9.81,9.81,7.9768,0.0,0.0,0.0,0.0,0.0,0.0,2000.0,2061582395.77,2061.5824
435.5,Prithvi_Class,MIDCOURSE,494247.81,494.2478,462743.89,462.7439,1439.0701,5180.6523,1439.0701,1076.8994,-954.5734,-0.0,-9.81,9.81,7.9948,0.0,0.0,0.0,0.0,0.0,0.0,2000.0,2070922701.86,2070.9227
436.0,Prithvi_Class,MIDCOURSE,493768.07,493.7681,463282.34,463.2823,1442.3284,5192.3821,1442.3284,1076.8994,-959.4784,-0.0,-9.81,9.81,8.0129,0.0,0.0,0.0,0.0,0.0,0.0,2000.0,2080311126.0,2080.3111
436.5,Prithvi_Class,MIDCOURSE,493285.88,493.2859,463820.79,463.8208,1445.596,5204.1454,1445.596,1076.8994,-964.3834,-0.0,-9.81,9.81,8.0311,0.0,0.0,0.0,0.0,0.0,0.0,2000.0,2089747668.2,2089.7477
437.0,Prithvi_Class,MIDCOURSE,492801.24,492.8012,464359.24,464.3592,1448.8728,5215.942,1448.8728,1076.8994,-969.2884,-0.0,-9.81,9.81,8.0493,0.0,0.0,0.0,0.0,0.0,0.0,2000.0,2099232328.44,2099.2323
437.5,Prithvi_Class,MIDCOURSE,492314.14,492.3141,464897.69,464.8977,1452.1588,5227.7716,1452.1588,1076.8994,-974.1934,-0.0,-9.81,9.81,8.0675,0.0,0.0,0.0,0.0,0.0,0.0,2000.0,2108765106.73,2108.7651
438.0,Prithvi_Class,MIDCOURSE,491824.59,491.8246,465436.13,465.4361,1455.4539,5239.634,1455.4539,1076.8994,-979.0984,-0.0,-9.81,9.81,8.0859,0.0,0.0,0.0,0.0,0.0,0.0,2000.0,2118346003.08,2118.346
438.5,Prithvi_Class,MIDCOURSE,491332.59,491.3326,465974.58,465.9746,1458.758,5251.5289,1458.758,1076.8994,-984.0034,-0.0,-9.81,9.81,8.1042,0.0,0.0,0.0,0.0,0.0,0.0,2000.0,2127975017.47,2127.975
439.0,Prithvi_Class,MIDCOURSE,490838.13,490.8381,466513.03,466.513,1462.0712,5263.4563,1462.0712,1076.8994,-988.9084,-0.0,-9.81,9.81,8.1226,0.0,0.0,0.0,0.0,0.0,0.0,2000.0,2137652149.91,2137.6521
439.5,Prithvi_Class,MIDCOURSE,490341.23,490.3412,467051.48,467.0515,1465.3933,5275.4157,1465.3933,1076.8994,-993.8134,-0.0,-9.81,9.81,8.1411,0.0,0.0,0.0,0.0,0.0,0.0,2000.0,2147377400.4,2147.3774
440.0,Prithvi_Class,MIDCOURSE,489841.87,489.8419,467589.93,467.5899,1468.7242,5287.4071,1468.7242,1076.8994,-998.7184,-0.0,-9.81,9.81,8.1596,0.0,0.0,0.0,0.0,0.0,0.0,2000.0,2157150768.95,2157.1508
440.5,Prithvi_Class,MIDCOURSE,489340.06,489.3401,468128.38,468.1284,1472.0639,5299.4302,1472.0639,1076.8994,-1003.6234,-0.0,-9.81,9.81,8.1781,0.0,0.0,0.0,0.0,0.0,0.0,2000.0,2166972255.54,2166.9723
441.0,Prithvi_Class,MIDCOURSE,488835.79,488.8358,468666.83,468.6668,1475.4124,5311.4848,1475.4124,1076.8994,-1008.5284,-0.0,-9.81,9.81,8.1967,0.0,0.0,0.0,0.0,0.0,0.0,2000.0,2176841860.18,2176.8419
441.5,Prithvi_Class,MIDCOURSE,488329.08,488.3291,469205.28,469.2053,1478.7696,5323.5706,1478.7696,1076.8994,-1013.4334,-0.0,-9.81,9.81,8.2154,0.0,0.0,0.0,0.0,0.0,0.0,2000.0,2186759582.88,2186.7596
442.0,Prithvi_Class,MIDCOURSE,487819.91,487.8199,469743.73,469.7437,1482.1354,5335.6875,1482.1354,1076.8994,-1018.3384,-0.0,-9.81,9.81,8.2341,0.0,0.0,0.0,0.0,0.0,0.0,2000.0,2196725423.62,2196.7254
442.5,Prithvi_Class,MIDCOURSE,487308.29,487.3083,470282.18,470.2822,1485.5098,5347.8353,1485.5098,1076.8994,-1023.2434,-0.0,-9.81,9.81,8.2528,0.0,0.0,0.0,0.0,0.0,0.0,2000.0,2206739382.41,2206.7394
443.0,Prithvi_Class,MIDCOURSE,486794.21,486.7942,470820.63,470.8206,1488.8927,5360.0137,1488.8927,1076.8994,-1028.1484,-0.0,-9.81,9.81,8.2716,0.0,0.0,0.0,0.0,0.0,0.0,2000.0,2216801459.25,2216.8015
443.5,Prithvi_Class,MIDCOURSE,486277.68,486.2777,471359.08,471.3591,1492.284,5372.2225,1492.284,1076.8994,-1033.0534,-0.0,-9.81,9.81,8.2905,0.0,0.0,0.0,0.0,0.0,0.0,2000.0,2226911654.15,2226.9117
444.0,Prithvi_Class,MIDCOURSE,485758.7,485.7587,471897.53,471.8975,1495.6838,5384.4616,1495.6838,1076.8994,-1037.9584,-0.0,-9.81,9.81,8.3094,0.0,0.0,0.0,0.0,0.0,0.0,2000.0,2237069967.09,2237.07
444.5,Prithvi_Class,MIDCOURSE,485237.27,485.2373,472435.98,472.436,1499.0919,5396.7307,1499.0919,1076.8994,-1042.8634,-0.0,-9.81,9.81,8.3283,0.0,0.0,0.0,0.0,0.0,0.0,2000.0,2247276398.08,2247.2764
445.0,Prithvi_Class,MIDCOURSE,484713.39,484.7134,472974.43,472.9744,1502.5082,5409.0296,1502.5082,1076.8994,-1047.7684,-0.0,-9.81,9.81,8.3473,0.0,0.0,0.0,0.0,0.0,0.0,2000.0,2257530947.13,2257.5309
445.5,Prithvi_Class,MIDCOURSE,484187.05,484.1871,473512.88,473.5129,1505.9328,5421.3581,1505.9328,1076.8994,-1052.6734,-0.0,-9.81,9.81,8.3663,0.0,0.0,0.0,0.0,0.0,0.0,2000.0,2267833614.22,2267.8336
446.0,Prithvi_Class,MIDCOURSE,483658.26,483.6583,474051.33,474.0513,1509.3656,5433.716,1509.3656,1076.8994,-1057.5784,-0.0,-9.81,9.81,8.3854,0.0,0.0,0.0,0.0,0.0,0.0,2000.0,2278184399.36,2278.1844
446.5,Prithvi_Class,MIDCOURSE,483127.02,483.127,474589.78,474.5898,1512.8064,5446.1032,1512.8064,1076.8994,-1062.4834,-0.0,-9.81,9.81,8.4045,0.0,0.0,0.0,0.0,0.0,0.0,2000.0,2288583302.56,2288.5833
447.0,Prithvi_Class,MIDCOURSE,482593.33,482.5933,475128.23,475.1282,1516.2554,5458.5193,1516.2554,1076.8994,-1067.3884,-0.0,-9.81,9.81,8.4236,0.0,0.0,0.0,0.0,0.0,0.0,2000.0,2299030323.8,2299.0303
447.5,Prithvi_Class,MIDCOURSE,482057.18,482.0572,475666.68,475.6667,1519.7123,5470.9643,1519.7123,1076.8994,-1072.2934,-0.0,-9.81,9.81,8.4428,0.0,0.0,0.0,0.0,0.0,0.0,2000.0,2309525463.09,2309.5255
448.0,Prithvi_Class,MIDCOURSE,481518.58,481.5186,476205.13,476.2051,1523.1772,5483.4378,1523.1772,1076.8994,-1077.1984,-0.0,-9.81,9.81,8.4621,0.0,0.0,0.0,0.0,0.0,0.0,2000.0,2320068720.43,2320.0687
448.5,Prithvi_Class,MIDCOURSE,480977.53,480.9775,476743.58,476.7436,1526.65,5495.9399,1526.65,1076.8994,-1082.1034,-0.0,-9.81,9.81,8.4814,0.0,0.0,0.0,0.0,0.0,0.0,2000.0,2330660095.83,2330.6601
449.0,Prithvi_Class,MIDCOURSE,480434.03,480.434,477282.03,477.282,1530.1306,5508.4701,1530.1306,1076.8994,-1087.0084,-0.0,-9.81,9.81,8.5007,0.0,0.0,0.0,0.0,0.0,0.0,2000.0,2341299589.27,2341.2996
449.5,Prithvi_Class,MIDCOURSE,479888.07,479.8881,477820.48,477.8205,1533.619,5521.0284,1533.619,1076.8994,-1091.9134,-0.0,-9.81,9.81,8.5201,0.0,0.0,0.0,0.0,0.0,0.0,2000.0,2351987200.76,2351.9872
450.0,Prithvi_Class,MIDCOURSE,479339.66,479.3397,478358.93,478.3589,1537.1151,5533.6145,1537.1151,1076.8994,-1096.8184,-0.0,-9.81,9.81,8.5395,0.0,0.0,0.0,0.0,0.0,0.0,2000.0,2362722930.31,2362.7229
450.5,Prithvi_Class,MIDCOURSE,478788.8,478.7888,478897.38,478.8974,1540.619,5546.2283,1540.619,1076.8994,-1101.7234,-0.0,-9.81,9.81,8.559,0.0,0.0,0.0,0.0,0.0,0.0,2000.0,2373506777.9,2373.5068
451.0,Prithvi_Class,MIDCOURSE,478235.48,478.2355,479435.83,479.4358,1544.1304,5558.8695,1544.1304,1076.8994,-1106.6284,-0.0,-9.81,9.81,8.5785,0.0,0.0,0.0,0.0,0.0,0.0,2000.0,2384338743.54,2384.3387
451.5,Prithvi_Class,MIDCOURSE,477679.72,477.6797,479974.28,479.9743,1547.6495,5571.538,1547.6495,1076.8994,-1111.5334,-0.0,-9.81,9.81,8.5981,0.0,0.0,0.0,0.0,0.0,0.0,2000.0,2395218827.23,2395.2188
452.0,Prithvi_Class,MIDCOURSE,477121.5,477.1215,480512.73,480.5127,1551.176,5584.2337,1551.176,1076.8994,-1116.4384,-0.0,-9.81,9.81,8.6176,0.0,0.0,0.0,0.0,0.0,0.0,2000.0,2406147028.98,2406.147
452.5,Prithvi_Class,MIDCOURSE,476560.83,476.5608,481051.18,481.0512,1554.7101,5596.9562,1554.7101,1076.8994,-1121.3434,-0.0,-9.81,9.81,8.6373,0.0,0.0,0.0,0.0,0.0,0.0,2000.0,2417123348.77,2417.1233
453.0,Prithvi_Class,MIDCOURSE,475997.7,475.9977,481589.63,481.5896,1558.2515,5609.7055,1558.2515,1076.8994,-1126.2484,-0.0,-9.81,9.81,8.657,0.0,0.0,0.0,0.0,0.0,0.0,2000.0,2428147786.61,2428.1478
453.5,Prithvi_Class,MIDCOURSE,475432.13,475.4321,482128.08,482.1281,1561.8004,5622.4813,1561.8004,1076.8994,-1131.1534,-0.0,-9.81,9.81,8.6767,0.0,0.0,0.0,0.0,0.0,0.0,2000.0,2439220342.51,2439.2203
454.0,Prithvi_Class,MIDCOURSE,474864.1,474.8641,482666.53,482.6665,1565.3565,5635.2835,1565.3565,1076.8994,-1136.0584,-0.0,-9.81,9.81,8.6964,0.0,0.0,0.0,0.0,0.0,0.0,2000.0,2450341016.45,2450.341
454.5,Prithvi_Class,MIDCOURSE,474293.61,474.2936,483204.97,483.205,1568.9199,5648.1118,1568.9199,1076.8994,-1140.9634,-0.0,-9.81,9.81,8.7162,0.0,0.0,0.0,0.0,0.0,0.0,2000.0,2461509808.44,2461.5098
455.0,Prithvi_Class,MIDCOURSE,473720.68,473.7207,483743.42,483.7434,1572.4906,5660.9662,1572.4906,1076.8994,-1145.8684,-0.0,-9.81,9.81,8.7361,0.0,0.0,0.0,0.0,0.0,0.0,2000.0,2472726718.49,2472.7267
455.5,Prithvi_Class,MIDCOURSE,473145.29,473.1453,484281.87,484.2819,1576.0684,5673.8464,1576.0684,1076.8994,-1150.7734,-0.0,-9.81,9.81,8.7559,0.0,0.0,0.0,0.0,0.0,0.0,2000.0,2483991746.58,2483.9917
456.0,Prithvi_Class,MIDCOURSE,472567.45,472.5675,484820.32,484.8203,1579.6534,5686.7523,1579.6534,1076.8994,-1155.6784,-0.0,-9.81,9.81,8.7759,0.0,0.0,0.0,0.0,0.0,0.0,2000.0,2495304892.72,2495.3049
456.5,Prithvi_Class,MIDCOURSE,471987.16,471.9872,485358.77,485.3588,1583.2455,5699.6836,1583.2455,1076.8994,-1160.5834,-0.0,-9.81,9.81,8.7958,0.0,0.0,0.0,0.0,0.0,0.0,2000.0,2506666156.91,2506.6662
457.0,Prithvi_Class,MIDCOURSE,471404.42,471.4044,485897.22,485.8972,1586.8445,5712.6403,1586.8445,1076.8994,-1165.4884,-0.0,-9.81,9.81,8.8158,0.0,0.0,0.0,0.0,0.0,0.0,2000.0,2518075539.16,2518.0755
457.5,Prithvi_Class,MIDCOURSE,470819.22,470.8192,486435.67,486.4357,1590.4506,5725.6221,1590.4506,1076.8994,-1170.3934,-0.0,-9.81,9.81,8.8358,0.0,0.0,0.0,0.0,0.0,0.0,2000.0,2529533039.45,2529.533
458.0,Prithvi_Class,MIDCOURSE,470231.57,470.2316,486974.12,486.9741,1594.0636,5738.6288,1594.0636,1076.8994,-1175.2984,-0.0,-9.81,9.81,8.8559,0.0,0.0,0.0,0.0,0.0,0.0,2000.0,2541038657.79,2541.0387
458.5,Prithvi_Class,MIDCOURSE,469641.47,469.6415,487512.57,487.5126,1597.6834,5751.6604,1597.6834,1076.8994,-1180.2034,-0.0,-9.81,9.81,8.876,0.0,0.0,0.0,0.0,0.0,0.0,2000.0,2552592394.19,2552.5924
459.0,Prithvi_Class,MIDCOURSE,469048.92,469.0489,488051.02,488.051,1601.3102,5764.7166,1601.3102,1076.8994,-1185.1084,-0.0,-9.81,9.81,8.8962,0.0,0.0,0.0,0.0,0.0,0.0,2000.0,2564194248.63,2564.1942
459.5,Prithvi_Class,MIDCOURSE,468453.91,468.4539,488589.47,488.5895,1604.9437,5777.7973,1604.9437,1076.8994,-1190.0134,-0.0,-9.81,9.81,8.9164,0.0,0.0,0.0,0.0,0.0,0.0,2000.0,2575844221.12,2575.8442
460.0,Prithvi_Class,MIDCOURSE,467856.45,467.8565,489127.92,489.1279,1608.5839,5790.9022,1608.5839,1076.8994,-1194.9184,-0.0,-9.81,9.81,8.9366,0.0,0.0,0.0,0.0,0.0,0.0,2000.0,2587542311.66,2587.5423
460.5,Prithvi_Class,MIDCOURSE,467256.54,467.2565,489666.37,489.6664,1612.2309,5804.0313,1612.2309,1076.8994,-1199.8234,-0.0,-9.81,9.81,8.9568,0.0,0.0,0.0,0.0,0.0,0.0,2000.0,2599288520.26,2599.2885
461.0,Prithvi_Class,MIDCOURSE,466654.17,466.6542,490204.82,490.2048,1615.8845,5817.1843,1615.8845,1076.8994,-1204.7284,-0.0,-9.81,9.81,8.9771,0.0,0.0,0.0,0.0,0.0,0.0,2000.0,2611082846.9,2611.0828
461.5,Prithvi_Class,MIDCOURSE,466049.36,466.0494,490743.27,490.7433,1619.5448,5830.3612,1619.5448,1076.8994,-1209.6334,-0.0,-9.81,9.81,8.9975,0.0,0.0,0.0,0.0,0.0,0.0,2000.0,2622925291.59,2622.9253
462.0,Prithvi_Class,MIDCOURSE,465442.09,465.4421,491281.72,491.2817,1623.2116,5843.5617,1623.2116,1076.8994,-1214.5384,-0.0,-9.81,9.81,9.0178,0.0,0.0,0.0,0.0,0.0,0.0,2000.0,2634815854.34,2634.8159
462.5,Prithvi_Class,MIDCOURSE,464832.37,464.8324,491820.17,491.8202,1626.8849,5856.7857,1626.8849,1076.8994,-1219.4434,-0.0,-9.81,9.81,9.0382,0.0,0.0,0.0,0.0,0.0,0.0,2000.0,2646754535.13,2646.7545
463.0,Prithvi_Class,MIDCOURSE,464220.19,464.2202,492358.62,492.3586,1630.5647,5870.033,1630.5647,1076.8994,-1224.3484,-0.0,-9.81,9.81,9.0587,0.0,0.0,0.0,0.0,0.0,0.0,2000.0,2658741333.97,2658.7413
463.5,Prithvi_Class,MIDCOURSE,463605.57,463.6056,492897.07,492.8971,1634.251,5883.3035,1634.251,1076.8994,-1229.2534,-0.0,-9.81,9.81,9.0792,0.0,0.0,0.0,0.0,0.0,0.0,2000.0,2670776250.87,2670.7763
464.0,Prithvi_Class,MIDCOURSE,462988.49,462.9885,493435.52,493.4355,1637.9436,5896.597,1637.9436,1076.8994,-1234.1584,-0.0,-9.81,9.81,9.0997,0.0,0.0,0.0,0.0,0.0,0.0,2000.0,2682859285.81,2682.8593
464.5,Prithvi_Class,MIDCOURSE,462368.96,462.369,493973.97,493.974,1641.6426,5909.9134,1641.6426,1076.8994,-1239.0634,-0.0,-9.81,9.81,9.1202,0.0,0.0,0.0,0.0,0.0,0.0,2000.0,2694990438.8,2694.9904
465.0,Prithvi_Class,MIDCOURSE,461746.97,461.747,494512.42,494.5124,1645.3479,5923.2524,1645.3479,1076.8994,-1243.9684,-0.0,-9.81,9.81,9.1408,0.0,0.0,0.0,0.0,0.0,0.0,2000.0,2707169709.84,2707.1697
465.5,Prithvi_Class,MIDCOURSE,461122.53,461.1225,495050.87,495.0509,1649.0595,5936.6141,1649.0595,1076.8994,-1248.8734,-0.0,-9.81,9.81,9.1614,0.0,0.0,0.0,0.0,0.0,0.0,2000.0,2719397098.94,2719.3971
466.0,Prithvi_Class,MIDCOURSE,460495.65,460.4956,495589.32,495.5893,1652.7772,5949.9981,1652.7772,1076.8994,-1253.7784,-0.0,-9.81,9.81,9.1821,0.0,0.0,0.0,0.0,0.0,0.0,2000.0,2731672606.08,2731.6726
466.5,Prithvi_Class,MIDCOURSE,459866.3,459.8663,496127.77,496.1278,1656.5012,5963.4043,1656.5012,1076.8994,-1258.6834,-0.0,-9.81,9.81,9.2028,0.0,0.0,0.0,0.0,0.0,0.0,2000.0,2743996231.27,2743.9962
467.0,Prithvi_Class,MIDCOURSE,459234.51,459.2345,496666.22,496.6662,1660.2313,5976.8327,1660.2313,1076.8994,-1263.5884,-0.0,-9.81,9.81,9.2235,0.0,0.0,0.0,0.0,0.0,0.0,2000.0,2756367974.52,2756.368
467.5,Prithvi_Class,MIDCOURSE,458600.26,458.6003,497204.67,497.2047,1663.9675,5990.283,1663.9675,1076.8994,-1268.4934,-0.0,-9.81,9.81,9.2443,0.0,0.0,0.0,0.0,0.0,0.0,2000.0,2768787835.81,2768.7878
468.0,Prithvi_Class,MIDCOURSE,457963.56,457.9636,497743.12,497.7431,1667.7098,6003.7551,1667.7098,1076.8994,-1273.3984,-0.0,-9.81,9.81,9.2651,0.0,0.0,0.0,0.0,0.0,0.0,2000.0,2781255815.15,2781.2558
468.5,Prithvi_Class,MIDCOURSE,457324.41,457.3244,498281.57,498.2816,1671.458,6017.2489,1671.458,1076.8994,-1278.3034,-0.0,-9.81,9.81,9.2859,0.0,0.0,0.0,0.0,0.0,0.0,2000.0,2793771912.54,2793.7719
469.0,Prithvi_Class,MIDCOURSE,456682.81,456.6828,498820.02,498.82,1675.2123,6030.7641,1675.2123,1076.8994,-1283.2084,-0.0,-9.81,9.81,9.3067,0.0,0.0,0.0,0.0,0.0,0.0,2000.0,2806336127.99,2806.3361
469.5,Prithvi_Class,MIDCOURSE,456038.75,456.0388,499358.47,499.3585,1678.9724,6044.3008,1678.9724,1076.8994,-1288.1134,-0.0,-9.81,9.81,9.3276,0.0,0.0,0.0,0.0,0.0,0.0,2000.0,2818948461.48,2818.9485
470.0,Prithvi_Class,MIDCOURSE,455392.24,455.3922,499896.92,499.8969,1682.7385,6057.8587,1682.7385,1076.8994,-1293.0184,-0.0,-9.81,9.81,9.3485,0.0,0.0,0.0,0.0,0.0,0.0,2000.0,2831608913.02,2831.6089
470.5,Prithvi_Class,MIDCOURSE,454743.28,454.7433,500435.37,500.4354,1686.5104,6071.4376,1686.5104,1076.8994,-1297.9234,-0.0,-9.81,9.81,9.3695,0.0,0.0,0.0,0.0,0.0,0.0,2000.0,2844317482.62,2844.3175
471.0,Prithvi_Class,MIDCOURSE,454091.87,454.0919,500973.82,500.9738,1690.2882,6085.0375,1690.2882,1076.8994,-1302.8284,-0.0,-9.81,9.81,9.3905,0.0,0.0,0.0,0.0,0.0,0.0,2000.0,2857074170.26,2857.0742
471.5,Prithvi_Class,MIDCOURSE,453438.0,453.438,501512.26,501.5123,1694.0717,6098.6582,1694.0717,1076.8994,-1307.7334,-0.0,-9.81,9.81,9.4115,0.0,0.0,0.0,0.0,0.0,0.0,2000.0,2869878975.95,2869.879
472.0,Prithvi_Class,MIDCOURSE,452781.68,452.7817,502050.71,502.0507,1697.861,6112.2995,1697.861,1076.8994,-1312.6384,-0.0,-9.81,9.81,9.4326,0.0,0.0,0.0,0.0,0.0,0.0,2000.0,2882731899.69,2882.7319
472.5,Prithvi_Class,MIDCOURSE,452122.91,452.1229,502589.16,502.5892,1701.6559,6125.9614,1701.6559,1076.8994,-1317.5434,-0.0,-9.81,9.81,9.4536,0.0,0.0,0.0,0.0,0.0,0.0,2000.0,2895632941.49,2895.6329
473.0,Prithvi_Class,MIDCOURSE,451461.68,451.4617,503127.61,503.1276,1705.4566,6139.6436,1705.4566,1076.8994,-1322.4484,-0.0,-9.81,9.81,9.4748,0.0,0.0,0.0,0.0,0.0,0.0,2000.0,2908582101.33,2908.5821
473.5,Prithvi_Class,MIDCOURSE,450798.01,450.798,503666.06,503.6661,1709.2628,6153.3461,1709.2628,1076.8994,-1327.3534,-0.0,-9.81,9.81,9.4959,0.0,0.0,0.0,0.0,0.0,0.0,2000.0,2921579379.22,2921.5794
474.0,Prithvi_Class,MIDCOURSE,450131.88,450.1319,504204.51,504.2045,1713.0747,6167.0688,1713.0747,1076.8994,-1332.2584,-0.0,-9.81,9.81,9.5171,0.0,0.0,0.0,0.0,0.0,0.0,2000.0,2934624775.17,2934.6248
474.5,Prithvi_Class,MIDCOURSE,449463.3,449.4633,504742.96,504.743,1716.892,6180.8114,1716.892,1076.8994,-1337.1634,-0.0,-9.81,9.81,9.5383,0.0,0.0,0.0,0.0,0.0,0.0,2000.0,2947718289.16,2947.7183
475.0,Prithvi_Class,MIDCOURSE,448792.26,448.7923,505281.41,505.2814,1720.7149,6194.5738,1720.7149,1076.8994,-1342.0684,-0.0,-9.81,9.81,9.5595,0.0,0.0,0.0,0.0,0.0,0.0,2000.0,2960859921.2,2960.8599
475.5,Prithvi_Class,MIDCOURSE,448118.78,448.1188,505819.86,505.8199,1724.5433,6208.356,1724.5433,1076.8994,-1346.9734,-0.0,-9.81,9.81,9.5808,0.0,0.0,0.0,0.0,0.0,0.0,2000.0,2974049671.3,2974.0497
476.0,Prithvi_Class,MIDCOURSE,447442.84,447.4428,506358.31,506.3583,1728.3771,6222.1577,1728.3771,1076.8994,-1351.8784,-0.0,-9.81,9.81,9.6021,0.0,0.0,0.0,0.0,0.0,0.0,2000.0,2987287539.44,2987.2875
476.5,Prithvi_Class,MIDCOURSE,446764.44,446.7644,506896.76,506.8968,1732.2164,6235.9789,1732.2164,1076.8994,-1356.7834,-0.0,-9.81,9.81,9.6234,0.0,0.0,0.0,0.0,0.0,0.0,2000.0,3000573525.63,3000.5735
477.0,Prithvi_Class,MIDCOURSE,446083.6,446.0836,507435.21,507.4352,1736.061,6249.8194,1736.061,1076.8994,-1361.6884,-0.0,-9.81,9.81,9.6448,0.0,0.0,0.0,0.0,0.0,0.0,2000.0,3013907629.87,3013.9076
477.5,Prithvi_Class,MIDCOURSE,445400.3,445.4003,507973.66,507.9737,1739.9109,6263.6791,1739.9109,1076.8994,-1366.5934,-0.0,-9.81,9.81,9.6662,0.0,0.0,0.0,0.0,0.0,0.0,2000.0,3027289852.17,3027.2899
478.0,Prithvi_Class,MIDCOURSE,444714.55,444.7146,508512.11,508.5121,1743.7661,6277.5579,1743.7661,1076.8994,-1371.4984,-0.0,-9.81,9.81,9.6876,0.0,0.0,0.0,0.0,0.0,0.0,2000.0,3040720192.51,3040.7202
478.5,Prithvi_Class,MIDCOURSE,444026.35,444.0264,509050.56,509.0506,1747.6266,6291.4557,1747.6266,1076.8994,-1376.4034,-0.0,-9.81,9.81,9.709,0.0,0.0,0.0,0.0,0.0,0.0,2000.0,3054198650.9,3054.1987
479.0,Prithvi_Class,MIDCOURSE,443335.7,443.3357,509589.01,509.589,1751.4923,6305.3722,1751.4923,1076.8994,-1381.3084,-0.0,-9.81,9.81,9.7305,0.0,0.0,0.0,0.0,0.0,0.0,2000.0,3067725227.35,3067.7252
479.5,Prithvi_Class,MIDCOURSE,442642.59,442.6426,510127.46,510.1275,1755.3632,6319.3075,1755.3632,1076.8994,-1386.2134,-0.0,-9.81,9.81,9.752,0.0,0.0,0.0,0.0,0.0,0.0,2000.0,3081299921.84,3081.2999
480.0,Prithvi_Class,MIDCOURSE,441947.03,441.947,510665.91,510.6659,1759.2392,6333.2613,1759.2392,1076.8994,-1391.1184,-0.0,-9.81,9.81,9.7736,0.0,0.0,0.0,0.0,0.0,0.0,2000.0,3094922734.38,3094.9227
480.5,Prithvi_Class,MIDCOURSE,441249.02,441.249,511204.36,511.2044,1763.1204,6347.2336,1763.1204,1076.8994,-1396.0234,-0.0,-9.81,9.81,9.7951,0.0,0.0,0.0,0.0,0.0,0.0,2000.0,3108593664.97,3108.5937
481.0,Prithvi_Class,MIDCOURSE,440548.56,440.5486,511742.81,511.7428,1767.0067,6361.2242,1767.0067,1076.8994,-1400.9284,-0.0,-9.81,9.81,9.8167,0.0,0.0,0.0,0.0,0.0,0.0,2000.0,3122312713.62,3122.3127
481.5,Prithvi_Class,MIDCOURSE,439845.64,439.8456,512281.26,512.2813,1770.898,6375.233,1770.898,1076.8994,-1405.8334,-0.0,-9.81,9.81,9.8383,0.0,0.0,0.0,0.0,0.0,0.0,2000.0,3136079880.31,3136.0799
482.0,Prithvi_Class,MIDCOURSE,439140.27,439.1403,512819.71,512.8197,1774.7944,6389.2598,1774.7944,1076.8994,-1410.7384,-0.0,-9.81,9.81,9.86,0.0,0.0,0.0,0.0,0.0,0.0,2000.0,3149895165.05,3149.8952
482.5,Prithvi_Class,MIDCOURSE,438432.45,438.4324,513358.16,513.3582,1778.6957,6403.3047,1778.6957,1076.8994,-1415.6434,-0.0,-9.81,9.81,9.8816,0.0,0.0,0.0,0.0,0.0,0.0,2000.0,3163758567.85,3163.7586
483.0,Prithvi_Class,MIDCOURSE,437722.17,437.7222,513896.61,513.8966,1782.6021,6417.3674,1782.6021,1076.8994,-1420.5484,-0.0,-9.81,9.81,9.9033,0.0,0.0,0.0,0.0,0.0,0.0,2000.0,3177670088.69,3177.6701
483.5,Prithvi_Class,MIDCOURSE,437009.45,437.0094,514435.06,514.4351,1786.5133,6431.4478,1786.5133,1076.8994,-1425.4534,-0.0,-9.81,9.81,9.9251,0.0,0.0,0.0,0.0,0.0,0.0,2000.0,3191629727.58,3191.6297
484.0,Prithvi_Class,MIDCOURSE,436294.27,436.2943,514973.51,514.9735,1790.4294,6445.5459,1790.4294,1076.8994,-1430.3584,-0.0,-9.81,9.81,9.9468,0.0,0.0,0.0,0.0,0.0,0.0,2000.0,3205637484.53,3205.6375
484.5,Prithvi_Class,MIDCOURSE,435576.64,435.5766,515511.96,515.512,1794.3504,6459.6614,1794.3504,1076.8994,-1435.2634,-0.0,-9.81,9.81,9.9686,0.0,0.0,0.0,0.0,0.0,0.0,2000.0,3219693359.52,3219.6934
485.0,Prithvi_Class,MIDCOURSE,434856.55,434.8566,516050.41,516.0504,1798.2762,6473.7944,1798.2762,1076.8994,-1440.1684,-0.0,-9.81,9.81,9.9904,0.0,0.0,0.0,0.0,0.0,0.0,2000.0,3233797352.56,3233.7974
485.5,Prithvi_Class,MIDCOURSE,434134.02,434.134,516588.86,516.5889,1802.2068,6487.9446,1802.2068,1076.8994,-1445.0734,-0.0,-9.81,9.81,10.0123,0.0,0.0,0.0,0.0,0.0,0.0,2000.0,3247949463.65,3247.9495
486.0,Prithvi_Class,MIDCOURSE,433409.03,433.409,517127.31,517.1273,1806.1422,6502.112,1806.1422,1076.8994,-1449.9784,-0.0,-9.81,9.81,10.0341,0.0,0.0,0.0,0.0,0.0,0.0,2000.0,3262149692.8,3262.1497
486.5,Prithvi_Class,MIDCOURSE,432681.59,432.6816,517665.76,517.6658,1810.0823,6516.2964,1810.0823,1076.8994,-1454.8834,-0.0,-9.81,9.81,10.056,0.0,0.0,0.0,0.0,0.0,0.0,2000.0,3276398039.99,3276.398
487.0,Prithvi_Class,MIDCOURSE,431951.69,431.9517,518204.21,518.2042,1814.0272,6530.4977,1814.0272,1076.8994,-1459.7884,-0.0,-9.81,9.81,10.0779,0.0,0.0,0.0,0.0,0.0,0.0,2000.0,3290694505.23,3290.6945
487.5,Prithvi_Class,MIDCOURSE,431219.34,431.2193,518742.66,518.7427,1817.9766,6544.7159,1817.9766,1076.8994,-1464.6934,-0.0,-9.81,9.81,10.0999,0.0,0.0,0.0,0.0,0.0,0.0,2000.0,3305039088.53,3305.0391
488.0,Prithvi_Class,MIDCOURSE,430484.55,430.4845,519281.1,519.2811,1821.9308,6558.9508,1821.9308,1076.8994,-1469.5984,-0.0,-9.81,9.81,10.1218,0.0,0.0,0.0,0.0,0.0,0.0,2000.0,3319431789.87,3319.4318
488.5,Prithvi_Class,MIDCOURSE,429747.29,429.7473,519819.55,519.8196,1825.8895,6573.2023,1825.8895,1076.8994,-1474.5034,-0.0,-9.81,9.81,10.1438,0.0,0.0,0.0,0.0,0.0,0.0,2000.0,3333872609.26,3333.8726
489.0,Prithvi_Class,MIDCOURSE,429007.59,429.0076,520358.0,520.358,1829.8529,6587.4704,1829.8529,1076.8994,-1479.4084,-0.0,-9.81,9.81,10.1658,0.0,0.0,0.0,0.0,0.0,0.0,2000.0,3348361546.7,3348.3615
489.5,Prithvi_Class,MIDCOURSE,428265.43,428.2654,520896.45,520.8965,1833.8208,6601.7548,1833.8208,1076.8994,-1484.3134,-0.0,-9.81,9.81,10.1879,0.0,0.0,0.0,0.0,0.0,0.0,2000.0,3362898602.2,3362.8986
490.0,Prithvi_Class,MIDCOURSE,427520.82,427.5208,521434.9,521.4349,1837.7932,6616.0555,1837.7932,1076.8994,-1489.2184,-0.0,-9.81,9.81,10.21,0.0,0.0,0.0,0.0,0.0,0.0,2000.0,3377483775.74,3377.4838
490.5,Prithvi_Class,MIDCOURSE,426773.76,426.7738,521973.35,521.9734,1841.7701,6630.3723,1841.7701,1076.8994,-1494.1234,-0.0,-9.81,9.81,10.2321,0.0,0.0,0.0,0.0,0.0,0.0,2000.0,3392117067.33,3392.1171
491.0,Prithvi_Class,MIDCOURSE,426024.25,426.0242,522511.8,522.5118,1845.7515,6644.7053,1845.7515,1076.8994,-1499.0284,-0.0,-9.81,9.81,10.2542,0.0,0.0,0.0,0.0,0.0,0.0,2000.0,3406798476.98,3406.7985
491.5,Prithvi_Class,MIDCOURSE,425272.28,425.2723,523050.25,523.0503,1849.7373,6659.0542,1849.7373,1076.8994,-1503.9334,-0.0,-9.81,9.81,10.2763,0.0,0.0,0.0,0.0,0.0,0.0,2000.0,3421528004.67,3421.528
492.0,Prithvi_Class,MIDCOURSE,424517.86,424.5179,523588.7,523.5887,1853.7275,6673.419,1853.7275,1076.8994,-1508.8384,-0.0,-9.81,9.81,10.2985,0.0,0.0,0.0,0.0,0.0,0.0,2000.0,3436305650.41,3436.3057
492.5,Prithvi_Class,MIDCOURSE,423760.99,423.761,524127.15,524.1272,1857.7221,6687.7996,1857.7221,1076.8994,-1513.7434,-0.0,-9.81,9.81,10.3207,0.0,0.0,0.0,0.0,0.0,0.0,2000.0,3451131414.21,3451.1314
493.0,Prithvi_Class,MIDCOURSE,423001.67,423.0017,524665.6,524.6656,1861.7211,6702.1958,1861.7211,1076.8994,-1518.6484,-0.0,-9.81,9.81,10.3429,0.0,0.0,0.0,0.0,0.0,0.0,2000.0,3466005296.05,3466.0053
493.5,Prithvi_Class,MIDCOURSE,422239.89,422.2399,525204.05,525.2041,1865.7243,6716.6076,1865.7243,1076.8994,-1523.5534,-0.0,-9.81,9.81,10.3651,0.0,0.0,0.0,0.0,0.0,0.0,2000.0,3480927295.94,3480.9273
494.0,Prithvi_Class,MIDCOURSE,421475.66,421.4757,525742.5,525.7425,1869.7319,6731.0349,1869.7319,1076.8994,-1528.4584,-0.0,-9.81,9.81,10.3874,0.0,0.0,0.0,0.0,0.0,0.0,2000.0,3495897413.88,3495.8974
494.5,Prithvi_Class,MIDCOURSE,420708.98,420.709,526280.95,526.281,1873.7438,6745.4775,1873.7438,1076.8994,-1533.3634,-0.0,-9.81,9.81,10.4097,0.0,0.0,0.0,0.0,0.0,0.0,2000.0,3510915649.88,3510.9156
495.0,Prithvi_Class,MIDCOURSE,419939.84,419.9398,526819.4,526.8194,1877.7598,6759.9354,1877.7598,1076.8994,-1538.2684,-0.0,-9.81,9.81,10.432,0.0,0.0,0.0,0.0,0.0,0.0,2000.0,3525982003.92,3525.982
495.5,Prithvi_Class,MIDCOURSE,419168.26,419.1683,527357.85,527.3579,1881.7801,6774.4085,1881.7801,1076.8994,-1543.1734,-0.0,-9.81,9.81,10.4543,0.0,0.0,0.0,0.0,0.0,0.0,2000.0,3541096476.01,3541.0965
496.0,Prithvi_Class,MIDCOURSE,418394.22,418.3942,527896.3,527.8963,1885.8046,6788.8966,1885.8046,1076.8994,-1548.0784,-0.0,-9.81,9.81,10.4767,0.0,0.0,0.0,0.0,0.0,0.0,2000.0,3556259066.16,3556.2591
496.5,Prithvi_Class,MIDCOURSE,417617.73,417.6177,528434.75,528.4347,1889.8333,6803.3998,1889.8333,1076.8994,-1552.9834,-0.0,-9.81,9.81,10.4991,0.0,0.0,0.0,0.0,0.0,0.0,2000.0,3571469774.35,3571.4698
497.0,Prithvi_Class,MIDCOURSE,416838.78,416.8388,528973.2,528.9732,1893.866,6817.9178,1893.866,1076.8994,-1557.8884,-0.0,-9.81,9.81,10.5215,0.0,0.0,0.0,0.0,0.0,0.0,2000.0,3586728600.59,3586.7286
497.5,Prithvi_Class,MIDCOURSE,416057.39,416.0574,529511.65,529.5116,1897.9029,6832.4506,1897.9029,1076.8994,-1562.7934,-0.0,-9.81,9.81,10.5439,0.0,0.0,0.0,0.0,0.0,0.0,2000.0,3602035544.88,3602.0355
498.0,Prithvi_Class,MIDCOURSE,415273.54,415.2735,530050.1,530.0501,1901.9439,6846.998,1901.9439,1076.8994,-1567.6984,-0.0,-9.81,9.81,10.5664,0.0,0.0,0.0,0.0,0.0,0.0,2000.0,3617390607.23,3617.3906
498.5,Prithvi_Class,MIDCOURSE,414487.23,414.4872,530588.55,530.5885,1905.9889,6861.5601,1905.9889,1076.8994,-1572.6034,-0.0,-9.81,9.81,10.5888,0.0,0.0,0.0,0.0,0.0,0.0,2000.0,3632793787.62,3632.7938
499.0,Prithvi_Class,MIDCOURSE,413698.48,413.6985,531127.0,531.127,1910.038,6876.1367,1910.038,1076.8994,-1577.5084,-0.0,-9.81,9.81,10.6113,0.0,0.0,0.0,0.0,0.0,0.0,2000.0,3648245086.06,3648.2451
499.5,Prithvi_Class,MIDCOURSE,412907.27,412.9073,531665.45,531.6654,1914.091,6890.7277,1914.091,1076.8994,-1582.4134,-0.0,-9.81,9.81,10.6338,0.0,0.0,0.0,0.0,0.0,0.0,2000.0,3663744502.56,3663.7445
500.0,Prithvi_Class,MIDCOURSE,412113.61,412.1136,532203.9,532.2039,1918.1481,6905.3331,1918.1481,1076.8994,-1587.3184,-0.0,-9.81,9.81,10.6564,0.0,0.0,0.0,0.0,0.0,0.0,2000.0,3679292037.1,3679.292
500.5,Prithvi_Class,MIDCOURSE,411317.5,411.3175,532742.35,532.7423,1922.2091,6919.9526,1922.2091,1076.8994,-1592.2234,-0.0,-9.81,9.81,10.6789,0.0,0.0,0.0,0.0,0.0,0.0,2000.0,3694887689.69,3694.8877
501.0,Prithvi_Class,MIDCOURSE,410518.94,410.5189,533280.8,533.2808,1926.274,6934.5863,1926.274,1076.8994,-1597.1284,-0.0,-9.81,9.81,10.7015,0.0,0.0,0.0,0.0,0.0,0.0,2000.0,3710531460.33,3710.5315
501.5,Prithvi_Class,MIDCOURSE,409717.92,409.7179,533819.25,533.8192,1930.3428,6949.2341,1930.3428,1076.8994,-1602.0334,-0.0,-9.81,9.81,10.7241,0.0,0.0,0.0,0.0,0.0,0.0,2000.0,3726223349.03,3726.2233
502.0,Prithvi_Class,MIDCOURSE,408914.45,408.9145,534357.7,534.3577,1934.4155,6963.8958,1934.4155,1076.8994,-1606.9384,-0.0,-9.81,9.81,10.7468,0.0,0.0,0.0,0.0,0.0,0.0,2000.0,3741963355.77,3741.9634
502.5,Prithvi_Class,MIDCOURSE,408108.53,408.1085,534896.15,534.8961,1938.4921,6978.5714,1938.4921,1076.8994,-1611.8434,-0.0,-9.81,9.81,10.7694,0.0,0.0,0.0,0.0,0.0,0.0,2000.0,3757751480.56,3757.7515
503.0,Prithvi_Class,MIDCOURSE,407300.16,407.3002,535434.6,535.4346,1942.5724,6993.2608,1942.5724,1076.8994,-1616.7484,-0.0,-9.81,9.81,10.7921,0.0,0.0,0.0,0.0,0.0,0.0,2000.0,3773587723.41,3773.5877
503.5,Prithvi_Class,MIDCOURSE,406489.33,406.4893,535973.05,535.973,1946.6566,7007.9639,1946.6566,1076.8994,-1621.6534,-0.0,-9.81,9.81,10.8148,0.0,0.0,0.0,0.0,0.0,0.0,2000.0,3789472084.3,3789.4721
504.0,Prithvi_Class,MIDCOURSE,405676.05,405.6761,536511.5,536.5115,1950.7446,7022.6806,1950.7446,1076.8994,-1626.5584,-0.0,-9.81,9.81,10.8375,0.0,0.0,0.0,0.0,0.0,0.0,2000.0,3805404563.24,3805.4046
504.5,Prithvi_Class,MIDCOURSE,404860.32,404.8603,537049.94,537.0499,1954.8364,7037.4109,1954.8364,1076.8994,-1631.4634,-0.0,-9.81,9.81,10.8602,0.0,0.0,0.0,0.0,0.0,0.0,2000.0,3821385160.24,3821.3852
505.0,Prithvi_Class,MIDCOURSE,404042.13,404.0421,537588.39,537.5884,1958.9318,7052.1546,1958.9318,1076.8994,-1636.3684,-0.0,-9.81,9.81,10.883,0.0,0.0,0.0,0.0,0.0,0.0,2000.0,3837413875.28,3837.4139
505.5,Prithvi_Class,MIDCOURSE,403221.5,403.2215,538126.84,538.1268,1963.031,7066.9116,1963.031,1076.8994,-1641.2734,-0.0,-9.81,9.81,10.9057,0.0,0.0,0.0,0.0,0.0,0.0,2000.0,3853490708.37,3853.4907
506.0,Prithvi_Class,MIDCOURSE,402398.41,402.3984,538665.29,538.6653,1967.1339,7081.6819,1967.1339,1076.8994,-1646.1784,-0.0,-9.81,9.81,10.9285,0.0,0.0,0.0,0.0,0.0,0.0,2000.0,3869615659.51,3869.6157
506.5,Prithvi_Class,MIDCOURSE,401572.87,401.5729,539203.74,539.2037,1971.2404,7096.4655,1971.2404,1076.8994,-1651.0834,-0.0,-9.81,9.81,10.9513,0.0,0.0,0.0,0.0,0.0,0.0,2000.0,3885788728.71,3885.7887
507.0,Prithvi_Class,MIDCOURSE,400744.87,400.7449,539742.19,539.7422,1975.3506,7111.2621,1975.3506,1076.8994,-1655.9884,-0.0,-9.81,9.81,10.9742,0.0,0.0,0.0,0.0,0.0,0.0,2000.0,3902009915.95,3902.0099
507.5,Prithvi_Class,MIDCOURSE,399914.43,399.9144,540280.64,540.2806,1979.4644,7126.0718,1979.4644,1076.8994,-1660.8934,-0.0,-9.81,9.81,10.997,0.0,0.0,0.0,0.0,0.0,0.0,2000.0,3918279221.24,3918.2792
508.0,Prithvi_Class,MIDCOURSE,399081.53,399.0815,540819.09,540.8191,1983.5818,7140.8944,1983.5818,1076.8994,-1665.7984,-0.0,-9.81,9.81,11.0199,0.0,0.0,0.0,0.0,0.0,0.0,2000.0,3934596644.59,3934.5966
508.5,Prithvi_Class,MIDCOURSE,398246.18,398.2462,541357.54,541.3575,1987.7027,7155.7299,1987.7027,1076.8994,-1670.7034,-0.0,-9.81,9.81,11.0428,0.0,0.0,0.0,0.0,0.0,0.0,2000.0,3950962185.98,3950.9622
509.0,Prithvi_Class,MIDCOURSE,397408.37,397.4084,541895.99,541.896,1991.8273,7170.5781,1991.8273,1076.8994,-1675.6084,-0.0,-9.81,9.81,11.0657,0.0,0.0,0.0,0.0,0.0,0.0,2000.0,3967375845.42,3967.3758
509.5,Prithvi_Class,MIDCOURSE,396568.11,396.5681,542434.44,542.4344,1995.9553,7185.4391,1995.9553,1076.8994,-1680.5134,-0.0,-9.81,9.81,11.0886,0.0,0.0,0.0,0.0,0.0,0.0,2000.0,3983837622.91,3983.8376
510.0,Prithvi_Class,MIDCOURSE,395725.41,395.7254,542972.89,542.9729,2000.0869,7200.3128,2000.0869,1076.8994,-1685.4184,-0.0,-9.81,9.81,11.1116,0.0,0.0,0.0,0.0,0.0,0.0,2000.0,4000347518.46,4000.3475
510.5,Prithvi_Class,MIDCOURSE,394880.24,394.8802,543511.34,543.5113,2004.2219,7215.1989,2004.2219,1076.8994,-1690.3234,-0.0,-9.81,9.81,11.1346,0.0,0.0,0.0,0.0,0.0,0.0,2000.0,4016905532.05,4016.9055
511.0,Prithvi_Class,MIDCOURSE,394032.63,394.0326,544049.79,544.0498,2008.3604,7230.0976,2008.3604,1076.8994,-1695.2284,-0.0,-9.81,9.81,11.1576,0.0,0.0,0.0,0.0,0.0,0.0,2000.0,4033511663.69,4033.5117
511.5,Prithvi_Class,MIDCOURSE,393182.56,393.1826,544588.24,544.5882,2012.5024,7245.0086,2012.5024,1076.8994,-1700.1334,-0.0,-9.81,9.81,11.1806,0.0,0.0,0.0,0.0,0.0,0.0,2000.0,4050165913.39,4050.1659
512.0,Prithvi_Class,MIDCOURSE,392330.04,392.33,545126.69,545.1267,2016.6478,7259.932,2016.6478,1076.8994,-1705.0384,-0.0,-9.81,9.81,11.2036,0.0,0.0,0.0,0.0,0.0,0.0,2000.0,4066868281.13,4066.8683
512.5,Prithvi_Class,MIDCOURSE,391475.07,391.4751,545665.14,545.6651,2020.7966,7274.8676,2020.7966,1076.8994,-1709.9434,-0.0,-9.81,9.81,11.2266,0.0,0.0,0.0,0.0,0.0,0.0,2000.0,4083618766.92,4083.6188
513.0,Prithvi_Class,MIDCOURSE,390617.65,390.6176,546203.59,546.2036,2024.9487,7289.8154,2024.9487,1076.8994,-1714.8484,-0.0,-9.81,9.81,11.2497,0.0,0.0,0.0,0.0,0.0,0.0,2000.0,4100417370.77,4100.4174
513.5,Prithvi_Class,MIDCOURSE,389757.77,389.7578,546742.04,546.742,2029.1043,7304.7753,2029.1043,1076.8994,-1719.7534,-0.0,-9.81,9.81,11.2728,0.0,0.0,0.0,0.0,0.0,0.0,2000.0,4117264092.66,4117.2641
514.0,Prithvi_Class,MIDCOURSE,388895.44,388.8954,547280.49,547.2805,2033.2631,7319.7472,2033.2631,1076.8994,-1724.6584,-0.0,-9.81,9.81,11.2959,0.0,0.0,0.0,0.0,0.0,0.0,2000.0,4134158932.6,4134.1589
514.5,Prithvi_Class,MIDCOURSE,388030.66,388.0307,547818.94,547.8189,2037.4253,7334.7311,2037.4253,1076.8994,-1729.5634,-0.0,-9.81,9.81,11.319,0.0,0.0,0.0,0.0,0.0,0.0,2000.0,4151101890.59,4151.1019
515.0,Prithvi_Class,MIDCOURSE,387163.43,387.1634,548357.39,548.3574,2041.5908,7349.7269,2041.5908,1076.8994,-1734.4684,-0.0,-9.81,9.81,11.3422,0.0,0.0,0.0,0.0,0.0,0.0,2000.0,4168092966.64,4168.093
515.5,Prithvi_Class,MIDCOURSE,386293.74,386.2937,548895.84,548.8958,2045.7596,7364.7344,2045.7596,1076.8994,-1739.3734,-0.0,-9.81,9.81,11.3653,0.0,0.0,0.0,0.0,0.0,0.0,2000.0,4185132160.73,4185.1322
516.0,Prithvi_Class,MIDCOURSE,385421.6,385.4216,549434.29,549.4343,2049.9316,7379.7537,2049.9316,1076.8994,-1744.2784,-0.0,-9.81,9.81,11.3885,0.0,0.0,0.0,0.0,0.0,0.0,2000.0,4202219472.87,4202.2195
516.5,Prithvi_Class,MIDCOURSE,384547.01,384.547,549972.74,549.9727,2054.1068,7394.7846,2054.1068,1076.8994,-1749.1834,-0.0,-9.81,9.81,11.4117,0.0,0.0,0.0,0.0,0.0,0.0,2000.0,4219354903.07,4219.3549
517.0,Prithvi_Class,MIDCOURSE,383669.96,383.67,550511.19,550.5112,2058.2853,7409.8271,2058.2853,1076.8994,-1754.0884,-0.0,-9.81,9.81,11.4349,0.0,0.0,0.0,0.0,0.0,0.0,2000.0,4236538451.31,4236.5385
517.5,Prithvi_Class,MIDCOURSE,382790.47,382.7905,551049.64,551.0496,2062.467,7424.8812,2062.467,1076.8994,-1758.9934,-0.0,-9.81,9.81,11.4581,0.0,0.0,0.0,0.0,0.0,0.0,2000.0,4253770117.6,4253.7701
518.0,Prithvi_Class,MIDCOURSE,381908.52,381.9085,551588.09,551.5881,2066.6519,7439.9467,2066.6519,1076.8994,-1763.8984,-0.0,-9.81,9.81,11.4814,0.0,0.0,0.0,0.0,0.0,0.0,2000.0,4271049901.94,4271.0499
518.5,Prithvi_Class,MIDCOURSE,381024.12,381.0241,552126.54,552.1265,2070.8399,7455.0236,2070.8399,1076.8994,-1768.8034,-0.0,-9.81,9.81,11.5047,0.0,0.0,0.0,0.0,0.0,0.0,2000.0,4288377804.34,4288.3778
519.0,Prithvi_Class,MIDCOURSE,380137.26,380.1373,552664.99,552.665,2075.031,7470.1118,2075.031,1076.8994,-1773.7084,-0.0,-9.81,9.81,11.528,0.0,0.0,0.0,0.0,0.0,0.0,2000.0,4305753824.78,4305.7538
519.5,Prithvi_Class,MIDCOURSE,379247.96,379.248,553203.44,553.2034,2079.2253,7485.2112,2079.2253,1076.8994,-1778.6134,-0.0,-9.81,9.81,11.5513,0.0,0.0,0.0,0.0,0.0,0.0,2000.0,4323177963.27,4323.178
520.0,Prithvi_Class,MIDCOURSE,378356.2,378.3562,553741.89,553.7419,2083.4227,7500.3218,2083.4227,1076.8994,-1783.5184,-0.0,-9.81,9.81,11.5746,0.0,0.0,0.0,0.0,0.0,0.0,2000.0,4340650219.82,4340.6502
520.5,Prithvi_Class,MIDCOURSE,377461.98,377.462,554280.34,554.2803,2087.6232,7515.4435,2087.6232,1076.8994,-1788.4234,-0.0,-9.81,9.81,11.5979,0.0,0.0,0.0,0.0,0.0,0.0,2000.0,4358170594.41,4358.1706
521.0,Prithvi_Class,MIDCOURSE,376565.32,376.5653,554818.78,554.8188,2091.8267,7530.5762,2091.8267,1076.8994,-1793.3284,-0.0,-9.81,9.81,11.6213,0.0,0.0,0.0,0.0,0.0,0.0,2000.0,4375739087.05,4375.7391
521.5,Prithvi_Class,MIDCOURSE,375666.2,375.6662,555357.23,555.3572,2096.0333,7545.72,2096.0333,1076.8994,-1798.2334,-0.0,-9.81,9.81,11.6446,0.0,0.0,0.0,0.0,0.0,0.0,2000.0,4393355697.75,4393.3557
522.0,Prithvi_Class,MIDCOURSE,374764.63,374.7646,555895.68,555.8957,2100.2429,7560.8746,2100.2429,1076.8994,-1803.1384,-0.0,-9.81,9.81,11.668,0.0,0.0,0.0,0.0,0.0,0.0,2000.0,4411020426.49,4411.0204
522.5,Prithvi_Class,MIDCOURSE,373860.61,373.8606,556434.13,556.4341,2104.4556,7576.0401,2104.4556,1076.8994,-1808.0434,-0.0,-9.81,9.81,11.6914,0.0,0.0,0.0,0.0,0.0,0.0,2000.0,4428733273.28,4428.7333
523.0,Prithvi_Class,MIDCOURSE,372954.14,372.9541,556972.58,556.9726,2108.6712,7591.2163,2108.6712,1076.8994,-1812.9484,-0.0,-9.81,9.81,11.7148,0.0,0.0,0.0,0.0,0.0,0.0,2000.0,4446494238.12,4446.4942
523.5,Prithvi_Class,MIDCOURSE,372045.21,372.0452,557511.03,557.511,2112.8898,7606.4033,2112.8898,1076.8994,-1817.8534,-0.0,-9.81,9.81,11.7383,0.0,0.0,0.0,0.0,0.0,0.0,2000.0,4464303321.02,4464.3033
524.0,Prithvi_Class,MIDCOURSE,371133.83,371.1338,558049.48,558.0495,2117.1114,7621.6009,2117.1114,1076.8994,-1822.7584,-0.0,-9.81,9.81,11.7617,0.0,0.0,0.0,0.0,0.0,0.0,2000.0,4482160521.96,4482.1605
524.5,Prithvi_Class,MIDCOURSE,370220.0,370.22,558587.93,558.5879,2121.3359,7636.8091,2121.3359,1076.8994,-1827.6634,-0.0,-9.81,9.81,11.7852,0.0,0.0,0.0,0.0,0.0,0.0,2000.0,4500065840.95,4500.0658
525.0,Prithvi_Class,MIDCOURSE,369303.72,369.3037,559126.38,559.1264,2125.5633,7652.0278,2125.5633,1076.8994,-1832.5684,-0.0,-9.81,9.81,11.8087,0.0,0.0,0.0,0.0,0.0,0.0,2000.0,4518019278.0,4518.0193
525.5,Prithvi_Class,MIDCOURSE,368384.98,368.385,559664.83,559.6648,2129.7936,7667.257,2129.7936,1076.8994,-1837.4734,-0.0,-9.81,9.81,11.8322,0.0,0.0,0.0,0.0,0.0,0.0,2000.0,4536020833.09,4536.0208
526.0,Prithvi_Class,MIDCOURSE,367463.79,367.4638,560203.28,560.2033,2134.0268,7682.4966,2134.0268,1076.8994,-1842.3784,-0.0,-9.81,9.81,11.8557,0.0,0.0,0.0,0.0,0.0,0.0,2000.0,4554070506.23,4554.0705
526.5,Prithvi_Class,MIDCOURSE,366540.15,366.5401,560741.73,560.7417,2138.2629,7697.7465,2138.2629,1076.8994,-1847.2834,-0.0,-9.81,9.81,11.8792,0.0,0.0,0.0,0.0,0.0,0.0,2000.0,4572168297.42,4572.1683
527.0,Prithvi_Class,MIDCOURSE,365614.05,365.6141,561280.18,561.2802,2142.5019,7713.0067,2142.5019,1076.8994,-1852.1884,-0.0,-9.81,9.81,11.9028,0.0,0.0,0.0,0.0,0.0,0.0,2000.0,4590314206.67,4590.3142
527.5,Prithvi_Class,MIDCOURSE,364685.51,364.6855,561818.63,561.8186,2146.7436,7728.2771,2146.7436,1076.8994,-1857.0934,-0.0,-9.81,9.81,11.9264,0.0,0.0,0.0,0.0,0.0,0.0,2000.0,4608508233.96,4608.5082
528.0,Prithvi_Class,MIDCOURSE,363754.51,363.7545,562357.08,562.3571,2150.9882,7743.5576,2150.9882,1076.8994,-1861.9984,-0.0,-9.81,9.81,11.9499,0.0,0.0,0.0,0.0,0.0,0.0,2000.0,4626750379.3,4626.7504
528.5,Prithvi_Class,MIDCOURSE,362821.06,362.8211,562895.53,562.8955,2155.2356,7758.8483,2155.2356,1076.8994,-1866.9034,-0.0,-9.81,9.81,11.9735,0.0,0.0,0.0,0.0,0.0,0.0,2000.0,4645040642.7,4645.0406
529.0,Prithvi_Class,MIDCOURSE,361885.15,361.8852,563433.98,563.434,2159.4858,7774.149,2159.4858,1076.8994,-1871.8084,-0.0,-9.81,9.81,11.9971,0.0,0.0,0.0,0.0,0.0,0.0,2000.0,4663379024.14,4663.379
529.5,Prithvi_Class,MIDCOURSE,360946.8,360.9468,563972.43,563.9724,2163.7388,7789.4596,2163.7388,1076.8994,-1876.7134,-0.0,-9.81,9.81,12.0208,0.0,0.0,0.0,0.0,0.0,0.0,2000.0,4681765523.63,4681.7655
530.0,Prithvi_Class,MIDCOURSE,360005.99,360.006,564510.88,564.5109,2167.9945,7804.7802,2167.9945,1076.8994,-1881.6184,-0.0,-9.81,9.81,12.0444,0.0,0.0,0.0,0.0,0.0,0.0,2000.0,4700200141.17,4700.2001
530.5,Prithvi_Class,MIDCOURSE,359062.73,359.0627,565049.33,565.0493,2172.2529,7820.1106,2172.2529,1076.8994,-1886.5234,-0.0,-9.81,9.81,12.0681,0.0,0.0,0.0,0.0,0.0,0.0,2000.0,4718682876.77,4718.6829
531.0,Prithvi_Class,MIDCOURSE,358117.01,358.117,565587.78,565.5878,2176.5141,7835.4508,2176.5141,1076.8994,-1891.4284,-0.0,-9.81,9.81,12.0917,0.0,0.0,0.0,0.0,0.0,0.0,2000.0,4737213730.41,4737.2137
531.5,Prithvi_Class,MIDCOURSE,357168.84,357.1688,566126.23,566.1262,2180.778,7850.8008,2180.778,1076.8994,-1896.3334,-0.0,-9.81,9.81,12.1154,0.0,0.0,0.0,0.0,0.0,0.0,2000.0,4755792702.1,4755.7927
532.0,Prithvi_Class,MIDCOURSE,356218.23,356.2182,566664.68,566.6647,2185.0446,7866.1605,2185.0446,1076.8994,-1901.2384,-0.0,-9.81,9.81,12.1391,0.0,0.0,0.0,0.0,0.0,0.0,2000.0,4774419791.85,4774.4198
532.5,Prithvi_Class,MIDCOURSE,355265.15,355.2652,567203.13,567.2031,2189.3138,7881.5297,2189.3138,1076.8994,-1906.1434,-0.0,-9.81,9.81,12.1629,0.0,0.0,0.0,0.0,0.0,0.0,2000.0,4793094999.64,4793.095
533.0,Prithvi_Class,MIDCOURSE,354309.63,354.3096,567741.58,567.7416,2193.5857,7896.9086,2193.5857,1076.8994,-1911.0484,-0.0,-9.81,9.81,12.1866,0.0,0.0,0.0,0.0,0.0,0.0,2000.0,4811818325.48,4811.8183
533.5,Prithvi_Class,MIDCOURSE,353351.65,353.3517,568280.03,568.28,2197.8603,7912.297,2197.8603,1076.8994,-1915.9534,-0.0,-9.81,9.81,12.2103,0.0,0.0,0.0,0.0,0.0,0.0,2000.0,4830589769.38,4830.5898
534.0,Prithvi_Class,MIDCOURSE,352391.22,352.3912,568818.48,568.8185,2202.1374,7927.6948,2202.1374,1076.8994,-1920.8584,-0.0,-9.81,9.81,12.2341,0.0,0.0,0.0,0.0,0.0,0.0,2000.0,4849409331.32,4849.4093
534.5,Prithvi_Class,MIDCOURSE,351428.34,351.4283,569356.93,569.3569,2206.4172,7943.102,2206.4172,1076.8994,-1925.7634,-0.0,-9.81,9.81,12.2579,0.0,0.0,0.0,0.0,0.0,0.0,2000.0,4868277011.31,4868.277
535.0,Prithvi_Class,MIDCOURSE,350463.01,350.463,569895.38,569.8954,2210.6996,7958.5186,2210.6996,1076.8994,-1930.6684,-0.0,-9.81,9.81,12.2817,0.0,0.0,0.0,0.0,0.0,0.0,2000.0,4887192809.35,4887.1928
535.5,Prithvi_Class,MIDCOURSE,349495.22,349.4952,570433.83,570.4338,2214.9846,7973.9445,2214.9846,1076.8994,-1935.5734,-0.0,-9.81,9.81,12.3055,0.0,0.0,0.0,0.0,0.0,0.0,2000.0,4906156725.45,4906.1567
536.0,Prithvi_Class,MIDCOURSE,348524.98,348.525,570972.28,570.9723,2219.2721,7989.3796,2219.2721,1076.8994,-1940.4784,-0.0,-9.81,9.81,12.3293,0.0,0.0,0.0,0.0,0.0,0.0,2000.0,4925168759.59,4925.1688
536.5,Prithvi_Class,MIDCOURSE,347552.29,347.5523,571510.73,571.5107,2223.5622,8004.824,2223.5622,1076.8994,-1945.3834,-0.0,-9.81,9.81,12.3531,0.0,0.0,0.0,0.0,0.0,0.0,2000.0,4944228911.78,4944.2289
537.0,Prithvi_Class,MIDCOURSE,346577.15,346.5771,572049.18,572.0492,2227.8548,8020.2774,2227.8548,1076.8994,-1950.2884,-0.0,-9.81,9.81,12.377,0.0,0.0,0.0,0.0,0.0,0.0,2000.0,4963337182.03,4963.3372
537.5,Prithvi_Class,MIDCOURSE,345599.55,345.5995,572587.63,572.5876,2232.15,8035.74,2232.15,1076.8994,-1955.1934,-0.0,-9.81,9.81,12.4008,0.0,0.0,0.0,0.0,0.0,0.0,2000.0,4982493570.32,4982.4936
538.0,Prithvi_Class,MIDCOURSE,344619.5,344.6195,573126.07,573.1261,2236.4476,8051.2115,2236.4476,1076.8994,-1960.0984,-0.0,-9.81,9.81,12.4247,0.0,0.0,0.0,0.0,0.0,0.0,2000.0,5001698076.66,5001.6981
538.5,Prithvi_Class,MIDCOURSE,343637.0,343.637,573664.52,573.6645,2240.7478,8066.6921,2240.7478,1076.8994,-1965.0034,-0.0,-9.81,9.81,12.4486,0.0,0.0,0.0,0.0,0.0,0.0,2000.0,5020950701.05,5020.9507
539.0,Prithvi_Class,MIDCOURSE,342652.04,342.652,574202.97,574.203,2245.0504,8082.1816,2245.0504,1076.8994,-1969.9084,-0.0,-9.81,9.81,12.4725,0.0,0.0,0.0,0.0,0.0,0.0,2000.0,5040251443.5,5040.2514
539.5,Prithvi_Class,MIDCOURSE,341664.64,341.6646,574741.42,574.7414,2249.3555,8097.6799,2249.3555,1076.8994,-1974.8134,-0.0,-9.81,9.81,12.4964,0.0,0.0,0.0,0.0,0.0,0.0,2000.0,5059600303.99,5059.6003
540.0,Prithvi_Class,MIDCOURSE,340674.78,340.6748,575279.87,575.2799,2253.6631,8113.1871,2253.6631,1076.8994,-1979.7184,-0.0,-9.81,9.81,12.5204,0.0,0.0,0.0,0.0,0.0,0.0,2000.0,5078997282.53,5078.9973
540.5,Prithvi_Class,MIDCOURSE,339682.47,339.6825,575818.32,575.8183,2257.9731,8128.703,2257.9731,1076.8994,-1984.6234,-0.0,-9.81,9.81,12.5443,0.0,0.0,0.0,0.0,0.0,0.0,2000.0,5098442379.13,5098.4424
541.0,Prithvi_Class,MIDCOURSE,338687.7,338.6877,576356.77,576.3568,2262.2855,8144.2277,2262.2855,1076.8994,-1989.5284,-0.0,-9.81,9.81,12.5683,0.0,0.0,0.0,0.0,0.0,0.0,2000.0,5117935593.77,5117.9356
541.5,Prithvi_Class,MIDCOURSE,337690.49,337.6905,576895.22,576.8952,2266.6003,8159.7611,2266.6003,1076.8994,-1994.4334,-0.0,-9.81,9.81,12.5922,0.0,0.0,0.0,0.0,0.0,0.0,2000.0,5137476926.46,5137.4769
542.0,Prithvi_Class,MIDCOURSE,336690.82,336.6908,577433.67,577.4337,2270.9175,8175.3031,2270.9175,1076.8994,-1999.3384,-0.0,-9.81,9.81,12.6162,0.0,0.0,0.0,0.0,0.0,0.0,2000.0,5157066377.21,5157.0664
542.5,Prithvi_Class,MIDCOURSE,335688.69,335.6887,577972.12,577.9721,2275.2371,8190.8536,2275.2371,1076.8994,-2004.2434,-0.0,-9.81,9.81,12.6402,0.0,0.0,0.0,0.0,0.0,0.0,2000.0,5176703946.0,5176.7039
543.0,Prithvi_Class,MIDCOURSE,334684.12,334.6841,578510.57,578.5106,2279.5591,8206.4127,2279.5591,1076.8994,-2009.1484,-0.0,-9.81,9.81,12.6642,0.0,0.0,0.0,0.0,0.0,0.0,2000.0,5196389632.84,5196.3896
543.5,Prithvi_Class,MIDCOURSE,333677.09,333.6771,579049.02,579.049,2283.8834,8221.9803,2283.8834,1076.8994,-2014.0534,-0.0,-9.81,9.81,12.6882,0.0,0.0,0.0,0.0,0.0,0.0,2000.0,5216123437.73,5216.1234
544.0,Prithvi_Class,MIDCOURSE,332667.61,332.6676,579587.47,579.5875,2288.2101,8237.5563,2288.2101,1076.8994,-2018.9584,-0.0,-9.81,9.81,12.7123,0.0,0.0,0.0,0.0,0.0,0.0,2000.0,5235905360.68,5235.9054
544.5,Prithvi_Class,MIDCOURSE,331655.68,331.6557,580125.92,580.1259,2292.5391,8253.1407,2292.5391,1076.8994,-2023.8634,-0.0,-9.81,9.81,12.7363,0.0,0.0,0.0,0.0,0.0,0.0,2000.0,5255735401.67,5255.7354
545.0,Prithvi_Class,MIDCOURSE,330641.3,330.6413,580664.37,580.6644,2296.8704,8268.7334,2296.8704,1076.8994,-2028.7684,-0.0,-9.81,9.81,12.7604,0.0,0.0,0.0,0.0,0.0,0.0,2000.0,5275613560.71,5275.6136
545.5,Prithvi_Class,MIDCOURSE,329624.46,329.6245,581202.82,581.2028,2301.204,8284.3344,2301.204,1076.8994,-2033.6734,-0.0,-9.81,9.81,12.7845,0.0,0.0,0.0,0.0,0.0,0.0,2000.0,5295539837.81,5295.5398
546.0,Prithvi_Class,MIDCOURSE,328605.17,328.6052,581741.27,581.7413,2305.5399,8299.9436,2305.5399,1076.8994,-2038.5784,-0.0,-9.81,9.81,12.8086,0.0,0.0,0.0,0.0,0.0,0.0,2000.0,5315514232.95,5315.5142
546.5,Prithvi_Class,MIDCOURSE,327583.43,327.5834,582279.72,582.2797,2309.8781,8315.5611,2309.8781,1076.8994,-2043.4834,-0.0,-9.81,9.81,12.8327,0.0,0.0,0.0,0.0,0.0,0.0,2000.0,5335536746.14,5335.5367
547.0,Prithvi_Class,MIDCOURSE,326559.24,326.5592,582818.17,582.8182,2314.2185,8331.1867,2314.2185,1076.8994,-2048.3884,-0.0,-9.81,9.81,12.8568,0.0,0.0,0.0,0.0,0.0,0.0,2000.0,5355607377.38,5355.6074
547.5,Prithvi_Class,MIDCOURSE,325532.59,325.5326,583356.62,583.3566,2318.5612,8346.8204,2318.5612,1076.8994,-2053.2934,-0.0,-9.81,9.81,12.8809,0.0,0.0,0.0,0.0,0.0,0.0,2000.0,5375726126.68,5375.7261
548.0,Prithvi_Class,MIDCOURSE,324503.49,324.5035,583895.07,583.8951,2322.9062,8362.4621,2322.9062,1076.8994,-2058.1984,-0.0,-9.81,9.81,12.905,0.0,0.0,0.0,0.0,0.0,0.0,2000.0,5395892994.02,5395.893
548.5,Prithvi_Class,MIDCOURSE,323471.94,323.4719,584433.52,584.4335,2327.2533,8378.1119,2327.2533,1076.8994,-2063.1034,-0.0,-9.81,9.81,12.9292,0.0,0.0,0.0,0.0,0.0,0.0,2000.0,5416107979.41,5416.108
549.0,Prithvi_Class,MIDCOURSE,322437.93,322.4379,584971.97,584.972,2331.6027,8393.7697,2331.6027,1076.8994,-2068.0084,-0.0,-9.81,9.81,12.9533,0.0,0.0,0.0,0.0,0.0,0.0,2000.0,5436371082.86,5436.3711
549.5,Prithvi_Class,MIDCOURSE,321401.48,321.4015,585510.42,585.5104,2335.9543,8409.4353,2335.9543,1076.8994,-2072.9134,-0.0,-9.81,9.81,12.9775,0.0,0.0,0.0,0.0,0.0,0.0,2000.0,5456682304.35,5456.6823
550.0,Prithvi_Class,MIDCOURSE,320362.57,320.3626,586048.87,586.0489,2340.308,8425.1089,2340.308,1076.8994,-2077.8184,-0.0,-9.81,9.81,13.0017,0.0,0.0,0.0,0.0,0.0,0.0,2000.0,5477041643.89,5477.0416
550.5,Prithvi_Class,MIDCOURSE,319321.21,319.3212,586587.32,586.5873,2344.664,8440.7903,2344.664,1076.8994,-2082.7234,-0.0,-9.81,9.81,13.0259,0.0,0.0,0.0,0.0,0.0,0.0,2000.0,5497449101.49,5497.4491
551.0,Prithvi_Class,MIDCOURSE,318277.39,318.2774,587125.77,587.1258,2349.0221,8456.4794,2349.0221,1076.8994,-2087.6284,-0.0,-9.81,9.81,13.0501,0.0,0.0,0.0,0.0,0.0,0.0,2000.0,5517904677.13,5517.9047
551.5,Prithvi_Class,MIDCOURSE,317231.13,317.2311,587664.22,587.6642,2353.3823,8472.1764,2353.3823,1076.8994,-2092.5334,-0.0,-9.81,9.81,13.0743,0.0,0.0,0.0,0.0,0.0,0.0,2000.0,5538408370.82,5538.4084
552.0,Prithvi_Class,MIDCOURSE,316182.41,316.1824,588202.67,588.2027,2357.7447,8487.881,2357.7447,1076.8994,-2097.4384,-0.0,-9.81,9.81,13.0986,0.0,0.0,0.0,0.0,0.0,0.0,2000.0,5558960182.56,5558.9602
552.5,Prithvi_Class,MIDCOURSE,315131.24,315.1312,588741.12,588.7411,2362.1093,8503.5933,2362.1093,1076.8994,-2102.3434,-0.0,-9.81,9.81,13.1228,0.0,0.0,0.0,0.0,0.0,0.0,2000.0,5579560112.36,5579.5601
553.0,Prithvi_Class,MIDCOURSE,314077.61,314.0776,589279.57,589.2796,2366.4759,8519.3132,2366.4759,1076.8994,-2107.2484,-0.0,-9.81,9.81,13.1471,0.0,0.0,0.0,0.0,0.0,0.0,2000.0,5600208160.2,5600.2082
553.5,Prithvi_Class,MIDCOURSE,313021.53,313.0215,589818.02,589.818,2370.8446,8535.0407,2370.8446,1076.8994,-2112.1534,-0.0,-9.81,9.81,13.1714,0.0,0.0,0.0,0.0,0.0,0.0,2000.0,5620904326.09,5620.9043
554.0,Prithvi_Class,MIDCOURSE,311963.01,311.963,590356.47,590.3565,2375.2155,8550.7758,2375.2155,1076.8994,-2117.0584,-0.0,-9.81,9.81,13.1956,0.0,0.0,0.0,0.0,0.0,0.0,2000.0,5641648610.04,5641.6486
554.5,Prithvi_Class,MIDCOURSE,310902.02,310.902,590894.91,590.8949,2379.5884,8566.5183,2379.5884,1076.8994,-2121.9634,-0.0,-9.81,9.81,13.2199,0.0,0.0,0.0,0.0,0.0,0.0,2000.0,5662441012.03,5662.441
555.0,Prithvi_Class,MIDCOURSE,309838.59,309.8386,591433.36,591.4334,2383.9634,8582.2683,2383.9634,1076.8994,-2126.8684,-0.0,-9.81,9.81,13.2442,0.0,0.0,0.0,0.0,0.0,0.0,2000.0,5683281532.07,5683.2815
555.5,Prithvi_Class,MIDCOURSE,308772.7,308.7727,591971.81,591.9718,2388.3405,8598.0257,2388.3405,1076.8994,-2131.7734,-0.0,-9.81,9.81,13.2686,0.0,0.0,0.0,0.0,0.0,0.0,2000.0,5704170170.16,5704.1702
556.0,Prithvi_Class,MIDCOURSE,307704.36,307.7044,592510.26,592.5103,2392.7196,8613.7904,2392.7196,1076.8994,-2136.6784,-0.0,-9.81,9.81,13.2929,0.0,0.0,0.0,0.0,0.0,0.0,2000.0,5725106926.31,5725.1069
556.5,Prithvi_Class,MIDCOURSE,306633.57,306.6336,593048.71,593.0487,2397.1007,8629.5625,2397.1007,1076.8994,-2141.5834,-0.0,-9.81,9.81,13.3172,0.0,0.0,0.0,0.0,0.0,0.0,2000.0,5746091800.5,5746.0918
557.0,Prithvi_Class,MIDCOURSE,305560.33,305.5603,593587.16,593.5872,2401.4839,8645.3419,2401.4839,1076.8994,-2146.4884,-0.0,-9.81,9.81,13.3416,0.0,0.0,0.0,0.0,0.0,0.0,2000.0,5767124792.74,5767.1248
557.5,Prithvi_Class,MIDCOURSE,304484.63,304.4846,594125.61,594.1256,2405.8691,8661.1286,2405.8691,1076.8994,-2151.3934,-0.0,-9.81,9.81,13.3659,0.0,0.0,0.0,0.0,0.0,0.0,2000.0,5788205903.04,5788.2059
558.0,Prithvi_Class,MIDCOURSE,303406.48,303.4065,594664.06,594.6641,2410.2562,8676.9225,2410.2562,1076.8994,-2156.2984,-0.0,-9.81,9.81,13.3903,0.0,0.0,0.0,0.0,0.0,0.0,2000.0,5809335131.38,5809.3351
558.5,Prithvi_Class,MIDCOURSE,302325.88,302.3259,595202.51,595.2025,2414.6454,8692.7235,2414.6454,1076.8994,-2161.2034,-0.0,-9.81,9.81,13.4147,0.0,0.0,0.0,0.0,0.0,0.0,2000.0,5830512477.77,5830.5125
559.0,Prithvi_Class,MIDCOURSE,301242.83,301.2428,595740.96,595.741,2419.0366,8708.5317,2419.0366,1076.8994,-2166.1084,-0.0,-9.81,9.81,13.4391,0.0,0.0,0.0,0.0,0.0,0.0,2000.0,5851737942.22,5851.7379
559.5,Prithvi_Class,MIDCOURSE,300157.32,300.1573,596279.41,596.2794,2423.4297,8724.3469,2423.4297,1076.8994,-2171.0134,-0.0,-9.81,9.81,13.4635,0.0,0.0,0.0,0.0,0.0,0.0,2000.0,5873011524.71,5873.0115
560.0,Prithvi_Class,MIDCOURSE,299069.36,299.0694,596817.86,596.8179,2427.8248,8740.1693,2427.8248,1076.8994,-2175.9184,-0.0,-9.81,9.81,13.4879,0.0,0.0,0.0,0.0,0.0,0.0,2000.0,5894333225.25,5894.3332
560.5,Prithvi_Class,MIDCOURSE,297978.95,297.9789,597356.31,597.3563,2432.2218,8755.9986,2432.2218,1076.8994,-2180.8234,-0.0,-9.81,9.81,13.5123,0.0,0.0,0.0,0.0,0.0,0.0,2000.0,5915703043.84,5915.703
561.0,Prithvi_Class,MIDCOURSE,296886.08,296.8861,597894.76,597.8948,2436.6208,8771.8349,2436.6208,1076.8994,-2185.7284,-0.0,-9.81,9.81,13.5368,0.0,0.0,0.0,0.0,0.0,0.0,2000.0,5937120980.49,5937.121
561.5,Prithvi_Class,MIDCOURSE,295790.77,295.7908,598433.21,598.4332,2441.0217,8787.6782,2441.0217,1076.8994,-2190.6334,-0.0,-9.81,9.81,13.5612,0.0,0.0,0.0,0.0,0.0,0.0,2000.0,5958587035.18,5958.587
562.0,Prithvi_Class,MIDCOURSE,294693.0,294.693,598971.66,598.9717,2445.4245,8803.5284,2445.4245,1076.8994,-2195.5384,-0.0,-9.81,9.81,13.5857,0.0,0.0,0.0,0.0,0.0,0.0,2000.0,5980101207.92,5980.1012
562.5,Prithvi_Class,MIDCOURSE,293592.78,293.5928,599510.11,599.5101,2449.8293,8819.3854,2449.8293,1076.8994,-2200.4434,-0.0,-9.81,9.81,13.6102,0.0,0.0,0.0,0.0,0.0,0.0,2000.0,6001663498.72,6001.6635
563.0,Prithvi_Class,MIDCOURSE,292490.1,292.4901,600048.56,600.0486,2454.2359,8835.2493,2454.2359,1076.8994,-2205.3484,-0.0,-9.81,9.81,13.6346,0.0,0.0,0.0,0.0,0.0,0.0,2000.0,6023273907.56,6023.2739
563.5,Prithvi_Class,MIDCOURSE,291384.98,291.385,600587.01,600.587,2458.6444,8851.1199,2458.6444,1076.8994,-2210.2534,-0.0,-9.81,9.81,13.6591,0.0,0.0,0.0,0.0,0.0,0.0,2000.0,6044932434.45,6044.9324
564.0,Prithvi_Class,MIDCOURSE,290277.4,290.2774,601125.46,601.1255,2463.0548,8866.9974,2463.0548,1076.8994,-2215.1584,-0.0,-9.81,9.81,13.6836,0.0,0.0,0.0,0.0,0.0,0.0,2000.0,6066639079.39,6066.6391
564.5,Prithvi_Class,MIDCOURSE,289167.36,289.1674,601663.91,601.6639,2467.4671,8882.8815,2467.4671,1076.8994,-2220.0634,-0.0,-9.81,9.81,13.7082,0.0,0.0,0.0,0.0,0.0,0.0,2000.0,6088393842.39,6088.3938
565.0,Prithvi_Class,MIDCOURSE,288054.88,288.0549,602202.36,602.2024,2471.8812,8898.7724,2471.8812,1076.8994,-2224.9684,-0.0,-9.81,9.81,13.7327,0.0,0.0,0.0,0.0,0.0,0.0,2000.0,6110196723.43,6110.1967
565.5,Prithvi_Class,MIDCOURSE,286939.94,286.9399,602740.81,602.7408,2476.2972,8914.6698,2476.2972,1076.8994,-2229.8734,-0.0,-9.81,9.81,13.7572,0.0,0.0,0.0,0.0,0.0,0.0,2000.0,6132047722.52,6132.0477
566.0,Prithvi_Class,MIDCOURSE,285822.55,285.8226,603279.26,603.2793,2480.715,8930.5739,2480.715,1076.8994,-2234.7784,-0.0,-9.81,9.81,13.7817,0.0,0.0,0.0,0.0,0.0,0.0,2000.0,6153946839.67,6153.9468
566.5,Prithvi_Class,MIDCOURSE,284702.71,284.7027,603817.71,603.8177,2485.1346,8946.4846,2485.1346,1076.8994,-2239.6834,-0.0,-9.81,9.81,13.8063,0.0,0.0,0.0,0.0,0.0,0.0,2000.0,6175894074.86,6175.8941
567.0,Prithvi_Class,MIDCOURSE,283580.42,283.5804,604356.16,604.3562,2489.5561,8962.4019,2489.5561,1076.8994,-2244.5884,-0.0,-9.81,9.81,13.8309,0.0,0.0,0.0,0.0,0.0,0.0,2000.0,6197889428.1,6197.8894
567.5,Prithvi_Class,MIDCOURSE,282455.67,282.4557,604894.61,604.8946,2493.9793,8978.3256,2493.9793,1076.8994,-2249.4934,-0.0,-9.81,9.81,13.8554,0.0,0.0,0.0,0.0,0.0,0.0,2000.0,6219932899.39,6219.9329
568.0,Prithvi_Class,MIDCOURSE,281328.47,281.3285,605433.06,605.4331,2498.4044,8994.2558,2498.4044,1076.8994,-2254.3984,-0.0,-9.81,9.81,13.88,0.0,0.0,0.0,0.0,0.0,0.0,2000.0,6242024488.74,6242.0245
568.5,Prithvi_Class,MIDCOURSE,280198.82,280.1988,605971.51,605.9715,2502.8312,9010.1924,2502.8312,1076.8994,-2259.3034,-0.0,-9.81,9.81,13.9046,0.0,0.0,0.0,0.0,0.0,0.0,2000.0,6264164196.13,6264.1642
569.0,Prithvi_Class,MIDCOURSE,279066.72,279.0667,606509.96,606.51,2507.2599,9026.1355,2507.2599,1076.8994,-2264.2084,-0.0,-9.81,9.81,13.9292,0.0,0.0,0.0,0.0,0.0,0.0,2000.0,6286352021.57,6286.352
569.5,Prithvi_Class,MIDCOURSE,277932.16,277.9322,607048.41,607.0484,2511.6903,9042.0849,2511.6903,1076.8994,-2269.1134,-0.0,-9.81,9.81,13.9538,0.0,0.0,0.0,0.0,0.0,0.0,2000.0,6308587965.07,6308.588
570.0,Prithvi_Class,MIDCOURSE,276795.15,276.7952,607586.86,607.5869,2516.1224,9058.0407,2516.1224,1076.8994,-2274.0184,-0.0,-9.81,9.81,13.9785,0.0,0.0,0.0,0.0,0.0,0.0,2000.0,6330872026.61,6330.872
570.5,Prithvi_Class,MIDCOURSE,275655.69,275.6557,608125.31,608.1253,2520.5563,9074.0028,2520.5563,1076.8994,-2278.9234,-0.0,-9.81,9.81,14.0031,0.0,0.0,0.0,0.0,0.0,0.0,2000.0,6353204206.2,6353.2042
571.0,Prithvi_Class,MIDCOURSE,274513.77,274.5138,608663.75,608.6638,2524.992,9089.9711,2524.992,1076.8994,-2283.8284,-0.0,-9.81,9.81,14.0277,0.0,0.0,0.0,0.0,0.0,0.0,2000.0,6375584503.85,6375.5845
571.5,Prithvi_Class,MIDCOURSE,273369.41,273.3694,609202.2,609.2022,2529.4294,9105.9457,2529.4294,1076.8994,-2288.7334,-0.0,-9.81,9.81,14.0524,0.0,0.0,0.0,0.0,0.0,0.0,2000.0,6398012919.54,6398.0129
572.0,Prithvi_Class,MIDCOURSE,272222.59,272.2226,609740.65,609.7407,2533.8685,9121.9265,2533.8685,1076.8994,-2293.6384,-0.0,-9.81,9.81,14.077,0.0,0.0,0.0,0.0,0.0,0.0,2000.0,6420489453.28,6420.4895
572.5,Prithvi_Class,MIDCOURSE,271073.32,271.0733,610279.1,610.2791,2538.3093,9137.9135,2538.3093,1076.8994,-2298.5434,-0.0,-9.81,9.81,14.1017,0.0,0.0,0.0,0.0,0.0,0.0,2000.0,6443014105.07,6443.0141
573.0,Prithvi_Class,MIDCOURSE,269921.59,269.9216,610817.55,610.8176,2542.7518,9153.9066,2542.7518,1076.8994,-2303.4484,-0.0,-9.81,9.81,14.1264,0.0,0.0,0.0,0.0,0.0,0.0,2000.0,6465586874.92,6465.5869
573.5,Prithvi_Class,MIDCOURSE,268767.42,268.7674,611356.0,611.356,2547.1961,9169.9058,2547.1961,1076.8994,-2308.3534,-0.0,-9.81,9.81,14.1511,0.0,0.0,0.0,0.0,0.0,0.0,2000.0,6488207762.81,6488.2078
574.0,Prithvi_Class,MIDCOURSE,267610.79,267.6108,611894.45,611.8945,2551.642,9185.9111,2551.642,1076.8994,-2313.2584,-0.0,-9.81,9.81,14.1758,0.0,0.0,0.0,0.0,0.0,0.0,2000.0,6510876768.75,6510.8768
574.5,Prithvi_Class,MIDCOURSE,266451.71,266.4517,612432.9,612.4329,2556.0896,9201.9225,2556.0896,1076.8994,-2318.1634,-0.0,-9.81,9.81,14.2005,0.0,0.0,0.0,0.0,0.0,0.0,2000.0,6533593892.75,6533.5939
575.0,Prithvi_Class,MIDCOURSE,265290.17,265.2902,612971.35,612.9714,2560.5388,9217.9398,2560.5388,1076.8994,-2323.0684,-0.0,-9.81,9.81,14.2252,0.0,0.0,0.0,0.0,0.0,0.0,2000.0,6556359134.79,6556.3591
575.5,Prithvi_Class,MIDCOURSE,264126.18,264.1262,613509.8,613.5098,2564.9898,9233.9632,2564.9898,1076.8994,-2327.9734,-0.0,-9.81,9.81,14.2499,0.0,0.0,0.0,0.0,0.0,0.0,2000.0,6579172494.88,6579.1725
576.0,Prithvi_Class,MIDCOURSE,262959.75,262.9597,614048.25,614.0483,2569.4423,9249.9924,2569.4423,1076.8994,-2332.8784,-0.0,-9.81,9.81,14.2747,0.0,0.0,0.0,0.0,0.0,0.0,2000.0,6602033973.02,6602.034
576.5,Prithvi_Class,MIDCOURSE,261790.85,261.7909,614586.7,614.5867,2573.8966,9266.0277,2573.8966,1076.8994,-2337.7834,-0.0,-9.81,9.81,14.2994,0.0,0.0,0.0,0.0,0.0,0.0,2000.0,6624943569.22,6624.9436
577.0,Prithvi_Class,MIDCOURSE,260619.51,260.6195,615125.15,615.1252,2578.3524,9282.0688,2578.3524,1076.8994,-2342.6884,-0.0,-9.81,9.81,14.3242,0.0,0.0,0.0,0.0,0.0,0.0,2000.0,6647901283.46,6647.9013
577.5,Prithvi_Class,MIDCOURSE,259445.71,259.4457,615663.6,615.6636,2582.8099,9298.1157,2582.8099,1076.8994,-2347.5934,-0.0,-9.81,9.81,14.3489,0.0,0.0,0.0,0.0,0.0,0.0,2000.0,6670907115.75,6670.9071
578.0,Prithvi_Class,MIDCOURSE,258269.46,258.2695,616202.05,616.2021,2587.269,9314.1685,2587.269,1076.8994,-2352.4984,-0.0,-9.81,9.81,14.3737,0.0,0.0,0.0,0.0,0.0,0.0,2000.0,6693961066.1,6693.9611
578.5,Prithvi_Class,MIDCOURSE,257090.76,257.0908,616740.5,616.7405,2591.7298,9330.2271,2591.7298,1076.8994,-2357.4034,-0.0,-9.81,9.81,14.3985,0.0,0.0,0.0,0.0,0.0,0.0,2000.0,6717063134.49,6717.0631
579.0,Prithvi_Class,MIDCOURSE,255909.61,255.9096,617278.95,617.279,2596.1921,9346.2915,2596.1921,1076.8994,-2362.3084,-0.0,-9.81,9.81,14.4233,0.0,0.0,0.0,0.0,0.0,0.0,2000.0,6740213320.93,6740.2133
579.5,Prithvi_Class,MIDCOURSE,254726.0,254.726,617817.4,617.8174,2600.656,9362.3616,2600.656,1076.8994,-2367.2134,-0.0,-9.81,9.81,14.4481,0.0,0.0,0.0,0.0,0.0,0.0,2000.0,6763411625.42,6763.4116
580.0,Prithvi_Class,MIDCOURSE,253539.94,253.5399,618355.85,618.3558,2605.1215,9378.4374,2605.1215,1076.8994,-2372.1184,-0.0,-9.81,9.81,14.4729,0.0,0.0,0.0,0.0,0.0,0.0,2000.0,6786658047.97,6786.658
580.5,Prithvi_Class,MIDCOURSE,252351.43,252.3514,618894.3,618.8943,2609.5886,9394.5189,2609.5886,1076.8994,-2377.0234,-0.0,-9.81,9.81,14.4977,0.0,0.0,0.0,0.0,0.0,0.0,2000.0,6809952588.56,6809.9526
581.0,Prithvi_Class,MIDCOURSE,251160.47,251.1605,619432.75,619.4327,2614.0572,9410.6061,2614.0572,1076.8994,-2381.9284,-0.0,-9.81,9.81,14.5225,0.0,0.0,0.0,0.0,0.0,0.0,2000.0,6833295247.2,6833.2952
581.5,Prithvi_Class,MIDCOURSE,249967.05,249.967,619971.2,619.9712,2618.5275,9426.6988,2618.5275,1076.8994,-2386.8334,-0.0,-9.81,9.81,14.5474,0.0,0.0,0.0,0.0,0.0,0.0,2000.0,6856686023.9,6856.686
582.0,Prithvi_Class,MIDCOURSE,248771.18,248.7712,620509.65,620.5096,2622.9992,9442.7972,2622.9992,1076.8994,-2391.7384,-0.0,-9.81,9.81,14.5722,0.0,0.0,0.0,0.0,0.0,0.0,2000.0,6880124918.64,6880.1249
582.5,Prithvi_Class,MIDCOURSE,247572.86,247.5729,621048.1,621.0481,2627.4725,9458.9011,2627.4725,1076.8994,-2396.6434,-0.0,-9.81,9.81,14.5971,0.0,0.0,0.0,0.0,0.0,0.0,2000.0,6903611931.43,6903.6119
583.0,Prithvi_Class,MIDCOURSE,246372.08,246.3721,621586.55,621.5865,2631.9474,9475.0106,2631.9474,1076.8994,-2401.5484,-0.0,-9.81,9.81,14.6219,0.0,0.0,0.0,0.0,0.0,0.0,2000.0,6927147062.28,6927.1471
583.5,Prithvi_Class,MIDCOURSE,245168.86,245.1689,622125.0,622.125,2636.4238,9491.1256,2636.4238,1076.8994,-2406.4534,-0.0,-9.81,9.81,14.6468,0.0,0.0,0.0,0.0,0.0,0.0,2000.0,6950730311.17,6950.7303
584.0,Prithvi_Class,MIDCOURSE,243963.18,243.9632,622663.45,622.6634,2640.9017,9507.246,2640.9017,1076.8994,-2411.3584,-0.0,-9.81,9.81,14.6717,0.0,0.0,0.0,0.0,0.0,0.0,2000.0,6974361678.11,6974.3617
584.5,Prithvi_Class,MIDCOURSE,242755.05,242.755,623201.9,623.2019,2645.3811,9523.372,2645.3811,1076.8994,-2416.2634,-0.0,-9.81,9.81,14.6966,0.0,0.0,0.0,0.0,0.0,0.0,2000.0,6998041163.1,6998.0412
585.0,Prithvi_Class,MIDCOURSE,241544.46,241.5445,623740.35,623.7403,2649.862,9539.5033,2649.862,1076.8994,-2421.1684,-0.0,-9.81,9.81,14.7215,0.0,0.0,0.0,0.0,0.0,0.0,2000.0,7021768766.15,7021.7688
585.5,Prithvi_Class,MIDCOURSE,240331.43,240.3314,624278.8,624.2788,2654.3445,9555.64,2654.3445,1076.8994,-2426.0734,-0.0,-9.81,9.81,14.7464,0.0,0.0,0.0,0.0,0.0,0.0,2000.0,7045544487.24,7045.5445
586.0,Prithvi_Class,MIDCOURSE,239115.94,239.1159,624817.25,624.8172,2658.8284,9571.7821,2658.8284,1076.8994,-2430.9784,-0.0,-9.81,9.81,14.7713,0.0,0.0,0.0,0.0,0.0,0.0,2000.0,7069368326.38,7069.3683
586.5,Prithvi_Class,MIDCOURSE,237897.99,237.898,625355.7,625.3557,2663.3138,9587.9296,2663.3138,1076.8994,-2435.8834,-0.0,-9.81,9.81,14.7962,0.0,0.0,0.0,0.0,0.0,0.0,2000.0,7093240283.57,7093.2403
587.0,Prithvi_Class,MIDCOURSE,236677.6,236.6776,625894.15,625.8941,2667.8007,9604.0824,2667.8007,1076.8994,-2440.7884,-0.0,-9.81,9.81,14.8211,0.0,0.0,0.0,0.0,0.0,0.0,2000.0,7117160358.82,7117.1604
587.5,Prithvi_Class,MIDCOURSE,235454.75,235.4548,626432.59,626.4326,2672.289,9620.2404,2672.289,1076.8994,-2445.6934,-0.0,-9.81,9.81,14.8461,0.0,0.0,0.0,0.0,0.0,0.0,2000.0,7141128552.11,7141.1286
588.0,Prithvi_Class,MIDCOURSE,234229.45,234.2295,626971.04,626.971,2676.7788,9636.4038,2676.7788,1076.8994,-2450.5984,-0.0,-9.81,9.81,14.871,0.0,0.0,0.0,0.0,0.0,0.0,2000.0,7165144863.45,7165.1449
588.5,Prithvi_Class,MIDCOURSE,233001.7,233.0017,627509.49,627.5095,2681.2701,9652.5723,2681.2701,1076.8994,-2455.5034,-0.0,-9.81,9.81,14.8959,0.0,0.0,0.0,0.0,0.0,0.0,2000.0,7189209292.85,7189.2093
589.0,Prithvi_Class,MIDCOURSE,231771.5,231.7715,628047.94,628.0479,2685.7628,9668.7461,2685.7628,1076.8994,-2460.4084,-0.0,-9.81,9.81,14.9209,0.0,0.0,0.0,0.0,0.0,0.0,2000.0,7213321840.29,7213.3218
589.5,Prithvi_Class,MIDCOURSE,230538.84,230.5388,628586.39,628.5864,2690.257,9684.9251,2690.257,1076.8994,-2465.3134,-0.0,-9.81,9.81,14.9459,0.0,0.0,0.0,0.0,0.0,0.0,2000.0,7237482505.78,7237.4825
590.0,Prithvi_Class,MIDCOURSE,229303.73,229.3037,629124.84,629.1248,2694.7525,9701.1092,2694.7525,1076.8994,-2470.2184,-0.0,-9.81,9.81,14.9708,0.0,0.0,0.0,0.0,0.0,0.0,2000.0,7261691289.32,7261.6913
590.5,Prithvi_Class,MIDCOURSE,228066.17,228.0662,629663.29,629.6633,2699.2496,9717.2984,2699.2496,1076.8994,-2475.1234,-0.0,-9.81,9.81,14.9958,0.0,0.0,0.0,0.0,0.0,0.0,2000.0,7285948190.91,7285.9482
591.0,Prithvi_Class,MIDCOURSE,226826.16,226.8262,630201.74,630.2017,2703.748,9733.4928,2703.748,1076.8994,-2480.0284,-0.0,-9.81,9.81,15.0208,0.0,0.0,0.0,0.0,0.0,0.0,2000.0,7310253210.56,7310.2532
591.5,Prithvi_Class,MIDCOURSE,225583.69,225.5837,630740.19,630.7402,2708.2478,9749.6922,2708.2478,1076.8994,-2484.9334,-0.0,-9.81,9.81,15.0458,0.0,0.0,0.0,0.0,0.0,0.0,2000.0,7334606348.25,7334.6063
592.0,Prithvi_Class,MIDCOURSE,224338.77,224.3388,631278.64,631.2786,2712.7491,9765.8967,2712.7491,1076.8994,-2489.8384,-0.0,-9.81,9.81,15.0708,0.0,0.0,0.0,0.0,0.0,0.0,2000.0,7359007603.99,7359.0076
592.5,Prithvi_Class,MIDCOURSE,223091.4,223.0914,631817.09,631.8171,2717.2517,9782.1062,2717.2517,1076.8994,-2494.7434,-0.0,-9.81,9.81,15.0958,0.0,0.0,0.0,0.0,0.0,0.0,2000.0,7383456977.78,7383.457
593.0,Prithvi_Class,MIDCOURSE,221841.57,221.8416,632355.54,632.3555,2721.7558,9798.3208,2721.7558,1076.8994,-2499.6484,-0.0,-9.81,9.81,15.1209,0.0,0.0,0.0,0.0,0.0,0.0,2000.0,7407954469.62,7407.9545
593.5,Prithvi_Class,MIDCOURSE,220589.3,220.5893,632893.99,632.894,2726.2612,9814.5403,2726.2612,1076.8994,-2504.5534,-0.0,-9.81,9.81,15.1459,0.0,0.0,0.0,0.0,0.0,0.0,2000.0,7432500079.52,7432.5001
594.0,Prithvi_Class,MIDCOURSE,219334.57,219.3346,633432.44,633.4324,2730.768,9830.7648,2730.768,1076.8994,-2509.4584,-0.0,-9.81,9.81,15.1709,0.0,0.0,0.0,0.0,0.0,0.0,2000.0,7457093807.46,7457.0938
594.5,Prithvi_Class,MIDCOURSE,218077.39,218.0774,633970.89,633.9709,2735.2762,9846.9942,2735.2762,1076.8994,-2514.3634,-0.0,-9.81,9.81,15.196,0.0,0.0,0.0,0.0,0.0,0.0,2000.0,7481735653.45,7481.7357
595.0,Prithvi_Class,MIDCOURSE,216817.75,216.8178,634509.34,634.5093,2739.7857,9863.2285,2739.7857,1076.8994,-2519.2684,-0.0,-9.81,9.81,15.221,0.0,0.0,0.0,0.0,0.0,0.0,2000.0,7506425617.49,7506.4256
595.5,Prithvi_Class,MIDCOURSE,215555.67,215.5557,635047.79,635.0478,2744.2966,9879.4677,2744.2966,1076.8994,-2524.1734,-0.0,-9.81,9.81,15.2461,0.0,0.0,0.0,0.0,0.0,0.0,2000.0,7531163699.58,7531.1637
596.0,Prithvi_Class,MIDCOURSE,214291.13,214.2911,635586.24,635.5862,2748.8088,9895.7117,2748.8088,1076.8994,-2529.0784,-0.0,-9.81,9.81,15.2712,0.0,0.0,0.0,0.0,0.0,0.0,2000.0,7555949899.72,7555.9499
596.5,Prithvi_Class,MIDCOURSE,213024.14,213.0241,636124.69,636.1247,2753.3224,9911.9606,2753.3224,1076.8994,-2533.9834,-0.0,-9.81,9.81,15.2962,0.0,0.0,0.0,0.0,0.0,0.0,2000.0,7580784217.9,7580.7842
597.0,Prithvi_Class,MIDCOURSE,211754.69,211.7547,636663.14,636.6631,2757.8373,9928.2143,2757.8373,1076.8994,-2538.8884,-0.0,-9.81,9.81,15.3213,0.0,0.0,0.0,0.0,0.0,0.0,2000.0,7605666654.14,7605.6667
597.5,Prithvi_Class,MIDCOURSE,210482.79,210.4828,637201.59,637.2016,2762.3536,9944.4728,2762.3536,1076.8994,-2543.7934,-0.0,-9.81,9.81,15.3464,0.0,0.0,0.0,0.0,0.0,0.0,2000.0,7630597208.43,7630.5972
598.0,Prithvi_Class,MIDCOURSE,209208.45,209.2084,637740.04,637.74,2766.8711,9960.7361,2766.8711,1076.8994,-2548.6984,-0.0,-9.81,9.81,15.3715,0.0,0.0,0.0,0.0,0.0,0.0,2000.0,7655575880.77,7655.5759
598.5,Prithvi_Class,MIDCOURSE,207931.64,207.9316,638278.49,638.2785,2771.39,9977.0041,2771.39,1076.8994,-2553.6034,-0.0,-9.81,9.81,15.3966,0.0,0.0,0.0,0.0,0.0,0.0,2000.0,7680602671.15,7680.6027
599.0,Prithvi_Class,MIDCOURSE,206652.39,206.6524,638816.94,638.8169,2775.9102,9993.2768,2775.9102,1076.8994,-2558.5084,-0.0,-9.81,9.81,15.4217,0.0,0.0,0.0,0.0,0.0,0.0,2000.0,7705677579.58,7705.6776
599.5,Prithvi_Class,MIDCOURSE,205370.68,205.3707,639355.39,639.3554,2780.4317,10009.5542,2780.4317,1076.8994,-2563.4134,-0.0,-9.81,9.81,15.4468,0.0,0.0,0.0,0.0,0.0,0.0,2000.0,7730800606.07,7730.8006
600.0,Prithvi_Class,MIDCOURSE,204086.52,204.0865,639893.84,639.8938,2784.9545,10025.8363,2784.9545,1076.8994,-2568.3184,-0.0,-9.81,9.81,15.472,0.0,0.0,0.0,0.0,0.0,0.0,2000.0,7755971750.6,7755.9718
600.5,Prithvi_Class,MIDCOURSE,202799.91,202.7999,640432.29,640.4323,2789.4786,10042.1231,2789.4786,1076.8994,-2573.2234,-0.0,-9.81,9.81,15.4971,0.0,0.0,0.0,0.0,0.0,0.0,2000.0,7781191013.18,7781.191
601.0,Prithvi_Class,MIDCOURSE,201510.85,201.5108,640970.74,640.9707,2794.004,10058.4144,2794.004,1076.8994,-2578.1284,-0.0,-9.81,9.81,15.5222,0.0,0.0,0.0,0.0,0.0,0.0,2000.0,7806458393.8,7806.4584
601.5,Prithvi_Class,MIDCOURSE,200219.33,200.2193,641509.19,641.5092,2798.5307,10074.7104,2798.5307,1076.8994,-2583.0334,-0.0,-9.81,9.81,15.5474,0.0,0.0,0.0,0.0,0.0,0.0,2000.0,7831773892.47,7831.7739
602.0,Prithvi_Class,MIDCOURSE,198925.36,198.9254,642047.64,642.0476,2803.0586,10091.011,2803.0586,1076.8994,-2587.9384,-0.0,-9.81,9.81,15.5725,0.0,0.0,0.0,0.0,0.0,0.0,2000.0,7857137509.19,7857.1375
602.5,Prithvi_Class,MIDCOURSE,197628.94,197.6289,642586.09,642.5861,2807.5878,10107.3161,2807.5878,1076.8994,-2592.8434,-0.0,-9.81,9.81,15.5977,0.0,0.0,0.0,0.0,0.0,0.0,2000.0,7882549243.96,7882.5492
603.0,Prithvi_Class,MIDCOURSE,196330.07,196.3301,643124.54,643.1245,2812.1183,10123.6257,2812.1183,1076.8994,-2597.7484,-0.0,-9.81,9.81,15.6229,0.0,0.0,0.0,0.0,0.0,0.0,2000.0,7908009096.77,7908.0091
603.5,Prithvi_Class,MIDCOURSE,195028.74,195.0287,643662.99,643.663,2816.65,10139.9399,2816.65,1076.8994,-2602.6534,-0.0,-9.81,9.81,15.6481,0.0,0.0,0.0,0.0,0.0,0.0,2000.0,7933517067.62,7933.5171
604.0,Prithvi_Class,MIDCOURSE,193724.96,193.725,644201.43,644.2014,2821.1829,10156.2586,2821.1829,1076.8994,-2607.5584,-0.0,-9.81,9.81,15.6732,0.0,0.0,0.0,0.0,0.0,0.0,2000.0,7959073156.52,7959.0732
604.5,Prithvi_Class,MIDCOURSE,192418.73,192.4187,644739.88,644.7399,2825.7171,10172.5817,2825.7171,1076.8994,-2612.4634,-0.0,-9.81,9.81,15.6984,0.0,0.0,0.0,0.0,0.0,0.0,2000.0,7984677363.46,7984.6774
605.0,Prithvi_Class,MIDCOURSE,191110.04,191.11,645278.33,645.2783,2830.2526,10188.9093,2830.2526,1076.8994,-2617.3684,-0.0,-9.81,9.81,15.7236,0.0,0.0,0.0,0.0,0.0,0.0,2000.0,8010329688.45,8010.3297
605.5,Prithvi_Class,MIDCOURSE,189798.91,189.7989,645816.78,645.8168,2834.7893,10205.2413,2834.7893,1076.8994,-2622.2734,-0.0,-9.81,9.81,15.7488,0.0,0.0,0.0,0.0,0.0,0.0,2000.0,8036030131.47,8036.0301
606.0,Prithvi_Class,MIDCOURSE,188485.32,188.4853,646355.23,646.3552,2839.3272,10221.5778,2839.3272,1076.8994,-2627.1784,-0.0,-9.81,9.81,15.774,0.0,0.0,0.0,0.0,0.0,0.0,2000.0,8061778692.53,8061.7787
606.5,Prithvi_Class,MIDCOURSE,187169.28,187.1693,646893.68,646.8937,2843.8663,10237.9186,2843.8663,1076.8994,-2632.0834,-0.0,-9.81,9.81,15.7993,0.0,0.0,0.0,0.0,0.0,0.0,2000.0,8087575371.62,8087.5754
607.0,Prithvi_Class,MIDCOURSE,185850.78,185.8508,647432.13,647.4321,2848.4066,10254.2638,2848.4066,1076.8994,-2636.9884,-0.0,-9.81,9.81,15.8245,0.0,0.0,0.0,0.0,0.0,0.0,2000.0,8113420168.75,8113.4202
607.5,Prithvi_Class,MIDCOURSE,184529.84,184.5298,647970.58,647.9706,2852.9481,10270.6133,2852.9481,1076.8994,-2641.8934,-0.0,-9.81,9.81,15.8497,0.0,0.0,0.0,0.0,0.0,0.0,2000.0,8139313083.91,8139.3131
608.0,Prithvi_Class,MIDCOURSE,183206.44,183.2064,648509.03,648.509,2857.4909,10286.9672,2857.4909,1076.8994,-2646.7984,-0.0,-9.81,9.81,15.8749,0.0,0.0,0.0,0.0,0.0,0.0,2000.0,8165254117.09,8165.2541
608.5,Prithvi_Class,MIDCOURSE,181880.58,181.8806,649047.48,649.0475,2862.0348,10303.3253,2862.0348,1076.8994,-2651.7034,-0.0,-9.81,9.81,15.9002,0.0,0.0,0.0,0.0,0.0,0.0,2000.0,8191243268.3,8191.2433
609.0,Prithvi_Class,MIDCOURSE,180552.28,180.5523,649585.93,649.5859,2866.5799,10319.6878,2866.5799,1076.8994,-2656.6084,-0.0,-9.81,9.81,15.9254,0.0,0.0,0.0,0.0,0.0,0.0,2000.0,8217280537.53,8217.2805
609.5,Prithvi_Class,MIDCOURSE,179221.52,179.2215,650124.38,650.1244,2871.1262,10336.0545,2871.1262,1076.8994,-2661.5134,-0.0,-9.81,9.81,15.9507,0.0,0.0,0.0,0.0,0.0,0.0,2000.0,8243365924.76,8243.3659
610.0,Prithvi_Class,MIDCOURSE,177888.31,177.8883,650662.83,650.6628,2875.6737,10352.4254,2875.6737,1076.8994,-2666.4184,-0.0,-9.81,9.81,15.976,0.0,0.0,0.0,0.0,0.0,0.0,2000.0,8269499430.01,8269.4994
610.5,Prithvi_Class,MIDCOURSE,176552.65,176.5527,651201.28,651.2013,2880.2224,10368.8006,2880.2224,1076.8994,-2671.3234,-0.0,-9.81,9.81,16.0012,0.0,0.0,0.0,0.0,0.0,0.0,2000.0,8295681053.25,8295.6811
611.0,Prithvi_Class,MIDCOURSE,175214.54,175.2145,651739.73,651.7397,2884.7722,10385.18,2884.7722,1076.8994,-2676.2284,-0.0,-9.81,9.81,16.0265,0.0,0.01,0.0,0.0,0.0,0.0,2000.0,8321910794.47,8321.9108
611.5,Prithvi_Class,MIDCOURSE,173873.97,173.874,652278.18,652.2782,2889.3232,10401.5636,2889.3232,1076.8994,-2681.1334,-0.0,-9.81,9.81,16.0518,0.0,0.01,0.0,0.0,0.0,0.0,2000.0,8348188653.68,8348.1887
612.0,Prithvi_Class,MIDCOURSE,172530.95,172.531,652816.63,652.8166,2893.8754,10417.9513,2893.8754,1076.8994,-2686.0384,-0.0,-9.81,9.81,16.0771,0.0,0.01,0.0,0.0,0.0,0.0,2000.0,8374514630.85,8374.5146
612.5,Prithvi_Class,MIDCOURSE,171185.48,171.1855,653355.08,653.3551,2898.4287,10434.3432,2898.4287,1076.8994,-2690.9434,-0.0,-9.81,9.81,16.1024,0.0,0.01,0.0,0.0,0.0,0.0,2000.0,8400888725.96,8400.8887
613.0,Prithvi_Class,MIDCOURSE,169837.56,169.8376,653893.53,653.8935,2902.9831,10450.7392,2902.9831,1076.8994,-2695.8484,-0.0,-9.81,9.81,16.1277,0.0,0.01,0.0,0.0,0.0,0.0,2000.0,8427310939.01,8427.3109
613.5,Prithvi_Class,MIDCOURSE,168487.18,168.4872,654431.98,654.432,2907.5387,10467.1393,2907.5387,1076.8994,-2700.7534,-0.0,-9.81,9.81,16.153,0.0,0.01,0.0,0.0,0.0,0.0,2000.0,8453781269.97,8453.7813
614.0,Prithvi_Class,MIDCOURSE,167134.35,167.1344,654970.43,654.9704,2912.0954,10483.5435,2912.0954,1076.8994,-2705.6584,-0.0,-9.81,9.81,16.1783,0.0,0.01,0.0,0.0,0.0,0.0,2000.0,8480299718.81,8480.2997
614.5,Prithvi_Class,MIDCOURSE,165779.07,165.7791,655508.88,655.5089,2916.6533,10499.9518,2916.6533,1076.8994,-2710.5634,-0.0,-9.81,9.81,16.2036,0.0,0.02,0.0,0.0,0.0,0.0,2000.0,8506866285.5,8506.8663
615.0,Prithvi_Class,MIDCOURSE,164421.33,164.4213,656047.33,656.0473,2921.2122,10516.3641,2921.2122,1076.8994,-2715.4684,-0.0,-9.81,9.81,16.229,0.0,0.02,0.0,0.0,0.0,0.0,2000.0,8533480970.01,8533.481
615.5,Prithvi_Class,MIDCOURSE,163061.15,163.0611,656585.78,656.5858,2925.7723,10532.7804,2925.7723,1076.8994,-2720.3734,-0.0,-9.81,9.81,16.2543,0.0,0.02,0.0,0.0,0.0,0.0,2000.0,8560143772.3,8560.1438
616.0,Prithvi_Class,MIDCOURSE,161698.51,161.6985,657124.23,657.1242,2930.3335,10549.2008,2930.3335,1076.8994,-2725.2784,-0.0,-9.81,9.81,16.2796,0.0,0.03,0.0,0.0,0.0,0.0,2000.0,8586854692.31,8586.8547
616.5,Prithvi_Class,MIDCOURSE,160333.42,160.3334,657662.68,657.6627,2934.8959,10565.6251,2934.8959,1076.8994,-2730.1834,-0.0,-9.81,9.81,16.305,0.0,0.03,0.0,0.0,0.0,0.0,2000.0,8613613729.99,8613.6137
617.0,Prithvi_Class,MIDCOURSE,158965.87,158.9659,658201.13,658.2011,2939.4593,10582.0534,2939.4593,1076.8994,-2735.0884,-0.0,-9.81,9.81,16.3303,0.0,0.04,0.0,0.0,0.0,0.0,2000.0,8640420885.28,8640.4209
617.5,Prithvi_Class,MIDCOURSE,157595.88,157.5959,658739.58,658.7396,2944.0238,10598.4857,2944.0238,1076.8994,-2739.9934,-0.0,-9.81,9.81,16.3557,0.0,0.05,0.0,0.0,0.0,0.0,2000.0,8667276158.07,8667.2762
618.0,Prithvi_Class,MIDCOURSE,156223.43,156.2234,659278.03,659.278,2948.5894,10614.9219,2948.5894,1076.8994,-2744.8984,-0.0,-9.81,9.81,16.3811,0.0,0.06,0.0001,0.0,0.0,0.0,2000.0,8694179548.29,8694.1795
618.5,Prithvi_Class,MIDCOURSE,154848.53,154.8485,659816.48,659.8165,2953.1561,10631.362,2953.1561,1076.8994,-2749.8034,-0.0,-9.81,9.81,16.4064,0.0,0.07,0.0001,0.0,0.0,0.0,2000.0,8721131055.82,8721.1311
619.0,Prithvi_Class,MIDCOURSE,153471.17,153.4712,660354.93,660.3549,2957.7239,10647.806,2957.7239,1076.8994,-2754.7084,-0.0,-9.81,9.81,16.4318,0.0,0.08,0.0001,0.0,0.0,0.0,2000.0,8748130680.51,8748.1307
619.5,Prithvi_Class,MIDCOURSE,152091.36,152.0914,660893.38,660.8934,2962.2928,10664.254,2962.2928,1076.8994,-2759.6134,-0.0,-9.81,9.81,16.4572,0.0,0.09,0.0001,0.0,0.0,0.01,2000.0,8775178422.21,8775.1784
620.0,Prithvi_Class,MIDCOURSE,150709.11,150.7091,661431.83,661.4318,2966.8627,10680.7057,2966.8627,1076.8994,-2764.5184,-0.0,-9.81,9.81,16.4826,0.0,0.11,0.0001,0.0,0.0,0.01,2000.0,8802274280.72,8802.2743
620.5,Prithvi_Class,MIDCOURSE,149324.39,149.3244,661970.28,661.9703,2971.4337,10697.1613,2971.4337,1076.8994,-2769.4234,-0.0,-9.81,9.81,16.508,0.0,0.13,0.0001,0.0,0.0,0.01,2000.0,8829418255.82,8829.4183
621.0,Prithvi_Class,MIDCOURSE,147937.23,147.9372,662508.72,662.5087,2976.0058,10713.6208,2976.0058,1076.8994,-2774.3284,-0.0,-9.81,9.81,16.5334,0.0,0.15,0.0001,0.0,0.0,0.01,2000.0,8856610347.25,8856.6103
621.5,Prithvi_Class,MIDCOURSE,146547.61,146.5476,663047.17,663.0472,2980.5789,10730.084,2980.5789,1076.8994,-2779.2334,-0.0,-9.81,9.81,16.5588,0.0,0.18,0.0002,0.0,0.0,0.01,2000.0,8883850554.67,8883.8506
622.0,Prithvi_Class,MIDCOURSE,145155.54,145.1555,663585.62,663.5856,2985.1531,10746.5511,2985.1531,1076.8994,-2784.1384,-0.0,-9.81,9.81,16.5842,0.0,0.21,0.0002,0.0,0.0,0.01,2000.0,8911138877.71,8911.1389
622.5,Prithvi_Class,MIDCOURSE,143761.02,143.761,664124.07,664.1241,2989.7283,10763.0219,2989.7283,1076.8994,-2789.0434,-0.0,-9.81,9.81,16.6096,0.0,0.25,0.0002,0.0,0.0,0.01,2000.0,8938475315.93,8938.4753
623.0,Prithvi_Class,MIDCOURSE,142364.05,142.364,664662.52,664.6625,2994.3046,10779.4965,2994.3046,1076.8994,-2793.9484,-0.0,-9.81,9.81,16.635,0.0,0.29,0.0003,0.0,0.0,0.02,2000.0,8965859868.78,8965.8599
623.5,Prithvi_Class,MIDCOURSE,140964.62,140.9646,665200.97,665.201,2998.8819,10795.9748,2998.8819,1076.8994,-2798.8534,-0.0,-9.81,9.81,16.6605,0.0,0.35,0.0003,0.0,0.0,0.02,2000.0,8993292535.64,8993.2925
624.0,Prithvi_Class,MIDCOURSE,139562.74,139.5627,665739.42,665.7394,3003.4602,10812.4568,3003.4602,1076.8994,-2803.7584,-0.0,-9.81,9.81,16.6859,0.0,0.41,0.0004,0.0,0.0,0.02,2000.0,9020773315.75,9020.7733
624.5,Prithvi_Class,MIDCOURSE,138158.41,138.1584,666277.87,666.2779,3008.0396,10828.9425,3008.0396,1076.8994,-2808.6634,-0.0,-9.81,9.81,16.7113,0.0,0.48,0.0005,0.0,0.0,0.03,2000.0,9048302208.21,9048.3022
625.0,Prithvi_Class,MIDCOURSE,136751.63,136.7516,666816.32,666.8163,3012.62,10845.432,3012.62,1076.8994,-2813.5684,-0.0,-9.81,9.81,16.7368,0.0,0.57,0.0006,0.0,0.0,0.03,2000.0,9075879211.97,9075.8792
625.5,Prithvi_Class,MIDCOURSE,135342.39,135.3424,667354.77,667.3548,3017.2014,10861.9251,3017.2014,1076.8994,-2818.4734,-0.0,-9.81,9.81,16.7622,0.0,0.68,0.0007,0.0,0.0,0.04,2000.0,9103504325.75,9103.5043
626.0,Prithvi_Class,MIDCOURSE,133930.7,133.9307,667893.22,667.8932,3021.7838,10878.4218,3021.7838,1076.8994,-2823.3783,-0.0,-9.81,9.81,16.7877,0.0,0.8,0.0008,0.0,0.0,0.05,2000.0,9131177548.05,9131.1775
626.5,Prithvi_Class,MIDCOURSE,132516.56,132.5166,668431.67,668.4317,3026.3673,10894.9222,3026.3673,1076.8994,-2828.2833,-0.0,-9.81,9.81,16.8132,0.0,0.95,0.001,0.0,0.0,0.06,2000.0,9158898877.09,9158.8989
627.0,Prithvi_Class,MIDCOURSE,131099.96,131.1,668970.12,668.9701,3030.9517,10911.4262,3030.9517,1076.8994,-2833.1883,-0.0,-9.81,9.81,16.8386,0.0,1.13,0.0011,0.0,0.0,0.07,2000.0,9186668310.73,9186.6683
627.5,Prithvi_Class,MIDCOURSE,129680.92,129.6809,669508.57,669.5086,3035.5372,10927.9338,3035.5372,1076.8994,-2838.0933,-0.0,-9.81,9.81,16.8641,0.0,1.34,0.0013,0.0,0.0,0.08,2000.0,9214485846.44,9214.4858
628.0,Prithvi_Class,MIDCOURSE,128259.42,128.2594,670047.02,670.047,3040.1236,10944.4449,3040.1236,1076.8994,-2842.9983,-0.0,-9.81,9.81,16.8896,0.0,1.58,0.0016,0.0,0.0,0.09,2000.0,9242351481.19,9242.3515
628.5,Prithvi_Class,MIDCOURSE,126835.47,126.8355,670585.47,670.5855,3044.711,10960.9597,3044.711,1076.8993,-2847.9033,-0.0,-9.8099,9.8099,16.9151,0.0,1.88,0.0019,0.0,0.0,0.11,2000.0,9270265211.41,9270.2652
629.0,Prithvi_Class,MIDCOURSE,125409.06,125.4091,671123.92,671.1239,3049.2994,10977.478,3049.2994,1076.8993,-2852.8082,-0.0,-9.8099,9.8099,16.9406,0.0,2.23,0.0022,0.0,0.0,0.13,2000.0,9298227032.8,9298.227
629.5,Prithvi_Class,MIDCOURSE,123980.21,123.9802,671662.37,671.6624,3053.8888,10993.9998,3053.8888,1076.8993,-2857.7132,-0.0,-9.8099,9.8099,16.966,0.0,2.64,0.0026,0.0,0.0,0.16,2000.0,9326236940.26,9326.2369
630.0,Prithvi_Class,MIDCOURSE,122548.9,122.5489,672200.82,672.2008,3058.4792,11010.5251,3058.4792,1076.8993,-2862.6182,-0.0,-9.8099,9.8099,16.9916,0.0,3.14,0.0031,0.0,0.0,0.18,2000.0,9354294927.72,9354.2949
630.5,Prithvi_Class,MIDCOURSE,121115.14,121.1151,672739.27,672.7393,3063.0705,11027.0539,3063.0705,1076.8993,-2867.5231,-0.0,-9.8099,9.8099,17.0171,0.0,3.73,0.0037,0.0,0.0,0.22,2000.0,9382400987.92,9382.401
631.0,Prithvi_Class,MIDCOURSE,119678.92,119.6789,673277.72,673.2777,3067.6628,11043.5861,3067.6628,1076.8993,-2872.4281,-0.0,-9.8099,9.8099,17.0426,0.0,4.42,0.0044,0.0,0.0,0.26,2000.0,9410555112.21,9410.5551
631.5,Prithvi_Class,MIDCOURSE,118240.26,118.2403,673816.17,673.8162,3072.2561,11060.1218,3072.2561,1076.8993,-2877.333,-0.0001,-9.8099,9.8099,17.0681,0.0,5.26,0.0053,0.0,0.0,0.31,2000.0,9438757290.29,9438.7573
632.0,Prithvi_Class,MIDCOURSE,116799.14,116.7991,674354.62,674.3546,3076.8503,11076.6609,3076.8503,1076.8992,-2882.2379,-0.0001,-9.8098,9.8098,17.0936,0.0,6.25,0.0062,0.0,0.0,0.37,2000.0,9467007509.85,9467.0075
632.5,Prithvi_Class,MIDCOURSE,115355.56,115.3556,674893.07,674.8931,3081.4454,11093.2034,3081.4454,1076.8992,-2887.1429,-0.0001,-9.8098,9.8098,17.1191,0.0,7.43,0.0074,0.0,0.0,0.44,2000.0,9495305756.2,9495.3058
633.0,Prithvi_Class,MIDCOURSE,113909.54,113.9095,675431.52,675.4315,3086.0415,11109.7493,3086.0415,1076.8992,-2892.0478,-0.0001,-9.8098,9.8098,17.1447,0.0,8.83,0.0088,0.0,0.0,0.52,2000.0,9523652011.8,9523.652
633.5,Prithvi_Class,MIDCOURSE,112461.06,112.4611,675969.97,675.97,3090.6385,11126.2986,3090.6385,1076.8991,-2896.9526,-0.0001,-9.8097,9.8097,17.1702,0.0,10.5,0.0105,0.0,0.0,0.62,2000.0,9552046255.7,9552.0463
634.0,Prithvi_Class,MIDCOURSE,111010.14,111.0101,676508.42,676.5084,3095.2364,11142.8511,3095.2364,1076.8991,-2901.8575,-0.0001,-9.8097,9.8097,17.1958,0.0,12.49,0.0125,0.0,0.0,0.74,2000.0,9580488462.9,9580.4885
634.5,Prithvi_Class,MIDCOURSE,109556.75,109.5568,677046.87,677.0469,3099.8353,11159.4069,3099.8353,1076.899,-2906.7623,-0.0002,-9.8096,9.8096,17.2213,0.0,14.86,0.0149,0.0,0.0,0.88,2000.0,9608978603.49,9608.9786
635.0,Prithvi_Class,MIDCOURSE,108100.92,108.1009,677585.31,677.5853,3104.435,11175.966,3104.435,1076.8989,-2911.6671,-0.0002,-9.8095,9.8095,17.2469,0.0001,17.69,0.0177,0.0,0.0,1.04,2000.0,9637516641.74,9637.5166
635.5,Prithvi_Class,MIDCOURSE,106642.64,106.6426,678123.76,678.1238,3109.0356,11192.5283,3109.0356,1076.8988,-2916.5719,-0.0002,-9.8094,9.8094,17.2724,0.0001,21.07,0.0211,0.0,0.0,1.24,2000.0,9666102534.94,9666.1025
636.0,Prithvi_Class,MIDCOURSE,105181.9,105.1819,678662.21,678.6622,3113.6371,11209.0937,3113.6371,1076.8987,-2921.4766,-0.0003,-9.8093,9.8093,17.298,0.0001,25.09,0.0251,0.0,0.0,1.48,2000.0,9694736232.0,9694.7362
636.5,Prithvi_Class,MIDCOURSE,103718.71,103.7187,679200.66,679.2007,3118.2395,11225.6623,3118.2395,1076.8986,-2926.3812,-0.0003,-9.8092,9.8092,17.3236,0.0001,29.89,0.0299,0.0,0.0,1.76,2000.0,9723417671.8,9723.4177
637.0,Prithvi_Class,MIDCOURSE,102253.06,102.2531,679739.11,679.7391,3122.8427,11242.2339,3122.8427,1076.8984,-2931.2858,-0.0004,-9.809,9.809,17.3491,0.0001,35.62,0.0356,0.0,0.0,2.1,2000.0,9752146781.23,9752.1468
637.5,Prithvi_Class,MIDCOURSE,100784.97,100.785,680277.56,680.2776,3127.4468,11258.8085,3127.4468,1076.8983,-2936.1903,-0.0004,-9.8088,9.8088,17.3747,0.0001,42.47,0.0425,0.0,0.0,2.5,2000.0,9780923472.76,9780.9235
638.0,Prithvi_Class,MIDCOURSE,99314.42,99.3144,680816.01,680.816,3132.0517,11275.386,3132.0517,1076.898,-2941.0947,-0.0005,-9.8086,9.8086,17.4003,0.0002,50.63,0.0506,0.0,0.0,2.98,2000.0,9809747641.6,9809.7476
638.5,Prithvi_Class,MIDCOURSE,97841.42,97.8414,681354.46,681.3545,3136.6573,11291.9664,3136.6573,1076.8978,-2945.999,-0.0006,-9.8083,9.8083,17.4259,0.0002,60.39,0.0604,0.0,0.0,3.56,2000.0,9838619162.28,9838.6192
639.0,Prithvi_Class,MIDCOURSE,96365.97,96.366,681892.91,681.8929,3141.2637,11308.5495,3141.2637,1076.8975,-2950.9032,-0.0007,-9.808,9.808,17.4515,0.0002,72.05,0.0721,0.0,0.0,4.24,2000.0,9867537884.48,9867.5379
639.5,Prithvi_Class,MIDCOURSE,94888.07,94.8881,682431.36,682.4314,3145.8709,11325.1352,3145.8709,1076.8971,-2955.8072,-0.0009,-9.8076,9.8076,17.4771,0.0003,85.99,0.086,0.0,0.0,5.06,2000.0,9896503628.08,9896.5036
640.0,Prithvi_Class,MIDCOURSE,93407.71,93.4077,682969.8,682.9698,3150.4787,11341.7234,3150.4787,1076.8967,-2960.711,-0.001,-9.8072,9.8072,17.5027,0.0003,102.64,0.1026,0.0,0.0,6.05,2000.0,9925516177.21,9925.5162
640.5,Prithvi_Class,MIDCOURSE,91924.9,91.9249,683508.25,683.5083,3155.0872,11358.3139,3155.0872,1076.8962,-2965.6146,-0.0012,-9.8066,9.8066,17.5283,0.0004,122.57,0.1226,0.0,0.0,7.22,2000.0,9954575273.07,9954.5753
641.0,Prithvi_Class,MIDCOURSE,90439.64,90.4396,684046.7,684.0467,3159.6963,11374.9066,3159.6963,1076.8955,-2970.5179,-0.0015,-9.8059,9.8059,17.5539,0.0004,146.39,0.1464,0.0,0.0,8.62,2000.0,9983680605.27,9983.6806
641.5,Prithvi_Class,MIDCOURSE,88951.93,88.9519,684585.15,684.5851,3164.3059,11391.5012,3164.3059,1076.8948,-2975.4209,-0.0018,-9.8052,9.8052,17.5795,0.0005,174.9,0.1749,0.0,0.0,10.3,2000.0,10012831801.51,10012.8318
642.0,Prithvi_Class,MIDCOURSE,87461.77,87.4618,685123.59,685.1236,3168.916,11408.0975,3168.916,1076.8939,-2980.3234,-0.0021,-9.8042,9.8042,17.6051,0.0006,209.03,0.209,0.0,0.0,12.31,2000.0,10042028415.08,10042.0284
642.5,Prithvi_Class,MIDCOURSE,85969.16,85.9692,685662.04,685.662,3173.5264,11424.6951,3173.5264,1076.8929,-2985.2256,-0.0025,-9.8031,9.8031,17.6307,0.0008,249.88,0.2499,0.0,0.0,14.72,2000.0,10071269909.79,10071.2699
643.0,Prithvi_Class,MIDCOURSE,84474.1,84.4741,686200.49,686.2005,3178.1371,11441.2937,3178.1371,1076.8916,-2990.1271,-0.003,-9.8017,9.8017,17.6563,0.0009,298.8,0.2988,0.0,0.0,17.6,2000.0,10100555641.96,10100.5556
643.5,Prithvi_Class,MIDCOURSE,82976.58,82.9766,686738.93,686.7389,3182.748,11457.8928,3182.748,1076.8902,-2995.028,-0.0036,-9.8001,9.8001,17.6819,0.0011,357.4,0.3574,0.0,0.0,21.05,2000.0,10129884838.58,10129.8848
644.0,Prithvi_Class,MIDCOURSE,81476.62,81.4766,687277.38,687.2774,3187.3589,11474.4919,3187.3589,1076.8884,-2999.928,-0.0043,-9.7981,9.7981,17.7075,0.0013,427.61,0.4276,0.0,0.0,25.19,2000.0,10159256571.12,10159.2566
644.5,Prithvi_Class,MIDCOURSE,79974.2,79.9742,687815.82,687.8158,3191.9696,11491.0904,3191.9696,1076.8862,-3004.8271,-0.0051,-9.7958,9.7958,17.7332,0.0015,511.76,0.5118,0.0,0.0,30.14,2000.0,10188669723.91,10188.6697
645.0,Prithvi_Class,MIDCOURSE,78469.34,78.4693,688354.26,688.3543,3196.5799,11507.6876,3196.5799,1076.8837,-3009.725,-0.0061,-9.793,9.793,17.7588,0.0018,612.64,0.6126,0.0,0.0,36.09,2000.0,10218122956.03,10218.123
645.5,Prithvi_Class,MIDCOURSE,76962.03,76.962,688892.7,688.8927,3201.1896,11524.2824,3201.1896,1076.8807,-3014.6215,-0.0073,-9.7897,9.7897,17.7844,0.0022,733.62,0.7336,0.0,0.0,43.21,2000.0,10247614655.47,10247.6147
646.0,Prithvi_Class,MIDCOURSE,75452.27,75.4523,689431.14,689.4311,3205.7983,11540.874,3205.7983,1076.877,-3019.5163,-0.0087,-9.7856,9.7856,17.81,0.0026,878.74,0.8787,0.0,0.0,51.76,2000.0,10277142883.71,10277.1429
646.5,Prithvi_Class,MIDCOURSE,73940.07,73.9401,689969.58,689.9696,3210.4058,11557.4608,3210.4058,1076.8727,-3024.4091,-0.0104,-9.7808,9.7808,17.8356,0.0032,1052.86,1.0529,0.0,0.0,62.02,2000.0,10306705309.03,10306.7053
647.0,Prithvi_Class,MIDCOURSE,72425.42,72.4254,690508.01,690.508,3215.0115,11574.0415,3215.0115,1076.8675,-3029.2995,-0.0124,-9.775,9.775,17.8612,0.0038,1261.84,1.2618,0.0,0.0,74.33,2000.0,10336299125.93,10336.2991
647.5,Prithvi_Class,MIDCOURSE,70908.32,70.9083,691046.44,691.0464,3219.615,11590.6141,3219.615,1076.8613,-3034.187,-0.0149,-9.768,9.768,17.8868,0.0045,1512.73,1.5127,0.0,0.0,89.11,2000.0,10365920957.99,10365.921
648.0,Prithvi_Class,MIDCOURSE,69388.79,69.3888,691584.87,691.5849,3224.2157,11607.1764,3224.2157,1076.8538,-3039.071,-0.0178,-9.7596,9.7597,17.9123,0.0054,1814.01,1.814,0.0,0.0,106.85,2000.0,10395566740.65,10395.5667
648.5,Prithvi_Class,MIDCOURSE,67866.81,67.8668,692123.29,692.1233,3228.8127,11623.7258,3228.8127,1076.8449,-3043.9508,-0.0214,-9.7496,9.7496,17.9378,0.0065,2175.91,2.1759,0.0,0.0,128.17,2000.0,10425231579.57,10425.2316
649.0,Prithvi_Class,MIDCOURSE,66342.4,66.3424,692661.71,692.6617,3233.4053,11640.2589,3233.4053,1076.8342,-3048.8256,-0.0256,-9.7375,9.7375,17.9634,0.0078,2610.74,2.6107,0.0,0.0,153.79,2000.0,10454909579.81,10454.9096
649.5,Prithvi_Class,MIDCOURSE,64815.55,64.8156,693200.12,693.2001,3237.9922,11656.772,3237.9922,1076.8214,-3053.6944,-0.0307,-9.723,9.723,17.9888,0.0094,3133.33,3.1333,0.0,0.0,184.57,2000.0,10484593639.36,10484.5936
650.0,Prithvi_Class,MIDCOURSE,63286.28,63.2863,693738.52,693.7385,3242.5723,11673.2603,3242.5723,1076.806,-3058.5559,-0.0368,-9.7055,9.7056,18.0143,0.0113,3761.58,3.7616,0.0,0.0,221.58,2000.0,10514275199.9,10514.2752
650.5,Prithvi_Class,MIDCOURSE,61754.57,61.7546,694276.91,694.2769,3247.144,11689.7183,3247.144,1076.7877,-3063.4086,-0.0441,-9.6845,9.6846,18.0397,0.0136,4517.04,4.517,0.0,0.0,266.08,2000.0,10543943945.52,10543.9439
651.0,Prithvi_Class,MIDCOURSE,60220.45,60.2204,694815.3,694.8153,3251.7053,11706.1391,3251.7053,1076.7656,-3068.2509,-0.0529,-9.6592,9.6594,18.065,0.0163,5425.71,5.4257,0.0,0.0,319.6,2000.0,10573587438.89,10573.5874
651.5,Prithvi_Class,MIDCOURSE,58683.91,58.6839,695353.67,695.3537,3256.2541,11722.5147,3256.2541,1076.7391,-3073.0805,-0.0635,-9.6288,9.629,18.0903,0.0196,6518.96,6.519,0.0,0.0,384.0,2000.0,10603190681.45,10603.1907
652.0,Prithvi_Class,MIDCOURSE,57144.96,57.145,695892.02,695.892,3260.7876,11738.8353,3260.7876,1076.7074,-3077.8949,-0.0762,-9.5922,9.5925,18.1155,0.0235,7834.6,7.8346,0.0,0.0,461.5,2000.0,10632735581.92,10632.7356
652.5,Prithvi_Class,MIDCOURSE,55603.61,55.6036,696430.36,696.4304,3265.3025,11755.0889,3265.3025,1076.6693,-3082.691,-0.0915,-9.5481,9.5486,18.1406,0.0283,9418.28,9.4183,0.0,0.0,554.78,2000.0,10662200314.02,10662.2003
653.0,Prithvi_Class,MIDCOURSE,54059.88,54.0599,696968.67,696.9687,3269.7949,11771.2616,3269.7949,1076.6236,-3087.465,-0.1098,-9.495,9.4957,18.1655,0.034,11325.05,11.3251,0.0,0.0,667.1,2000.0,10691558540.02,10691.5585
653.5,Prithvi_Class,MIDCOURSE,52513.77,52.5138,697506.95,697.507,3274.26,11787.336,3274.26,1076.5686,-3092.2125,-0.1319,-9.4311,9.432,18.1903,0.0409,13621.39,13.6214,0.0,0.0,802.37,2000.0,10720778472.52,10720.7785
654.0,Prithvi_Class,MIDCOURSE,50965.31,50.9653,698045.2,698.0452,3278.6921,11803.2915,3278.6921,1076.5027,-3096.9281,-0.1585,-9.3541,9.3554,18.215,0.0492,16387.51,16.3875,0.0,0.0,965.3,2000.0,10749821740.51,10749.8217
654.5,Prithvi_Class,TERMINAL,49414.51,49.4145,698583.41,698.5834,3283.0842,11819.1032,3283.0842,1076.4235,-3101.6052,-0.1904,-9.2613,9.2633,18.2394,0.0592,19720.21,19.7202,0.0,0.0,1161.62,2000.0,10778642019.35,10778.642
655.0,Prithvi_Class,TERMINAL,47861.39,47.8614,699121.58,699.1216,3287.4281,11834.7411,3287.4281,1076.3282,-3106.2358,-0.2289,-9.1494,9.1523,18.2635,0.0713,23736.36,23.7364,0.0,0.0,1398.19,2000.0,10807183375.88,10807.1834
655.5,Prithvi_Class,TERMINAL,46305.98,46.306,699659.69,699.6597,3291.7136,11850.1689,3291.7136,1076.2138,-3110.8105,-0.2752,-9.0146,9.0188,18.2873,0.0858,28577.01,28.577,0.0,0.0,1683.32,2000.0,10835378270.27,10835.3783
656.0,Prithvi_Class,TERMINAL,44748.33,44.7483,700197.72,700.1977,3295.9286,11865.3429,3295.9286,1076.0762,-3115.3178,-0.3309,-8.852,8.8582,18.3107,0.1033,34412.36,34.4124,0.0,0.0,2027.06,2000.0,10863145144.47,10863.1451
656.5,Prithvi_Class,TERMINAL,43188.45,43.1885,700735.68,700.7357,3300.0584,11880.2103,3300.0584,1075.9108,-3119.7438,-0.398,-8.656,8.6651,18.3337,0.1244,41447.8,41.4478,0.0,0.0,2441.48,2000.0,10890385514.07,10890.3855
657.0,Prithvi_Class,TERMINAL,41626.42,41.6264,701273.54,701.2735,3304.0854,11894.7075,3304.0854,1075.7118,-3124.0718,-0.4788,-8.4195,8.4331,18.356,0.1499,49931.03,49.931,0.0,0.0,2941.18,2000.0,10916980464.16,10916.9805
657.5,Prithvi_Class,TERMINAL,40062.28,40.0623,701811.27,701.8113,3307.9883,11908.7578,3307.9883,1075.4724,-3128.2816,-0.5761,-8.1344,8.1547,18.3777,0.1806,60160.76,60.1608,0.0,0.0,3543.76,2000.0,10942786432.02,10942.7864
658.0,Prithvi_Class,TERMINAL,38496.1,38.4961,702348.86,702.3489,3311.7413,11922.2685,3311.7413,1075.1843,-3132.3488,-0.6932,-7.7905,7.8212,18.3986,0.2177,72496.91,72.4969,0.0,0.0,4270.42,2000.0,10967630138.76,10967.6301
658.5,Prithvi_Class,TERMINAL,36927.98,36.928,702886.28,702.8863,3315.3133,11935.128,3315.3133,1074.8377,-3136.244,-0.8343,-7.3756,7.4227,18.4184,0.2623,87372.88,87.3729,0.0,0.0,5146.69,2000.0,10991302509.52,10991.3025
659.0,Prithvi_Class,TERMINAL,35358.01,35.358,703423.49,703.4235,3318.6671,11947.2016,3318.6671,1074.4206,-3139.9318,-1.0042,-6.8754,6.9484,18.437,0.3162,105310.06,105.3101,0.0,0.0,6203.27,2000.0,11013551396.71,11013.5514
659.5,Prithvi_Class,TERMINAL,33786.33,33.7863,703960.45,703.9605,3321.7575,11958.327,3321.7575,1073.9185,-3143.3695,-1.2087,-6.2722,6.3876,18.4542,0.3811,126934.93,126.9349,0.0,0.0,7477.08,2000.0,11034072896.11,11034.0729
660.0,Prithvi_Class,TERMINAL,32213.08,32.2131,704497.11,704.4971,3324.5302,11968.3087,3324.5302,1073.3142,-3146.5056,-1.4548,-5.5451,5.7328,18.4696,0.4593,152999.08,152.9991,0.0,0.0,9012.39,2000.0,11052501020.61,11052.501
660.5,Prithvi_Class,TERMINAL,30638.44,30.6384,705033.4,705.0334,3326.9198,11976.9113,3326.9198,1072.5868,-3149.2782,-1.751,-4.6689,4.9864,18.4829,0.5536,184402.45,184.4024,0.0,0.0,10862.2,2000.0,11068395476.58,11068.3955
661.0,Prithvi_Class,TERMINAL,29062.63,29.0626,705569.26,705.5693,3328.8477,11983.8519,3328.8477,1071.7113,-3151.6126,-2.1071,-3.6135,4.183,18.4936,0.6672,222220.07,222.2201,0.0,0.0,13089.84,2000.0,11081227276.06,11081.2273
661.5,Prithvi_Class,TERMINAL,27485.92,27.4859,706104.59,706.1046,3330.2195,11988.7902,3330.2195,1070.6577,-3153.4194,-2.5351,-2.3433,3.4522,18.5012,0.8038,267732.27,267.7323,0.0,0.0,15770.73,2000.0,11090361923.48,11090.3619
662.0,Prithvi_Class,TERMINAL,25908.63,25.9086,706639.28,706.6393,3330.9218,11991.3184,3330.9218,1069.3902,-3154.591,-3.0491,-0.8156,3.1563,18.5051,0.9681,322458.15,322.4582,0.0,0.0,18994.35,2000.0,11095039947.31,11095.0399
662.5,Prithvi_Class,TERMINAL,24331.13,24.3311,707173.21,707.1732,3330.8189,11990.9481,3330.8189,1067.8656,-3154.9988,-3.6655,1.0197,3.8047,18.5045,1.1655,388191.89,388.1919,0.0,0.0,22866.39,2000.0,11094354623.59,11094.3546
663.0,Prithvi_Class,TERMINAL,22753.88,22.7539,707706.23,707.7062,3329.7488,11987.0956,3329.7488,1066.0329,-3154.489,-4.4039,3.2215,5.4564,18.4986,1.4022,467040.17,467.0402,0.0,0.0,27510.94,2000.0,11087226879.67,11087.2269
663.5,Prithvi_Class,TERMINAL,21177.44,21.1774,708238.15,708.2381,3327.5182,11979.0656,3327.5182,1063.831,-3152.8783,-5.2868,5.8584,7.8912,18.4862,1.6857,561458.85,561.4588,0.0,0.0,33072.66,2000.0,11072377605.49,11072.3776
664.0,Prithvi_Class,TERMINAL,19602.47,19.6025,708768.74,708.7687,3323.898,11966.0328,3323.898,1061.1876,-3149.949,-6.3403,9.01,11.0173,18.4661,2.0244,674284.74,674.2847,0.0,0.0,39718.65,2000.0,11048297975.73,11048.298
664.5,Prithvi_Class,TERMINAL,18029.75,18.0297,709297.75,709.2977,3318.617,11947.0213,3318.617,1058.0174,-3145.444,-7.5941,12.7669,14.8547,17.8027,2.4281,808757.0,808.757,0.0,0.0,47639.72,2000.0,11013218950.06,11013.219
665.0,Prithvi_Class,TERMINAL,16460.22,16.4602,709824.86,709.8249,3311.3565,11920.8834,3311.3565,1054.2204,-3139.0606,-9.0814,17.231,19.4777,16.8583,2.9078,968519.58,968.5196,0.0,0.0,57050.51,2000.0,10965081929.83,10965.0819
665.5,Prithvi_Class,TERMINAL,14894.99,14.895,710349.7,710.3497,3301.744,11886.2785,3301.744,1049.6797,-3130.4451,-10.839,22.5151,24.9883,15.9548,3.4754,1157593.22,1157.5932,0.0,0.0,68187.87,2000.0,10901513666.74,10901.5137
666.0,Prithvi_Class,TERMINAL,13335.4,13.3354,710871.83,710.8718,3289.348,11841.6527,3289.348,1044.2601,-3119.1875,-12.9061,28.7402,31.505,15.0897,4.1441,1380301.18,1380.3012,0.0,0.0,81306.45,2000.0,10819809991.16,10819.81
666.5,Prithvi_Class,TERMINAL,11782.99,11.783,711390.73,711.3907,3273.673,11785.2227,3273.673,1037.8071,-3104.8174,-15.3231,36.0321,39.1549,14.2604,4.9271,1641129.14,1641.1291,0.0,0.0,96670.49,2000.0,10716934757.93,10716.9348
667.0,Prithvi_Class,TERMINAL,10239.59,10.2396,711905.81,711.9058,3254.1577,11714.9678,3254.1577,1030.1456,-3086.8014,-18.1296,44.5148,48.0651,13.4646,5.8379,1944496.04,1944.496,0.0,0.0,114540.27,2000.0,10589542515.15,10589.5425
667.5,Prithvi_Class,TERMINAL,8707.32,8.7073,712416.35,712.4163,3230.1758,11628.6328,3230.1758,1021.0808,-3064.5439,-21.3612,54.3009,58.3515,12.6999,6.8885,2294411.26,2294.4113,0.0,0.0,135151.98,2000.0,10434035544.79,10434.0355
668.0,Prithvi_Class,TERMINAL,7188.62,7.1886,712921.55,712.9215,3201.0416,11523.7499,3201.0416,1010.4002,-3037.3935,-25.045,65.4784,70.1047,11.9641,8.0882,2693996.87,2693.9969,0.0,0.0,158689.51,2000.0,10246667619.32,10246.6676
668.5,Prithvi_Class,TERMINAL,5686.3,5.6863,713420.49,713.4205,3166.0239,11397.686,3166.0239,997.8777,-3004.6543,-29.1935,78.0929,83.3713,11.2552,9.4418,3144864.34,3144.8643,0.0,0.0,185247.8,2000.0,10023707244.03,10023.7072
669.0,Prithvi_Class,TERMINAL,4203.49,4.2035,713912.13,713.9121,3124.3673,11247.7223,3124.3673,983.2809,-2965.6078,-33.7984,92.1271,98.1312,10.5715,10.9474,3646358.03,3646.358,0.0,0.0,214788.22,2000.0,9761671113.16,9761.6711
669.5,Prithvi_Class,TERMINAL,2743.72,2.7437,714395.32,714.3953,3075.3264,11071.1751,3075.3264,966.3817,-2919.5443,-38.8223,107.4763,114.2731,9.9113,12.5937,4194714.37,4194.7144,0.0,0.0,247089.07,2000.0,9457632514.54,9457.6325
670.0,Prithvi_Class,TERMINAL,1310.82,1.3108,714868.8,714.8688,3018.2111,10865.5598,3018.2111,946.9706,-2865.8061,-44.1915,123.9264,131.5699,9.2736,14.3576,4782237.73,4782.2377,0.0,0.0,281697.05,2000.0,9109598052.06,9109.5981
