Time_s,Missile_Class,Flight_Phase,Altitude_m,Altitude_km,Range_m,Range_km,Speed_ms,Speed_kmh,Absolute_Velocity_ms,Vx_ms,Vy_ms,Ax_ms2,Ay_ms2,Total_Acceleration_ms2,Mach_Number,G_Load,Dynamic_Pressure_Pa,Dynamic_Pressure_kPa,Thrust_N,Thrust_kN,Drag_Force_N,Mass_kg,Kinetic_Energy_J,Kinetic_Energy_MJ
0.0,Agni_Class,BOOST,0.0,0.0,0.0,0.0,4800.0,17280.0,4800.0,997.9761,4695.1085,-28.8707,-145.6359,148.47,14.1176,14.155,14112000.0,14112.0,900000.0,900.0,4788088.8,28000.0,322560000000.0,322560.0
0.5,Agni_Class,BOOST,2311.15,2.3111,491.77,0.4918,4725.7721,17012.7797,4725.7721,983.5408,4622.2905,-19.7101,-102.4068,104.2864,15.0124,9.6505,10422387.6,10422.3876,900000.0,900.0,3536232.8,27846.15,310942995231.16,310942.9952
1.0,Agni_Class,BOOST,4596.69,4.5967,978.61,0.9786,4673.639,16825.1003,4673.639,973.6857,4571.0871,-13.1282,-71.3745,72.5719,16.0221,6.4168,7790326.17,7790.3262,900000.0,900.0,2643195.4,27692.31,302440172532.67,302440.1725
1.5,Agni_Class,BOOST,6864.39,6.8644,1462.17,1.4622,4637.3674,16694.5225,4637.3674,967.1216,4535.3999,-8.2978,-48.6212,49.3241,17.1461,4.0457,5873860.99,5873.861,900000.0,900.0,1992954.08,27538.46,296109731553.11,296109.7316
2.0,Agni_Class,BOOST,9119.93,9.1199,1943.66,1.9437,4612.7262,16605.8143,4612.7262,962.9727,4511.0893,-4.6955,-31.6692,32.0154,18.3867,2.2791,4457100.37,4457.1004,900000.0,900.0,1512258.53,27384.62,291334555651.94,291334.5557
2.5,Agni_Class,BOOST,11367.56,11.3676,2423.97,2.424,4596.7505,16548.3017,4596.7505,960.6249,4495.2547,-1.9758,-18.883,18.9861,19.7485,0.9465,3397815.93,3397.8159,900000.0,900.0,1152851.79,27230.77,287694643075.33,287694.6431
3.0,Agni_Class,BOOST,13610.47,13.6105,2903.79,2.9038,4587.3111,16514.3201,4587.3111,959.6371,4485.8132,0.0977,-9.1451,9.1456,21.2379,0.0685,2599061.18,2599.0612,900000.0,900.0,881840.68,27076.92,284895578331.12,284895.5783
3.5,Agni_Class,BOOST,15851.09,15.8511,3383.63,3.3836,4582.8501,16498.2603,4582.8501,959.6859,4481.2407,1.6908,-1.6704,2.3768,22.8626,0.8474,1992922.2,1992.9222,900000.0,900.0,676182.57,26923.08,282726161602.92,282726.1616
4.0,Agni_Class,BOOST,18091.29,18.0913,3863.9,3.8639,4582.2105,16495.9579,4582.2105,960.5313,4480.4054,2.923,4.105,5.0394,24.6317,1.4494,1530768.08,1530.7681,900000.0,900.0,519377.37,26769.23,281032129575.04,281032.1296
4.5,Agni_Class,BOOST,20332.52,20.3325,4344.9,4.3449,4584.5239,16504.2861,4584.5239,961.9928,4482.458,3.8817,8.5938,9.4298,25.4696,1.9173,1177160.4,1177.1604,900000.0,900.0,399401.11,26615.38,279699208456.17,279699.2085
5.0,Agni_Class,BOOST,22575.9,22.5759,4826.86,4.8269,4589.1325,16520.877,4589.1325,963.9337,4486.7549,4.6316,12.1018,12.9579,25.4952,2.283,905912.85,905.9128,900000.0,900.0,307368.99,26461.54,278641815539.73,278641.8155
5.5,Agni_Class,BOOST,24822.3,24.8223,5309.99,5.31,4595.535,16543.9259,4595.535,966.2495,4492.8058,5.2214,14.8588,15.7495,25.5307,2.5704,697462.49,697.4625,900000.0,900.0,236643.45,26307.69,277795309975.87,277795.31
6.0,Agni_Class,BOOST,27072.42,27.0724,5794.42,5.7944,4603.3473,16572.0504,4603.3473,968.8602,4500.2352,5.6882,17.0385,17.9629,25.5742,2.7976,537068.75,537.0688,900000.0,900.0,182223.13,26153.85,277110548581.13,277110.5486
6.5,Agni_Class,BOOST,29326.79,29.3268,6280.27,6.2803,4612.2745,16604.188,4612.2745,971.7043,4508.7544,6.06,18.7734,19.7272,25.6237,2.9785,413550.67,413.5507,900000.0,900.0,140314.44,26000.0,276549983107.99,276549.9831
7.0,Agni_Class,BOOST,31585.87,31.5859,6767.64,6.7676,4622.0889,16639.5201,4622.0889,974.7343,4518.1411,6.3584,20.1649,21.1437,25.6783,3.1235,318384.04,318.384,900000.0,900.0,108025.16,25846.15,276084815293.98,276084.8153
7.5,Agni_Class,BOOST,33849.98,33.85,7256.59,7.2566,4632.6152,16677.4147,4632.6152,977.9135,4528.2236,6.6,21.2913,22.2908,25.7368,3.241,245044.99,245.045,900000.0,900.0,83141.81,25692.31,275692894335.9,275692.8943
8.0,Agni_Class,BOOST,36119.41,36.1194,7747.2,7.7472,4643.7177,16717.3836,4643.7177,981.2135,4538.8692,6.7978,22.2127,23.2296,25.7984,3.337,188526.19,188.5262,900000.0,900.0,63965.43,25538.46,275357145687.25,275357.1457
8.5,Agni_Class,BOOST,38394.4,38.3944,8239.51,8.2395,4655.2916,16759.0496,4655.2916,984.6124,4549.9756,6.9616,22.9759,24.0074,25.8627,3.4166,144976.24,144.9762,900000.0,900.0,49189.28,25384.62,275064386439.58,275064.3864
9.0,Agni_Class,BOOST,40675.13,40.6751,8733.55,8.7336,4667.2559,16802.1213,4667.2559,988.0931,4561.4635,7.0991,23.6168,24.6607,25.9292,3.4834,111428.37,111.4284,900000.0,900.0,37806.76,25230.77,274804425892.2,274804.4259
9.5,Agni_Class,BOOST,42961.77,42.9618,9229.37,9.2294,4679.5482,16846.3735,4679.5482,991.6427,4573.2719,7.2164,24.1635,25.2181,25.9975,3.5404,85594.97,85.595,900000.0,900.0,29041.69,25076.92,274569378916.54,274569.3789
10.0,Agni_Class,BOOST,45254.44,45.2544,9727.0,9.727,4692.1203,16891.633,4692.1203,995.2509,4585.3537,7.3182,24.6378,25.7017,26.0673,3.5899,65710.97,65.711,900000.0,900.0,22295.21,24923.08,274353139568.82,274353.1396
10.5,Agni_Class,BOOST,47553.28,47.5533,10226.46,10.2265,4704.9351,16937.7663,4704.9351,998.91,4597.6726,7.4079,25.0566,26.1287,26.1385,3.6335,50414.02,50.414,900000.0,900.0,17105.07,24769.23,274150976271.42,274150.9763
11.0,Agni_Class,BOOST,49858.38,49.8584,10727.76,10.7278,4717.9642,16984.6713,4717.9642,1002.614,4610.2008,7.4886,25.4329,26.5125,26.2109,3.6728,38652.52,38.6525,900000.0,900.0,13114.49,24615.38,273959219754.85,273959.2198
11.5,Agni_Class,BOOST,52169.84,52.1698,11230.94,11.2309,4731.186,17032.2697,4731.186,1006.3583,4622.9173,7.5622,25.7771,26.8634,26.2844,3.7086,29614.75,29.6148,900000.0,900.0,10048.05,24461.54,273775022096.92,273775.0221
12.0,Agni_Class,BOOST,54487.74,54.4877,11736.01,11.736,4744.584,17080.5024,4744.584,1010.1394,4635.8058,7.6306,26.097,27.1897,26.3588,3.742,22674.34,22.6743,900000.0,900.0,7693.22,24307.69,273596170441.08,273596.1704
12.5,Agni_Class,BOOST,56812.17,56.8122,12242.99,12.243,4758.1457,17129.3246,4758.1457,1013.9547,4648.8543,7.6951,26.3988,27.4975,26.4341,3.7734,17348.06,17.3481,900000.0,900.0,5886.06,24153.85,273420942874.65,273420.9429
13.0,Agni_Class,BOOST,59143.2,59.1432,12751.89,12.7519,4771.8619,17178.703,4771.8619,1017.8022,4662.0537,7.7567,26.6873,27.7917,26.5103,3.8035,13263.28,13.2633,900000.0,900.0,4500.12,24000.0,273247996874.35,273247.9969
13.5,Agni_Class,BOOST,61480.89,61.4809,13262.73,13.2627,4785.7259,17228.6131,4785.7259,1021.6806,4675.3974,7.8162,26.9663,28.0763,26.5874,3.8326,10132.8,10.1328,900000.0,900.0,3437.98,23846.15,273076282941.84,273076.2829
14.0,Agni_Class,BOOST,63825.34,63.8253,13775.52,13.7755,4799.7326,17279.0374,4799.7326,1025.5887,4688.8806,7.8743,27.2387,28.354,26.6652,3.861,7735.39,7.7354,900000.0,900.0,2624.56,23692.31,272904977740.05,272904.9777
14.5,Agni_Class,BOOST,66176.59,66.1766,14290.29,14.2903,4813.8788,17329.9636,4813.8788,1029.5258,4702.4999,7.9314,27.5067,28.6273,26.7438,3.8889,5900.72,5.9007,900000.0,900.0,2002.07,23538.46,272733432333.73,272733.4323
15.0,Agni_Class,BOOST,68534.71,68.5347,14807.03,14.807,4828.1621,17381.3836,4828.1621,1033.4915,4716.2533,7.9879,27.7721,28.898,26.8231,3.9166,4497.73,4.4977,900000.0,900.0,1526.04,23384.62,272561132131.93,272561.1321
15.5,Agni_Class,BOOST,70899.78,70.8998,15325.78,15.3258,4842.5813,17433.2927,4842.5813,1037.4854,4730.1393,8.0441,28.0363,29.1674,26.9032,3.9441,3425.66,3.4257,900000.0,900.0,1162.3,23230.77,272387665896.68,272387.6659
16.0,Agni_Class,BOOST,73271.86,73.2719,15846.53,15.8465,4857.1357,17485.6886,4857.1357,1041.5075,4744.1574,8.1003,28.3003,29.4368,26.9841,3.9716,2607.07,2.6071,900000.0,900.0,884.56,23076.92,272212701774.91,272212.7018
16.5,Agni_Class,BOOST,75651.01,75.651,16369.31,16.3693,4871.8253,17538.5711,4871.8253,1045.5577,4758.3076,8.1567,28.5651,29.7069,27.0657,3.9992,1982.52,1.9825,900000.0,900.0,672.65,22923.08,272035968769.6,272035.9688
17.0,Agni_Class,BOOST,78037.31,78.0373,16894.13,16.8941,4886.6504,17591.9415,4886.6504,1049.636,4772.5901,8.2133,28.8313,29.9784,27.1481,4.027,1506.37,1.5064,900000.0,900.0,511.1,22769.23,271857242421.82,271857.2424
17.5,Agni_Class,BOOST,80430.81,80.4308,17421.0,17.421,4901.6118,17645.8025,4901.6118,1053.7427,4787.0058,8.2703,29.0995,30.252,27.2312,4.0549,1143.65,1.1437,900000.0,900.0,388.03,22615.38,271676333751.12,271676.3338
18.0,Agni_Class,BOOST,82831.59,82.8316,17949.94,17.9499,4916.7104,17700.1575,4916.7104,1057.8779,4801.5556,8.3279,29.3701,30.528,27.3151,4.0831,867.57,0.8676,900000.0,900.0,294.36,22461.54,271493080716.07,271493.0807
18.5,Agni_Class,BOOST,85239.71,85.2397,18480.96,18.481,4931.9475,17755.0111,4931.9475,1062.0418,4816.2406,8.386,29.6434,30.8068,27.3997,4.1116,657.58,0.6576,900000.0,900.0,223.11,22307.69,271307341622.65,271307.3416
19.0,Agni_Class,BOOST,87655.24,87.6552,19014.07,19.0141,4947.3245,17810.3683,4947.3245,1066.2348,4831.0623,8.4448,29.9198,31.0887,27.4851,4.1404,498.01,0.498,900000.0,900.0,168.97,22153.85,271118990037.32,271118.99
19.5,Agni_Class,BOOST,90078.25,90.0783,19549.3,19.5493,4962.8429,17866.2346,4962.8429,1070.4572,4846.0222,8.5042,30.1995,31.374,27.5713,4.1695,376.84,0.3768,900000.0,900.0,127.86,22000.0,270927910861.62,270927.9109
20.0,Agni_Class,BOOST,92508.81,92.5088,20086.66,20.0867,4978.5045,17922.6161,4978.5045,1074.7093,4861.122,8.5644,30.4826,31.6629,27.6584,4.1991,284.91,0.2849,900000.0,900.0,96.67,21846.15,270733997302.59,270733.9973
20.5,Agni_Class,BOOST,94946.99,94.947,20626.15,20.6262,4994.3109,17979.5192,4994.3109,1078.9915,4876.3633,8.6254,30.7694,31.9555,27.7462,4.2289,215.22,0.2152,900000.0,900.0,73.02,21692.31,270537148533.8,270537.1485
21.0,Agni_Class,BOOST,97392.87,97.3929,21167.81,21.1678,5010.2641,18036.9507,5010.2641,1083.3042,4891.748,8.6872,31.0601,32.2521,27.8348,4.2592,162.44,0.1624,900000.0,900.0,55.11,21538.46,270337267888.09,270337.2679
21.5,Agni_Class,BOOST,99846.51,99.8465,21711.63,21.7116,5026.366,18094.9177,5026.366,1087.6478,4907.278,8.7498,31.3547,32.5527,27.9243,4.2899,122.49,0.1225,900000.0,900.0,41.56,21384.62,270134261459.45,270134.2615
22.0,Agni_Class,BOOST,102307.99,102.308,22257.64,22.2576,5042.6187,18153.4274,5042.6187,1092.0227,4922.9554,8.8133,31.6535,32.8576,28.0145,4.3211,92.29,0.0923,900000.0,900.0,31.31,21230.77,269928037019.32,269928.037
22.5,Agni_Class,BOOST,104777.38,104.7774,22805.86,22.8059,5059.0243,18212.4874,5059.0243,1096.4294,4938.7822,8.8777,31.9565,33.1668,28.1057,4.3527,69.47,0.0695,900000.0,900.0,23.57,21076.92,269718503174.31,269718.5032
23.0,Agni_Class,BOOST,107254.76,107.2548,23356.29,23.3563,5075.5849,18272.1055,5075.5849,1100.8682,4954.7604,8.9431,32.2639,33.4804,28.1977,4.3847,52.25,0.0522,900000.0,900.0,17.73,20923.08,269505568708.98,269505.5687
23.5,Agni_Class,BOOST,109740.2,109.7402,23908.96,23.909,5092.3027,18332.2898,5092.3027,1105.3398,4970.8924,9.0094,32.5758,33.7987,28.2906,4.4172,39.26,0.0393,900000.0,900.0,13.32,20769.23,269289142070.29,269289.1421
24.0,Agni_Class,BOOST,112233.79,112.2338,24463.88,24.4639,5109.1801,18393.0485,5109.1801,1109.8445,4987.1803,9.0766,32.8922,34.1216,28.3843,4.4502,29.47,0.0295,900000.0,900.0,10.0,20615.38,269069130960.39,269069.131
24.5,Agni_Class,BOOST,114735.61,114.7356,25021.07,25.0211,5126.2195,18454.39,5126.2195,1114.3828,5003.6264,9.1449,33.2134,34.4494,28.479,4.4836,22.1,0.0221,900000.0,900.0,7.5,20461.54,268845442011.82,268845.442
25.0,Agni_Class,BOOST,117245.72,117.2457,25580.55,25.5806,5143.4231,18516.3231,5143.4231,1118.9552,5020.2331,9.2142,33.5395,34.7821,28.5746,4.5176,16.56,0.0166,900000.0,900.0,5.62,20307.69,268617980525.64,268617.9805
25.5,Agni_Class,BOOST,119764.22,119.7642,26142.33,26.1423,5160.7935,18578.8567,5160.7935,1123.5623,5037.0028,9.2846,33.8704,35.1199,28.6711,4.5521,12.4,0.0124,900000.0,900.0,4.21,20153.85,268386650256.97,268386.6503
26.0,Agni_Class,BOOST,122291.19,122.2912,26706.43,26.7064,5178.3333,18641.9997,5178.3333,1128.2046,5053.938,9.356,34.2065,35.4629,28.7685,4.5871,9.27,0.0093,900000.0,900.0,3.15,20000.0,268151353236.44,268151.3532
26.5,Agni_Class,BOOST,124826.71,124.8267,27272.88,27.2729,5196.0449,18705.7617,5196.0449,1132.8826,5071.0413,9.4285,34.5477,35.8112,28.8669,4.6227,6.93,0.0069,900000.0,900.0,2.35,19846.15,267911989618.5,267911.9896
27.0,Agni_Class,BOOST,127370.87,127.3709,27841.67,27.8417,5213.9311,18770.152,5213.9311,1137.5969,5088.3151,9.5022,34.8943,36.165,28.9663,4.6588,5.17,0.0052,900000.0,900.0,1.75,19692.31,267668457549.66,267668.4575
27.5,Agni_Class,BOOST,129923.75,129.9238,28412.85,28.4128,5231.9946,18835.1806,5231.9946,1142.348,5105.7623,9.577,35.2463,36.5243,29.0666,4.6955,3.86,0.0039,900000.0,900.0,1.31,19538.46,267420653051.42,267420.6531
28.0,Agni_Class,BOOST,132485.45,132.4854,28986.42,28.9864,5250.2382,18900.8574,5250.2382,1147.1365,5123.3855,9.653,35.6039,36.8893,29.168,4.7328,2.87,0.0029,900000.0,900.0,0.97,19384.62,267168469913.67,267168.4699
28.5,Agni_Class,BOOST,135056.04,135.056,29562.4,29.5624,5268.6646,18967.1927,5268.6646,1151.963,5141.1875,9.7303,35.9673,37.2602,29.2704,4.7706,2.14,0.0021,900000.0,900.0,0.73,19230.77,266911799595.55,266911.7996
29.0,Agni_Class,BOOST,137635.62,137.6356,30140.81,30.1408,5287.277,19034.197,5287.277,1156.8281,5159.1711,9.8087,36.3365,37.6371,29.3738,4.8091,1.59,0.0016,900000.0,900.0,0.54,19076.92,266650531131.24,266650.5311
29.5,Agni_Class,BOOST,140224.29,140.2243,30721.68,30.7217,5306.0781,19101.8811,5306.0781,1161.7325,5177.3393,9.8885,36.7116,38.0201,29.4782,4.8482,1.18,0.0012,900000.0,900.0,0.4,18923.08,266384551038.8,266384.551
30.0,Agni_Class,BOOST,142822.14,142.8221,31305.02,31.305,5325.0711,19170.256,5325.0711,1166.6767,5195.6951,9.9695,37.093,38.4094,29.5837,4.888,0.88,0.0009,900000.0,900.0,0.3,18769.23,266113743230.68,266113.7432
30.5,Agni_Class,BOOST,145429.26,145.4293,31890.85,31.8908,5344.2592,19239.3331,5344.2592,1171.6615,5214.2416,10.0519,37.4806,38.8051,29.6903,4.9283,0.65,0.0006,900000.0,900.0,0.22,18615.38,265837988924.57,265837.9889
31.0,Agni_Class,BOOST,148045.75,148.0458,32479.19,32.4792,5363.6455,19309.1238,5363.6455,1176.6875,5232.9819,10.1357,37.8747,39.2075,29.798,4.9694,0.48,0.0005,900000.0,900.0,0.16,18461.54,265557166553.85,265557.1666
31.5,Agni_Class,BOOST,150671.71,150.6717,33070.07,33.0701,5383.2334,19379.6401,5383.2334,1181.7553,5251.9193,10.2209,38.2754,39.6166,29.9069,5.0112,0.36,0.0004,900000.0,900.0,0.12,18307.69,265271151676.87,265271.1517
32.0,Agni_Class,BOOST,153307.24,153.3072,33663.5,33.6635,5403.0262,19450.8942,5403.0262,1186.8657,5271.057,10.3075,38.6829,40.0326,30.0168,5.0536,0.26,0.0003,900000.0,900.0,0.09,18153.85,264979816884.3,264979.8169
32.5,Agni_Class,BOOST,155952.44,155.9524,34259.51,34.2595,5423.0274,19522.8985,5423.0274,1192.0195,5290.3984,10.3956,39.0974,40.4558,30.1279,5.0968,0.19,0.0002,900000.0,900.0,0.07,18000.0,264683031704.35,264683.0317
33.0,Agni_Class,BOOST,158607.41,158.6074,34858.12,34.8581,5443.2405,19595.6659,5443.2405,1197.2173,5309.9471,10.4852,39.519,40.8863,30.2402,5.1408,0.14,0.0001,900000.0,900.0,0.05,17846.15,264380662505.2,264380.6625
33.5,Agni_Class,BOOST,161272.27,161.2723,35459.35,35.4594,5463.6693,19669.2094,5463.6693,1202.4599,5329.7066,10.5764,39.9479,41.3243,30.3537,5.1855,0.11,0.0001,900000.0,900.0,0.04,17692.31,264072572394.32,264072.5724
34.0,Agni_Class,BOOST,163947.11,163.9471,36063.22,36.0632,5484.3174,19743.5427,5484.3174,1207.7481,5349.6806,10.6692,40.3844,41.77,30.4684,5.231,0.08,0.0001,900000.0,900.0,0.03,17538.46,263758621114.51,263758.6211
34.5,Agni_Class,BOOST,166632.04,166.632,36669.77,36.6698,5505.1887,19818.6795,5505.1887,1213.0826,5369.8728,10.7636,40.8286,42.2236,30.5844,5.2773,0.06,0.0001,900000.0,900.0,0.02,17384.62,263438664936.13,263438.6649
35.0,Agni_Class,BOOST,169327.19,169.3272,37279.0,37.279,5526.2872,19894.634,5526.2872,1218.4644,5390.2871,10.8597,41.2807,42.6853,30.7016,5.3244,0.04,0.0,900000.0,900.0,0.01,17230.77,263112556545.45,263112.5565
35.5,Agni_Class,BOOST,172032.65,172.0327,37890.94,37.8909,5547.6169,19971.4208,5547.6169,1223.8943,5410.9274,10.9575,41.741,43.1553,30.8201,5.3723,0.03,0.0,900000.0,900.0,0.01,17076.92,262780144928.71,262780.1449
36.0,Agni_Class,BOOST,174748.55,174.7486,38505.63,38.5056,5569.1819,20049.0549,5569.1819,1229.373,5431.798,11.0571,42.2097,43.6339,30.9399,5.4212,0.02,0.0,900000.0,900.0,0.01,16923.08,262441275251.68,262441.2753
36.5,Agni_Class,BOOST,177475.0,177.475,39123.08,39.1231,5590.9866,20127.5516,5590.9866,1234.9016,5452.9028,11.1586,42.6869,44.1213,31.061,5.4709,0.02,0.0,900000.0,900.0,0.01,16769.23,262095788734.47,262095.7887
37.0,Agni_Class,BOOST,180212.13,180.2121,39743.32,39.7433,5613.0353,20206.9269,5613.0353,1240.4809,5474.2462,11.2619,43.173,44.6177,31.1835,5.5216,0.01,0.0,900000.0,900.0,0.0,16615.38,261743522521.23,261743.5225
37.5,Agni_Class,BOOST,182960.04,182.96,40366.38,40.3664,5635.3325,20287.1969,5635.3325,1246.1118,5495.8327,11.3671,43.6682,45.1234,31.3074,5.5732,0.01,0.0,900000.0,900.0,0.0,16461.54,261384309544.64,261384.3095
38.0,Agni_Class,BOOST,185718.87,185.7189,40992.28,40.9923,5657.8829,20368.3784,5657.8829,1251.7954,5517.6668,11.4744,44.1727,45.6386,31.4327,5.6258,0.01,0.0,900000.0,900.0,0.0,16307.69,261017978384.72,261017.9784
38.5,Agni_Class,BOOST,188488.75,188.4888,41621.04,41.621,5680.6913,20450.4886,5680.6913,1257.5326,5539.7532,11.5837,44.6868,46.1637,31.5594,5.6793,0.0,0.0,900000.0,900.0,0.0,16153.85,260644353121.68,260644.3531
39.0,Agni_Class,BOOST,191269.8,191.2698,42252.7,42.2527,5703.7625,20533.545,5703.7625,1263.3244,5562.0966,11.695,45.2108,46.6989,31.6876,5.7339,0.0,0.0,900000.0,900.0,0.0,16000.0,260263253182.67,260263.2532
39.5,Agni_Class,BOOST,194062.15,194.0622,42887.29,42.8873,5727.1017,20617.5659,5727.1017,1269.1719,5584.702,11.8086,45.745,47.2445,31.8172,5.7896,0.0,0.0,900000.0,900.0,0.0,15846.15,259874493181.88,259874.4932
40.0,Agni_Class,BOOST,196865.94,196.8659,43524.83,43.5248,5750.7139,20702.5701,5750.7139,1275.0762,5607.5745,11.9243,46.2896,47.8008,31.9484,5.8464,0.0,0.0,900000.0,900.0,0.0,15692.31,259477882753.76,259477.8828
40.5,Agni_Class,BOOST,199681.3,199.6813,44165.35,44.1653,5774.6046,20788.5767,5774.6046,1281.0384,5630.7193,12.0424,46.8451,48.3682,32.0811,5.9043,0.0,0.0,900000.0,900.0,0.0,15538.46,259073226378.97,259073.2264
41.0,Agni_Class,BOOST,202508.37,202.5084,44808.88,44.8089,5798.7794,20875.6057,5798.7794,1287.0596,5654.1418,12.1628,47.4116,48.9469,32.2154,5.9633,0.0,0.0,900000.0,900.0,0.0,15384.62,258660323202.65,258660.3232
41.5,Agni_Class,BOOST,205347.29,205.3473,45455.45,45.4554,5823.2437,20963.6774,5823.2437,1293.141,5677.8476,12.2857,47.9896,49.5373,32.3514,6.0235,0.0,0.0,900000.0,900.0,0.0,15230.77,258238966844.59,258238.9668
42.0,Agni_Class,BOOST,208198.21,208.1982,46105.09,46.1051,5848.0036,21052.8129,5848.0036,1299.2838,5701.8424,12.4111,48.5794,50.1398,32.4889,6.085,0.0,0.0,900000.0,900.0,0.0,15076.92,257808945200.91,257808.9452
42.5,Agni_Class,BOOST,211061.28,211.0613,46757.83,46.7578,5873.065,21143.0338,5873.065,1305.4894,5726.1322,12.539,49.1814,50.7546,32.6281,6.1477,0.0,0.0,900000.0,900.0,0.0,14923.08,257370040236.69,257370.0402
43.0,Agni_Class,BOOST,213936.64,213.9366,47413.71,47.4137,5898.4341,21234.3627,5898.4341,1311.7589,5750.7228,12.6696,49.7959,51.3824,32.7691,6.2118,0.0,0.0,900000.0,900.0,0.0,14769.23,256922027769.15,256922.0278
43.5,Agni_Class,BOOST,216824.45,216.8245,48072.76,48.0728,5924.1173,21326.8225,5924.1173,1318.0937,5775.6208,12.803,50.4233,52.0233,32.9118,6.2772,0.0,0.0,900000.0,900.0,0.0,14615.38,256464677240.72,256464.6772
44.0,Agni_Class,BOOST,219724.87,219.7249,48735.01,48.735,5950.1214,21420.4369,5950.1214,1324.4952,5800.8324,12.9392,51.0641,52.6779,33.0562,6.3439,0.0,0.0,900000.0,900.0,0.0,14461.54,255997751481.57,255997.7515
44.5,Agni_Class,BOOST,222638.05,222.638,49400.49,49.4005,5976.453,21515.2307,5976.453,1330.9648,5826.3645,13.0783,51.7186,53.3466,33.2025,6.4122,0.0,0.0,900000.0,900.0,0.0,14307.69,255521006460.89,255521.0065
45.0,Agni_Class,BOOST,225564.16,225.5642,50069.24,50.0692,6003.1192,21611.2291,6003.1192,1337.5039,5852.2238,13.2205,52.3874,54.0298,33.3507,6.4819,0.0,0.0,900000.0,900.0,0.0,14153.85,255034191026.3,255034.191
45.5,Agni_Class,BOOST,228503.37,228.5034,50741.3,50.7413,6030.1273,21708.4583,6030.1273,1344.1141,5878.4175,13.3658,53.0709,54.7281,33.5007,6.5531,0.0,0.0,900000.0,900.0,0.0,14000.0,254537046630.69,254537.0466
46.0,Agni_Class,BOOST,231455.85,231.4558,51416.7,51.4167,6057.4848,21806.9453,6057.4848,1350.797,5904.953,13.5143,53.7696,55.4419,33.6527,6.6259,0.0,0.0,900000.0,900.0,0.0,13846.15,254029307045.79,254029.307
46.5,Agni_Class,BOOST,234421.77,234.4218,52095.48,52.0955,6085.1995,21906.7181,6085.1995,1357.5542,5931.8378,13.6661,54.484,56.1718,33.8067,6.7003,0.0,0.0,900000.0,900.0,0.0,13692.31,253510698061.57,253510.6981
47.0,Agni_Class,BOOST,237401.31,237.4013,52777.67,52.7777,6113.2793,22007.8055,6113.2793,1364.3872,5959.0797,13.8214,55.2146,56.9182,33.9627,6.7765,0.0,0.0,900000.0,900.0,0.0,13538.46,252980937170.74,252980.9372
47.5,Agni_Class,BOOST,240394.65,240.3946,53463.32,53.4633,6141.7326,22110.2375,6141.7326,1371.2979,5986.687,13.9803,55.962,57.6818,34.1207,6.8544,0.0,0.0,900000.0,900.0,0.0,13384.62,252439733237.35,252439.7332
48.0,Agni_Class,BOOST,243401.98,243.402,54152.46,54.1525,6170.568,22214.0448,6170.568,1378.288,6014.668,14.1428,56.7268,58.4632,34.2809,6.9341,0.0,0.0,900000.0,900.0,0.0,13230.77,251886786148.53,251886.7861
48.5,Agni_Class,BOOST,246423.5,246.4235,54845.14,54.8451,6199.7943,22319.2596,6199.7943,1385.3595,6043.0314,14.3092,57.5096,59.263,34.4433,7.0157,0.0,0.0,900000.0,900.0,0.0,13076.92,251321786448.33,251321.7864
49.0,Agni_Class,BOOST,249459.39,249.4594,55541.4,55.5414,6229.4208,22425.9148,6229.4208,1392.5141,6071.7862,14.4796,58.311,60.0819,34.6079,7.0992,0.0,0.0,900000.0,900.0,0.0,12923.08,250744414952.52,250744.415
49.5,Agni_Class,BOOST,252509.86,252.5099,56241.28,56.2413,6259.4569,22534.0448,6259.4569,1399.7538,6100.9417,14.654,59.1317,60.9205,34.7748,7.1847,0.0,0.0,900000.0,900.0,0.0,12769.23,250154342343.12,250154.3423
50.0,Agni_Class,BOOST,255575.12,255.5751,56944.82,56.9448,6289.9125,22643.6851,6289.9125,1407.0809,6130.5076,14.8327,59.9725,61.7795,34.944,7.2723,0.0,0.0,900000.0,900.0,0.0,12615.38,249551228741.34,249551.2287
50.5,Agni_Class,BOOST,258655.36,258.6554,57652.06,57.6521,6320.7979,22754.8725,6320.7979,1414.4972,6160.4938,15.0158,60.834,62.6598,35.1155,7.3621,0.0,0.0,900000.0,900.0,0.0,12461.54,248934723257.58,248934.7233
51.0,Agni_Class,BOOST,261750.82,261.7508,58363.07,58.3631,6352.1237,22867.6453,6352.1237,1422.0051,6190.9108,15.2035,61.717,63.5621,35.2896,7.4541,0.0,0.0,900000.0,900.0,0.0,12307.69,248304463516.84,248304.4635
51.5,Agni_Class,BOOST,264861.7,264.8617,59077.87,59.0779,6383.9008,22982.0429,6383.9008,1429.6069,6221.7693,15.396,62.6224,64.4873,35.4661,7.5485,0.0,0.0,900000.0,900.0,0.0,12153.85,247660075158.07,247660.0752
52.0,Agni_Class,BOOST,267988.24,267.9882,59796.52,59.7965,6416.1407,23098.1066,6416.1407,1437.3049,6253.0806,15.5934,63.5511,65.4362,35.6452,7.6453,0.0,0.0,900000.0,900.0,0.0,12000.0,247001171305.48,247001.1713
52.5,Agni_Class,BOOST,271130.67,271.1307,60519.07,60.5191,6448.8553,23215.8791,6448.8553,1445.1016,6284.8561,15.7959,64.5038,66.4097,35.827,7.7445,0.0,0.0,900000.0,900.0,0.0,11846.15,246327352010.09,246327.352
53.0,Agni_Class,BOOST,274289.23,274.2892,61245.57,61.2456,6482.0569,23335.4047,6482.0569,1452.9995,6317.108,16.0037,65.4816,67.4089,36.0114,7.8465,0.0,0.0,900000.0,900.0,0.0,11692.31,245638203659.27,245638.2037
53.5,Agni_Class,BOOST,277464.15,277.4642,61976.07,61.9761,6515.7582,23456.7296,6515.7582,1461.0014,6349.8488,16.2171,66.4855,68.4348,36.1987,7.9511,0.0,0.0,900000.0,900.0,0.0,11538.46,244933298352.09,244933.2984
54.0,Agni_Class,BOOST,280655.7,280.6557,62710.63,62.7106,6549.9727,23579.9016,6549.9727,1469.11,6383.0916,16.4363,67.5165,69.4884,36.3887,8.0585,0.0,0.0,900000.0,900.0,0.0,11384.62,244212193238.1,244212.1932
54.5,Agni_Class,BOOST,283864.12,283.8641,63449.29,63.4493,6584.7141,23704.9708,6584.7141,1477.3281,6416.8498,16.6614,68.5758,70.5708,36.5817,8.1689,0.0,0.0,900000.0,900.0,0.0,11230.77,243474429816.77,243474.4298
55.0,Agni_Class,BOOST,287089.69,287.0897,64192.12,64.1921,6619.997,23831.9892,6619.997,1485.6588,6451.1377,16.8928,69.6645,71.6834,36.7778,8.2824,0.0,0.0,900000.0,900.0,0.0,11076.92,242719533194.73,242719.5332
55.5,Agni_Class,BOOST,290332.68,290.3327,64939.18,64.9392,6655.8363,23961.0107,6655.8363,1494.1052,6485.97,17.1308,70.7839,72.8273,36.9769,8.399,0.0,0.0,900000.0,900.0,0.0,10923.08,241947011297.74,241947.0113
56.0,Agni_Class,BOOST,293593.36,293.5934,65690.51,65.6905,6692.2478,24092.0919,6692.2478,1502.6706,6521.3619,17.3755,71.9352,74.0039,37.1792,8.519,0.0,0.0,900000.0,900.0,0.0,10769.23,241156354033.93,241156.354
56.5,Agni_Class,BOOST,296872.02,296.872,66446.19,66.4462,6729.2477,24225.2916,6729.2477,1511.3583,6557.3295,17.6273,73.1199,75.2146,37.3847,8.6425,0.0,0.0,900000.0,900.0,0.0,10615.38,240347032404.57,240347.0324
57.0,Agni_Class,BOOST,300168.97,300.169,67206.28,67.2063,6766.8531,24360.6712,6766.8531,1520.172,6593.8895,17.8865,74.3395,76.461,37.5936,8.7696,0.0,0.0,900000.0,900.0,0.0,10461.54,239518497558.3,239518.4976
57.5,Agni_Class,BOOST,303484.5,303.4845,67970.83,67.9708,6805.0819,24498.2948,6805.0819,1529.1152,6631.0592,18.1535,75.5954,77.7446,37.806,8.9005,0.0,0.0,900000.0,900.0,0.0,10307.69,238670179784.41,238670.1798
58.0,Agni_Class,BOOST,306818.92,306.8189,68739.93,68.7399,6843.9526,24638.2293,6843.9526,1538.192,6668.8569,18.4285,76.8894,79.067,38.022,9.0353,0.0,0.0,900000.0,900.0,0.0,10153.85,237801487440.28,237801.4874
58.5,Agni_Class,BOOST,310172.57,310.1726,69513.63,69.5136,6883.4847,24780.5448,6883.4847,1547.4062,6707.3016,18.7121,78.2233,80.4302,38.2416,9.1743,0.0,0.0,900000.0,900.0,0.0,10000.0,236911805807.59,236911.8058
59.0,Agni_Class,BOOST,313545.78,313.5458,70292.01,70.292,6923.6985,24925.3145,6923.6985,1556.7623,6746.4133,19.0044,79.5988,81.836,38.465,9.3177,0.0,0.0,900000.0,900.0,0.0,9846.15,236000495871.6,236000.4959
59.5,Agni_Class,BOOST,316938.89,316.9389,71075.15,71.0751,6964.6153,25072.6152,6964.6153,1566.2645,6786.2127,19.3061,81.018,83.2865,38.6923,9.4656,0.0,0.0,900000.0,900.0,0.0,9692.31,235066893016.87,235066.893
60.0,Agni_Class,BOOST,320352.25,320.3522,71863.1,71.8631,7006.2575,25222.5271,7006.2575,1575.9175,6826.7217,19.6175,82.483,84.7837,38.9237,9.6182,0.0,0.0,900000.0,900.0,0.0,9538.46,234110305632.48,234110.3056
60.5,Agni_Class,BOOST,323786.23,323.7862,72655.97,72.656,7048.6485,25375.1346,7048.6485,1585.7263,6867.9631,19.9391,83.996,86.3301,39.1592,9.7759,0.0,0.0,900000.0,900.0,0.0,9384.62,233130013618.95,233130.0136
61.0,Agni_Class,BOOST,327241.21,327.2412,73453.82,73.4538,7091.8127,25530.5258,7091.8127,1595.6958,6909.9611,20.2714,85.5594,87.928,39.399,9.9388,0.0,0.0,900000.0,900.0,0.0,9230.77,232125266788.14,232125.2668
61.5,Agni_Class,BOOST,330717.58,330.7176,74256.73,74.2567,7135.776,25688.7937,7135.776,1605.8315,6952.7408,20.615,87.1758,89.5801,39.6432,10.1073,0.0,0.0,900000.0,900.0,0.0,9076.92,231095283146.74,231095.2831
62.0,Agni_Class,BOOST,334215.75,334.2157,75064.8,75.0648,7180.5655,25850.0358,7180.5655,1616.139,6996.3287,20.9704,88.848,91.2892,39.892,10.2816,0.0,0.0,900000.0,900.0,0.0,8923.08,230039247052.75,230039.2471
62.5,Agni_Class,BOOST,337736.12,337.7361,75878.11,75.8781,7226.2096,26014.3546,7226.2096,1626.6242,7040.7527,21.3383,90.5788,93.0583,40.1456,10.4619,0.0,0.0,900000.0,900.0,0.0,8769.23,228956307233.29,228956.3072
63.0,Agni_Class,BOOST,341279.14,341.2791,76696.76,76.6968,7272.7383,26181.858,7272.7383,1637.2933,7086.0421,21.7193,92.3715,94.8906,40.4041,10.6488,0.0,0.0,900000.0,900.0,0.0,8615.38,227845574650.77,227845.5747
63.5,Agni_Class,BOOST,344845.26,344.8453,77520.84,77.5208,7320.1833,26352.6597,7320.1833,1648.153,7132.2279,22.1142,94.2293,96.7895,40.6677,10.8424,0.0,0.0,900000.0,900.0,0.0,8461.54,226706120202.98,226706.1202
64.0,Agni_Class,BOOST,348434.93,348.4349,78350.44,78.3504,7368.5777,26526.8798,7368.5777,1659.2101,7179.3426,22.5238,96.156,98.7588,40.9365,11.0432,0.0,0.0,900000.0,900.0,0.0,8307.69,225536972240.97,225536.9722
64.5,Agni_Class,BOOST,352048.64,352.0486,79185.68,79.1857,7417.9569,26704.6448,7417.9569,1670.472,7227.4205,22.9487,98.1553,100.8024,41.2109,11.2515,0.0,0.0,900000.0,900.0,0.0,8153.85,224337113886.82,224337.1139
65.0,Agni_Class,BOOST,355686.89,355.6869,80026.65,80.0267,7468.3579,26886.0885,7468.3579,1681.9464,7276.4982,23.3901,100.2316,102.9246,41.4909,11.4679,0.0,0.0,900000.0,900.0,0.0,8000.0,223105480131.13,223105.4801
65.5,Agni_Class,MIDCOURSE,359350.19,359.3502,80873.47,80.8735,7519.8201,27071.3524,7519.8201,1693.6414,7326.614,-0.0,-9.81,9.81,41.7768,0.0,0.0,0.0,0.0,0.0,0.0,8000.0,226190777328.61,226190.7773
66.0,Agni_Class,MIDCOURSE,363011.05,363.011,81720.29,81.7203,7515.0412,27054.1483,7515.0412,1693.6414,7321.709,-0.0,-9.81,9.81,41.7502,0.0,0.0,0.0,0.0,0.0,0.0,8000.0,225903377230.33,225903.3772
66.5,Agni_Class,MIDCOURSE,366669.45,366.6695,82567.11,82.5671,7510.2625,27036.9449,7510.2625,1693.6414,7316.804,-0.0,-9.81,9.81,41.7237,0.0,0.0,0.0,0.0,0.0,0.0,8000.0,225616169604.25,225616.1696
67.0,Agni_Class,MIDCOURSE,370325.4,370.3254,83413.93,83.4139,7505.4839,27019.742,7505.4839,1693.6414,7311.899,-0.0,-9.81,9.81,41.6971,0.0,0.0,0.0,0.0,0.0,0.0,8000.0,225329154450.36,225329.1545
67.5,Agni_Class,MIDCOURSE,373978.9,373.9789,84260.75,84.2608,7500.7055,27002.5398,7500.7055,1693.6414,7306.994,-0.0,-9.81,9.81,41.6706,0.0,0.0,0.0,0.0,0.0,0.0,8000.0,225042331768.68,225042.3318
68.0,Agni_Class,MIDCOURSE,377629.94,377.6299,85107.57,85.1076,7495.9273,26985.3381,7495.9273,1693.6414,7302.089,-0.0,-9.81,9.81,41.644,0.0,0.0,0.0,0.0,0.0,0.0,8000.0,224755701559.2,224755.7016
68.5,Agni_Class,MIDCOURSE,381278.53,381.2785,85954.4,85.9544,7491.1492,26968.137,7491.1492,1693.6414,7297.184,-0.0,-9.81,9.81,41.6175,0.0,0.0,0.0,0.0,0.0,0.0,8000.0,224469263821.92,224469.2638
69.0,Agni_Class,MIDCOURSE,384924.67,384.9247,86801.22,86.8012,7486.3713,26950.9365,7486.3713,1693.6414,7292.279,-0.0,-9.81,9.81,41.591,0.0,0.0,0.0,0.0,0.0,0.0,8000.0,224183018556.83,224183.0186
69.5,Agni_Class,MIDCOURSE,388568.36,388.5684,87648.04,87.648,7481.5935,26933.7366,7481.5935,1693.6414,7287.374,-0.0,-9.81,9.81,41.5644,0.0,0.0,0.0,0.0,0.0,0.0,8000.0,223896965763.95,223896.9658
70.0,Agni_Class,MIDCOURSE,392209.59,392.2096,88494.86,88.4949,7476.8159,26916.5373,7476.8159,1693.6414,7282.469,-0.0,-9.81,9.81,41.5379,0.0,0.0,0.0,0.0,0.0,0.0,8000.0,223611105443.27,223611.1054
70.5,Agni_Class,MIDCOURSE,395848.38,395.8484,89341.68,89.3417,7472.0385,26899.3386,7472.0385,1693.6414,7277.564,-0.0,-9.81,9.81,41.5113,0.0,0.0,0.0,0.0,0.0,0.0,8000.0,223325437594.78,223325.4376
71.0,Agni_Class,MIDCOURSE,399484.71,399.4847,90188.5,90.1885,7467.2612,26882.1405,7467.2612,1693.6414,7272.659,-0.0,-9.81,9.81,41.4848,0.0,0.0,0.0,0.0,0.0,0.0,8000.0,223039962218.5,223039.9622
71.5,Agni_Class,MIDCOURSE,403118.58,403.1186,91035.32,91.0353,7462.4842,26864.943,7462.4842,1693.6414,7267.754,-0.0,-9.81,9.81,41.4582,0.0,0.0,0.0,0.0,0.0,0.0,8000.0,222754679314.42,222754.6793
72.0,Agni_Class,MIDCOURSE,406750.01,406.75,91882.14,91.8821,7457.7072,26847.7461,7457.7072,1693.6414,7262.849,-0.0,-9.81,9.81,41.4317,0.0,0.0,0.0,0.0,0.0,0.0,8000.0,222469588882.54,222469.5889
72.5,Agni_Class,MIDCOURSE,410378.98,410.379,92728.96,92.729,7452.9305,26830.5497,7452.9305,1693.6414,7257.944,-0.0,-9.81,9.81,41.4052,0.0,0.0,0.0,0.0,0.0,0.0,8000.0,222184690922.85,222184.6909
73.0,Agni_Class,MIDCOURSE,414005.5,414.0055,93575.78,93.5758,7448.1539,26813.354,7448.1539,1693.6414,7253.039,-0.0,-9.81,9.81,41.3786,0.0,0.0,0.0,0.0,0.0,0.0,8000.0,221899985435.37,221899.9854
73.5,Agni_Class,MIDCOURSE,417629.57,417.6296,94422.6,94.4226,7443.3775,26796.1589,7443.3775,1693.6414,7248.134,-0.0,-9.81,9.81,41.3521,0.0,0.0,0.0,0.0,0.0,0.0,8000.0,221615472420.09,221615.4724
74.0,Agni_Class,MIDCOURSE,421251.18,421.2512,95269.42,95.2694,7438.6012,26778.9644,7438.6012,1693.6414,7243.229,-0.0,-9.81,9.81,41.3256,0.0,0.0,0.0,0.0,0.0,0.0,8000.0,221331151877.01,221331.1519
74.5,Agni_Class,MIDCOURSE,424870.34,424.8703,96116.24,96.1162,7433.8251,26761.7704,7433.8251,1693.6414,7238.324,-0.0,-9.81,9.81,41.299,0.0,0.0,0.0,0.0,0.0,0.0,8000.0,221047023806.12,221047.0238
75.0,Agni_Class,MIDCOURSE,428487.05,428.4871,96963.06,96.9631,7429.0492,26744.5771,7429.0492,1693.6414,7233.419,-0.0,-9.81,9.81,41.2725,0.0,0.0,0.0,0.0,0.0,0.0,8000.0,220763088207.44,220763.0882
75.5,Agni_Class,MIDCOURSE,432101.31,432.1013,97809.89,97.8099,7424.2735,26727.3844,7424.2735,1693.6414,7228.514,-0.0,-9.81,9.81,41.246,0.0,0.0,0.0,0.0,0.0,0.0,8000.0,220479345080.96,220479.3451
76.0,Agni_Class,MIDCOURSE,435713.11,435.7131,98656.71,98.6567,7419.4979,26710.1923,7419.4979,1693.6414,7223.609,-0.0,-9.81,9.81,41.2194,0.0,0.0,0.0,0.0,0.0,0.0,8000.0,220195794426.68,220195.7944
76.5,Agni_Class,MIDCOURSE,439322.47,439.3225,99503.53,99.5035,7414.7225,26693.0008,7414.7225,1693.6414,7218.704,-0.0,-9.81,9.81,41.1929,0.0,0.0,0.0,0.0,0.0,0.0,8000.0,219912436244.59,219912.4362
77.0,Agni_Class,MIDCOURSE,442929.37,442.9294,100350.35,100.3503,7409.9472,26675.81,7409.9472,1693.6414,7213.799,-0.0,-9.81,9.81,41.1664,0.0,0.0,0.0,0.0,0.0,0.0,8000.0,219629270534.71,219629.2705
77.5,Agni_Class,MIDCOURSE,446533.81,446.5338,101197.17,101.1972,7405.1721,26658.6197,7405.1721,1693.6414,7208.894,-0.0,-9.81,9.81,41.1398,0.0,0.0,0.0,0.0,0.0,0.0,8000.0,219346297297.03,219346.2973
78.0,Agni_Class,MIDCOURSE,450135.81,450.1358,102043.99,102.044,7400.3972,26641.43,7400.3972,1693.6414,7203.989,-0.0,-9.81,9.81,41.1133,0.0,0.0,0.0,0.0,0.0,0.0,8000.0,219063516531.55,219063.5165
78.5,Agni_Class,MIDCOURSE,453735.35,453.7353,102890.81,102.8908,7395.6225,26624.241,7395.6225,1693.6414,7199.084,-0.0,-9.81,9.81,41.0868,0.0,0.0,0.0,0.0,0.0,0.0,8000.0,218780928238.26,218780.9282
79.0,Agni_Class,MIDCOURSE,457332.44,457.3324,103737.63,103.7376,7390.8479,26607.0525,7390.8479,1693.6414,7194.179,-0.0,-9.81,9.81,41.0603,0.0,0.0,0.0,0.0,0.0,0.0,8000.0,218498532417.18,218498.5324
79.5,Agni_Class,MIDCOURSE,460927.08,460.9271,104584.45,104.5845,7386.0735,26589.8647,7386.0735,1693.6414,7189.274,-0.0,-9.81,9.81,41.0337,0.0,0.0,0.0,0.0,0.0,0.0,8000.0,218216329068.3,218216.3291
80.0,Agni_Class,MIDCOURSE,464519.26,464.5193,105431.27,105.4313,7381.2993,26572.6775,7381.2993,1693.6414,7184.369,-0.0,-9.81,9.81,41.0072,0.0,0.0,0.0,0.0,0.0,0.0,8000.0,217934318191.62,217934.3182
80.5,Agni_Class,MIDCOURSE,468108.99,468.109,106278.09,106.2781,7376.5253,26555.4909,7376.5253,1693.6414,7179.464,-0.0,-9.81,9.81,40.9807,0.0,0.0,0.0,0.0,0.0,0.0,8000.0,217652499787.13,217652.4998
81.0,Agni_Class,MIDCOURSE,471696.27,471.6963,107124.91,107.1249,7371.7514,26538.305,7371.7514,1693.6414,7174.559,-0.0,-9.81,9.81,40.9542,0.0,0.0,0.0,0.0,0.0,0.0,8000.0,217370873854.85,217370.8739
81.5,Agni_Class,MIDCOURSE,475281.1,475.2811,107971.73,107.9717,7366.9777,26521.1196,7366.9777,1693.6414,7169.654,-0.0,-9.81,9.81,40.9277,0.0,0.0,0.0,0.0,0.0,0.0,8000.0,217089440394.77,217089.4404
82.0,Agni_Class,MIDCOURSE,478863.47,478.8635,108818.55,108.8186,7362.2041,26503.9349,7362.2041,1693.6414,7164.749,-0.0,-9.81,9.81,40.9011,0.0,0.0,0.0,0.0,0.0,0.0,8000.0,216808199406.88,216808.1994
82.5,Agni_Class,MIDCOURSE,482443.4,482.4434,109665.38,109.6654,7357.4308,26486.7508,7357.4308,1693.6414,7159.844,-0.0,-9.81,9.81,40.8746,0.0,0.0,0.0,0.0,0.0,0.0,8000.0,216527150891.2,216527.1509
83.0,Agni_Class,MIDCOURSE,486020.86,486.0209,110512.2,110.5122,7352.6576,26469.5673,7352.6576,1693.6414,7154.939,-0.0,-9.81,9.81,40.8481,0.0,0.0,0.0,0.0,0.0,0.0,8000.0,216246294847.72,216246.2948
83.5,Agni_Class,MIDCOURSE,489595.88,489.5959,111359.02,111.359,7347.8846,26452.3845,7347.8846,1693.6414,7150.034,-0.0,-9.81,9.81,40.8216,0.0,0.0,0.0,0.0,0.0,0.0,8000.0,215965631276.44,215965.6313
84.0,Agni_Class,MIDCOURSE,493168.45,493.1684,112205.84,112.2058,7343.1117,26435.2023,7343.1117,1693.6414,7145.129,-0.0,-9.81,9.81,40.7951,0.0,0.0,0.0,0.0,0.0,0.0,8000.0,215685160177.35,215685.1602
84.5,Agni_Class,MIDCOURSE,496738.56,496.7386,113052.66,113.0527,7338.3391,26418.0207,7338.3391,1693.6414,7140.224,-0.0,-9.81,9.81,40.7686,0.0,0.0,0.0,0.0,0.0,0.0,8000.0,215404881550.47,215404.8816
85.0,Agni_Class,MIDCOURSE,500306.22,500.3062,113899.48,113.8995,7333.5666,26400.8397,7333.5666,1693.6414,7135.319,-0.0,-9.81,9.81,40.742,0.0,0.0,0.0,0.0,0.0,0.0,8000.0,215124795395.79,215124.7954
85.5,Agni_Class,MIDCOURSE,503871.42,503.8714,114746.3,114.7463,7328.7943,26383.6594,7328.7943,1693.6414,7130.414,-0.0,-9.81,9.81,40.7155,0.0,0.0,0.0,0.0,0.0,0.0,8000.0,214844901713.31,214844.9017
86.0,Agni_Class,MIDCOURSE,507434.18,507.4342,115593.12,115.5931,7324.0221,26366.4797,7324.0221,1693.6414,7125.509,-0.0,-9.81,9.81,40.689,0.0,0.0,0.0,0.0,0.0,0.0,8000.0,214565200503.02,214565.2005
86.5,Agni_Class,MIDCOURSE,510994.48,510.9945,116439.94,116.4399,7319.2502,26349.3006,7319.2502,1693.6414,7120.604,-0.0,-9.81,9.81,40.6625,0.0,0.0,0.0,0.0,0.0,0.0,8000.0,214285691764.94,214285.6918
87.0,Agni_Class,MIDCOURSE,514552.33,514.5523,117286.76,117.2868,7314.4784,26332.1221,7314.4784,1693.6414,7115.699,-0.0,-9.81,9.81,40.636,0.0,0.0,0.0,0.0,0.0,0.0,8000.0,214006375499.06,214006.3755
87.5,Agni_Class,MIDCOURSE,518107.73,518.1077,118133.58,118.1336,7309.7068,26314.9443,7309.7068,1693.6414,7110.794,-0.0,-9.81,9.81,40.6095,0.0,0.0,0.0,0.0,0.0,0.0,8000.0,213727251705.38,213727.2517
88.0,Agni_Class,MIDCOURSE,521660.67,521.6607,118980.4,118.9804,7304.9353,26297.7672,7304.9353,1693.6414,7105.889,-0.0,-9.81,9.81,40.583,0.0,0.0,0.0,0.0,0.0,0.0,8000.0,213448320383.89,213448.3204
88.5,Agni_Class,MIDCOURSE,525211.16,525.2112,119827.22,119.8272,7300.1641,26280.5906,7300.1641,1693.6414,7100.984,-0.0,-9.81,9.81,40.5565,0.0,0.0,0.0,0.0,0.0,0.0,8000.0,213169581534.61,213169.5815
89.0,Agni_Class,MIDCOURSE,528759.2,528.7592,120674.04,120.674,7295.393,26263.4147,7295.393,1693.6414,7096.079,-0.0,-9.81,9.81,40.53,0.0,0.0,0.0,0.0,0.0,0.0,8000.0,212891035157.53,212891.0352
89.5,Agni_Class,MIDCOURSE,532304.79,532.3048,121520.87,121.5209,7290.6221,26246.2395,7290.6221,1693.6414,7091.174,-0.0,-9.81,9.81,40.5035,0.0,0.0,0.0,0.0,0.0,0.0,8000.0,212612681252.65,212612.6813
90.0,Agni_Class,MIDCOURSE,535847.93,535.8479,122367.69,122.3677,7285.8514,26229.0649,7285.8514,1693.6414,7086.269,-0.0,-9.81,9.81,40.477,0.0,0.0,0.0,0.0,0.0,0.0,8000.0,212334519819.96,212334.5198
90.5,Agni_Class,MIDCOURSE,539388.61,539.3886,123214.51,123.2145,7281.0808,26211.8909,7281.0808,1693.6414,7081.364,-0.0,-9.81,9.81,40.4504,0.0,0.0,0.0,0.0,0.0,0.0,8000.0,212056550859.48,212056.5509
91.0,Agni_Class,MIDCOURSE,542926.84,542.9268,124061.33,124.0613,7276.3104,26194.7176,7276.3104,1693.6414,7076.459,-0.0,-9.81,9.81,40.4239,0.0,0.0,0.0,0.0,0.0,0.0,8000.0,211778774371.2,211778.7744
91.5,Agni_Class,MIDCOURSE,546462.61,546.4626,124908.15,124.9081,7271.5402,26177.5449,7271.5402,1693.6414,7071.554,-0.0,-9.81,9.81,40.3974,0.0,0.0,0.0,0.0,0.0,0.0,8000.0,211501190355.12,211501.1904
92.0,Agni_Class,MIDCOURSE,549995.94,549.9959,125754.97,125.755,7266.7702,26160.3729,7266.7702,1693.6414,7066.649,-0.0,-9.81,9.81,40.3709,0.0,0.0,0.0,0.0,0.0,0.0,8000.0,211223798811.23,211223.7988
92.5,Agni_Class,MIDCOURSE,553526.81,553.5268,126601.79,126.6018,7262.0004,26143.2015,7262.0004,1693.6414,7061.744,-0.0,-9.81,9.81,40.3444,0.0,0.0,0.0,0.0,0.0,0.0,8000.0,210946599739.55,210946.5997
93.0,Agni_Class,MIDCOURSE,557055.23,557.0552,127448.61,127.4486,7257.2308,26126.0307,7257.2308,1693.6414,7056.839,-0.0,-9.81,9.81,40.3179,0.0,0.0,0.0,0.0,0.0,0.0,8000.0,210669593140.07,210669.5931
93.5,Agni_Class,MIDCOURSE,560581.2,560.5812,128295.43,128.2954,7252.4613,26108.8606,7252.4613,1693.6414,7051.934,-0.0,-9.81,9.81,40.2915,0.0,0.0,0.0,0.0,0.0,0.0,8000.0,210392779012.78,210392.779
94.0,Agni_Class,MIDCOURSE,564104.71,564.1047,129142.25,129.1423,7247.692,26091.6912,7247.692,1693.6414,7047.029,-0.0,-9.81,9.81,40.265,0.0,0.0,0.0,0.0,0.0,0.0,8000.0,210116157357.7,210116.1574
94.5,Agni_Class,MIDCOURSE,567625.77,567.6258,129989.07,129.9891,7242.9229,26074.5224,7242.9229,1693.6414,7042.124,-0.0,-9.81,9.81,40.2385,0.0,0.0,0.0,0.0,0.0,0.0,8000.0,209839728174.82,209839.7282
95.0,Agni_Class,MIDCOURSE,571144.38,571.1444,130835.89,130.8359,7238.154,26057.3543,7238.154,1693.6414,7037.219,-0.0,-9.81,9.81,40.212,0.0,0.0,0.0,0.0,0.0,0.0,8000.0,209563491464.14,209563.4915
95.5,Agni_Class,MIDCOURSE,574660.54,574.6605,131682.71,131.6827,7233.3852,26040.1868,7233.3852,1693.6414,7032.314,-0.0,-9.81,9.81,40.1855,0.0,0.0,0.0,0.0,0.0,0.0,8000.0,209287447225.65,209287.4472
96.0,Agni_Class,MIDCOURSE,578174.24,578.1742,132529.53,132.5295,7228.6167,26023.02,7228.6167,1693.6414,7027.409,-0.0,-9.81,9.81,40.159,0.0,0.0,0.0,0.0,0.0,0.0,8000.0,209011595459.37,209011.5955
96.5,Agni_Class,MIDCOURSE,581685.5,581.6855,133376.36,133.3764,7223.8483,26005.8538,7223.8483,1693.6414,7022.504,-0.0,-9.81,9.81,40.1325,0.0,0.0,0.0,0.0,0.0,0.0,8000.0,208735936165.29,208735.9362
97.0,Agni_Class,MIDCOURSE,585194.3,585.1943,134223.18,134.2232,7219.0801,25988.6883,7219.0801,1693.6414,7017.599,-0.0,-9.81,9.81,40.106,0.0,0.0,0.0,0.0,0.0,0.0,8000.0,208460469343.41,208460.4693
97.5,Agni_Class,MIDCOURSE,588700.64,588.7006,135070.0,135.07,7214.3121,25971.5235,7214.3121,1693.6414,7012.694,-0.0,-9.81,9.81,40.0795,0.0,0.0,0.0,0.0,0.0,0.0,8000.0,208185194993.72,208185.195
98.0,Agni_Class,MIDCOURSE,592204.54,592.2045,135916.82,135.9168,7209.5442,25954.3593,7209.5442,1693.6414,7007.789,-0.0,-9.81,9.81,40.053,0.0,0.0,0.0,0.0,0.0,0.0,8000.0,207910113116.24,207910.1131
98.5,Agni_Class,MIDCOURSE,595705.98,595.706,136763.64,136.7636,7204.7766,25937.1958,7204.7766,1693.6414,7002.884,-0.0,-9.81,9.81,40.0265,0.0,0.0,0.0,0.0,0.0,0.0,8000.0,207635223710.96,207635.2237
99.0,Agni_Class,MIDCOURSE,599204.97,599.205,137610.46,137.6105,7200.0091,25920.0329,7200.0091,1693.6414,6997.979,-0.0,-9.81,9.81,40.0001,0.0,0.0,0.0,0.0,0.0,0.0,8000.0,207360526777.88,207360.5268
99.5,Agni_Class,MIDCOURSE,602701.51,602.7015,138457.28,138.4573,7195.2419,25902.8707,7195.2419,1693.6414,6993.074,-0.0,-9.81,9.81,39.9736,0.0,0.0,0.0,0.0,0.0,0.0,8000.0,207086022316.99,207086.0223
100.0,Agni_Class,MIDCOURSE,606195.59,606.1956,139304.1,139.3041,7190.4748,25885.7092,7190.4748,1693.6414,6988.169,-0.0,-9.81,9.81,39.9471,0.0,0.0,0.0,0.0,0.0,0.0,8000.0,206811710328.31,206811.7103
100.5,Agni_Class,MIDCOURSE,609687.22,609.6872,140150.92,140.1509,7185.7079,25868.5484,7185.7079,1693.6414,6983.264,-0.0,-9.81,9.81,39.9206,0.0,0.0,0.0,0.0,0.0,0.0,8000.0,206537590811.83,206537.5908
101.0,Agni_Class,MIDCOURSE,613176.4,613.1764,140997.74,140.9977,7180.9412,25851.3882,7180.9412,1693.6414,6978.359,-0.0,-9.81,9.81,39.8941,0.0,0.0,0.0,0.0,0.0,0.0,8000.0,206263663767.55,206263.6638
101.5,Agni_Class,MIDCOURSE,616663.13,616.6631,141844.56,141.8446,7176.1746,25834.2287,7176.1746,1693.6414,6973.454,-0.0,-9.81,9.81,39.8676,0.0,0.0,0.0,0.0,0.0,0.0,8000.0,205989929195.46,205989.9292
102.0,Agni_Class,MIDCOURSE,620147.4,620.1474,142691.38,142.6914,7171.4083,25817.0698,7171.4083,1693.6414,6968.549,-0.0,-9.81,9.81,39.8412,0.0,0.0,0.0,0.0,0.0,0.0,8000.0,205716387095.58,205716.3871
102.5,Agni_Class,MIDCOURSE,623629.23,623.6292,143538.2,143.5382,7166.6421,25799.9117,7166.6421,1693.6414,6963.644,-0.0,-9.81,9.81,39.8147,0.0,0.0,0.0,0.0,0.0,0.0,8000.0,205443037467.9,205443.0375
103.0,Agni_Class,MIDCOURSE,627108.6,627.1086,144385.02,144.385,7161.8762,25782.7542,7161.8762,1693.6414,6958.739,-0.0,-9.81,9.81,39.7882,0.0,0.0,0.0,0.0,0.0,0.0,8000.0,205169880312.42,205169.8803
103.5,Agni_Class,MIDCOURSE,630585.51,630.5855,145231.85,145.2318,7157.1104,25765.5973,7157.1104,1693.6414,6953.834,-0.0,-9.81,9.81,39.7617,0.0,0.0,0.0,0.0,0.0,0.0,8000.0,204896915629.13,204896.9156
104.0,Agni_Class,MIDCOURSE,634059.98,634.06,146078.67,146.0787,7152.3448,25748.4412,7152.3448,1693.6414,6948.929,-0.0,-9.81,9.81,39.7352,0.0,0.0,0.0,0.0,0.0,0.0,8000.0,204624143418.05,204624.1434
104.5,Agni_Class,MIDCOURSE,637531.99,637.532,146925.49,146.9255,7147.5794,25731.2857,7147.5794,1693.6414,6944.024,-0.0,-9.81,9.81,39.7088,0.0,0.0,0.0,0.0,0.0,0.0,8000.0,204351563679.17,204351.5637
105.0,Agni_Class,MIDCOURSE,641001.55,641.0015,147772.31,147.7723,7142.8142,25714.131,7142.8142,1693.6414,6939.119,-0.0,-9.81,9.81,39.6823,0.0,0.0,0.0,0.0,0.0,0.0,8000.0,204079176412.48,204079.1764
105.5,Agni_Class,MIDCOURSE,644468.66,644.4687,148619.13,148.6191,7138.0491,25696.9769,7138.0491,1693.6414,6934.214,-0.0,-9.81,9.81,39.6558,0.0,0.0,0.0,0.0,0.0,0.0,8000.0,203806981618.0,203806.9816
106.0,Agni_Class,MIDCOURSE,647933.31,647.9333,149465.95,149.4659,7133.2843,25679.8235,7133.2843,1693.6414,6929.309,-0.0,-9.81,9.81,39.6294,0.0,0.0,0.0,0.0,0.0,0.0,8000.0,203534979295.72,203534.9793
106.5,Agni_Class,MIDCOURSE,651395.51,651.3955,150312.77,150.3128,7128.5196,25662.6707,7128.5196,1693.6414,6924.404,-0.0,-9.81,9.81,39.6029,0.0,0.0,0.0,0.0,0.0,0.0,8000.0,203263169445.64,203263.1694
107.0,Agni_Class,MIDCOURSE,654855.26,654.8553,151159.59,151.1596,7123.7552,25645.5187,7123.7552,1693.6414,6919.499,-0.0,-9.81,9.81,39.5764,0.0,0.0,0.0,0.0,0.0,0.0,8000.0,202991552067.75,202991.5521
107.5,Agni_Class,MIDCOURSE,658312.56,658.3126,152006.41,152.0064,7118.9909,25628.3673,7118.9909,1693.6414,6914.594,-0.0,-9.81,9.81,39.5499,0.0,0.0,0.0,0.0,0.0,0.0,8000.0,202720127162.07,202720.1272
108.0,Agni_Class,MIDCOURSE,661767.4,661.7674,152853.23,152.8532,7114.2269,25611.2167,7114.2269,1693.6414,6909.689,-0.0,-9.81,9.81,39.5235,0.0,0.0,0.0,0.0,0.0,0.0,8000.0,202448894728.59,202448.8947
108.5,Agni_Class,MIDCOURSE,665219.79,665.2198,153700.05,153.7001,7109.463,25594.0667,7109.463,1693.6414,6904.784,-0.0,-9.81,9.81,39.497,0.0,0.0,0.0,0.0,0.0,0.0,8000.0,202177854767.31,202177.8548
109.0,Agni_Class,MIDCOURSE,668669.73,668.6697,154546.87,154.5469,7104.6993,25576.9174,7104.6993,1693.6414,6899.879,-0.0,-9.81,9.81,39.4706,0.0,0.0,0.0,0.0,0.0,0.0,8000.0,201907007278.22,201907.0073
109.5,Agni_Class,MIDCOURSE,672117.22,672.1172,155393.69,155.3937,7099.9358,25559.7688,7099.9358,1693.6414,6894.974,-0.0,-9.81,9.81,39.4441,0.0,0.0,0.0,0.0,0.0,0.0,8000.0,201636352261.34,201636.3523
110.0,Agni_Class,MIDCOURSE,675562.26,675.5623,156240.51,156.2405,7095.1725,25542.6209,7095.1725,1693.6414,6890.069,-0.0,-9.81,9.81,39.4176,0.0,0.0,0.0,0.0,0.0,0.0,8000.0,201365889716.66,201365.8897
110.5,Agni_Class,MIDCOURSE,679004.84,679.0048,157087.34,157.0873,7090.4094,25525.4737,7090.4094,1693.6414,6885.164,-0.0,-9.81,9.81,39.3912,0.0,0.0,0.0,0.0,0.0,0.0,8000.0,201095619644.18,201095.6196
111.0,Agni_Class,MIDCOURSE,682444.97,682.445,157934.16,157.9342,7085.6464,25508.3272,7085.6464,1693.6414,6880.259,-0.0,-9.81,9.81,39.3647,0.0,0.0,0.0,0.0,0.0,0.0,8000.0,200825542043.89,200825.542
111.5,Agni_Class,MIDCOURSE,685882.64,685.8826,158780.98,158.781,7080.8837,25491.1814,7080.8837,1693.6414,6875.354,-0.0,-9.81,9.81,39.3382,0.0,0.0,0.0,0.0,0.0,0.0,8000.0,200555656915.81,200555.6569
112.0,Agni_Class,MIDCOURSE,689317.87,689.3179,159627.8,159.6278,7076.1212,25474.0363,7076.1212,1693.6414,6870.449,-0.0,-9.81,9.81,39.3118,0.0,0.0,0.0,0.0,0.0,0.0,8000.0,200285964259.93,200285.9643
112.5,Agni_Class,MIDCOURSE,692750.64,692.7506,160474.62,160.4746,7071.3589,25456.8919,7071.3589,1693.6414,6865.544,-0.0,-9.81,9.81,39.2853,0.0,0.0,0.0,0.0,0.0,0.0,8000.0,200016464076.25,200016.4641
113.0,Agni_Class,MIDCOURSE,696180.96,696.181,161321.44,161.3214,7066.5967,25439.7482,7066.5967,1693.6414,6860.639,-0.0,-9.81,9.81,39.2589,0.0,0.0,0.0,0.0,0.0,0.0,8000.0,199747156364.76,199747.1564
113.5,Agni_Class,MIDCOURSE,699608.83,699.6088,162168.26,162.1683,7061.8348,25422.6052,7061.8348,1693.6414,6855.734,-0.0,-9.81,9.81,39.2324,0.0,0.0,0.0,0.0,0.0,0.0,8000.0,199478041125.48,199478.0411
114.0,Agni_Class,MIDCOURSE,703034.24,703.0342,163015.08,163.0151,7057.073,25405.4629,7057.073,1693.6414,6850.829,-0.0,-9.81,9.81,39.206,0.0,0.0,0.0,0.0,0.0,0.0,8000.0,199209118358.4,199209.1184
114.5,Agni_Class,MIDCOURSE,706457.2,706.4572,163861.9,163.8619,7052.3115,25388.3213,7052.3115,1693.6414,6845.924,-0.0,-9.81,9.81,39.1795,0.0,0.0,0.0,0.0,0.0,0.0,8000.0,198940388063.52,198940.3881
115.0,Agni_Class,MIDCOURSE,709877.71,709.8777,164708.72,164.7087,7047.5501,25371.1804,7047.5501,1693.6414,6841.019,-0.0,-9.81,9.81,39.1531,0.0,0.0,0.0,0.0,0.0,0.0,8000.0,198671850240.83,198671.8502
115.5,Agni_Class,MIDCOURSE,713295.77,713.2958,165555.54,165.5555,7042.789,25354.0402,7042.789,1693.6414,6836.114,-0.0,-9.81,9.81,39.1266,0.0,0.0,0.0,0.0,0.0,0.0,8000.0,198403504890.35,198403.5049
116.0,Agni_Class,MIDCOURSE,716711.38,716.7114,166402.36,166.4024,7038.028,25336.9008,7038.028,1693.6414,6831.209,-0.0,-9.81,9.81,39.1002,0.0,0.0,0.0,0.0,0.0,0.0,8000.0,198135352012.07,198135.352
116.5,Agni_Class,MIDCOURSE,720124.53,720.1245,167249.18,167.2492,7033.2672,25319.762,7033.2672,1693.6414,6826.304,-0.0,-9.81,9.81,39.0737,0.0,0.0,0.0,0.0,0.0,0.0,8000.0,197867391605.98,197867.3916
117.0,Agni_Class,MIDCOURSE,723535.23,723.5352,168096.0,168.096,7028.5067,25302.624,7028.5067,1693.6414,6821.399,-0.0,-9.81,9.81,39.0473,0.0,0.0,0.0,0.0,0.0,0.0,8000.0,197599623672.1,197599.6237
117.5,Agni_Class,MIDCOURSE,726943.47,726.9435,168942.83,168.9428,7023.7463,25285.4867,7023.7463,1693.6414,6816.494,-0.0,-9.81,9.81,39.0208,0.0,0.0,0.0,0.0,0.0,0.0,8000.0,197332048210.42,197332.0482
118.0,Agni_Class,MIDCOURSE,730349.27,730.3493,169789.65,169.7896,7018.9861,25268.3501,7018.9861,1693.6414,6811.589,-0.0,-9.81,9.81,38.9944,0.0,0.0,0.0,0.0,0.0,0.0,8000.0,197064665220.94,197064.6652
118.5,Agni_Class,MIDCOURSE,733752.61,733.7526,170636.47,170.6365,7014.2262,25251.2142,7014.2262,1693.6414,6806.684,-0.0,-9.81,9.81,38.9679,0.0,0.0,0.0,0.0,0.0,0.0,8000.0,196797474703.65,196797.4747
119.0,Agni_Class,MIDCOURSE,737153.5,737.1535,171483.29,171.4833,7009.4664,25234.079,7009.4664,1693.6414,6801.779,-0.0,-9.81,9.81,38.9415,0.0,0.0,0.0,0.0,0.0,0.0,8000.0,196530476658.57,196530.4767
119.5,Agni_Class,MIDCOURSE,740551.94,740.5519,172330.11,172.3301,7004.7068,25216.9446,7004.7068,1693.6414,6796.874,-0.0,-9.81,9.81,38.915,0.0,0.0,0.0,0.0,0.0,0.0,8000.0,196263671085.69,196263.6711
120.0,Agni_Class,MIDCOURSE,743947.92,743.9479,173176.93,173.1769,6999.9475,25199.8109,6999.9475,1693.6414,6791.969,-0.0,-9.81,9.81,38.8886,0.0,0.0,0.0,0.0,0.0,0.0,8000.0,195997057985.01,195997.058
120.5,Agni_Class,MIDCOURSE,747341.45,747.3415,174023.75,174.0237,6995.1883,25182.6779,6995.1883,1693.6414,6787.064,-0.0,-9.81,9.81,38.8622,0.0,0.0,0.0,0.0,0.0,0.0,8000.0,195730637356.52,195730.6374
121.0,Agni_Class,MIDCOURSE,750732.53,750.7325,174870.57,174.8706,6990.4293,25165.5456,6990.4293,1693.6414,6782.159,-0.0,-9.81,9.81,38.8357,0.0,0.0,0.0,0.0,0.0,0.0,8000.0,195464409200.24,195464.4092
121.5,Agni_Class,MIDCOURSE,754121.16,754.1212,175717.39,175.7174,6985.6706,25148.4141,6985.6706,1693.6414,6777.254,-0.0,-9.81,9.81,38.8093,0.0,0.0,0.0,0.0,0.0,0.0,8000.0,195198373516.16,195198.3735
122.0,Agni_Class,MIDCOURSE,757507.33,757.5073,176564.21,176.5642,6980.912,25131.2833,6980.912,1693.6414,6772.349,-0.0,-9.81,9.81,38.7828,0.0,0.0,0.0,0.0,0.0,0.0,8000.0,194932530304.28,194932.5303
122.5,Agni_Class,MIDCOURSE,760891.06,760.8911,177411.03,177.411,6976.1537,25114.1532,6976.1537,1693.6414,6767.444,-0.0,-9.81,9.81,38.7564,0.0,0.0,0.0,0.0,0.0,0.0,8000.0,194666879564.59,194666.8796
123.0,Agni_Class,MIDCOURSE,764272.33,764.2723,178257.85,178.2579,6971.3955,25097.0238,6971.3955,1693.6414,6762.539,-0.0,-9.81,9.81,38.73,0.0,0.0,0.0,0.0,0.0,0.0,8000.0,194401421297.11,194401.4213
123.5,Agni_Class,MIDCOURSE,767651.14,767.6511,179104.67,179.1047,6966.6376,25079.8952,6966.6376,1693.6414,6757.634,-0.0,-9.81,9.81,38.7035,0.0,0.0,0.0,0.0,0.0,0.0,8000.0,194136155501.83,194136.1555
124.0,Agni_Class,MIDCOURSE,771027.51,771.0275,179951.49,179.9515,6961.8798,25062.7673,6961.8798,1693.6414,6752.729,-0.0,-9.81,9.81,38.6771,0.0,0.0,0.0,0.0,0.0,0.0,8000.0,193871082178.75,193871.0822
124.5,Agni_Class,MIDCOURSE,774401.42,774.4014,180798.31,180.7983,6957.1223,25045.6402,6957.1223,1693.6414,6747.824,-0.0,-9.81,9.81,38.6507,0.0,0.0,0.0,0.0,0.0,0.0,8000.0,193606201327.86,193606.2013
125.0,Agni_Class,MIDCOURSE,777772.88,777.7729,181645.14,181.6451,6952.3649,25028.5138,6952.3649,1693.6414,6742.919,-0.0,-9.81,9.81,38.6242,0.0,0.0,0.0,0.0,0.0,0.0,8000.0,193341512949.18,193341.5129
125.5,Agni_Class,MIDCOURSE,781141.89,781.1419,182491.96,182.492,6947.6078,25011.3881,6947.6078,1693.6414,6738.014,-0.0,-9.81,9.81,38.5978,0.0,0.0,0.0,0.0,0.0,0.0,8000.0,193077017042.7,193077.017
126.0,Agni_Class,MIDCOURSE,784508.44,784.5084,183338.78,183.3388,6942.8509,24994.2632,6942.8509,1693.6414,6733.109,-0.0,-9.81,9.81,38.5714,0.0,0.0,0.0,0.0,0.0,0.0,8000.0,192812713608.42,192812.7136
126.5,Agni_Class,MIDCOURSE,787872.54,787.8725,184185.6,184.1856,6938.0942,24977.139,6938.0942,1693.6414,6728.204,-0.0,-9.81,9.81,38.545,0.0,0.0,0.0,0.0,0.0,0.0,8000.0,192548602646.33,192548.6026
127.0,Agni_Class,MIDCOURSE,791234.19,791.2342,185032.42,185.0324,6933.3377,24960.0156,6933.3377,1693.6414,6723.299,-0.0,-9.81,9.81,38.5185,0.0,0.0,0.0,0.0,0.0,0.0,8000.0,192284684156.45,192284.6842
127.5,Agni_Class,MIDCOURSE,794593.39,794.5934,185879.24,185.8792,6928.5814,24942.8929,6928.5814,1693.6414,6718.394,-0.0,-9.81,9.81,38.4921,0.0,0.0,0.0,0.0,0.0,0.0,8000.0,192020958138.77,192020.9581
128.0,Agni_Class,MIDCOURSE,797950.13,797.9501,186726.06,186.7261,6923.8253,24925.7709,6923.8253,1693.6414,6713.489,-0.0,-9.81,9.81,38.4657,0.0,0.0,0.0,0.0,0.0,0.0,8000.0,191757424593.28,191757.4246
128.5,Agni_Class,MIDCOURSE,801304.43,801.3044,187572.88,187.5729,6919.0694,24908.6497,6919.0694,1693.6414,6708.584,-0.0,-9.81,9.81,38.4393,0.0,0.0,0.0,0.0,0.0,0.0,8000.0,191494083520.0,191494.0835
129.0,Agni_Class,MIDCOURSE,804656.26,804.6563,188419.7,188.4197,6914.3137,24891.5293,6914.3137,1693.6414,6703.679,-0.0,-9.81,9.81,38.4129,0.0,0.0,0.0,0.0,0.0,0.0,8000.0,191230934918.92,191230.9349
129.5,Agni_Class,MIDCOURSE,808005.65,808.0057,189266.52,189.2665,6909.5582,24874.4096,6909.5582,1693.6414,6698.774,-0.0,-9.81,9.81,38.3864,0.0,0.0,0.0,0.0,0.0,0.0,8000.0,190967978790.04,190967.9788
130.0,Agni_Class,MIDCOURSE,811352.59,811.3526,190113.34,190.1133,6904.803,24857.2906,6904.803,1693.6414,6693.869,-0.0,-9.81,9.81,38.36,0.0,0.0,0.0,0.0,0.0,0.0,8000.0,190705215133.35,190705.2151
130.5,Agni_Class,MIDCOURSE,814697.07,814.6971,190960.16,190.9602,6900.0479,24840.1724,6900.0479,1693.6414,6688.964,-0.0,-9.81,9.81,38.3336,0.0,0.0,0.0,0.0,0.0,0.0,8000.0,190442643948.87,190442.6439
131.0,Agni_Class,MIDCOURSE,818039.1,818.0391,191806.98,191.807,6895.2931,24823.055,6895.2931,1693.6414,6684.059,-0.0,-9.81,9.81,38.3072,0.0,0.0,0.0,0.0,0.0,0.0,8000.0,190180265236.59,190180.2652
131.5,Agni_Class,MIDCOURSE,821378.67,821.3787,192653.8,192.6538,6890.5384,24805.9383,6890.5384,1693.6414,6679.154,-0.0,-9.81,9.81,38.2808,0.0,0.0,0.0,0.0,0.0,0.0,8000.0,189918078996.51,189918.079
132.0,Agni_Class,MIDCOURSE,824715.8,824.7158,193500.63,193.5006,6885.784,24788.8224,6885.784,1693.6414,6674.249,-0.0,-9.81,9.81,38.2544,0.0,0.0,0.0,0.0,0.0,0.0,8000.0,189656085228.62,189656.0852
132.5,Agni_Class,MIDCOURSE,828050.47,828.0505,194347.45,194.3474,6881.0298,24771.7072,6881.0298,1693.6414,6669.344,-0.0,-9.81,9.81,38.2279,0.0,0.0,0.0,0.0,0.0,0.0,8000.0,189394283932.94,189394.2839
133.0,Agni_Class,MIDCOURSE,831382.69,831.3827,195194.27,195.1943,6876.2758,24754.5929,6876.2758,1693.6414,6664.439,-0.0,-9.81,9.81,38.2015,0.0,0.0,0.0,0.0,0.0,0.0,8000.0,189132675109.46,189132.6751
133.5,Agni_Class,MIDCOURSE,834712.46,834.7125,196041.09,196.0411,6871.522,24737.4792,6871.522,1693.6414,6659.534,-0.0,-9.81,9.81,38.1751,0.0,0.0,0.0,0.0,0.0,0.0,8000.0,188871258758.18,188871.2588
134.0,Agni_Class,MIDCOURSE,838039.77,838.0398,196887.91,196.8879,6866.7684,24720.3664,6866.7684,1693.6414,6654.629,-0.0,-9.81,9.81,38.1487,0.0,0.0,0.0,0.0,0.0,0.0,8000.0,188610034879.09,188610.0349
134.5,Agni_Class,MIDCOURSE,841364.63,841.3646,197734.73,197.7347,6862.0151,24703.2543,6862.0151,1693.6414,6649.724,-0.0,-9.81,9.81,38.1223,0.0,0.0,0.0,0.0,0.0,0.0,8000.0,188349003472.21,188349.0035
135.0,Agni_Class,MIDCOURSE,844687.04,844.687,198581.55,198.5815,6857.2619,24686.1429,6857.2619,1693.6414,6644.819,-0.0,-9.81,9.81,38.0959,0.0,0.0,0.0,0.0,0.0,0.0,8000.0,188088164537.53,188088.1645
135.5,Agni_Class,MIDCOURSE,848007.0,848.007,199428.37,199.4284,6852.509,24669.0324,6852.509,1693.6414,6639.914,-0.0,-9.81,9.81,38.0695,0.0,0.0,0.0,0.0,0.0,0.0,8000.0,187827518075.05,187827.5181
136.0,Agni_Class,MIDCOURSE,851324.51,851.3245,200275.19,200.2752,6847.7563,24651.9226,6847.7563,1693.6414,6635.009,-0.0,-9.81,9.81,38.0431,0.0,0.0,0.0,0.0,0.0,0.0,8000.0,187567064084.76,187567.0641
136.5,Agni_Class,MIDCOURSE,854639.56,854.6396,201122.01,201.122,6843.0038,24634.8136,6843.0038,1693.6414,6630.104,-0.0,-9.81,9.81,38.0167,0.0,0.0,0.0,0.0,0.0,0.0,8000.0,187306802566.68,187306.8026
137.0,Agni_Class,MIDCOURSE,857952.16,857.9522,201968.83,201.9688,6838.2515,24617.7053,6838.2515,1693.6414,6625.199,-0.0,-9.81,9.81,37.9903,0.0,0.0,0.0,0.0,0.0,0.0,8000.0,187046733520.8,187046.7335
137.5,Agni_Class,MIDCOURSE,861262.3,861.2623,202815.65,202.8157,6833.4994,24600.5979,6833.4994,1693.6414,6620.294,-0.0,-9.81,9.81,37.9639,0.0,0.0,0.0,0.0,0.0,0.0,8000.0,186786856947.12,186786.8569
138.0,Agni_Class,MIDCOURSE,864570.0,864.57,203662.47,203.6625,6828.7476,24583.4912,6828.7476,1693.6414,6615.389,-0.0,-9.81,9.81,37.9375,0.0,0.0,0.0,0.0,0.0,0.0,8000.0,186527172845.63,186527.1728
138.5,Agni_Class,MIDCOURSE,867875.24,867.8752,204509.29,204.5093,6823.9959,24566.3853,6823.9959,1693.6414,6610.484,-0.0,-9.81,9.81,37.9111,0.0,0.0,0.0,0.0,0.0,0.0,8000.0,186267681216.35,186267.6812
139.0,Agni_Class,MIDCOURSE,871178.03,871.178,205356.12,205.3561,6819.2445,24549.2802,6819.2445,1693.6414,6605.579,-0.0,-9.81,9.81,37.8847,0.0,0.0,0.0,0.0,0.0,0.0,8000.0,186008382059.27,186008.3821
139.5,Agni_Class,MIDCOURSE,874478.37,874.4784,206202.94,206.2029,6814.4933,24532.1759,6814.4933,1693.6414,6600.674,-0.0,-9.81,9.81,37.8583,0.0,0.0,0.0,0.0,0.0,0.0,8000.0,185749275374.38,185749.2754
140.0,Agni_Class,MIDCOURSE,877776.25,877.7763,207049.76,207.0498,6809.7423,24515.0723,6809.7423,1693.6414,6595.769,-0.0,-9.81,9.81,37.8319,0.0,0.0,0.0,0.0,0.0,0.0,8000.0,185490361161.7,185490.3612
140.5,Agni_Class,MIDCOURSE,881071.68,881.0717,207896.58,207.8966,6804.9915,24497.9695,6804.9915,1693.6414,6590.864,-0.0,-9.81,9.81,37.8055,0.0,0.0,0.0,0.0,0.0,0.0,8000.0,185231639421.22,185231.6394
141.0,Agni_Class,MIDCOURSE,884364.66,884.3647,208743.4,208.7434,6800.241,24480.8676,6800.241,1693.6414,6585.959,-0.0,-9.81,9.81,37.7791,0.0,0.0,0.0,0.0,0.0,0.0,8000.0,184973110152.94,184973.1102
141.5,Agni_Class,MIDCOURSE,887655.19,887.6552,209590.22,209.5902,6795.4907,24463.7664,6795.4907,1693.6414,6581.054,-0.0,-9.81,9.81,37.7527,0.0,0.0,0.0,0.0,0.0,0.0,8000.0,184714773356.85,184714.7734
142.0,Agni_Class,MIDCOURSE,890943.26,890.9433,210437.04,210.437,6790.7406,24446.666,6790.7406,1693.6414,6576.149,-0.0,-9.81,9.81,37.7263,0.0,0.0,0.0,0.0,0.0,0.0,8000.0,184456629032.97,184456.629
142.5,Agni_Class,MIDCOURSE,894228.89,894.2289,211283.86,211.2839,6785.9907,24429.5664,6785.9907,1693.6414,6571.244,-0.0,-9.81,9.81,37.6999,0.0,0.0,0.0,0.0,0.0,0.0,8000.0,184198677181.29,184198.6772
143.0,Agni_Class,MIDCOURSE,897512.06,897.5121,212130.68,212.1307,6781.241,24412.4676,6781.241,1693.6414,6566.339,-0.0,-9.81,9.81,37.6736,0.0,0.0,0.0,0.0,0.0,0.0,8000.0,183940917801.81,183940.9178
143.5,Agni_Class,MIDCOURSE,900792.77,900.7928,212977.5,212.9775,6776.4915,24395.3696,6776.4915,1693.6414,6561.434,-0.0,-9.81,9.81,37.6472,0.0,0.0,0.0,0.0,0.0,0.0,8000.0,183683350894.52,183683.3509
144.0,Agni_Class,MIDCOURSE,904071.04,904.071,213824.32,213.8243,6771.7423,24378.2724,6771.7423,1693.6414,6556.529,-0.0,-9.81,9.81,37.6208,0.0,0.0,0.0,0.0,0.0,0.0,8000.0,183425976459.44,183425.9765
144.5,Agni_Class,MIDCOURSE,907346.85,907.3468,214671.14,214.6711,6766.9933,24361.176,6766.9933,1693.6414,6551.624,-0.0,-9.81,9.81,37.5944,0.0,0.0,0.0,0.0,0.0,0.0,8000.0,183168794496.56,183168.7945
145.0,Agni_Class,MIDCOURSE,910620.21,910.6202,215517.96,215.518,6762.2445,24344.0804,6762.2445,1693.6414,6546.719,-0.0,-9.81,9.81,37.568,0.0,0.0,0.0,0.0,0.0,0.0,8000.0,182911805005.88,182911.805
145.5,Agni_Class,MIDCOURSE,913891.12,913.8911,216364.78,216.3648,6757.496,24326.9855,6757.496,1693.6414,6541.814,-0.0,-9.81,9.81,37.5416,0.0,0.0,0.0,0.0,0.0,0.0,8000.0,182655007987.39,182655.008
146.0,Agni_Class,MIDCOURSE,917159.57,917.1596,217211.61,217.2116,6752.7477,24309.8915,6752.7477,1693.6414,6536.909,-0.0,-9.81,9.81,37.5153,0.0,0.0,0.0,0.0,0.0,0.0,8000.0,182398403441.11,182398.4034
146.5,Agni_Class,MIDCOURSE,920425.57,920.4256,218058.43,218.0584,6747.9995,24292.7984,6747.9995,1693.6414,6532.004,-0.0,-9.81,9.81,37.4889,0.0,0.0,0.0,0.0,0.0,0.0,8000.0,182141991367.03,182141.9914
147.0,Agni_Class,MIDCOURSE,923689.12,923.6891,218905.25,218.9052,6743.2517,24275.706,6743.2517,1693.6414,6527.099,-0.0,-9.81,9.81,37.4625,0.0,0.0,0.0,0.0,0.0,0.0,8000.0,181885771765.15,181885.7718
147.5,Agni_Class,MIDCOURSE,926950.22,926.9502,219752.07,219.7521,6738.504,24258.6144,6738.504,1693.6414,6522.194,-0.0,-9.81,9.81,37.4361,0.0,0.0,0.0,0.0,0.0,0.0,8000.0,181629744635.46,181629.7446
148.0,Agni_Class,MIDCOURSE,930208.86,930.2089,220598.89,220.5989,6733.7566,24241.5236,6733.7566,1693.6414,6517.289,-0.0,-9.81,9.81,37.4098,0.0,0.0,0.0,0.0,0.0,0.0,8000.0,181373909977.98,181373.91
148.5,Agni_Class,MIDCOURSE,933465.06,933.4651,221445.71,221.4457,6729.0094,24224.4337,6729.0094,1693.6414,6512.384,-0.0,-9.81,9.81,37.3834,0.0,0.0,0.0,0.0,0.0,0.0,8000.0,181118267792.7,181118.2678
149.0,Agni_Class,MIDCOURSE,936718.8,936.7188,222292.53,222.2925,6724.2624,24207.3446,6724.2624,1693.6414,6507.479,-0.0,-9.81,9.81,37.357,0.0,0.0,0.0,0.0,0.0,0.0,8000.0,180862818079.62,180862.8181
149.5,Agni_Class,MIDCOURSE,939970.08,939.9701,223139.35,223.1394,6719.5156,24190.2562,6719.5156,1693.6414,6502.574,-0.0,-9.81,9.81,37.3306,0.0,0.0,0.0,0.0,0.0,0.0,8000.0,180607560838.73,180607.5608
150.0,Agni_Class,MIDCOURSE,943218.92,943.2189,223986.17,223.9862,6714.7691,24173.1687,6714.7691,1693.6414,6497.669,-0.0,-9.81,9.81,37.3043,0.0,0.0,0.0,0.0,0.0,0.0,8000.0,180352496070.05,180352.4961
150.5,Agni_Class,MIDCOURSE,946465.3,946.4653,224832.99,224.833,6710.0228,24156.0821,6710.0228,1693.6414,6492.764,-0.0,-9.81,9.81,37.2779,0.0,0.0,0.0,0.0,0.0,0.0,8000.0,180097623773.57,180097.6238
151.0,Agni_Class,MIDCOURSE,949709.23,949.7092,225679.81,225.6798,6705.2767,24138.9962,6705.2767,1693.6414,6487.859,-0.0,-9.81,9.81,37.2515,0.0,0.0,0.0,0.0,0.0,0.0,8000.0,179842943949.28,179842.9439
151.5,Agni_Class,MIDCOURSE,952950.71,952.9507,226526.63,226.5266,6700.5309,24121.9112,6700.5309,1693.6414,6482.954,-0.0,-9.81,9.81,37.2252,0.0,0.0,0.0,0.0,0.0,0.0,8000.0,179588456597.2,179588.4566
152.0,Agni_Class,MIDCOURSE,956189.73,956.1897,227373.45,227.3735,6695.7853,24104.827,6695.7853,1693.6414,6478.049,-0.0,-9.81,9.81,37.1988,0.0,0.0,0.0,0.0,0.0,0.0,8000.0,179334161717.32,179334.1617
152.5,Agni_Class,MIDCOURSE,959426.3,959.4263,228220.27,228.2203,6691.0399,24087.7436,6691.0399,1693.6414,6473.144,-0.0,-9.81,9.81,37.1724,0.0,0.0,0.0,0.0,0.0,0.0,8000.0,179080059309.64,179080.0593
153.0,Agni_Class,MIDCOURSE,962660.42,962.6604,229067.1,229.0671,6686.2947,24070.6611,6686.2947,1693.6414,6468.239,-0.0,-9.81,9.81,37.1461,0.0,0.0,0.0,0.0,0.0,0.0,8000.0,178826149374.15,178826.1494
153.5,Agni_Class,MIDCOURSE,965892.09,965.8921,229913.92,229.9139,6681.5498,24053.5793,6681.5498,1693.6414,6463.334,-0.0,-9.81,9.81,37.1197,0.0,0.0,0.0,0.0,0.0,0.0,8000.0,178572431910.87,178572.4319
154.0,Agni_Class,MIDCOURSE,969121.3,969.1213,230760.74,230.7607,6676.8051,24036.4985,6676.8051,1693.6414,6458.429,-0.0,-9.81,9.81,37.0934,0.0,0.0,0.0,0.0,0.0,0.0,8000.0,178318906919.79,178318.9069
154.5,Agni_Class,MIDCOURSE,972348.07,972.3481,231607.56,231.6076,6672.0607,24019.4184,6672.0607,1693.6414,6453.524,-0.0,-9.81,9.81,37.067,0.0,0.0,0.0,0.0,0.0,0.0,8000.0,178065574400.91,178065.5744
155.0,Agni_Class,MIDCOURSE,975572.37,975.5724,232454.38,232.4544,6667.3164,24002.3392,6667.3164,1693.6414,6448.619,-0.0,-9.81,9.81,37.0406,0.0,0.0,0.0,0.0,0.0,0.0,8000.0,177812434354.22,177812.4344
155.5,Agni_Class,MIDCOURSE,978794.23,978.7942,233301.2,233.3012,6662.5725,23985.2608,6662.5725,1693.6414,6443.714,-0.0,-9.81,9.81,37.0143,0.0,0.0,0.0,0.0,0.0,0.0,8000.0,177559486779.74,177559.4868
156.0,Agni_Class,MIDCOURSE,982013.64,982.0136,234148.02,234.148,6657.8287,23968.1833,6657.8287,1693.6414,6438.809,-0.0,-9.81,9.81,36.9879,0.0,0.0,0.0,0.0,0.0,0.0,8000.0,177306731677.46,177306.7317
156.5,Agni_Class,MIDCOURSE,985230.59,985.2306,234994.84,234.9948,6653.0852,23951.1066,6653.0852,1693.6414,6433.904,-0.0,-9.81,9.81,36.9616,0.0,0.0,0.0,0.0,0.0,0.0,8000.0,177054169047.38,177054.169
157.0,Agni_Class,MIDCOURSE,988445.09,988.4451,235841.66,235.8417,6648.3419,23934.0308,6648.3419,1693.6414,6428.999,-0.0,-9.81,9.81,36.9352,0.0,0.0,0.0,0.0,0.0,0.0,8000.0,176801798889.49,176801.7989
157.5,Agni_Class,MIDCOURSE,991657.13,991.6571,236688.48,236.6885,6643.5988,23916.9558,6643.5988,1693.6414,6424.094,-0.0,-9.81,9.81,36.9089,0.0,0.0,0.0,0.0,0.0,0.0,8000.0,176549621203.81,176549.6212
158.0,Agni_Class,MIDCOURSE,994866.73,994.8667,237535.3,237.5353,6638.856,23899.8816,6638.856,1693.6414,6419.189,-0.0,-9.81,9.81,36.8825,0.0,0.0,0.0,0.0,0.0,0.0,8000.0,176297635990.33,176297.636
158.5,Agni_Class,MIDCOURSE,998073.87,998.0739,238382.12,238.3821,6634.1134,23882.8083,6634.1134,1693.6414,6414.284,-0.0,-9.81,9.81,36.8562,0.0,0.0,0.0,0.0,0.0,0.0,8000.0,176045843249.05,176045.8432
159.0,Agni_Class,MIDCOURSE,1001278.56,1001.2786,239228.94,239.2289,6629.3711,23865.7358,6629.3711,1693.6414,6409.379,-0.0,-9.81,9.81,36.8298,0.0,0.0,0.0,0.0,0.0,0.0,8000.0,175794242979.96,175794.243
159.5,Agni_Class,MIDCOURSE,1004480.8,1004.4808,240075.76,240.0758,6624.629,23848.6642,6624.629,1693.6414,6404.474,-0.0,-9.81,9.81,36.8035,0.0,0.0,0.0,0.0,0.0,0.0,8000.0,175542835183.08,175542.8352
160.0,Agni_Class,MIDCOURSE,1007680.58,1007.6806,240922.59,240.9226,6619.8871,23831.5935,6619.8871,1693.6414,6399.569,-0.0,-9.81,9.81,36.7772,0.0,0.0,0.0,0.0,0.0,0.0,8000.0,175291619858.4,175291.6199
160.5,Agni_Class,MIDCOURSE,1010877.91,1010.8779,241769.41,241.7694,6615.1454,23814.5236,6615.1454,1693.6414,6394.664,-0.0,-9.81,9.81,36.7508,0.0,0.0,0.0,0.0,0.0,0.0,8000.0,175040597005.91,175040.597
161.0,Agni_Class,MIDCOURSE,1014072.79,1014.0728,242616.23,242.6162,6610.404,23797.4546,6610.404,1693.6414,6389.759,-0.0,-9.81,9.81,36.7245,0.0,0.0,0.0,0.0,0.0,0.0,8000.0,174789766625.63,174789.7666
161.5,Agni_Class,MIDCOURSE,1017265.22,1017.2652,243463.05,243.463,6605.6629,23780.3864,6605.6629,1693.6414,6384.854,-0.0,-9.81,9.81,36.6981,0.0,0.0,0.0,0.0,0.0,0.0,8000.0,174539128717.55,174539.1287
162.0,Agni_Class,MIDCOURSE,1020455.2,1020.4552,244309.87,244.3099,6600.922,23763.3191,6600.922,1693.6414,6379.949,-0.0,-9.81,9.81,36.6718,0.0,0.0,0.0,0.0,0.0,0.0,8000.0,174288683281.67,174288.6833
162.5,Agni_Class,MIDCOURSE,1023642.72,1023.6427,245156.69,245.1567,6596.1813,23746.2526,6596.1813,1693.6414,6375.044,-0.0,-9.81,9.81,36.6455,0.0,0.0,0.0,0.0,0.0,0.0,8000.0,174038430317.98,174038.4303
163.0,Agni_Class,MIDCOURSE,1026827.79,1026.8278,246003.51,246.0035,6591.4408,23729.1871,6591.4408,1693.6414,6370.139,-0.0,-9.81,9.81,36.6191,0.0,0.0,0.0,0.0,0.0,0.0,8000.0,173788369826.5,173788.3698
163.5,Agni_Class,MIDCOURSE,1030010.4,1030.0104,246850.33,246.8503,6586.7006,23712.1223,6586.7006,1693.6414,6365.234,-0.0,-9.81,9.81,36.5928,0.0,0.0,0.0,0.0,0.0,0.0,8000.0,173538501807.22,173538.5018
164.0,Agni_Class,MIDCOURSE,1033190.57,1033.1906,247697.15,247.6972,6581.9607,23695.0585,6581.9607,1693.6414,6360.329,-0.0,-9.81,9.81,36.5664,0.0,0.0,0.0,0.0,0.0,0.0,8000.0,173288826260.14,173288.8263
164.5,Agni_Class,MIDCOURSE,1036368.28,1036.3683,248543.97,248.544,6577.221,23677.9955,6577.221,1693.6414,6355.424,-0.0,-9.81,9.81,36.5401,0.0,0.0,0.0,0.0,0.0,0.0,8000.0,173039343185.25,173039.3432
165.0,Agni_Class,MIDCOURSE,1039543.54,1039.5435,249390.79,249.3908,6572.4815,23660.9334,6572.4815,1693.6414,6350.519,-0.0,-9.81,9.81,36.5138,0.0,0.0,0.0,0.0,0.0,0.0,8000.0,172790052582.57,172790.0526
165.5,Agni_Class,MIDCOURSE,1042716.35,1042.7163,250237.61,250.2376,6567.7423,23643.8722,6567.7423,1693.6414,6345.614,-0.0,-9.81,9.81,36.4875,0.0,0.0,0.0,0.0,0.0,0.0,8000.0,172540954452.09,172540.9545
166.0,Agni_Class,MIDCOURSE,1045886.7,1045.8867,251084.43,251.0844,6563.0033,23626.8118,6563.0033,1693.6414,6340.709,-0.0,-9.81,9.81,36.4611,0.0,0.0,0.0,0.0,0.0,0.0,8000.0,172292048793.81,172292.0488
166.5,Agni_Class,MIDCOURSE,1049054.6,1049.0546,251931.25,251.9313,6558.2645,23609.7524,6558.2645,1693.6414,6335.804,-0.0,-9.81,9.81,36.4348,0.0,0.0,0.0,0.0,0.0,0.0,8000.0,172043335607.72,172043.3356
167.0,Agni_Class,MIDCOURSE,1052220.05,1052.2201,252778.08,252.7781,6553.5261,23592.6938,6553.5261,1693.6414,6330.899,-0.0,-9.81,9.81,36.4085,0.0,0.0,0.0,0.0,0.0,0.0,8000.0,171794814893.84,171794.8149
167.5,Agni_Class,MIDCOURSE,1055383.05,1055.383,253624.9,253.6249,6548.7878,23575.6361,6548.7878,1693.6414,6325.994,-0.0,-9.81,9.81,36.3822,0.0,0.0,0.0,0.0,0.0,0.0,8000.0,171546486652.16,171546.4867
168.0,Agni_Class,MIDCOURSE,1058543.59,1058.5436,254471.72,254.4717,6544.0498,23558.5793,6544.0498,1693.6414,6321.089,-0.0,-9.81,9.81,36.3558,0.0,0.0,0.0,0.0,0.0,0.0,8000.0,171298350882.68,171298.3509
168.5,Agni_Class,MIDCOURSE,1061701.69,1061.7017,255318.54,255.3185,6539.312,23541.5233,6539.312,1693.6414,6316.184,-0.0,-9.81,9.81,36.3295,0.0,0.0,0.0,0.0,0.0,0.0,8000.0,171050407585.39,171050.4076
169.0,Agni_Class,MIDCOURSE,1064857.33,1064.8573,256165.36,256.1654,6534.5745,23524.4683,6534.5745,1693.6414,6311.279,-0.0,-9.81,9.81,36.3032,0.0,0.0,0.0,0.0,0.0,0.0,8000.0,170802656760.31,170802.6568
169.5,Agni_Class,MIDCOURSE,1068010.51,1068.0105,257012.18,257.0122,6529.8373,23507.4141,6529.8373,1693.6414,6306.374,-0.0,-9.81,9.81,36.2769,0.0,0.0,0.0,0.0,0.0,0.0,8000.0,170555098407.43,170555.0984
170.0,Agni_Class,MIDCOURSE,1071161.25,1071.1612,257859.0,257.859,6525.1002,23490.3609,6525.1002,1693.6414,6301.469,-0.0,-9.81,9.81,36.2506,0.0,0.0,0.0,0.0,0.0,0.0,8000.0,170307732526.75,170307.7325
170.5,Agni_Class,MIDCOURSE,1074309.53,1074.3095,258705.82,258.7058,6520.3635,23473.3085,6520.3635,1693.6414,6296.564,-0.0,-9.81,9.81,36.2242,0.0,0.0,0.0,0.0,0.0,0.0,8000.0,170060559118.26,170060.5591
171.0,Agni_Class,MIDCOURSE,1077455.36,1077.4554,259552.64,259.5526,6515.6269,23456.257,6515.6269,1693.6414,6291.659,-0.0,-9.81,9.81,36.1979,0.0,0.0,0.0,0.0,0.0,0.0,8000.0,169813578181.98,169813.5782
171.5,Agni_Class,MIDCOURSE,1080598.74,1080.5987,260399.46,260.3995,6510.8907,23439.2064,6510.8907,1693.6414,6286.754,-0.0,-9.81,9.81,36.1716,0.0,0.0,0.0,0.0,0.0,0.0,8000.0,169566789717.9,169566.7897
172.0,Agni_Class,MIDCOURSE,1083739.66,1083.7397,261246.28,261.2463,6506.1547,23422.1568,6506.1547,1693.6414,6281.849,-0.0,-9.81,9.81,36.1453,0.0,0.0,0.0,0.0,0.0,0.0,8000.0,169320193726.01,169320.1937
172.5,Agni_Class,MIDCOURSE,1086878.13,1086.8781,262093.1,262.0931,6501.4189,23405.108,6501.4189,1693.6414,6276.944,-0.0,-9.81,9.81,36.119,0.0,0.0,0.0,0.0,0.0,0.0,8000.0,169073790206.33,169073.7902
173.0,Agni_Class,MIDCOURSE,1090014.15,1090.0142,262939.92,262.9399,6496.6834,23388.0601,6496.6834,1693.6414,6272.039,-0.0,-9.81,9.81,36.0927,0.0,0.0,0.0,0.0,0.0,0.0,8000.0,168827579158.85,168827.5792
173.5,Agni_Class,MIDCOURSE,1093147.72,1093.1477,263786.74,263.7867,6491.9481,23371.0132,6491.9481,1693.6414,6267.134,-0.0,-9.81,9.81,36.0664,0.0,0.0,0.0,0.0,0.0,0.0,8000.0,168581560583.57,168581.5606
174.0,Agni_Class,MIDCOURSE,1096278.83,1096.2788,264633.56,264.6336,6487.2131,23353.9671,6487.2131,1693.6414,6262.229,-0.0,-9.81,9.81,36.0401,0.0,0.0,0.0,0.0,0.0,0.0,8000.0,168335734480.48,168335.7345
174.5,Agni_Class,MIDCOURSE,1099407.5,1099.4075,265480.39,265.4804,6482.4783,23336.922,6482.4783,1693.6414,6257.324,-0.0,-9.81,9.81,36.0138,0.0,0.0,0.0,0.0,0.0,0.0,8000.0,168090100849.6,168090.1008
175.0,Agni_Class,MIDCOURSE,1102533.71,1102.5337,266327.21,266.3272,6477.7438,23319.8777,6477.7438,1693.6414,6252.419,-0.0,-9.81,9.81,35.9875,0.0,0.0,0.0,0.0,0.0,0.0,8000.0,167844659690.92,167844.6597
175.5,Agni_Class,MIDCOURSE,1105657.46,1105.6575,267174.03,267.174,6473.0096,23302.8344,6473.0096,1693.6414,6247.514,-0.0,-9.81,9.81,35.9612,0.0,0.0,0.0,0.0,0.0,0.0,8000.0,167599411004.44,167599.411
176.0,Agni_Class,MIDCOURSE,1108778.77,1108.7788,268020.85,268.0208,6468.2756,23285.792,6468.2756,1693.6414,6242.609,-0.0,-9.81,9.81,35.9349,0.0,0.0,0.0,0.0,0.0,0.0,8000.0,167354354790.15,167354.3548
176.5,Agni_Class,MIDCOURSE,1111897.62,1111.8976,268867.67,268.8677,6463.5418,23268.7505,6463.5418,1693.6414,6237.704,-0.0,-9.81,9.81,35.9086,0.0,0.0,0.0,0.0,0.0,0.0,8000.0,167109491048.07,167109.491
177.0,Agni_Class,MIDCOURSE,1115014.02,1115.014,269714.49,269.7145,6458.8083,23251.71,6458.8083,1693.6414,6232.799,-0.0,-9.81,9.81,35.8823,0.0,0.0,0.0,0.0,0.0,0.0,8000.0,166864819778.19,166864.8198
177.5,Agni_Class,MIDCOURSE,1118127.97,1118.128,270561.31,270.5613,6454.0751,23234.6703,6454.0751,1693.6414,6227.894,-0.0,-9.81,9.81,35.856,0.0,0.0,0.0,0.0,0.0,0.0,8000.0,166620340980.51,166620.341
178.0,Agni_Class,MIDCOURSE,1121239.46,1121.2395,271408.13,271.4081,6449.3421,23217.6316,6449.3421,1693.6414,6222.989,-0.0,-9.81,9.81,35.8297,0.0,0.0,0.0,0.0,0.0,0.0,8000.0,166376054655.02,166376.0547
178.5,Agni_Class,MIDCOURSE,1124348.5,1124.3485,272254.95,272.255,6444.6094,23200.5938,6444.6094,1693.6414,6218.084,-0.0,-9.81,9.81,35.8034,0.0,0.0,0.0,0.0,0.0,0.0,8000.0,166131960801.74,166131.9608
179.0,Agni_Class,MIDCOURSE,1127455.09,1127.4551,273101.77,273.1018,6439.8769,23183.5569,6439.8769,1693.6414,6213.179,-0.0,-9.81,9.81,35.7771,0.0,0.0,0.0,0.0,0.0,0.0,8000.0,165888059420.66,165888.0594
179.5,Agni_Class,MIDCOURSE,1130559.23,1130.5592,273948.59,273.9486,6435.1447,23166.521,6435.1447,1693.6414,6208.274,-0.0,-9.81,9.81,35.7508,0.0,0.0,0.0,0.0,0.0,0.0,8000.0,165644350511.78,165644.3505
180.0,Agni_Class,MIDCOURSE,1133660.91,1133.6609,274795.41,274.7954,6430.4128,23149.486,6430.4128,1693.6414,6203.369,-0.0,-9.81,9.81,35.7245,0.0,0.0,0.0,0.0,0.0,0.0,8000.0,165400834075.09,165400.8341
180.5,Agni_Class,MIDCOURSE,1136760.14,1136.7601,275642.23,275.6422,6425.6811,23132.4519,6425.6811,1693.6414,6198.464,-0.0,-9.81,9.81,35.6982,0.0,0.0,0.0,0.0,0.0,0.0,8000.0,165157510110.61,165157.5101
181.0,Agni_Class,MIDCOURSE,1139856.92,1139.8569,276489.05,276.4891,6420.9497,23115.4188,6420.9497,1693.6414,6193.559,-0.0,-9.81,9.81,35.6719,0.0,0.0,0.0,0.0,0.0,0.0,8000.0,164914378618.33,164914.3786
181.5,Agni_Class,MIDCOURSE,1142951.25,1142.9513,277335.88,277.3359,6416.2185,23098.3866,6416.2185,1693.6414,6188.654,-0.0,-9.81,9.81,35.6457,0.0,0.0,0.0,0.0,0.0,0.0,8000.0,164671439598.25,164671.4396
182.0,Agni_Class,MIDCOURSE,1146043.13,1146.0431,278182.7,278.1827,6411.4876,23081.3554,6411.4876,1693.6414,6183.749,-0.0,-9.81,9.81,35.6194,0.0,0.0,0.0,0.0,0.0,0.0,8000.0,164428693050.36,164428.6931
182.5,Agni_Class,MIDCOURSE,1149132.55,1149.1325,279029.52,279.0295,6406.757,23064.3251,6406.757,1693.6414,6178.844,-0.0,-9.81,9.81,35.5931,0.0,0.0,0.0,0.0,0.0,0.0,8000.0,164186138974.68,164186.139
183.0,Agni_Class,MIDCOURSE,1152219.52,1152.2195,279876.34,279.8763,6402.0266,23047.2957,6402.0266,1693.6414,6173.939,-0.0,-9.81,9.81,35.5668,0.0,0.0,0.0,0.0,0.0,0.0,8000.0,163943777371.2,163943.7774
183.5,Agni_Class,MIDCOURSE,1155304.03,1155.304,280723.16,280.7232,6397.2965,23030.2673,6397.2965,1693.6414,6169.034,-0.0,-9.81,9.81,35.5405,0.0,0.0,0.0,0.0,0.0,0.0,8000.0,163701608239.91,163701.6082
184.0,Agni_Class,MIDCOURSE,1158386.1,1158.3861,281569.98,281.57,6392.5666,23013.2398,6392.5666,1693.6414,6164.129,-0.0,-9.81,9.81,35.5143,0.0,0.0,0.0,0.0,0.0,0.0,8000.0,163459631580.83,163459.6316
184.5,Agni_Class,MIDCOURSE,1161465.71,1161.4657,282416.8,282.4168,6387.837,22996.2133,6387.837,1693.6414,6159.224,-0.0,-9.81,9.81,35.488,0.0,0.0,0.0,0.0,0.0,0.0,8000.0,163217847393.95,163217.8474
185.0,Agni_Class,MIDCOURSE,1164542.87,1164.5429,283263.62,283.2636,6383.1077,22979.1877,6383.1077,1693.6414,6154.319,-0.0,-9.81,9.81,35.4617,0.0,0.0,0.0,0.0,0.0,0.0,8000.0,162976255679.27,162976.2557
185.5,Agni_Class,MIDCOURSE,1167617.58,1167.6176,284110.44,284.1104,6378.3786,22962.1631,6378.3786,1693.6414,6149.414,-0.0,-9.81,9.81,35.4354,0.0,0.0,0.0,0.0,0.0,0.0,8000.0,162734856436.78,162734.8564
186.0,Agni_Class,MIDCOURSE,1170689.83,1170.6898,284957.26,284.9573,6373.6499,22945.1395,6373.6499,1693.6414,6144.509,-0.0,-9.81,9.81,35.4092,0.0,0.0,0.0,0.0,0.0,0.0,8000.0,162493649666.5,162493.6497
186.5,Agni_Class,MIDCOURSE,1173759.63,1173.7596,285804.08,285.8041,6368.9213,22928.1168,6368.9213,1693.6414,6139.604,-0.0,-9.81,9.81,35.3829,0.0,0.0,0.0,0.0,0.0,0.0,8000.0,162252635368.42,162252.6354
187.0,Agni_Class,MIDCOURSE,1176826.98,1176.827,286650.9,286.6509,6364.1931,22911.095,6364.1931,1693.6414,6134.699,-0.0,-9.81,9.81,35.3566,0.0,0.0,0.0,0.0,0.0,0.0,8000.0,162011813542.54,162011.8135
187.5,Agni_Class,MIDCOURSE,1179891.88,1179.8919,287497.72,287.4977,6359.4651,22894.0743,6359.4651,1693.6414,6129.794,-0.0,-9.81,9.81,35.3304,0.0,0.0,0.0,0.0,0.0,0.0,8000.0,161771184188.85,161771.1842
188.0,Agni_Class,MIDCOURSE,1182954.32,1182.9543,288344.54,288.3445,6354.7374,22877.0545,6354.7374,1693.6414,6124.889,-0.0,-9.81,9.81,35.3041,0.0,0.0,0.0,0.0,0.0,0.0,8000.0,161530747307.37,161530.7473
188.5,Agni_Class,MIDCOURSE,1186014.32,1186.0143,289191.37,289.1914,6350.0099,22860.0356,6350.0099,1693.6414,6119.984,-0.0,-9.81,9.81,35.2778,0.0,0.0,0.0,0.0,0.0,0.0,8000.0,161290502898.09,161290.5029
189.0,Agni_Class,MIDCOURSE,1189071.86,1189.0719,290038.19,290.0382,6345.2827,22843.0178,6345.2827,1693.6414,6115.079,-0.0,-9.81,9.81,35.2516,0.0,0.0,0.0,0.0,0.0,0.0,8000.0,161050450961.01,161050.451
189.5,Agni_Class,MIDCOURSE,1192126.94,1192.1269,290885.01,290.885,6340.5558,22826.0009,6340.5558,1693.6414,6110.174,-0.0,-9.81,9.81,35.2253,0.0,0.0,0.0,0.0,0.0,0.0,8000.0,160810591496.12,160810.5915
190.0,Agni_Class,MIDCOURSE,1195179.58,1195.1796,291731.83,291.7318,6335.8292,22808.985,6335.8292,1693.6414,6105.269,-0.0,-9.81,9.81,35.1991,0.0,0.0,0.0,0.0,0.0,0.0,8000.0,160570924503.44,160570.9245
190.5,Agni_Class,MIDCOURSE,1198229.76,1198.2298,292578.65,292.5786,6331.1028,22791.97,6331.1028,1693.6414,6100.364,-0.0,-9.81,9.81,35.1728,0.0,0.0,0.0,0.0,0.0,0.0,8000.0,160331449982.96,160331.45
191.0,Agni_Class,MIDCOURSE,1201277.49,1201.2775,293425.47,293.4255,6326.3767,22774.9561,6326.3767,1693.6414,6095.459,-0.0,-9.81,9.81,35.1465,0.0,0.0,0.0,0.0,0.0,0.0,8000.0,160092167934.68,160092.1679
191.5,Agni_Class,MIDCOURSE,1204322.77,1204.3228,294272.29,294.2723,6321.6509,22757.9431,6321.6509,1693.6414,6090.554,-0.0,-9.81,9.81,35.1203,0.0,0.0,0.0,0.0,0.0,0.0,8000.0,159853078358.59,159853.0784
192.0,Agni_Class,MIDCOURSE,1207365.59,1207.3656,295119.11,295.1191,6316.9253,22740.9311,6316.9253,1693.6414,6085.649,-0.0,-9.81,9.81,35.094,0.0,0.0,0.0,0.0,0.0,0.0,8000.0,159614181254.71,159614.1813
192.5,Agni_Class,MIDCOURSE,1210405.96,1210.406,295965.93,295.9659,6312.2,22723.9201,6312.2,1693.6414,6080.744,-0.0,-9.81,9.81,35.0678,0.0,0.0,0.0,0.0,0.0,0.0,8000.0,159375476623.03,159375.4766
193.0,Agni_Class,MIDCOURSE,1213443.88,1213.4439,296812.75,296.8128,6307.475,22706.9101,6307.475,1693.6414,6075.839,-0.0,-9.81,9.81,35.0415,0.0,0.0,0.0,0.0,0.0,0.0,8000.0,159136964463.55,159136.9645
193.5,Agni_Class,MIDCOURSE,1216479.35,1216.4793,297659.57,297.6596,6302.7503,22689.901,6302.7503,1693.6414,6070.934,-0.0,-9.81,9.81,35.0153,0.0,0.0,0.0,0.0,0.0,0.0,8000.0,158898644776.26,158898.6448
194.0,Agni_Class,MIDCOURSE,1219512.36,1219.5124,298506.39,298.5064,6298.0258,22672.893,6298.0258,1693.6414,6066.029,-0.0,-9.81,9.81,34.989,0.0,0.0,0.0,0.0,0.0,0.0,8000.0,158660517561.18,158660.5176
194.5,Agni_Class,MIDCOURSE,1222542.93,1222.5429,299353.21,299.3532,6293.3017,22655.886,6293.3017,1693.6414,6061.124,-0.0,-9.81,9.81,34.9628,0.0,0.0,0.0,0.0,0.0,0.0,8000.0,158422582818.3,158422.5828
195.0,Agni_Class,MIDCOURSE,1225571.04,1225.571,300200.03,300.2,6288.5778,22638.8799,6288.5778,1693.6414,6056.219,-0.0,-9.81,9.81,34.9365,0.0,0.0,0.0,0.0,0.0,0.0,8000.0,158184840547.61,158184.8405
195.5,Agni_Class,MIDCOURSE,1228596.69,1228.5967,301046.86,301.0469,6283.8541,22621.8749,6283.8541,1693.6414,6051.314,-0.0,-9.81,9.81,34.9103,0.0,0.0,0.0,0.0,0.0,0.0,8000.0,157947290749.13,157947.2907
196.0,Agni_Class,MIDCOURSE,1231619.9,1231.6199,301893.68,301.8937,6279.1308,22604.8708,6279.1308,1693.6414,6046.409,-0.0,-9.81,9.81,34.8841,0.0,0.0,0.0,0.0,0.0,0.0,8000.0,157709933422.85,157709.9334
196.5,Agni_Class,MIDCOURSE,1234640.65,1234.6406,302740.5,302.7405,6274.4077,22587.8678,6274.4077,1693.6414,6041.504,-0.0,-9.81,9.81,34.8578,0.0,0.0,0.0,0.0,0.0,0.0,8000.0,157472768568.77,157472.7686
197.0,Agni_Class,MIDCOURSE,1237658.95,1237.6589,303587.32,303.5873,6269.6849,22570.8657,6269.6849,1693.6414,6036.599,-0.0,-9.81,9.81,34.8316,0.0,0.0,0.0,0.0,0.0,0.0,8000.0,157235796186.88,157235.7962
197.5,Agni_Class,MIDCOURSE,1240674.8,1240.6748,304434.14,304.4341,6264.9624,22553.8647,6264.9624,1693.6414,6031.694,-0.0,-9.81,9.81,34.8053,0.0,0.0,0.0,0.0,0.0,0.0,8000.0,156999016277.2,156999.0163
198.0,Agni_Class,MIDCOURSE,1243688.19,1243.6882,305280.96,305.281,6260.2402,22536.8647,6260.2402,1693.6414,6026.789,-0.0,-9.81,9.81,34.7791,0.0,0.0,0.0,0.0,0.0,0.0,8000.0,156762428839.72,156762.4288
198.5,Agni_Class,MIDCOURSE,1246699.13,1246.6991,306127.78,306.1278,6255.5182,22519.8657,6255.5182,1693.6414,6021.884,-0.0,-9.81,9.81,34.7529,0.0,0.0,0.0,0.0,0.0,0.0,8000.0,156526033874.44,156526.0339
199.0,Agni_Class,MIDCOURSE,1249707.62,1249.7076,306974.6,306.9746,6250.7966,22502.8677,6250.7966,1693.6414,6016.979,-0.0,-9.81,9.81,34.7266,0.0,0.0,0.0,0.0,0.0,0.0,8000.0,156289831381.35,156289.8314
199.5,Agni_Class,MIDCOURSE,1252713.66,1252.7137,307821.42,307.8214,6246.0752,22485.8707,6246.0752,1693.6414,6012.074,-0.0,-9.81,9.81,34.7004,0.0,0.0,0.0,0.0,0.0,0.0,8000.0,156053821360.47,156053.8214
200.0,Agni_Class,MIDCOURSE,1255717.24,1255.7172,308668.24,308.6682,6241.3541,22468.8747,6241.3541,1693.6414,6007.169,-0.0,-9.81,9.81,34.6742,0.0,0.0,0.0,0.0,0.0,0.0,8000.0,155818003811.79,155818.0038
200.5,Agni_Class,MIDCOURSE,1258718.38,1258.7184,309515.06,309.5151,6236.6333,22451.8798,6236.6333,1693.6414,6002.264,-0.0,-9.81,9.81,34.648,0.0,0.0,0.0,0.0,0.0,0.0,8000.0,155582378735.31,155582.3787
201.0,Agni_Class,MIDCOURSE,1261717.05,1261.7171,310361.88,310.3619,6231.9128,22434.8859,6231.9128,1693.6414,5997.359,-0.0,-9.81,9.81,34.6217,0.0,0.0,0.0,0.0,0.0,0.0,8000.0,155346946131.02,155346.9461
201.5,Agni_Class,MIDCOURSE,1264713.28,1264.7133,311208.7,311.2087,6227.1925,22417.893,6227.1925,1693.6414,5992.454,-0.0,-9.81,9.81,34.5955,0.0,0.0,0.0,0.0,0.0,0.0,8000.0,155111705998.94,155111.706
202.0,Agni_Class,MIDCOURSE,1267707.06,1267.7071,312055.52,312.0555,6222.4725,22400.9012,6222.4725,1693.6414,5987.549,-0.0,-9.81,9.81,34.5693,0.0,0.0,0.0,0.0,0.0,0.0,8000.0,154876658339.06,154876.6583
202.5,Agni_Class,MIDCOURSE,1270698.38,1270.6984,312902.35,312.9023,6217.7529,22383.9103,6217.7529,1693.6414,5982.644,-0.0,-9.81,9.81,34.5431,0.0,0.0,0.0,0.0,0.0,0.0,8000.0,154641803151.38,154641.8032
203.0,Agni_Class,MIDCOURSE,1273687.25,1273.6872,313749.17,313.7492,6213.0335,22366.9206,6213.0335,1693.6414,5977.739,-0.0,-9.81,9.81,34.5169,0.0,0.0,0.0,0.0,0.0,0.0,8000.0,154407140435.89,154407.1404
203.5,Agni_Class,MIDCOURSE,1276673.66,1276.6737,314595.99,314.596,6208.3144,22349.9318,6208.3144,1693.6414,5972.834,-0.0,-9.81,9.81,34.4906,0.0,0.0,0.0,0.0,0.0,0.0,8000.0,154172670192.61,154172.6702
204.0,Agni_Class,MIDCOURSE,1279657.63,1279.6576,315442.81,315.4428,6203.5956,22332.9441,6203.5956,1693.6414,5967.929,-0.0,-9.81,9.81,34.4644,0.0,0.0,0.0,0.0,0.0,0.0,8000.0,153938392421.53,153938.3924
204.5,Agni_Class,MIDCOURSE,1282639.14,1282.6391,316289.63,316.2896,6198.8771,22315.9574,6198.8771,1693.6414,5963.024,-0.0,-9.81,9.81,34.4382,0.0,0.0,0.0,0.0,0.0,0.0,8000.0,153704307122.64,153704.3071
205.0,Agni_Class,MIDCOURSE,1285618.2,1285.6182,317136.45,317.1364,6194.1588,22298.9718,6194.1588,1693.6414,5958.119,-0.0,-9.81,9.81,34.412,0.0,0.0,0.0,0.0,0.0,0.0,8000.0,153470414295.96,153470.4143
205.5,Agni_Class,MIDCOURSE,1288594.81,1288.5948,317983.27,317.9833,6189.4409,22281.9872,6189.4409,1693.6414,5953.214,-0.0,-9.81,9.81,34.3858,0.0,0.0,0.0,0.0,0.0,0.0,8000.0,153236713941.48,153236.7139
206.0,Agni_Class,MIDCOURSE,1291568.96,1291.569,318830.09,318.8301,6184.7232,22265.0037,6184.7232,1693.6414,5948.309,-0.0,-9.81,9.81,34.3596,0.0,0.0,0.0,0.0,0.0,0.0,8000.0,153003206059.2,153003.2061
206.5,Agni_Class,MIDCOURSE,1294540.66,1294.5407,319676.91,319.6769,6180.0059,22248.0212,6180.0059,1693.6414,5943.404,-0.0,-9.81,9.81,34.3334,0.0,0.0,0.0,0.0,0.0,0.0,8000.0,152769890649.11,152769.8906
207.0,Agni_Class,MIDCOURSE,1297509.91,1297.5099,320523.73,320.5237,6175.2888,22231.0397,6175.2888,1693.6414,5938.499,-0.0,-9.81,9.81,34.3072,0.0,0.0,0.0,0.0,0.0,0.0,8000.0,152536767711.23,152536.7677
207.5,Agni_Class,MIDCOURSE,1300476.71,1300.4767,321370.55,321.3706,6170.572,22214.0593,6170.572,1693.6414,5933.594,-0.0,-9.81,9.81,34.281,0.0,0.0,0.0,0.0,0.0,0.0,8000.0,152303837245.55,152303.8372
208.0,Agni_Class,MIDCOURSE,1303441.06,1303.4411,322217.37,322.2174,6165.8556,22197.08,6165.8556,1693.6414,5928.689,-0.0,-9.81,9.81,34.2548,0.0,0.0,0.0,0.0,0.0,0.0,8000.0,152071099252.07,152071.0993
208.5,Agni_Class,MIDCOURSE,1306402.95,1306.4029,323064.19,323.0642,6161.1394,22180.1018,6161.1394,1693.6414,5923.784,-0.0,-9.81,9.81,34.2286,0.0,0.0,0.0,0.0,0.0,0.0,8000.0,151838553730.78,151838.5537
209.0,Agni_Class,MIDCOURSE,1309362.39,1309.3624,323911.01,323.911,6156.4235,22163.1246,6156.4235,1693.6414,5918.879,-0.0,-9.81,9.81,34.2024,0.0,0.0,0.0,0.0,0.0,0.0,8000.0,151606200681.7,151606.2007
209.5,Agni_Class,MIDCOURSE,1312319.37,1312.3194,324757.84,324.7578,6151.7079,22146.1484,6151.7079,1693.6414,5913.974,-0.0,-9.81,9.81,34.1762,0.0,0.0,0.0,0.0,0.0,0.0,8000.0,151374040104.82,151374.0401
210.0,Agni_Class,MIDCOURSE,1315273.91,1315.2739,325604.66,325.6047,6146.9926,22129.1734,6146.9926,1693.6414,5909.069,-0.0,-9.81,9.81,34.15,0.0,0.0,0.0,0.0,0.0,0.0,8000.0,151142072000.14,151142.072
210.5,Agni_Class,MIDCOURSE,1318225.99,1318.226,326451.48,326.4515,6142.2776,22112.1994,6142.2776,1693.6414,5904.164,-0.0,-9.81,9.81,34.1238,0.0,0.0,0.0,0.0,0.0,0.0,8000.0,150910296367.65,150910.2964
211.0,Agni_Class,MIDCOURSE,1321175.62,1321.1756,327298.3,327.2983,6137.5629,22095.2264,6137.5629,1693.6414,5899.259,-0.0,-9.81,9.81,34.0976,0.0,0.0,0.0,0.0,0.0,0.0,8000.0,150678713207.37,150678.7132
211.5,Agni_Class,MIDCOURSE,1324122.8,1324.1228,328145.12,328.1451,6132.8485,22078.2546,6132.8485,1693.6414,5894.354,-0.0,-9.81,9.81,34.0714,0.0,0.0,0.0,0.0,0.0,0.0,8000.0,150447322519.29,150447.3225
212.0,Agni_Class,MIDCOURSE,1327067.52,1327.0675,328991.94,328.9919,6128.1344,22061.2838,6128.1344,1693.6414,5889.449,-0.0,-9.81,9.81,34.0452,0.0,0.0,0.0,0.0,0.0,0.0,8000.0,150216124303.41,150216.1243
212.5,Agni_Class,MIDCOURSE,1330009.79,1330.0098,329838.76,329.8388,6123.4206,22044.3141,6123.4206,1693.6414,5884.544,-0.0,-9.81,9.81,34.019,0.0,0.0,0.0,0.0,0.0,0.0,8000.0,149985118559.72,149985.1186
213.0,Agni_Class,MIDCOURSE,1332949.61,1332.9496,330685.58,330.6856,6118.7071,22027.3455,6118.7071,1693.6414,5879.639,-0.0,-9.81,9.81,33.9928,0.0,0.0,0.0,0.0,0.0,0.0,8000.0,149754305288.24,149754.3053
213.5,Agni_Class,MIDCOURSE,1335886.98,1335.887,331532.4,331.5324,6113.9939,22010.378,6113.9939,1693.6414,5874.734,-0.0,-9.81,9.81,33.9666,0.0,0.0,0.0,0.0,0.0,0.0,8000.0,149523684488.96,149523.6845
214.0,Agni_Class,MIDCOURSE,1338821.89,1338.8219,332379.22,332.3792,6109.281,21993.4115,6109.281,1693.6414,5869.829,-0.0,-9.81,9.81,33.9404,0.0,0.0,0.0,0.0,0.0,0.0,8000.0,149293256161.88,149293.2562
214.5,Agni_Class,MIDCOURSE,1341754.36,1341.7544,333226.04,333.226,6104.5684,21976.4462,6104.5684,1693.6414,5864.924,-0.0,-9.81,9.81,33.9143,0.0,0.0,0.0,0.0,0.0,0.0,8000.0,149063020306.99,149063.0203
215.0,Agni_Class,MIDCOURSE,1344684.37,1344.6844,334072.86,334.0729,6099.8561,21959.4819,6099.8561,1693.6414,5860.019,-0.0,-9.81,9.81,33.8881,0.0,0.0,0.0,0.0,0.0,0.0,8000.0,148832976924.31,148832.9769
215.5,Agni_Class,MIDCOURSE,1347611.92,1347.6119,334919.68,334.9197,6095.1441,21942.5187,6095.1441,1693.6414,5855.114,-0.0,-9.81,9.81,33.8619,0.0,0.0,0.0,0.0,0.0,0.0,8000.0,148603126013.83,148603.126
216.0,Agni_Class,MIDCOURSE,1350537.03,1350.537,335766.5,335.7665,6090.4324,21925.5567,6090.4324,1693.6414,5850.209,-0.0,-9.81,9.81,33.8357,0.0,0.0,0.0,0.0,0.0,0.0,8000.0,148373467575.54,148373.4676
216.5,Agni_Class,MIDCOURSE,1353459.68,1353.4597,336613.33,336.6133,6085.721,21908.5957,6085.721,1693.6414,5845.304,-0.0,-9.81,9.81,33.8096,0.0,0.0,0.0,0.0,0.0,0.0,8000.0,148144001609.46,148144.0016
217.0,Agni_Class,MIDCOURSE,1356379.88,1356.3799,337460.15,337.4601,6081.01,21891.6358,6081.01,1693.6414,5840.399,-0.0,-9.81,9.81,33.7834,0.0,0.0,0.0,0.0,0.0,0.0,8000.0,147914728115.58,147914.7281
217.5,Agni_Class,MIDCOURSE,1359297.63,1359.2976,338306.97,338.307,6076.2992,21874.6771,6076.2992,1693.6414,5835.494,-0.0,-9.81,9.81,33.7572,0.0,0.0,0.0,0.0,0.0,0.0,8000.0,147685647093.9,147685.6471
218.0,Agni_Class,MIDCOURSE,1362212.92,1362.2129,339153.79,339.1538,6071.5887,21857.7194,6071.5887,1693.6414,5830.589,-0.0,-9.81,9.81,33.731,0.0,0.0,0.0,0.0,0.0,0.0,8000.0,147456758544.41,147456.7585
218.5,Agni_Class,MIDCOURSE,1365125.76,1365.1258,340000.61,340.0006,6066.8786,21840.7629,6066.8786,1693.6414,5825.684,-0.0,-9.81,9.81,33.7049,0.0,0.0,0.0,0.0,0.0,0.0,8000.0,147228062467.13,147228.0625
219.0,Agni_Class,MIDCOURSE,1368036.15,1368.0362,340847.43,340.8474,6062.1687,21823.8074,6062.1687,1693.6414,5820.779,-0.0,-9.81,9.81,33.6787,0.0,0.0,0.0,0.0,0.0,0.0,8000.0,146999558862.05,146999.5589
219.5,Agni_Class,MIDCOURSE,1370944.09,1370.9441,341694.25,341.6942,6057.4592,21806.8531,6057.4592,1693.6414,5815.874,-0.0,-9.81,9.81,33.6526,0.0,0.0,0.0,0.0,0.0,0.0,8000.0,146771247729.17,146771.2477
220.0,Agni_Class,MIDCOURSE,1373849.57,1373.8496,342541.07,342.5411,6052.75,21789.8999,6052.75,1693.6414,5810.969,-0.0,-9.81,9.81,33.6264,0.0,0.0,0.0,0.0,0.0,0.0,8000.0,146543129068.48,146543.1291
220.5,Agni_Class,MIDCOURSE,1376752.61,1376.7526,343387.89,343.3879,6048.0411,21772.9478,6048.0411,1693.6414,5806.064,-0.0,-9.81,9.81,33.6002,0.0,0.0,0.0,0.0,0.0,0.0,8000.0,146315202880.0,146315.2029
221.0,Agni_Class,MIDCOURSE,1379653.19,1379.6532,344234.71,344.2347,6043.3325,21755.9969,6043.3325,1693.6414,5801.159,-0.0,-9.81,9.81,33.5741,0.0,0.0,0.0,0.0,0.0,0.0,8000.0,146087469163.72,146087.4692
221.5,Agni_Class,MIDCOURSE,1382551.31,1382.5513,345081.53,345.0815,6038.6242,21739.047,6038.6242,1693.6414,5796.254,-0.0,-9.81,9.81,33.5479,0.0,0.0,0.0,0.0,0.0,0.0,8000.0,145859927919.64,145859.9279
222.0,Agni_Class,MIDCOURSE,1385446.99,1385.447,345928.35,345.9284,6033.9162,21722.0983,6033.9162,1693.6414,5791.349,-0.0,-9.81,9.81,33.5218,0.0,0.0,0.0,0.0,0.0,0.0,8000.0,145632579147.75,145632.5791
222.5,Agni_Class,MIDCOURSE,1388340.21,1388.3402,346775.17,346.7752,6029.2085,21705.1508,6029.2085,1693.6414,5786.444,-0.0,-9.81,9.81,33.4956,0.0,0.0,0.0,0.0,0.0,0.0,8000.0,145405422848.07,145405.4228
223.0,Agni_Class,MIDCOURSE,1391230.98,1391.231,347621.99,347.622,6024.5012,21688.2043,6024.5012,1693.6414,5781.539,-0.0,-9.81,9.81,33.4695,0.0,0.0,0.0,0.0,0.0,0.0,8000.0,145178459020.59,145178.459
223.5,Agni_Class,MIDCOURSE,1394119.3,1394.1193,348468.82,348.4688,6019.7942,21671.259,6019.7942,1693.6414,5776.634,-0.0,-9.81,9.81,33.4433,0.0,0.0,0.0,0.0,0.0,0.0,8000.0,144951687665.31,144951.6877
224.0,Agni_Class,MIDCOURSE,1397005.16,1397.0052,349315.64,349.3156,6015.0875,21654.3149,6015.0875,1693.6414,5771.729,-0.0,-9.81,9.81,33.4172,0.0,0.0,0.0,0.0,0.0,0.0,8000.0,144725108782.22,144725.1088
224.5,Agni_Class,MIDCOURSE,1399888.57,1399.8886,350162.46,350.1625,6010.3811,21637.3718,6010.3811,1693.6414,5766.824,-0.0,-9.81,9.81,33.391,0.0,0.0,0.0,0.0,0.0,0.0,8000.0,144498722371.34,144498.7224
225.0,Agni_Class,MIDCOURSE,1402769.53,1402.7695,351009.28,351.0093,6005.675,21620.43,6005.675,1693.6414,5761.919,-0.0,-9.81,9.81,33.3649,0.0,0.0,0.0,0.0,0.0,0.0,8000.0,144272528432.66,144272.5284
225.5,Agni_Class,MIDCOURSE,1405648.04,1405.648,351856.1,351.8561,6000.9692,21603.4892,6000.9692,1693.6414,5757.014,-0.0,-9.81,9.81,33.3387,0.0,0.0,0.0,0.0,0.0,0.0,8000.0,144046526966.18,144046.527
226.0,Agni_Class,MIDCOURSE,1408524.09,1408.5241,352702.92,352.7029,5996.2638,21586.5497,5996.2638,1693.6414,5752.109,-0.0,-9.81,9.81,33.3126,0.0,0.0,0.0,0.0,0.0,0.0,8000.0,143820717971.89,143820.718
226.5,Agni_Class,MIDCOURSE,1411397.69,1411.3977,353549.74,353.5497,5991.5587,21569.6112,5991.5587,1693.6414,5747.204,-0.0,-9.81,9.81,33.2864,0.0,0.0,0.0,0.0,0.0,0.0,8000.0,143595101449.81,143595.1014
227.0,Agni_Class,MIDCOURSE,1414268.84,1414.2688,354396.56,354.3966,5986.8539,21552.674,5986.8539,1693.6414,5742.299,-0.0,-9.81,9.81,33.2603,0.0,0.0,0.0,0.0,0.0,0.0,8000.0,143369677399.93,143369.6774
227.5,Agni_Class,MIDCOURSE,1417137.54,1417.1375,355243.38,355.2434,5982.1494,21535.7378,5982.1494,1693.6414,5737.394,-0.0,-9.81,9.81,33.2342,0.0,0.0,0.0,0.0,0.0,0.0,8000.0,143144445822.24,143144.4458
228.0,Agni_Class,MIDCOURSE,1420003.79,1420.0038,356090.2,356.0902,5977.4452,21518.8029,5977.4452,1693.6414,5732.489,-0.0,-9.81,9.81,33.208,0.0,0.0,0.0,0.0,0.0,0.0,8000.0,142919406716.76,142919.4067
228.5,Agni_Class,MIDCOURSE,1422867.58,1422.8676,356937.02,356.937,5972.7414,21501.8691,5972.7414,1693.6414,5727.584,-0.0,-9.81,9.81,33.1819,0.0,0.0,0.0,0.0,0.0,0.0,8000.0,142694560083.48,142694.5601
229.0,Agni_Class,MIDCOURSE,1425728.92,1425.7289,357783.84,357.7838,5968.0379,21484.9365,5968.0379,1693.6414,5722.679,-0.0,-9.81,9.81,33.1558,0.0,0.0,0.0,0.0,0.0,0.0,8000.0,142469905922.4,142469.9059
229.5,Agni_Class,MIDCOURSE,1428587.8,1428.5878,358630.66,358.6307,5963.3347,21468.005,5963.3347,1693.6414,5717.774,-0.0,-9.81,9.81,33.1296,0.0,0.0,0.0,0.0,0.0,0.0,8000.0,142245444233.51,142245.4442
230.0,Agni_Class,MIDCOURSE,1431444.24,1431.4442,359477.48,359.4775,5958.6319,21451.0747,5958.6319,1693.6414,5712.869,-0.0,-9.81,9.81,33.1035,0.0,0.0,0.0,0.0,0.0,0.0,8000.0,142021175016.83,142021.175
230.5,Agni_Class,MIDCOURSE,1434298.22,1434.2982,360324.3,360.3243,5953.9293,21434.1456,5953.9293,1693.6414,5707.964,-0.0,-9.81,9.81,33.0774,0.0,0.0,0.0,0.0,0.0,0.0,8000.0,141797098272.35,141797.0983
231.0,Agni_Class,MIDCOURSE,1437149.75,1437.1498,361171.13,361.1711,5949.2271,21417.2177,5949.2271,1693.6414,5703.059,-0.0,-9.81,9.81,33.0513,0.0,0.0,0.0,0.0,0.0,0.0,8000.0,141573214000.07,141573.214
231.5,Agni_Class,MIDCOURSE,1439998.83,1439.9988,362017.95,362.0179,5944.5253,21400.2909,5944.5253,1693.6414,5698.154,-0.0,-9.81,9.81,33.0251,0.0,0.0,0.0,0.0,0.0,0.0,8000.0,141349522199.98,141349.5222
232.0,Agni_Class,MIDCOURSE,1442845.45,1442.8455,362864.77,362.8648,5939.8237,21383.3654,5939.8237,1693.6414,5693.249,-0.0,-9.81,9.81,32.999,0.0,0.0,0.0,0.0,0.0,0.0,8000.0,141126022872.1,141126.0229
232.5,Agni_Class,MIDCOURSE,1445689.62,1445.6896,363711.59,363.7116,5935.1225,21366.441,5935.1225,1693.6414,5688.344,-0.0,-9.81,9.81,32.9729,0.0,0.0,0.0,0.0,0.0,0.0,8000.0,140902716016.42,140902.716
233.0,Agni_Class,MIDCOURSE,1448531.34,1448.5313,364558.41,364.5584,5930.4216,21349.5178,5930.4216,1693.6414,5683.439,-0.0,-9.81,9.81,32.9468,0.0,0.0,0.0,0.0,0.0,0.0,8000.0,140679601632.94,140679.6016
233.5,Agni_Class,MIDCOURSE,1451370.61,1451.3706,365405.23,365.4052,5925.721,21332.5958,5925.721,1693.6414,5678.534,-0.0,-9.81,9.81,32.9207,0.0,0.0,0.0,0.0,0.0,0.0,8000.0,140456679721.65,140456.6797
234.0,Agni_Class,MIDCOURSE,1454207.43,1454.2074,366252.05,366.252,5921.0208,21315.675,5921.0208,1693.6414,5673.629,-0.0,-9.81,9.81,32.8946,0.0,0.0,0.0,0.0,0.0,0.0,8000.0,140233950282.57,140233.9503
234.5,Agni_Class,MIDCOURSE,1457041.79,1457.0418,367098.87,367.0989,5916.3209,21298.7553,5916.3209,1693.6414,5668.724,-0.0,-9.81,9.81,32.8684,0.0,0.0,0.0,0.0,0.0,0.0,8000.0,140011413315.69,140011.4133
235.0,Agni_Class,MIDCOURSE,1459873.7,1459.8737,367945.69,367.9457,5911.6214,21281.8369,5911.6214,1693.6414,5663.819,-0.0,-9.81,9.81,32.8423,0.0,0.0,0.0,0.0,0.0,0.0,8000.0,139789068821.01,139789.0688
235.5,Agni_Class,MIDCOURSE,1462703.15,1462.7032,368792.51,368.7925,5906.9221,21264.9197,5906.9221,1693.6414,5658.914,-0.0,-9.81,9.81,32.8162,0.0,0.0,0.0,0.0,0.0,0.0,8000.0,139566916798.52,139566.9168
236.0,Agni_Class,MIDCOURSE,1465530.16,1465.5302,369639.33,369.6393,5902.2233,21248.0037,5902.2233,1693.6414,5654.009,-0.0,-9.81,9.81,32.7901,0.0,0.0,0.0,0.0,0.0,0.0,8000.0,139344957248.24,139344.9572
236.5,Agni_Class,MIDCOURSE,1468354.71,1468.3547,370486.15,370.4862,5897.5247,21231.0889,5897.5247,1693.6414,5649.104,-0.0,-9.81,9.81,32.764,0.0,0.0,0.0,0.0,0.0,0.0,8000.0,139123190170.16,139123.1902
237.0,Agni_Class,MIDCOURSE,1471176.81,1471.1768,371332.97,371.333,5892.8265,21214.1753,5892.8265,1693.6414,5644.199,-0.0,-9.81,9.81,32.7379,0.0,0.0,0.0,0.0,0.0,0.0,8000.0,138901615564.28,138901.6156
237.5,Agni_Class,MIDCOURSE,1473996.46,1473.9965,372179.79,372.1798,5888.1286,21197.2629,5888.1286,1693.6414,5639.294,-0.0,-9.81,9.81,32.7118,0.0,0.0,0.0,0.0,0.0,0.0,8000.0,138680233430.59,138680.2334
238.0,Agni_Class,MIDCOURSE,1476813.65,1476.8137,373026.62,373.0266,5883.4311,21180.3518,5883.4311,1693.6414,5634.389,-0.0,-9.81,9.81,32.6857,0.0,0.0,0.0,0.0,0.0,0.0,8000.0,138459043769.11,138459.0438
238.5,Agni_Class,MIDCOURSE,1479628.39,1479.6284,373873.44,373.8734,5878.7338,21163.4418,5878.7338,1693.6414,5629.484,-0.0,-9.81,9.81,32.6596,0.0,0.0,0.0,0.0,0.0,0.0,8000.0,138238046579.83,138238.0466
239.0,Agni_Class,MIDCOURSE,1482440.68,1482.4407,374720.26,374.7203,5874.037,21146.5331,5874.037,1693.6414,5624.579,-0.0,-9.81,9.81,32.6335,0.0,0.0,0.0,0.0,0.0,0.0,8000.0,138017241862.74,138017.2419
239.5,Agni_Class,MIDCOURSE,1485250.52,1485.2505,375567.08,375.5671,5869.3405,21129.6256,5869.3405,1693.6414,5619.674,-0.0,-9.81,9.81,32.6074,0.0,0.0,0.0,0.0,0.0,0.0,8000.0,137796629617.86,137796.6296
240.0,Agni_Class,MIDCOURSE,1488057.9,1488.0579,376413.9,376.4139,5864.6443,21112.7194,5864.6443,1693.6414,5614.769,-0.0,-9.81,9.81,32.5814,0.0,0.0,0.0,0.0,0.0,0.0,8000.0,137576209845.18,137576.2098
240.5,Agni_Class,MIDCOURSE,1490862.84,1490.8628,377260.72,377.2607,5859.9484,21095.8144,5859.9484,1693.6414,5609.864,-0.0,-9.81,9.81,32.5553,0.0,0.0,0.0,0.0,0.0,0.0,8000.0,137355982544.7,137355.9825
241.0,Agni_Class,MIDCOURSE,1493665.32,1493.6653,378107.54,378.1075,5855.2529,21078.9106,5855.2529,1693.6414,5604.959,-0.0,-9.81,9.81,32.5292,0.0,0.0,0.0,0.0,0.0,0.0,8000.0,137135947716.41,137135.9477
241.5,Agni_Class,MIDCOURSE,1496465.34,1496.4653,378954.36,378.9544,5850.5578,21062.008,5850.5578,1693.6414,5600.054,-0.0,-9.81,9.81,32.5031,0.0,0.0,0.0,0.0,0.0,0.0,8000.0,136916105360.33,136916.1054
242.0,Agni_Class,MIDCOURSE,1499262.92,1499.2629,379801.18,379.8012,5845.863,21045.1067,5845.863,1693.6414,5595.149,-0.0,-9.81,9.81,32.477,0.0,0.0,0.0,0.0,0.0,0.0,8000.0,136696455476.45,136696.4555
242.5,Agni_Class,MIDCOURSE,1502058.04,1502.058,380648.0,380.648,5841.1685,21028.2066,5841.1685,1693.6414,5590.244,-0.0,-9.81,9.81,32.4509,0.0,0.0,0.0,0.0,0.0,0.0,8000.0,136476998064.77,136476.9981
243.0,Agni_Class,MIDCOURSE,1504850.71,1504.8507,381494.82,381.4948,5836.4744,21011.3078,5836.4744,1693.6414,5585.339,-0.0,-9.81,9.81,32.4249,0.0,0.0,0.0,0.0,0.0,0.0,8000.0,136257733125.28,136257.7331
243.5,Agni_Class,MIDCOURSE,1507640.93,1507.6409,382341.64,382.3416,5831.7806,20994.4102,5831.7806,1693.6414,5580.434,-0.0,-9.81,9.81,32.3988,0.0,0.0,0.0,0.0,0.0,0.0,8000.0,136038660658.0,136038.6607
244.0,Agni_Class,MIDCOURSE,1510428.69,1510.4287,383188.46,383.1885,5827.0872,20977.5139,5827.0872,1693.6414,5575.529,-0.0,-9.81,9.81,32.3727,0.0,0.0,0.0,0.0,0.0,0.0,8000.0,135819780662.92,135819.7807
244.5,Agni_Class,MIDCOURSE,1513214.0,1513.214,384035.28,384.0353,5822.3941,20960.6188,5822.3941,1693.6414,5570.624,-0.0,-9.81,9.81,32.3466,0.0,0.0,0.0,0.0,0.0,0.0,8000.0,135601093140.04,135601.0931
245.0,Agni_Class,MIDCOURSE,1515996.86,1515.9969,384882.11,384.8821,5817.7014,20943.725,5817.7014,1693.6414,5565.719,-0.0,-9.81,9.81,32.3206,0.0,0.0,0.0,0.0,0.0,0.0,8000.0,135382598089.35,135382.5981
245.5,Agni_Class,MIDCOURSE,1518777.27,1518.7773,385728.93,385.7289,5813.009,20926.8325,5813.009,1693.6414,5560.814,-0.0,-9.81,9.81,32.2945,0.0,0.0,0.0,0.0,0.0,0.0,8000.0,135164295510.87,135164.2955
246.0,Agni_Class,MIDCOURSE,1521555.22,1521.5552,386575.75,386.5757,5808.317,20909.9412,5808.317,1693.6414,5555.909,-0.0,-9.81,9.81,32.2684,0.0,0.0,0.0,0.0,0.0,0.0,8000.0,134946185404.59,134946.1854
246.5,Agni_Class,MIDCOURSE,1524330.73,1524.3307,387422.57,387.4226,5803.6253,20893.0512,5803.6253,1693.6414,5551.004,-0.0,-9.81,9.81,32.2424,0.0,0.0,0.0,0.0,0.0,0.0,8000.0,134728267770.51,134728.2678
247.0,Agni_Class,MIDCOURSE,1527103.77,1527.1038,388269.39,388.2694,5798.934,20876.1624,5798.934,1693.6414,5546.099,-0.0,-9.81,9.81,32.2163,0.0,0.0,0.0,0.0,0.0,0.0,8000.0,134510542608.62,134510.5426
247.5,Agni_Class,MIDCOURSE,1529874.37,1529.8744,389116.21,389.1162,5794.243,20859.275,5794.243,1693.6414,5541.194,-0.0,-9.81,9.81,32.1902,0.0,0.0,0.0,0.0,0.0,0.0,8000.0,134293009918.94,134293.0099
248.0,Agni_Class,MIDCOURSE,1532642.52,1532.6425,389963.03,389.963,5789.5524,20842.3888,5789.5524,1693.6414,5536.289,-0.0,-9.81,9.81,32.1642,0.0,0.0,0.0,0.0,0.0,0.0,8000.0,134075669701.46,134075.6697
248.5,Agni_Class,MIDCOURSE,1535408.21,1535.4082,390809.85,390.8099,5784.8622,20825.5039,5784.8622,1693.6414,5531.384,-0.0,-9.81,9.81,32.1381,0.0,0.0,0.0,0.0,0.0,0.0,8000.0,133858521956.17,133858.522
249.0,Agni_Class,MIDCOURSE,1538171.45,1538.1714,391656.67,391.6567,5780.1723,20808.6202,5780.1723,1693.6414,5526.479,-0.0,-9.81,9.81,32.1121,0.0,0.0,0.0,0.0,0.0,0.0,8000.0,133641566683.09,133641.5667
249.5,Agni_Class,MIDCOURSE,1540932.24,1540.9322,392503.49,392.5035,5775.4827,20791.7379,5775.4827,1693.6414,5521.574,-0.0,-9.81,9.81,32.086,0.0,0.0,0.0,0.0,0.0,0.0,8000.0,133424803882.21,133424.8039
250.0,Agni_Class,MIDCOURSE,1543690.57,1543.6906,393350.31,393.3503,5770.7936,20774.8568,5770.7936,1693.6414,5516.669,-0.0,-9.81,9.81,32.06,0.0,0.0,0.0,0.0,0.0,0.0,8000.0,133208233553.53,133208.2336
250.5,Agni_Class,MIDCOURSE,1546446.45,1546.4465,394197.13,394.1971,5766.1047,20757.9771,5766.1047,1693.6414,5511.764,-0.0,-9.81,9.81,32.0339,0.0,0.0,0.0,0.0,0.0,0.0,8000.0,132991855697.04,132991.8557
251.0,Agni_Class,MIDCOURSE,1549199.88,1549.1999,395043.95,395.044,5761.4163,20741.0986,5761.4163,1693.6414,5506.859,-0.0,-9.81,9.81,32.0079,0.0,0.0,0.0,0.0,0.0,0.0,8000.0,132775670312.76,132775.6703
251.5,Agni_Class,MIDCOURSE,1551950.86,1551.9509,395890.77,395.8908,5756.7282,20724.2215,5756.7282,1693.6414,5501.954,-0.0,-9.81,9.81,31.9818,0.0,0.0,0.0,0.0,0.0,0.0,8000.0,132559677400.68,132559.6774
252.0,Agni_Class,MIDCOURSE,1554699.38,1554.6994,396737.6,396.7376,5752.0404,20707.3456,5752.0404,1693.6414,5497.049,-0.0,-9.81,9.81,31.9558,0.0,0.0,0.0,0.0,0.0,0.0,8000.0,132343876960.8,132343.877
252.5,Agni_Class,MIDCOURSE,1557445.45,1557.4455,397584.42,397.5844,5747.3531,20690.471,5747.3531,1693.6414,5492.144,-0.0,-9.81,9.81,31.9297,0.0,0.0,0.0,0.0,0.0,0.0,8000.0,132128268993.11,132128.269
253.0,Agni_Class,MIDCOURSE,1560189.07,1560.1891,398431.24,398.4312,5742.6661,20673.5978,5742.6661,1693.6414,5487.239,-0.0,-9.81,9.81,31.9037,0.0,0.0,0.0,0.0,0.0,0.0,8000.0,131912853497.63,131912.8535
253.5,Agni_Class,MIDCOURSE,1562930.24,1562.9302,399278.06,399.2781,5737.9794,20656.7258,5737.9794,1693.6414,5482.334,-0.0,-9.81,9.81,31.8777,0.0,0.0,0.0,0.0,0.0,0.0,8000.0,131697630474.35,131697.6305
254.0,Agni_Class,MIDCOURSE,1565668.96,1565.669,400124.88,400.1249,5733.2931,20639.8552,5733.2931,1693.6414,5477.429,-0.0,-9.81,9.81,31.8516,0.0,0.0,0.0,0.0,0.0,0.0,8000.0,131482599923.27,131482.5999
254.5,Agni_Class,MIDCOURSE,1568405.22,1568.4052,400971.7,400.9717,5728.6072,20622.9859,5728.6072,1693.6414,5472.524,-0.0,-9.81,9.81,31.8256,0.0,0.0,0.0,0.0,0.0,0.0,8000.0,131267761844.38,131267.7618
255.0,Agni_Class,MIDCOURSE,1571139.03,1571.139,401818.52,401.8185,5723.9217,20606.1179,5723.9217,1693.6414,5467.619,-0.0,-9.81,9.81,31.7996,0.0,0.0,0.0,0.0,0.0,0.0,8000.0,131053116237.7,131053.1162
255.5,Agni_Class,MIDCOURSE,1573870.38,1573.8704,402665.34,402.6653,5719.2365,20589.2513,5719.2365,1693.6414,5462.714,-0.0,-9.81,9.81,31.7735,0.0,0.0,0.0,0.0,0.0,0.0,8000.0,130838663103.22,130838.6631
256.0,Agni_Class,MIDCOURSE,1576599.29,1576.5993,403512.16,403.5122,5714.5517,20572.386,5714.5517,1693.6414,5457.809,-0.0,-9.81,9.81,31.7475,0.0,0.0,0.0,0.0,0.0,0.0,8000.0,130624402440.94,130624.4024
256.5,Agni_Class,MIDCOURSE,1579325.74,1579.3257,404358.98,404.359,5709.8672,20555.522,5709.8672,1693.6414,5452.904,-0.0,-9.81,9.81,31.7215,0.0,0.0,0.0,0.0,0.0,0.0,8000.0,130410334250.85,130410.3343
257.0,Agni_Class,MIDCOURSE,1582049.74,1582.0497,405205.8,405.2058,5705.1831,20538.6593,5705.1831,1693.6414,5447.999,-0.0,-9.81,9.81,31.6955,0.0,0.0,0.0,0.0,0.0,0.0,8000.0,130196458532.97,130196.4585
257.5,Agni_Class,MIDCOURSE,1584771.29,1584.7713,406052.62,406.0526,5700.4994,20521.798,5700.4994,1693.6414,5443.094,-0.0,-9.81,9.81,31.6694,0.0,0.0,0.0,0.0,0.0,0.0,8000.0,129982775287.29,129982.7753
258.0,Agni_Class,MIDCOURSE,1587490.38,1587.4904,406899.44,406.8994,5695.8161,20504.938,5695.8161,1693.6414,5438.189,-0.0,-9.81,9.81,31.6434,0.0,0.0,0.0,0.0,0.0,0.0,8000.0,129769284513.81,129769.2845
258.5,Agni_Class,MIDCOURSE,1590207.02,1590.207,407746.26,407.7463,5691.1332,20488.0793,5691.1332,1693.6414,5433.284,-0.0,-9.81,9.81,31.6174,0.0,0.0,0.0,0.0,0.0,0.0,8000.0,129555986212.52,129555.9862
259.0,Agni_Class,MIDCOURSE,1592921.21,1592.9212,408593.09,408.5931,5686.4506,20471.2221,5686.4506,1693.6414,5428.379,-0.0,-9.81,9.81,31.5914,0.0,0.0,0.0,0.0,0.0,0.0,8000.0,129342880383.44,129342.8804
259.5,Agni_Class,MIDCOURSE,1595632.95,1595.633,409439.91,409.4399,5681.7684,20454.3661,5681.7684,1693.6414,5423.474,-0.0,-9.81,9.81,31.5654,0.0,0.0,0.0,0.0,0.0,0.0,8000.0,129129967026.56,129129.967
260.0,Agni_Class,MIDCOURSE,1598342.23,1598.3422,410286.73,410.2867,5677.0865,20437.5115,5677.0865,1693.6414,5418.569,-0.0,-9.81,9.81,31.5394,0.0,0.0,0.0,0.0,0.0,0.0,8000.0,128917246141.87,128917.2461
260.5,Agni_Class,MIDCOURSE,1601049.07,1601.0491,411133.55,411.1335,5672.4051,20420.6583,5672.4051,1693.6414,5413.664,-0.0,-9.81,9.81,31.5134,0.0,0.0,0.0,0.0,0.0,0.0,8000.0,128704717729.39,128704.7177
261.0,Agni_Class,MIDCOURSE,1603753.45,1603.7534,411980.37,411.9804,5667.724,20403.8064,5667.724,1693.6414,5408.759,-0.0,-9.81,9.81,31.4874,0.0,0.0,0.0,0.0,0.0,0.0,8000.0,128492381789.11,128492.3818
261.5,Agni_Class,MIDCOURSE,1606455.37,1606.4554,412827.19,412.8272,5663.0433,20386.9559,5663.0433,1693.6414,5403.854,-0.0,-9.81,9.81,31.4614,0.0,0.0,0.0,0.0,0.0,0.0,8000.0,128280238321.03,128280.2383
262.0,Agni_Class,MIDCOURSE,1609154.85,1609.1548,413674.01,413.674,5658.363,20370.1068,5658.363,1693.6414,5398.949,-0.0,-9.81,9.81,31.4353,0.0,0.0,0.0,0.0,0.0,0.0,8000.0,128068287325.14,128068.2873
262.5,Agni_Class,MIDCOURSE,1611851.87,1611.8519,414520.83,414.5208,5653.6831,20353.259,5653.6831,1693.6414,5394.044,-0.0,-9.81,9.81,31.4094,0.0,0.0,0.0,0.0,0.0,0.0,8000.0,127856528801.46,127856.5288
263.0,Agni_Class,MIDCOURSE,1614546.44,1614.5464,415367.65,415.3677,5649.0035,20336.4126,5649.0035,1693.6414,5389.139,-0.0,-9.81,9.81,31.3834,0.0,0.0,0.0,0.0,0.0,0.0,8000.0,127644962749.98,127644.9627
263.5,Agni_Class,MIDCOURSE,1617238.56,1617.2386,416214.47,416.2145,5644.3243,20319.5676,5644.3243,1693.6414,5384.234,-0.0,-9.81,9.81,31.3574,0.0,0.0,0.0,0.0,0.0,0.0,8000.0,127433589170.7,127433.5892
264.0,Agni_Class,MIDCOURSE,1619928.22,1619.9282,417061.29,417.0613,5639.6456,20302.724,5639.6456,1693.6414,5379.329,-0.0,-9.81,9.81,31.3314,0.0,0.0,0.0,0.0,0.0,0.0,8000.0,127222408063.61,127222.4081
264.5,Agni_Class,MIDCOURSE,1622615.43,1622.6154,417908.11,417.9081,5634.9672,20285.8818,5634.9672,1693.6414,5374.424,-0.0,-9.81,9.81,31.3054,0.0,0.0,0.0,0.0,0.0,0.0,8000.0,127011419428.73,127011.4194
265.0,Agni_Class,MIDCOURSE,1625300.19,1625.3002,418754.93,418.7549,5630.2891,20269.0409,5630.2891,1693.6414,5369.519,-0.0,-9.81,9.81,31.2794,0.0,0.0,0.0,0.0,0.0,0.0,8000.0,126800623266.05,126800.6233
265.5,Agni_Class,MIDCOURSE,1627982.5,1627.9825,419601.75,419.6018,5625.6115,20252.2014,5625.6115,1693.6414,5364.614,-0.0,-9.81,9.81,31.2534,0.0,0.0,0.0,0.0,0.0,0.0,8000.0,126590019575.57,126590.0196
266.0,Agni_Class,MIDCOURSE,1630662.35,1630.6624,420448.58,420.4486,5620.9343,20235.3634,5620.9343,1693.6414,5359.709,-0.0,-9.81,9.81,31.2274,0.0,0.0,0.0,0.0,0.0,0.0,8000.0,126379608357.28,126379.6084
266.5,Agni_Class,MIDCOURSE,1633339.76,1633.3398,421295.4,421.2954,5616.2574,20218.5267,5616.2574,1693.6414,5354.804,-0.0,-9.81,9.81,31.2014,0.0,0.0,0.0,0.0,0.0,0.0,8000.0,126169389611.2,126169.3896
267.0,Agni_Class,MIDCOURSE,1636014.71,1636.0147,422142.22,422.1422,5611.581,20201.6914,5611.581,1693.6414,5349.899,-0.0,-9.81,9.81,31.1754,0.0,0.0,0.0,0.0,0.0,0.0,8000.0,125959363337.32,125959.3633
267.5,Agni_Class,MIDCOURSE,1638687.2,1638.6872,422989.04,422.989,5606.9049,20184.8576,5606.9049,1693.6414,5344.994,-0.0,-9.81,9.81,31.1495,0.0,0.0,0.0,0.0,0.0,0.0,8000.0,125749529535.64,125749.5295
268.0,Agni_Class,MIDCOURSE,1641357.25,1641.3572,423835.86,423.8359,5602.2292,20168.0251,5602.2292,1693.6414,5340.089,-0.0,-9.81,9.81,31.1235,0.0,0.0,0.0,0.0,0.0,0.0,8000.0,125539888206.15,125539.8882
268.5,Agni_Class,MIDCOURSE,1644024.84,1644.0248,424682.68,424.6827,5597.5539,20151.1941,5597.5539,1693.6414,5335.184,-0.0,-9.81,9.81,31.0975,0.0,0.0,0.0,0.0,0.0,0.0,8000.0,125330439348.87,125330.4393
269.0,Agni_Class,MIDCOURSE,1646689.98,1646.69,425529.5,425.5295,5592.879,20134.3645,5592.879,1693.6414,5330.279,-0.0,-9.81,9.81,31.0716,0.0,0.0,0.0,0.0,0.0,0.0,8000.0,125121182963.79,125121.183
269.5,Agni_Class,MIDCOURSE,1649352.67,1649.3527,426376.32,426.3763,5588.2045,20117.5363,5588.2045,1693.6414,5325.374,-0.0,-9.81,9.81,31.0456,0.0,0.0,0.0,0.0,0.0,0.0,8000.0,124912119050.91,124912.1191
270.0,Agni_Class,MIDCOURSE,1652012.9,1652.0129,427223.14,427.2231,5583.5304,20100.7095,5583.5304,1693.6414,5320.469,-0.0,-9.81,9.81,31.0196,0.0,0.0,0.0,0.0,0.0,0.0,8000.0,124703247610.22,124703.2476
270.5,Agni_Class,MIDCOURSE,1654670.68,1654.6707,428069.96,428.07,5578.8567,20083.8841,5578.8567,1693.6414,5315.564,-0.0,-9.81,9.81,30.9936,0.0,0.0,0.0,0.0,0.0,0.0,8000.0,124494568641.74,124494.5686
271.0,Agni_Class,MIDCOURSE,1657326.01,1657.326,428916.78,428.9168,5574.1834,20067.0602,5574.1834,1693.6414,5310.659,-0.0,-9.81,9.81,30.9677,0.0,0.0,0.0,0.0,0.0,0.0,8000.0,124286082145.46,124286.0821
271.5,Agni_Class,MIDCOURSE,1659978.89,1659.9789,429763.6,429.7636,5569.5105,20050.2377,5569.5105,1693.6414,5305.754,-0.0,-9.81,9.81,30.9417,0.0,0.0,0.0,0.0,0.0,0.0,8000.0,124077788121.37,124077.7881
272.0,Agni_Class,MIDCOURSE,1662629.31,1662.6293,430610.42,430.6104,5564.838,20033.4167,5564.838,1693.6414,5300.849,-0.0,-9.81,9.81,30.9158,0.0,0.0,0.0,0.0,0.0,0.0,8000.0,123869686569.49,123869.6866
272.5,Agni_Class,MIDCOURSE,1665277.29,1665.2773,431457.24,431.4572,5560.1659,20016.5971,5560.1659,1693.6414,5295.944,-0.0,-9.81,9.81,30.8898,0.0,0.0,0.0,0.0,0.0,0.0,8000.0,123661777489.81,123661.7775
273.0,Agni_Class,MIDCOURSE,1667922.8,1667.9228,432304.07,432.3041,5555.4941,19999.7789,5555.4941,1693.6414,5291.039,-0.0,-9.81,9.81,30.8639,0.0,0.0,0.0,0.0,0.0,0.0,8000.0,123454060882.33,123454.0609
273.5,Agni_Class,MIDCOURSE,1670565.87,1670.5659,433150.89,433.1509,5550.8228,19982.9622,5550.8228,1693.6414,5286.134,-0.0,-9.81,9.81,30.8379,0.0,0.0,0.0,0.0,0.0,0.0,8000.0,123246536747.04,123246.5367
274.0,Agni_Class,MIDCOURSE,1673206.49,1673.2065,433997.71,433.9977,5546.1519,19966.147,5546.1519,1693.6414,5281.229,-0.0,-9.81,9.81,30.812,0.0,0.0,0.0,0.0,0.0,0.0,8000.0,123039205083.96,123039.2051
274.5,Agni_Class,MIDCOURSE,1675844.65,1675.8446,434844.53,434.8445,5541.4814,19949.3332,5541.4814,1693.6414,5276.324,-0.0,-9.81,9.81,30.786,0.0,0.0,0.0,0.0,0.0,0.0,8000.0,122832065893.08,122832.0659
275.0,Agni_Class,MIDCOURSE,1678480.36,1678.4804,435691.35,435.6913,5536.8113,19932.5208,5536.8113,1693.6414,5271.419,-0.0,-9.81,9.81,30.7601,0.0,0.0,0.0,0.0,0.0,0.0,8000.0,122625119174.4,122625.1192
275.5,Agni_Class,MIDCOURSE,1681113.61,1681.1136,436538.17,436.5382,5532.1416,19915.7099,5532.1416,1693.6414,5266.514,-0.0,-9.81,9.81,30.7341,0.0,0.0,0.0,0.0,0.0,0.0,8000.0,122418364927.91,122418.3649
276.0,Agni_Class,MIDCOURSE,1683744.42,1683.7444,437384.99,437.385,5527.4724,19898.9005,5527.4724,1693.6414,5261.609,-0.0,-9.81,9.81,30.7082,0.0,0.0,0.0,0.0,0.0,0.0,8000.0,122211803153.63,122211.8032
276.5,Agni_Class,MIDCOURSE,1686372.77,1686.3728,438231.81,438.2318,5522.8035,19882.0926,5522.8035,1693.6414,5256.704,-0.0,-9.81,9.81,30.6822,0.0,0.0,0.0,0.0,0.0,0.0,8000.0,122005433851.55,122005.4339
277.0,Agni_Class,MIDCOURSE,1688998.67,1688.9987,439078.63,439.0786,5518.135,19865.2861,5518.135,1693.6414,5251.799,-0.0,-9.81,9.81,30.6563,0.0,0.0,0.0,0.0,0.0,0.0,8000.0,121799257021.67,121799.257
277.5,Agni_Class,MIDCOURSE,1691622.12,1691.6221,439925.45,439.9255,5513.467,19848.4811,5513.467,1693.6414,5246.894,-0.0,-9.81,9.81,30.6304,0.0,0.0,0.0,0.0,0.0,0.0,8000.0,121593272663.98,121593.2727
278.0,Agni_Class,MIDCOURSE,1694243.11,1694.2431,440772.27,440.7723,5508.7993,19831.6776,5508.7993,1693.6414,5241.989,-0.0,-9.81,9.81,30.6044,0.0,0.0,0.0,0.0,0.0,0.0,8000.0,121387480778.5,121387.4808
278.5,Agni_Class,MIDCOURSE,1696861.65,1696.8617,441619.09,441.6191,5504.1321,19814.8756,5504.1321,1693.6414,5237.084,-0.0,-9.81,9.81,30.5785,0.0,0.0,0.0,0.0,0.0,0.0,8000.0,121181881365.22,121181.8814
279.0,Agni_Class,MIDCOURSE,1699477.74,1699.4777,442465.91,442.4659,5499.4653,19798.0751,5499.4653,1693.6414,5232.179,-0.0,-9.81,9.81,30.5526,0.0,0.0,0.0,0.0,0.0,0.0,8000.0,120976474424.14,120976.4744
279.5,Agni_Class,MIDCOURSE,1702091.38,1702.0914,443312.73,443.3127,5494.7989,19781.2761,5494.7989,1693.6414,5227.274,-0.0,-9.81,9.81,30.5267,0.0,0.0,0.0,0.0,0.0,0.0,8000.0,120771259955.25,120771.26
280.0,Agni_Class,MIDCOURSE,1704702.57,1704.7026,444159.56,444.1596,5490.1329,19764.4785,5490.1329,1693.6414,5222.369,-0.0,-9.81,9.81,30.5007,0.0,0.0,0.0,0.0,0.0,0.0,8000.0,120566237958.57,120566.238
280.5,Agni_Class,MIDCOURSE,1707311.3,1707.3113,445006.38,445.0064,5485.4674,19747.6825,5485.4674,1693.6414,5217.464,-0.0,-9.81,9.81,30.4748,0.0,0.0,0.0,0.0,0.0,0.0,8000.0,120361408434.09,120361.4084
281.0,Agni_Class,MIDCOURSE,1709917.58,1709.9176,445853.2,445.8532,5480.8022,19730.8879,5480.8022,1693.6414,5212.559,-0.0,-9.81,9.81,30.4489,0.0,0.0,0.0,0.0,0.0,0.0,8000.0,120156771381.8,120156.7714
281.5,Agni_Class,MIDCOURSE,1712521.4,1712.5214,446700.02,446.7,5476.1375,19714.0949,5476.1375,1693.6414,5207.654,-0.0,-9.81,9.81,30.423,0.0,0.0,0.0,0.0,0.0,0.0,8000.0,119952326801.72,119952.3268
282.0,Agni_Class,MIDCOURSE,1715122.78,1715.1228,447546.84,447.5468,5471.4732,19697.3034,5471.4732,1693.6414,5202.749,-0.0,-9.81,9.81,30.3971,0.0,0.0,0.0,0.0,0.0,0.0,8000.0,119748074693.84,119748.0747
282.5,Agni_Class,MIDCOURSE,1717721.7,1717.7217,448393.66,448.3937,5466.8093,19680.5134,5466.8093,1693.6414,5197.844,-0.0,-9.81,9.81,30.3712,0.0,0.0,0.0,0.0,0.0,0.0,8000.0,119544015058.16,119544.0151
283.0,Agni_Class,MIDCOURSE,1720318.17,1720.3182,449240.48,449.2405,5462.1458,19663.725,5462.1458,1693.6414,5192.939,-0.0,-9.81,9.81,30.3453,0.0,0.0,0.0,0.0,0.0,0.0,8000.0,119340147894.67,119340.1479
283.5,Agni_Class,MIDCOURSE,1722912.19,1722.9122,450087.3,450.0873,5457.4828,19646.938,5457.4828,1693.6414,5188.034,-0.0,-9.81,9.81,30.3193,0.0,0.0,0.0,0.0,0.0,0.0,8000.0,119136473203.39,119136.4732
284.0,Agni_Class,MIDCOURSE,1725503.75,1725.5038,450934.12,450.9341,5452.8202,19630.1526,5452.8202,1693.6414,5183.129,-0.0,-9.81,9.81,30.2934,0.0,0.0,0.0,0.0,0.0,0.0,8000.0,118932990984.31,118932.991
284.5,Agni_Class,MIDCOURSE,1728092.86,1728.0929,451780.94,451.7809,5448.158,19613.3687,5448.158,1693.6414,5178.224,-0.0,-9.81,9.81,30.2675,0.0,0.0,0.0,0.0,0.0,0.0,8000.0,118729701237.43,118729.7012
285.0,Agni_Class,MIDCOURSE,1730679.52,1730.6795,452627.76,452.6278,5443.4962,19596.5864,5443.4962,1693.6414,5173.319,-0.0,-9.81,9.81,30.2416,0.0,0.0,0.0,0.0,0.0,0.0,8000.0,118526603962.74,118526.604
285.5,Agni_Class,MIDCOURSE,1733263.73,1733.2637,453474.58,453.4746,5438.8349,19579.8055,5438.8349,1693.6414,5168.414,-0.0,-9.81,9.81,30.2157,0.0,0.0,0.0,0.0,0.0,0.0,8000.0,118323699160.26,118323.6992
286.0,Agni_Class,MIDCOURSE,1735845.48,1735.8455,454321.4,454.3214,5434.174,19563.0263,5434.174,1693.6414,5163.509,-0.0,-9.81,9.81,30.1899,0.0,0.0,0.0,0.0,0.0,0.0,8000.0,118120986829.98,118120.9868
286.5,Agni_Class,MIDCOURSE,1738424.79,1738.4248,455168.22,455.1682,5429.5135,19546.2486,5429.5135,1693.6414,5158.604,-0.0,-9.81,9.81,30.164,0.0,0.0,0.0,0.0,0.0,0.0,8000.0,117918466971.9,117918.467
287.0,Agni_Class,MIDCOURSE,1741001.64,1741.0016,456015.04,456.015,5424.8534,19529.4724,5424.8534,1693.6414,5153.699,-0.0,-9.81,9.81,30.1381,0.0,0.0,0.0,0.0,0.0,0.0,8000.0,117716139586.01,117716.1396
287.5,Agni_Class,MIDCOURSE,1743576.03,1743.576,456861.87,456.8619,5420.1938,19512.6978,5420.1938,1693.6414,5148.794,-0.0,-9.81,9.81,30.1122,0.0,0.0,0.0,0.0,0.0,0.0,8000.0,117514004672.33,117514.0047
288.0,Agni_Class,MIDCOURSE,1746147.98,1746.148,457708.69,457.7087,5415.5347,19495.9247,5415.5347,1693.6414,5143.889,-0.0,-9.81,9.81,30.0863,0.0,0.0,0.0,0.0,0.0,0.0,8000.0,117312062230.85,117312.0622
288.5,Agni_Class,MIDCOURSE,1748717.47,1748.7175,458555.51,458.5555,5410.8759,19479.1533,5410.8759,1693.6414,5138.984,-0.0,-9.81,9.81,30.0604,0.0,0.0,0.0,0.0,0.0,0.0,8000.0,117110312261.57,117110.3123
289.0,Agni_Class,MIDCOURSE,1751284.51,1751.2845,459402.33,459.4023,5406.2176,19462.3833,5406.2176,1693.6414,5134.079,-0.0,-9.81,9.81,30.0345,0.0,0.0,0.0,0.0,0.0,0.0,8000.0,116908754764.48,116908.7548
289.5,Agni_Class,MIDCOURSE,1753849.1,1753.8491,460249.15,460.2491,5401.5597,19445.615,5401.5597,1693.6414,5129.174,-0.0,-9.81,9.81,30.0087,0.0,0.0,0.0,0.0,0.0,0.0,8000.0,116707389739.6,116707.3897
290.0,Agni_Class,MIDCOURSE,1756411.23,1756.4112,461095.97,461.096,5396.9023,19428.8482,5396.9023,1693.6414,5124.269,-0.0,-9.81,9.81,29.9828,0.0,0.0,0.0,0.0,0.0,0.0,8000.0,116506217186.92,116506.2172
290.5,Agni_Class,MIDCOURSE,1758970.91,1758.9709,461942.79,461.9428,5392.2453,19412.083,5392.2453,1693.6414,5119.364,-0.0,-9.81,9.81,29.9569,0.0,0.0,0.0,0.0,0.0,0.0,8000.0,116305237106.44,116305.2371
291.0,Agni_Class,MIDCOURSE,1761528.14,1761.5281,462789.61,462.7896,5387.5887,19395.3194,5387.5887,1693.6414,5114.459,-0.0,-9.81,9.81,29.931,0.0,0.0,0.0,0.0,0.0,0.0,8000.0,116104449498.15,116104.4495
291.5,Agni_Class,MIDCOURSE,1764082.92,1764.0829,463636.43,463.6364,5382.9326,19378.5574,5382.9326,1693.6414,5109.554,-0.0,-9.81,9.81,29.9052,0.0,0.0,0.0,0.0,0.0,0.0,8000.0,115903854362.07,115903.8544
292.0,Agni_Class,MIDCOURSE,1766635.24,1766.6352,464483.25,464.4833,5378.2769,19361.797,5378.2769,1693.6414,5104.649,-0.0,-9.81,9.81,29.8793,0.0,0.0,0.0,0.0,0.0,0.0,8000.0,115703451698.19,115703.4517
292.5,Agni_Class,MIDCOURSE,1769185.12,1769.1851,465330.07,465.3301,5373.6217,19345.0382,5373.6217,1693.6414,5099.744,-0.0,-9.81,9.81,29.8535,0.0,0.0,0.0,0.0,0.0,0.0,8000.0,115503241506.5,115503.2415
293.0,Agni_Class,MIDCOURSE,1771732.54,1771.7325,466176.89,466.1769,5368.9669,19328.281,5368.9669,1693.6414,5094.839,-0.0,-9.81,9.81,29.8276,0.0,0.0,0.0,0.0,0.0,0.0,8000.0,115303223787.02,115303.2238
293.5,Agni_Class,MIDCOURSE,1774277.5,1774.2775,467023.71,467.0237,5364.3126,19311.5253,5364.3126,1693.6414,5089.934,-0.0,-9.81,9.81,29.8017,0.0,0.0,0.0,0.0,0.0,0.0,8000.0,115103398539.74,115103.3985
294.0,Agni_Class,MIDCOURSE,1776820.02,1776.82,467870.53,467.8705,5359.6587,19294.7713,5359.6587,1693.6414,5085.029,-0.0,-9.81,9.81,29.7759,0.0,0.0,0.0,0.0,0.0,0.0,8000.0,114903765764.66,114903.7658
294.5,Agni_Class,MIDCOURSE,1779360.08,1779.3601,468717.36,468.7174,5355.0053,19278.0189,5355.0053,1693.6414,5080.124,-0.0,-9.81,9.81,29.75,0.0,0.0,0.0,0.0,0.0,0.0,8000.0,114704325461.77,114704.3255
295.0,Agni_Class,MIDCOURSE,1781897.69,1781.8977,469564.18,469.5642,5350.3523,19261.2682,5350.3523,1693.6414,5075.219,-0.0,-9.81,9.81,29.7242,0.0,0.0,0.0,0.0,0.0,0.0,8000.0,114505077631.09,114505.0776
295.5,Agni_Class,MIDCOURSE,1784432.85,1784.4328,470411.0,470.411,5345.6997,19244.519,5345.6997,1693.6414,5070.314,-0.0,-9.81,9.81,29.6983,0.0,0.0,0.0,0.0,0.0,0.0,8000.0,114306022272.61,114306.0223
296.0,Agni_Class,MIDCOURSE,1786965.55,1786.9655,471257.82,471.2578,5341.0476,19227.7715,5341.0476,1693.6414,5065.409,-0.0,-9.81,9.81,29.6725,0.0,0.0,0.0,0.0,0.0,0.0,8000.0,114107159386.33,114107.1594
296.5,Agni_Class,MIDCOURSE,1789495.8,1789.4958,472104.64,472.1046,5336.396,19211.0256,5336.396,1693.6414,5060.504,-0.0,-9.81,9.81,29.6466,0.0,0.0,0.0,0.0,0.0,0.0,8000.0,113908488972.24,113908.489
297.0,Agni_Class,MIDCOURSE,1792023.6,1792.0236,472951.46,472.9515,5331.7448,19194.2813,5331.7448,1693.6414,5055.599,-0.0,-9.81,9.81,29.6208,0.0,0.0,0.0,0.0,0.0,0.0,8000.0,113710011030.36,113710.011
297.5,Agni_Class,MIDCOURSE,1794548.95,1794.5489,473798.28,473.7983,5327.0941,19177.5387,5327.0941,1693.6414,5050.694,-0.0,-9.81,9.81,29.595,0.0,0.0,0.0,0.0,0.0,0.0,8000.0,113511725560.68,113511.7256
298.0,Agni_Class,MIDCOURSE,1797071.84,1797.0718,474645.1,474.6451,5322.4438,19160.7977,5322.4438,1693.6414,5045.789,-0.0,-9.81,9.81,29.5691,0.0,0.0,0.0,0.0,0.0,0.0,8000.0,113313632563.2,113313.6326
298.5,Agni_Class,MIDCOURSE,1799592.28,1799.5923,475491.92,475.4919,5317.794,19144.0584,5317.794,1693.6414,5040.884,-0.0,-9.81,9.81,29.5433,0.0,0.0,0.0,0.0,0.0,0.0,8000.0,113115732037.91,113115.732
299.0,Agni_Class,MIDCOURSE,1802110.27,1802.1103,476338.74,476.3387,5313.1446,19127.3207,5313.1446,1693.6414,5035.979,-0.0,-9.81,9.81,29.5175,0.0,0.0,0.0,0.0,0.0,0.0,8000.0,112918023984.83,112918.024
299.5,Agni_Class,MIDCOURSE,1804625.81,1804.6258,477185.56,477.1856,5308.4957,19110.5847,5308.4957,1693.6414,5031.074,-0.0,-9.81,9.81,29.4916,0.0,0.0,0.0,0.0,0.0,0.0,8000.0,112720508403.95,112720.5084
300.0,Agni_Class,MIDCOURSE,1807138.9,1807.1389,478032.38,478.0324,5303.8473,19093.8503,5303.8473,1693.6414,5026.169,-0.0,-9.81,9.81,29.4658,0.0,0.0,0.0,0.0,0.0,0.0,8000.0,112523185295.27,112523.1853
300.5,Agni_Class,MIDCOURSE,1809649.53,1809.6495,478879.2,478.8792,5299.1993,19077.1176,5299.1993,1693.6414,5021.264,-0.0,-9.81,9.81,29.44,0.0,0.0,0.0,0.0,0.0,0.0,8000.0,112326054658.78,112326.0547
301.0,Agni_Class,MIDCOURSE,1812157.71,1812.1577,479726.02,479.726,5294.5518,19060.3866,5294.5518,1693.6414,5016.359,-0.0,-9.81,9.81,29.4142,0.0,0.0,0.0,0.0,0.0,0.0,8000.0,112129116494.5,112129.1165
301.5,Agni_Class,MIDCOURSE,1814663.43,1814.6634,480572.85,480.5728,5289.9048,19043.6572,5289.9048,1693.6414,5011.454,-0.0,-9.81,9.81,29.3884,0.0,0.0,0.0,0.0,0.0,0.0,8000.0,111932370802.42,111932.3708
302.0,Agni_Class,MIDCOURSE,1817166.71,1817.1667,481419.67,481.4197,5285.2582,19026.9296,5285.2582,1693.6414,5006.549,-0.0,-9.81,9.81,29.3625,0.0,0.0,0.0,0.0,0.0,0.0,8000.0,111735817582.54,111735.8176
302.5,Agni_Class,MIDCOURSE,1819667.53,1819.6675,482266.49,482.2665,5280.6121,19010.2036,5280.6121,1693.6414,5001.644,-0.0,-9.81,9.81,29.3367,0.0,0.0,0.0,0.0,0.0,0.0,8000.0,111539456834.85,111539.4568
303.0,Agni_Class,MIDCOURSE,1822165.9,1822.1659,483113.31,483.1133,5275.9665,18993.4793,5275.9665,1693.6414,4996.739,-0.0,-9.81,9.81,29.3109,0.0,0.0,0.0,0.0,0.0,0.0,8000.0,111343288559.37,111343.2886
303.5,Agni_Class,MIDCOURSE,1824661.82,1824.6618,483960.13,483.9601,5271.3213,18976.7567,5271.3213,1693.6414,4991.834,-0.0,-9.81,9.81,29.2851,0.0,0.0,0.0,0.0,0.0,0.0,8000.0,111147312756.09,111147.3128
304.0,Agni_Class,MIDCOURSE,1827155.28,1827.1553,484806.95,484.8069,5266.6766,18960.0357,5266.6766,1693.6414,4986.929,-0.0,-9.81,9.81,29.2593,0.0,0.0,0.0,0.0,0.0,0.0,8000.0,110951529425.0,110951.5294
304.5,Agni_Class,MIDCOURSE,1829646.29,1829.6463,485653.77,485.6538,5262.0324,18943.3165,5262.0324,1693.6414,4982.024,-0.0,-9.81,9.81,29.2335,0.0,0.0,0.0,0.0,0.0,0.0,8000.0,110755938566.12,110755.9386
305.0,Agni_Class,MIDCOURSE,1832134.85,1832.1349,486500.59,486.5006,5257.3886,18926.599,5257.3886,1693.6414,4977.119,-0.0,-9.81,9.81,29.2077,0.0,0.0,0.0,0.0,0.0,0.0,8000.0,110560540179.44,110560.5402
305.5,Agni_Class,MIDCOURSE,1834620.96,1834.621,487347.41,487.3474,5252.7453,18909.8832,5252.7453,1693.6414,4972.214,-0.0,-9.81,9.81,29.1819,0.0,0.0,0.0,0.0,0.0,0.0,8000.0,110365334264.96,110365.3343
306.0,Agni_Class,MIDCOURSE,1837104.61,1837.1046,488194.23,488.1942,5248.1025,18893.1691,5248.1025,1693.6414,4967.309,-0.0,-9.81,9.81,29.1561,0.0,0.0,0.0,0.0,0.0,0.0,8000.0,110170320822.67,110170.3208
306.5,Agni_Class,MIDCOURSE,1839585.82,1839.5858,489041.05,489.0411,5243.4602,18876.4568,5243.4602,1693.6414,4962.404,-0.0,-9.81,9.81,29.1303,0.0,0.0,0.0,0.0,0.0,0.0,8000.0,109975499852.59,109975.4999
307.0,Agni_Class,MIDCOURSE,1842064.57,1842.0646,489887.87,489.8879,5238.8184,18859.7461,5238.8184,1693.6414,4957.499,-0.0,-9.81,9.81,29.1045,0.0,0.0,0.0,0.0,0.0,0.0,8000.0,109780871354.71,109780.8714
307.5,Agni_Class,MIDCOURSE,1844540.86,1844.5409,490734.69,490.7347,5234.177,18843.0372,5234.177,1693.6414,4952.594,-0.0,-9.81,9.81,29.0788,0.0,0.0,0.0,0.0,0.0,0.0,8000.0,109586435329.03,109586.4353
308.0,Agni_Class,MIDCOURSE,1847014.71,1847.0147,491581.51,491.5815,5229.5361,18826.33,5229.5361,1693.6414,4947.689,-0.0,-9.81,9.81,29.053,0.0,0.0,0.0,0.0,0.0,0.0,8000.0,109392191775.54,109392.1918
308.5,Agni_Class,MIDCOURSE,1849486.1,1849.4861,492428.34,492.4283,5224.8957,18809.6246,5224.8957,1693.6414,4942.784,-0.0,-9.81,9.81,29.0272,0.0,0.0,0.0,0.0,0.0,0.0,8000.0,109198140694.26,109198.1407
309.0,Agni_Class,MIDCOURSE,1851955.04,1851.955,493275.16,493.2752,5220.2558,18792.9208,5220.2558,1693.6414,4937.879,-0.0,-9.81,9.81,29.0014,0.0,0.0,0.0,0.0,0.0,0.0,8000.0,109004282085.18,109004.2821
309.5,Agni_Class,MIDCOURSE,1854421.53,1854.4215,494121.98,494.122,5215.6164,18776.2189,5215.6164,1693.6414,4932.974,-0.0,-9.81,9.81,28.9756,0.0,0.0,0.0,0.0,0.0,0.0,8000.0,108810615948.3,108810.6159
310.0,Agni_Class,MIDCOURSE,1856885.56,1856.8856,494968.8,494.9688,5210.9774,18759.5187,5210.9774,1693.6414,4928.069,-0.0,-9.81,9.81,28.9499,0.0,0.0,0.0,0.0,0.0,0.0,8000.0,108617142283.61,108617.1423
310.5,Agni_Class,MIDCOURSE,1859347.14,1859.3471,495815.62,495.8156,5206.339,18742.8202,5206.339,1693.6414,4923.164,-0.0,-9.81,9.81,28.9241,0.0,0.0,0.0,0.0,0.0,0.0,8000.0,108423861091.13,108423.8611
311.0,Agni_Class,MIDCOURSE,1861806.27,1861.8063,496662.44,496.6624,5201.701,18726.1235,5201.701,1693.6414,4918.259,-0.0,-9.81,9.81,28.8983,0.0,0.0,0.0,0.0,0.0,0.0,8000.0,108230772370.85,108230.7724
311.5,Agni_Class,MIDCOURSE,1864262.95,1864.2629,497509.26,497.5093,5197.0635,18709.4286,5197.0635,1693.6414,4913.354,-0.0,-9.81,9.81,28.8726,0.0,0.0,0.0,0.0,0.0,0.0,8000.0,108037876122.77,108037.8761
312.0,Agni_Class,MIDCOURSE,1866717.17,1866.7172,498356.08,498.3561,5192.4265,18692.7354,5192.4265,1693.6414,4908.449,-0.0,-9.81,9.81,28.8468,0.0,0.0,0.0,0.0,0.0,0.0,8000.0,107845172346.88,107845.1723
312.5,Agni_Class,MIDCOURSE,1869168.95,1869.1689,499202.9,499.2029,5187.79,18676.0441,5187.79,1693.6414,4903.544,-0.0,-9.81,9.81,28.8211,0.0,0.0,0.0,0.0,0.0,0.0,8000.0,107652661043.2,107652.661
313.0,Agni_Class,MIDCOURSE,1871618.27,1871.6183,500049.72,500.0497,5183.154,18659.3545,5183.154,1693.6414,4898.639,-0.0,-9.81,9.81,28.7953,0.0,0.0,0.0,0.0,0.0,0.0,8000.0,107460342211.72,107460.3422
313.5,Agni_Class,MIDCOURSE,1874065.13,1874.0651,500896.54,500.8965,5178.5185,18642.6666,5178.5185,1693.6414,4893.734,-0.0,-9.81,9.81,28.7695,0.0,0.0,0.0,0.0,0.0,0.0,8000.0,107268215852.43,107268.2159
314.0,Agni_Class,MIDCOURSE,1876509.55,1876.5095,501743.36,501.7434,5173.8835,18625.9806,5173.8835,1693.6414,4888.829,-0.0,-9.81,9.81,28.7438,0.0,0.0,0.0,0.0,0.0,0.0,8000.0,107076281965.35,107076.282
314.5,Agni_Class,MIDCOURSE,1878951.51,1878.9515,502590.18,502.5902,5169.249,18609.2964,5169.249,1693.6414,4883.924,-0.0,-9.81,9.81,28.718,0.0,0.0,0.0,0.0,0.0,0.0,8000.0,106884540550.47,106884.5406
315.0,Agni_Class,MIDCOURSE,1881391.02,1881.391,503437.0,503.437,5164.615,18592.6139,5164.615,1693.6414,4879.019,-0.0,-9.81,9.81,28.6923,0.0,0.0,0.0,0.0,0.0,0.0,8000.0,106692991607.79,106692.9916
315.5,Agni_Class,MIDCOURSE,1883828.08,1883.8281,504283.83,504.2838,5159.9815,18575.9333,5159.9815,1693.6414,4874.114,-0.0,-9.81,9.81,28.6666,0.0,0.0,0.0,0.0,0.0,0.0,8000.0,106501635137.3,106501.6351
316.0,Agni_Class,MIDCOURSE,1886262.68,1886.2627,505130.65,505.1306,5155.3485,18559.2545,5155.3485,1693.6414,4869.209,-0.0,-9.81,9.81,28.6408,0.0,0.0,0.0,0.0,0.0,0.0,8000.0,106310471139.02,106310.4711
316.5,Agni_Class,MIDCOURSE,1888694.83,1888.6948,505977.47,505.9775,5150.716,18542.5775,5150.716,1693.6414,4864.304,-0.0,-9.81,9.81,28.6151,0.0,0.0,0.0,0.0,0.0,0.0,8000.0,106119499612.94,106119.4996
317.0,Agni_Class,MIDCOURSE,1891124.53,1891.1245,506824.29,506.8243,5146.084,18525.9023,5146.084,1693.6414,4859.399,-0.0,-9.81,9.81,28.5894,0.0,0.0,0.0,0.0,0.0,0.0,8000.0,105928720559.06,105928.7206
317.5,Agni_Class,MIDCOURSE,1893551.78,1893.5518,507671.11,507.6711,5141.4525,18509.2289,5141.4525,1693.6414,4854.494,-0.0,-9.81,9.81,28.5636,0.0,0.0,0.0,0.0,0.0,0.0,8000.0,105738133977.37,105738.134
318.0,Agni_Class,MIDCOURSE,1895976.57,1895.9766,508517.93,508.5179,5136.8215,18492.5573,5136.8215,1693.6414,4849.589,-0.0,-9.81,9.81,28.5379,0.0,0.0,0.0,0.0,0.0,0.0,8000.0,105547739867.89,105547.7399
318.5,Agni_Class,MIDCOURSE,1898398.92,1898.3989,509364.75,509.3647,5132.191,18475.8876,5132.191,1693.6414,4844.684,-0.0,-9.81,9.81,28.5122,0.0,0.0,0.0,0.0,0.0,0.0,8000.0,105357538230.61,105357.5382
319.0,Agni_Class,MIDCOURSE,1900818.8,1900.8188,510211.57,510.2116,5127.561,18459.2198,5127.561,1693.6414,4839.779,-0.0,-9.81,9.81,28.4865,0.0,0.0,0.0,0.0,0.0,0.0,8000.0,105167529065.53,105167.5291
319.5,Agni_Class,MIDCOURSE,1903236.24,1903.2362,511058.39,511.0584,5122.9316,18442.5537,5122.9316,1693.6414,4834.874,-0.0,-9.81,9.81,28.4607,0.0,0.0,0.0,0.0,0.0,0.0,8000.0,104977712372.64,104977.7124
320.0,Agni_Class,MIDCOURSE,1905651.23,1905.6512,511905.21,511.9052,5118.3027,18425.8895,5118.3027,1693.6414,4829.969,-0.0,-9.81,9.81,28.435,0.0,0.0,0.0,0.0,0.0,0.0,8000.0,104788088151.96,104788.0882
320.5,Agni_Class,MIDCOURSE,1908063.76,1908.0638,512752.03,512.752,5113.6742,18409.2272,5113.6742,1693.6414,4825.064,-0.0,-9.81,9.81,28.4093,0.0,0.0,0.0,0.0,0.0,0.0,8000.0,104598656403.48,104598.6564
321.0,Agni_Class,MIDCOURSE,1910473.84,1910.4738,513598.85,513.5989,5109.0463,18392.5667,5109.0463,1693.6414,4820.159,-0.0,-9.81,9.81,28.3836,0.0,0.0,0.0,0.0,0.0,0.0,8000.0,104409417127.2,104409.4171
321.5,Agni_Class,MIDCOURSE,1912881.46,1912.8815,514445.67,514.4457,5104.4189,18375.9081,5104.4189,1693.6414,4815.254,-0.0,-9.81,9.81,28.3579,0.0,0.0,0.0,0.0,0.0,0.0,8000.0,104220370323.11,104220.3703
322.0,Agni_Class,MIDCOURSE,1915286.64,1915.2866,515292.49,515.2925,5099.7921,18359.2514,5099.7921,1693.6414,4810.349,-0.0,-9.81,9.81,28.3322,0.0,0.0,0.0,0.0,0.0,0.0,8000.0,104031515991.23,104031.516
322.5,Agni_Class,MIDCOURSE,1917689.36,1917.6894,516139.32,516.1393,5095.1657,18342.5965,5095.1657,1693.6414,4805.444,-0.0,-9.81,9.81,28.3065,0.0,0.0,0.0,0.0,0.0,0.0,8000.0,103842854131.55,103842.8541
323.0,Agni_Class,MIDCOURSE,1920089.63,1920.0896,516986.14,516.9861,5090.5399,18325.9435,5090.5399,1693.6414,4800.539,-0.0,-9.81,9.81,28.2808,0.0,0.0,0.0,0.0,0.0,0.0,8000.0,103654384744.07,103654.3847
323.5,Agni_Class,MIDCOURSE,1922487.45,1922.4874,517832.96,517.833,5085.9146,18309.2924,5085.9146,1693.6414,4795.634,-0.0,-9.81,9.81,28.2551,0.0,0.0,0.0,0.0,0.0,0.0,8000.0,103466107828.78,103466.1078
324.0,Agni_Class,MIDCOURSE,1924882.81,1924.8828,518679.78,518.6798,5081.2898,18292.6432,5081.2898,1693.6414,4790.729,-0.0,-9.81,9.81,28.2294,0.0,0.0,0.0,0.0,0.0,0.0,8000.0,103278023385.7,103278.0234
324.5,Agni_Class,MIDCOURSE,1927275.72,1927.2757,519526.6,519.5266,5076.6655,18275.9959,5076.6655,1693.6414,4785.824,-0.0,-9.81,9.81,28.2037,0.0,0.0,0.0,0.0,0.0,0.0,8000.0,103090131414.82,103090.1314
325.0,Agni_Class,MIDCOURSE,1929666.18,1929.6662,520373.42,520.3734,5072.0418,18259.3505,5072.0418,1693.6414,4780.919,-0.0,-9.81,9.81,28.178,0.0,0.0,0.0,0.0,0.0,0.0,8000.0,102902431916.13,102902.4319
325.5,Agni_Class,MIDCOURSE,1932054.19,1932.0542,521220.24,521.2202,5067.4186,18242.7069,5067.4186,1693.6414,4776.014,-0.0,-9.81,9.81,28.1523,0.0,0.0,0.0,0.0,0.0,0.0,8000.0,102714924889.65,102714.9249
326.0,Agni_Class,MIDCOURSE,1934439.75,1934.4397,522067.06,522.0671,5062.7959,18226.0653,5062.7959,1693.6414,4771.109,-0.0,-9.81,9.81,28.1266,0.0,0.0,0.0,0.0,0.0,0.0,8000.0,102527610335.37,102527.6103
326.5,Agni_Class,MIDCOURSE,1936822.85,1936.8228,522913.88,522.9139,5058.1738,18209.4256,5058.1738,1693.6414,4766.204,-0.0,-9.81,9.81,28.101,0.0,0.0,0.0,0.0,0.0,0.0,8000.0,102340488253.29,102340.4883
327.0,Agni_Class,MIDCOURSE,1939203.5,1939.2035,523760.7,523.7607,5053.5522,18192.7879,5053.5522,1693.6414,4761.299,-0.0,-9.81,9.81,28.0753,0.0,0.0,0.0,0.0,0.0,0.0,8000.0,102153558643.4,102153.5586
327.5,Agni_Class,MIDCOURSE,1941581.69,1941.5817,524607.52,524.6075,5048.9311,18176.152,5048.9311,1693.6414,4756.394,-0.0,-9.81,9.81,28.0496,0.0,0.0,0.0,0.0,0.0,0.0,8000.0,101966821505.72,101966.8215
328.0,Agni_Class,MIDCOURSE,1943957.44,1943.9574,525454.34,525.4543,5044.3106,18159.5181,5044.3106,1693.6414,4751.489,-0.0,-9.81,9.81,28.0239,0.0,0.0,0.0,0.0,0.0,0.0,8000.0,101780276840.24,101780.2768
328.5,Agni_Class,MIDCOURSE,1946330.73,1946.3307,526301.16,526.3012,5039.6906,18142.8861,5039.6906,1693.6414,4746.584,-0.0,-9.81,9.81,27.9983,0.0,0.0,0.0,0.0,0.0,0.0,8000.0,101593924646.96,101593.9246
329.0,Agni_Class,MIDCOURSE,1948701.57,1948.7016,527147.98,527.148,5035.0711,18126.256,5035.0711,1693.6414,4741.679,-0.0,-9.81,9.81,27.9726,0.0,0.0,0.0,0.0,0.0,0.0,8000.0,101407764925.87,101407.7649
329.5,Agni_Class,MIDCOURSE,1951069.96,1951.07,527994.81,527.9948,5030.4522,18109.6279,5030.4522,1693.6414,4736.774,-0.0,-9.81,9.81,27.947,0.0,0.0,0.0,0.0,0.0,0.0,8000.0,101221797676.99,101221.7977
330.0,Agni_Class,MIDCOURSE,1953435.89,1953.4359,528841.63,528.8416,5025.8338,18093.0018,5025.8338,1693.6414,4731.869,-0.0,-9.81,9.81,27.9213,0.0,0.0,0.0,0.0,0.0,0.0,8000.0,101036022900.31,101036.0229
330.5,Agni_Class,MIDCOURSE,1955799.37,1955.7994,529688.45,529.6884,5021.216,18076.3776,5021.216,1693.6414,4726.964,-0.0,-9.81,9.81,27.8956,0.0,0.0,0.0,0.0,0.0,0.0,8000.0,100850440595.83,100850.4406
331.0,Agni_Class,MIDCOURSE,1958160.4,1958.1604,530535.27,530.5353,5016.5987,18059.7554,5016.5987,1693.6414,4722.059,-0.0,-9.81,9.81,27.87,0.0,0.0,0.0,0.0,0.0,0.0,8000.0,100665050763.54,100665.0508
331.5,Agni_Class,MIDCOURSE,1960518.98,1960.519,531382.09,531.3821,5011.982,18043.1351,5011.982,1693.6414,4717.154,-0.0,-9.81,9.81,27.8443,0.0,0.0,0.0,0.0,0.0,0.0,8000.0,100479853403.46,100479.8534
332.0,Agni_Class,MIDCOURSE,1962875.1,1962.8751,532228.91,532.2289,5007.3658,18026.5168,5007.3658,1693.6414,4712.249,-0.0,-9.81,9.81,27.8187,0.0,0.0,0.0,0.0,0.0,0.0,8000.0,100294848515.58,100294.8485
332.5,Agni_Class,MIDCOURSE,1965228.78,1965.2288,533075.73,533.0757,5002.7501,18009.9005,5002.7501,1693.6414,4707.344,-0.0,-9.81,9.81,27.7931,0.0,0.0,0.0,0.0,0.0,0.0,8000.0,100110036099.9,100110.0361
333.0,Agni_Class,MIDCOURSE,1967580.0,1967.58,533922.55,533.9226,4998.1351,17993.2862,4998.1351,1693.6414,4702.439,-0.0,-9.81,9.81,27.7674,0.0,0.0,0.0,0.0,0.0,0.0,8000.0,99925416156.41,99925.4162
333.5,Agni_Class,MIDCOURSE,1969928.76,1969.9288,534769.37,534.7694,4993.5205,17976.6739,4993.5205,1693.6414,4697.534,-0.0,-9.81,9.81,27.7418,0.0,0.0,0.0,0.0,0.0,0.0,8000.0,99740988685.13,99740.9887
334.0,Agni_Class,MIDCOURSE,1972275.08,1972.2751,535616.19,535.6162,4988.9065,17960.0635,4988.9065,1693.6414,4692.629,-0.0,-9.81,9.81,27.7161,0.0,0.0,0.0,0.0,0.0,0.0,8000.0,99556753686.05,99556.7537
334.5,Agni_Class,MIDCOURSE,1974618.94,1974.6189,536463.01,536.463,4984.2931,17943.4552,4984.2931,1693.6414,4687.724,-0.0,-9.81,9.81,27.6905,0.0,0.0,0.0,0.0,0.0,0.0,8000.0,99372711159.16,99372.7112
335.0,Agni_Class,MIDCOURSE,1976960.35,1976.9603,537309.83,537.3098,4979.6802,17926.8489,4979.6802,1693.6414,4682.819,-0.0,-9.81,9.81,27.6649,0.0,0.0,0.0,0.0,0.0,0.0,8000.0,99188861104.48,99188.8611
335.5,Agni_Class,MIDCOURSE,1979299.31,1979.2993,538156.65,538.1567,4975.0679,17910.2445,4975.0679,1693.6414,4677.914,-0.0,-9.81,9.81,27.6393,0.0,0.0,0.0,0.0,0.0,0.0,8000.0,99005203522.0,99005.2035
336.0,Agni_Class,MIDCOURSE,1981635.81,1981.6358,539003.47,539.0035,4970.4562,17893.6422,4970.4562,1693.6414,4673.009,-0.0,-9.81,9.81,27.6136,0.0,0.0,0.0,0.0,0.0,0.0,8000.0,98821738411.72,98821.7384
336.5,Agni_Class,MIDCOURSE,1983969.86,1983.9699,539850.3,539.8503,4965.845,17877.042,4965.845,1693.6414,4668.104,-0.0,-9.81,9.81,27.588,0.0,0.0,0.0,0.0,0.0,0.0,8000.0,98638465773.63,98638.4658
337.0,Agni_Class,MIDCOURSE,1986301.46,1986.3015,540697.12,540.6971,4961.2344,17860.4437,4961.2344,1693.6414,4663.199,-0.0,-9.81,9.81,27.5624,0.0,0.0,0.0,0.0,0.0,0.0,8000.0,98455385607.75,98455.3856
337.5,Agni_Class,MIDCOURSE,1988630.61,1988.6306,541543.94,541.5439,4956.6243,17843.8475,4956.6243,1693.6414,4658.294,-0.0,-9.81,9.81,27.5368,0.0,0.0,0.0,0.0,0.0,0.0,8000.0,98272497914.07,98272.4979
338.0,Agni_Class,MIDCOURSE,1990957.3,1990.9573,542390.76,542.3908,4952.0148,17827.2533,4952.0148,1693.6414,4653.389,-0.0,-9.81,9.81,27.5112,0.0,0.0,0.0,0.0,0.0,0.0,8000.0,98089802692.59,98089.8027
338.5,Agni_Class,MIDCOURSE,1993281.55,1993.2815,543237.58,543.2376,4947.4059,17810.6612,4947.4059,1693.6414,4648.484,-0.0,-9.81,9.81,27.4856,0.0,0.0,0.0,0.0,0.0,0.0,8000.0,97907299943.3,97907.2999
339.0,Agni_Class,MIDCOURSE,1995603.34,1995.6033,544084.4,544.0844,4942.7975,17794.0711,4942.7975,1693.6414,4643.579,-0.0,-9.81,9.81,27.46,0.0,0.0,0.0,0.0,0.0,0.0,8000.0,97724989666.22,97724.9897
339.5,Agni_Class,MIDCOURSE,1997922.67,1997.9227,544931.22,544.9312,4938.1897,17777.4831,4938.1897,1693.6414,4638.674,-0.0,-9.81,9.81,27.4344,0.0,0.0,0.0,0.0,0.0,0.0,8000.0,97542871861.34,97542.8719
340.0,Agni_Class,MIDCOURSE,2000239.56,2000.2396,545778.04,545.778,4933.5825,17760.8971,4933.5825,1693.6414,4633.769,-0.0,-9.81,9.81,27.4088,0.0,0.0,0.0,0.0,0.0,0.0,8000.0,97360946528.66,97360.9465
340.5,Agni_Class,MIDCOURSE,2002553.99,2002.554,546624.86,546.6249,4928.9759,17744.3132,4928.9759,1693.6414,4628.864,-0.0,-9.81,9.81,27.3832,0.0,0.0,0.0,0.0,0.0,0.0,8000.0,97179213668.17,97179.2137
341.0,Agni_Class,MIDCOURSE,2004865.97,2004.866,547471.68,547.4717,4924.3698,17727.7314,4924.3698,1693.6414,4623.959,-0.0,-9.81,9.81,27.3576,0.0,0.0,0.0,0.0,0.0,0.0,8000.0,96997673279.89,96997.6733
341.5,Agni_Class,MIDCOURSE,2007175.5,2007.1755,548318.5,548.3185,4919.7644,17711.1517,4919.7644,1693.6414,4619.054,-0.0,-9.81,9.81,27.332,0.0,0.0,0.0,0.0,0.0,0.0,8000.0,96816325363.81,96816.3254
342.0,Agni_Class,MIDCOURSE,2009482.57,2009.4826,549165.32,549.1653,4915.1595,17694.574,4915.1595,1693.6414,4614.149,-0.0,-9.81,9.81,27.3064,0.0,0.0,0.0,0.0,0.0,0.0,8000.0,96635169919.93,96635.1699
342.5,Agni_Class,MIDCOURSE,2011787.19,2011.7872,550012.14,550.0121,4910.5551,17677.9985,4910.5551,1693.6414,4609.244,-0.0,-9.81,9.81,27.2809,0.0,0.0,0.0,0.0,0.0,0.0,8000.0,96454206948.24,96454.2069
343.0,Agni_Class,MIDCOURSE,2014089.36,2014.0894,550858.96,550.859,4905.9514,17661.425,4905.9514,1693.6414,4604.339,-0.0,-9.81,9.81,27.2553,0.0,0.0,0.0,0.0,0.0,0.0,8000.0,96273436448.76,96273.4364
343.5,Agni_Class,MIDCOURSE,2016389.08,2016.3891,551705.78,551.7058,4901.3482,17644.8537,4901.3482,1693.6414,4599.434,-0.0,-9.81,9.81,27.2297,0.0,0.0,0.0,0.0,0.0,0.0,8000.0,96092858421.48,96092.8584
344.0,Agni_Class,MIDCOURSE,2018686.34,2018.6863,552552.61,552.5526,4896.7457,17628.2844,4896.7457,1693.6414,4594.529,-0.0,-9.81,9.81,27.2041,0.0,0.0,0.0,0.0,0.0,0.0,8000.0,95912472866.4,95912.4729
344.5,Agni_Class,MIDCOURSE,2020981.15,2020.9812,553399.43,553.3994,4892.1437,17611.7173,4892.1437,1693.6414,4589.624,-0.0,-9.81,9.81,27.1786,0.0,0.0,0.0,0.0,0.0,0.0,8000.0,95732279783.51,95732.2798
345.0,Agni_Class,MIDCOURSE,2023273.51,2023.2735,554246.25,554.2462,4887.5423,17595.1523,4887.5423,1693.6414,4584.719,-0.0,-9.81,9.81,27.153,0.0,0.0,0.0,0.0,0.0,0.0,8000.0,95552279172.83,95552.2792
345.5,Agni_Class,MIDCOURSE,2025563.42,2025.5634,555093.07,555.0931,4882.9415,17578.5894,4882.9415,1693.6414,4579.814,-0.0,-9.81,9.81,27.1275,0.0,0.0,0.0,0.0,0.0,0.0,8000.0,95372471034.35,95372.471
346.0,Agni_Class,MIDCOURSE,2027850.88,2027.8509,555939.89,555.9399,4878.3413,17562.0287,4878.3413,1693.6414,4574.909,-0.0,-9.81,9.81,27.1019,0.0,0.0,0.0,0.0,0.0,0.0,8000.0,95192855368.06,95192.8554
346.5,Agni_Class,MIDCOURSE,2030135.88,2030.1359,556786.71,556.7867,4873.7417,17545.4701,4873.7417,1693.6414,4570.004,-0.0,-9.81,9.81,27.0763,0.0,0.0,0.0,0.0,0.0,0.0,8000.0,95013432173.98,95013.4322
347.0,Agni_Class,MIDCOURSE,2032418.43,2032.4184,557633.53,557.6335,4869.1427,17528.9136,4869.1427,1693.6414,4565.099,-0.0,-9.81,9.81,27.0508,0.0,0.0,0.0,0.0,0.0,0.0,8000.0,94834201452.1,94834.2015
347.5,Agni_Class,MIDCOURSE,2034698.52,2034.6985,558480.35,558.4804,4864.5443,17512.3593,4864.5443,1693.6414,4560.194,-0.0,-9.81,9.81,27.0252,0.0,0.0,0.0,0.0,0.0,0.0,8000.0,94655163202.42,94655.1632
348.0,Agni_Class,MIDCOURSE,2036976.17,2036.9762,559327.17,559.3272,4859.9464,17495.8072,4859.9464,1693.6414,4555.289,-0.0,-9.81,9.81,26.9997,0.0,0.0,0.0,0.0,0.0,0.0,8000.0,94476317424.93,94476.3174
348.5,Agni_Class,MIDCOURSE,2039251.36,2039.2514,560173.99,560.174,4855.3492,17479.2572,4855.3492,1693.6414,4550.384,-0.0,-9.81,9.81,26.9742,0.0,0.0,0.0,0.0,0.0,0.0,8000.0,94297664119.65,94297.6641
349.0,Agni_Class,MIDCOURSE,2041524.1,2041.5241,561020.81,561.0208,4850.7526,17462.7094,4850.7526,1693.6414,4545.479,-0.0,-9.81,9.81,26.9486,0.0,0.0,0.0,0.0,0.0,0.0,8000.0,94119203286.57,94119.2033
349.5,Agni_Class,MIDCOURSE,2043794.39,2043.7944,561867.63,561.8676,4846.1566,17446.1637,4846.1566,1693.6414,4540.574,-0.0,-9.81,9.81,26.9231,0.0,0.0,0.0,0.0,0.0,0.0,8000.0,93940934925.69,93940.9349
350.0,Agni_Class,MIDCOURSE,2046062.22,2046.0622,562714.45,562.7145,4841.5612,17429.6203,4841.5612,1693.6414,4535.669,-0.0,-9.81,9.81,26.8976,0.0,0.0,0.0,0.0,0.0,0.0,8000.0,93762859037.0,93762.859
350.5,Agni_Class,MIDCOURSE,2048327.6,2048.3276,563561.27,563.5613,4836.9664,17413.079,4836.9664,1693.6414,4530.764,-0.0,-9.81,9.81,26.872,0.0,0.0,0.0,0.0,0.0,0.0,8000.0,93584975620.52,93584.9756
351.0,Agni_Class,MIDCOURSE,2050590.53,2050.5905,564408.1,564.4081,4832.3722,17396.54,4832.3722,1693.6414,4525.859,-0.0,-9.81,9.81,26.8465,0.0,0.0,0.0,0.0,0.0,0.0,8000.0,93407284676.24,93407.2847
351.5,Agni_Class,MIDCOURSE,2052851.01,2052.851,565254.92,565.2549,4827.7786,17380.0031,4827.7786,1693.6414,4520.954,-0.0,-9.81,9.81,26.821,0.0,0.0,0.0,0.0,0.0,0.0,8000.0,93229786204.16,93229.7862
352.0,Agni_Class,MIDCOURSE,2055109.04,2055.109,566101.74,566.1017,4823.1857,17363.4684,4823.1857,1693.6414,4516.049,-0.0,-9.81,9.81,26.7955,0.0,0.0,0.0,0.0,0.0,0.0,8000.0,93052480204.27,93052.4802
352.5,Agni_Class,MIDCOURSE,2057364.61,2057.3646,566948.56,566.9486,4818.5933,17346.936,4818.5933,1693.6414,4511.144,-0.0,-9.81,9.81,26.77,0.0,0.0,0.0,0.0,0.0,0.0,8000.0,92875366676.59,92875.3667
353.0,Agni_Class,MIDCOURSE,2059617.73,2059.6177,567795.38,567.7954,4814.0016,17330.4058,4814.0016,1693.6414,4506.239,-0.0,-9.81,9.81,26.7445,0.0,0.0,0.0,0.0,0.0,0.0,8000.0,92698445621.11,92698.4456
353.5,Agni_Class,MIDCOURSE,2061868.39,2061.8684,568642.2,568.6422,4809.4105,17313.8778,4809.4105,1693.6414,4501.334,-0.0,-9.81,9.81,26.7189,0.0,0.0,0.0,0.0,0.0,0.0,8000.0,92521717037.83,92521.717
354.0,Agni_Class,MIDCOURSE,2064116.61,2064.1166,569489.02,569.489,4804.82,17297.352,4804.82,1693.6414,4496.429,-0.0,-9.81,9.81,26.6934,0.0,0.0,0.0,0.0,0.0,0.0,8000.0,92345180926.74,92345.1809
354.5,Agni_Class,MIDCOURSE,2066362.37,2066.3624,570335.84,570.3358,4800.2301,17280.8285,4800.2301,1693.6414,4491.524,-0.0,-9.81,9.81,26.6679,0.0,0.0,0.0,0.0,0.0,0.0,8000.0,92168837287.86,92168.8373
355.0,Agni_Class,MIDCOURSE,2068605.68,2068.6057,571182.66,571.1827,4795.6409,17264.3072,4795.6409,1693.6414,4486.619,-0.0,-9.81,9.81,26.6424,0.0,0.0,0.0,0.0,0.0,0.0,8000.0,91992686121.18,91992.6861
355.5,Agni_Class,MIDCOURSE,2070846.54,2070.8465,572029.48,572.0295,4791.0523,17247.7882,4791.0523,1693.6414,4481.714,-0.0,-9.81,9.81,26.617,0.0,0.0,0.0,0.0,0.0,0.0,8000.0,91816727426.69,91816.7274
356.0,Agni_Class,MIDCOURSE,2073084.94,2073.0849,572876.3,572.8763,4786.4643,17231.2714,4786.4643,1693.6414,4476.809,-0.0,-9.81,9.81,26.5915,0.0,0.0,0.0,0.0,0.0,0.0,8000.0,91640961204.41,91640.9612
356.5,Agni_Class,MIDCOURSE,2075320.89,2075.3209,573723.12,573.7231,4781.8769,17214.7569,4781.8769,1693.6414,4471.904,-0.0,-9.81,9.81,26.566,0.0,0.0,0.0,0.0,0.0,0.0,8000.0,91465387454.33,91465.3875
357.0,Agni_Class,MIDCOURSE,2077554.39,2077.5544,574569.94,574.5699,4777.2902,17198.2447,4777.2902,1693.6414,4466.999,-0.0,-9.81,9.81,26.5405,0.0,0.0,0.0,0.0,0.0,0.0,8000.0,91290006176.45,91290.0062
357.5,Agni_Class,MIDCOURSE,2079785.44,2079.7854,575416.76,575.4168,4772.7041,17181.7347,4772.7041,1693.6414,4462.094,-0.0,-9.81,9.81,26.515,0.0,0.0,0.0,0.0,0.0,0.0,8000.0,91114817370.76,91114.8174
358.0,Agni_Class,MIDCOURSE,2082014.03,2082.014,576263.59,576.2636,4768.1186,17165.2271,4768.1186,1693.6414,4457.189,-0.0,-9.81,9.81,26.4895,0.0,0.0,0.0,0.0,0.0,0.0,8000.0,90939821037.28,90939.821
358.5,Agni_Class,MIDCOURSE,2084240.18,2084.2402,577110.41,577.1104,4763.5338,17148.7217,4763.5338,1693.6414,4452.284,-0.0,-9.81,9.81,26.4641,0.0,0.0,0.0,0.0,0.0,0.0,8000.0,90765017176.0,90765.0172
359.0,Agni_Class,MIDCOURSE,2086463.87,2086.4639,577957.23,577.9572,4758.9496,17132.2186,4758.9496,1693.6414,4447.379,-0.0,-9.81,9.81,26.4386,0.0,0.0,0.0,0.0,0.0,0.0,8000.0,90590405786.92,90590.4058
359.5,Agni_Class,MIDCOURSE,2088685.1,2088.6851,578804.05,578.804,4754.3661,17115.7178,4754.3661,1693.6414,4442.474,-0.0,-9.81,9.81,26.4131,0.0,0.0,0.0,0.0,0.0,0.0,8000.0,90415986870.03,90415.9869
360.0,Agni_Class,MIDCOURSE,2090903.89,2090.9039,579650.87,579.6509,4749.7832,17099.2194,4749.7832,1693.6414,4437.569,-0.0,-9.81,9.81,26.3877,0.0,0.0,0.0,0.0,0.0,0.0,8000.0,90241760425.35,90241.7604
360.5,Agni_Class,MIDCOURSE,2093120.22,2093.1202,580497.69,580.4977,4745.2009,17082.7233,4745.2009,1693.6414,4432.664,-0.0,-9.81,9.81,26.3622,0.0,0.0,0.0,0.0,0.0,0.0,8000.0,90067726452.87,90067.7265
361.0,Agni_Class,MIDCOURSE,2095334.1,2095.3341,581344.51,581.3445,4740.6193,17066.2294,4740.6193,1693.6414,4427.759,-0.0,-9.81,9.81,26.3368,0.0,0.0,0.0,0.0,0.0,0.0,8000.0,89893884952.59,89893.885
361.5,Agni_Class,MIDCOURSE,2097545.53,2097.5455,582191.33,582.1913,4736.0383,17049.738,4736.0383,1693.6414,4422.854,-0.0,-9.81,9.81,26.3113,0.0,0.0,0.0,0.0,0.0,0.0,8000.0,89720235924.5,89720.2359
362.0,Agni_Class,MIDCOURSE,2099754.5,2099.7545,583038.15,583.0382,4731.458,17033.2488,4731.458,1693.6414,4417.949,-0.0,-9.81,9.81,26.2859,0.0,0.0,0.0,0.0,0.0,0.0,8000.0,89546779368.62,89546.7794
362.5,Agni_Class,MIDCOURSE,2101961.02,2101.961,583884.97,583.885,4726.8783,17016.762,4726.8783,1693.6414,4413.044,-0.0,-9.81,9.81,26.2604,0.0,0.0,0.0,0.0,0.0,0.0,8000.0,89373515284.94,89373.5153
363.0,Agni_Class,MIDCOURSE,2104165.09,2104.1651,584731.79,584.7318,4722.2993,17000.2776,4722.2993,1693.6414,4408.139,-0.0,-9.81,9.81,26.235,0.0,0.0,0.0,0.0,0.0,0.0,8000.0,89200443673.46,89200.4437
363.5,Agni_Class,MIDCOURSE,2106366.71,2106.3667,585578.61,585.5786,4717.721,16983.7955,4717.721,1693.6414,4403.234,-0.0,-9.81,9.81,26.2096,0.0,0.0,0.0,0.0,0.0,0.0,8000.0,89027564534.17,89027.5645
364.0,Agni_Class,MIDCOURSE,2108565.87,2108.5659,586425.43,586.4254,4713.1433,16967.3158,4713.1433,1693.6414,4398.329,-0.0,-9.81,9.81,26.1841,0.0,0.0,0.0,0.0,0.0,0.0,8000.0,88854877867.09,88854.8779
364.5,Agni_Class,MIDCOURSE,2110762.59,2110.7626,587272.25,587.2723,4708.5662,16950.8384,4708.5662,1693.6414,4393.424,-0.0,-9.81,9.81,26.1587,0.0,0.0,0.0,0.0,0.0,0.0,8000.0,88682383672.21,88682.3837
365.0,Agni_Class,MIDCOURSE,2112956.85,2112.9568,588119.08,588.1191,4703.9898,16934.3635,4703.9898,1693.6414,4388.519,-0.0,-9.81,9.81,26.1333,0.0,0.0,0.0,0.0,0.0,0.0,8000.0,88510081949.53,88510.0819
365.5,Agni_Class,MIDCOURSE,2115148.65,2115.1487,588965.9,588.9659,4699.4141,16917.8909,4699.4141,1693.6414,4383.614,-0.0,-9.81,9.81,26.1079,0.0,0.0,0.0,0.0,0.0,0.0,8000.0,88337972699.04,88337.9727
366.0,Agni_Class,MIDCOURSE,2117338.01,2117.338,589812.72,589.8127,4694.8391,16901.4207,4694.8391,1693.6414,4378.709,-0.0,-9.81,9.81,26.0824,0.0,0.0,0.0,0.0,0.0,0.0,8000.0,88166055920.76,88166.0559
366.5,Agni_Class,MIDCOURSE,2119524.91,2119.5249,590659.54,590.6595,4690.2647,16884.9529,4690.2647,1693.6414,4373.804,-0.0,-9.81,9.81,26.057,0.0,0.0,0.0,0.0,0.0,0.0,8000.0,87994331614.68,87994.3316
367.0,Agni_Class,MIDCOURSE,2121709.36,2121.7094,591506.36,591.5064,4685.691,16868.4875,4685.691,1693.6414,4368.899,-0.0,-9.81,9.81,26.0316,0.0,0.0,0.0,0.0,0.0,0.0,8000.0,87822799780.79,87822.7998
367.5,Agni_Class,MIDCOURSE,2123891.36,2123.8914,592353.18,592.3532,4681.1179,16852.0246,4681.1179,1693.6414,4363.994,-0.0,-9.81,9.81,26.0062,0.0,0.0,0.0,0.0,0.0,0.0,8000.0,87651460419.11,87651.4604
368.0,Agni_Class,MIDCOURSE,2126070.9,2126.0709,593200.0,593.2,4676.5456,16835.564,4676.5456,1693.6414,4359.089,-0.0,-9.81,9.81,25.9808,0.0,0.0,0.0,0.0,0.0,0.0,8000.0,87480313529.63,87480.3135
368.5,Agni_Class,MIDCOURSE,2128247.99,2128.248,594046.82,594.0468,4671.9739,16819.1059,4671.9739,1693.6414,4354.184,-0.0,-9.81,9.81,25.9554,0.0,0.0,0.0,0.0,0.0,0.0,8000.0,87309359112.35,87309.3591
369.0,Agni_Class,MIDCOURSE,2130422.63,2130.4226,594893.64,594.8936,4667.4028,16802.6502,4667.4028,1693.6414,4349.279,-0.0,-9.81,9.81,25.93,0.0,0.0,0.0,0.0,0.0,0.0,8000.0,87138597167.26,87138.5972
369.5,Agni_Class,MIDCOURSE,2132594.82,2132.5948,595740.46,595.7405,4662.8325,16786.197,4662.8325,1693.6414,4344.374,-0.0,-9.81,9.81,25.9046,0.0,0.0,0.0,0.0,0.0,0.0,8000.0,86968027694.38,86968.0277
370.0,Agni_Class,MIDCOURSE,2134764.55,2134.7646,596587.28,596.5873,4658.2628,16769.7462,4658.2628,1693.6414,4339.469,-0.0,-9.81,9.81,25.8792,0.0,0.0,0.0,0.0,0.0,0.0,8000.0,86797650693.7,86797.6507
370.5,Agni_Class,MIDCOURSE,2136931.83,2136.9318,597434.1,597.4341,4653.6939,16753.2979,4653.6939,1693.6414,4334.564,-0.0,-9.81,9.81,25.8539,0.0,0.0,0.0,0.0,0.0,0.0,8000.0,86627466165.22,86627.4662
371.0,Agni_Class,MIDCOURSE,2139096.66,2139.0967,598280.92,598.2809,4649.1256,16736.852,4649.1256,1693.6414,4329.659,-0.0,-9.81,9.81,25.8285,0.0,0.0,0.0,0.0,0.0,0.0,8000.0,86457474108.93,86457.4741
371.5,Agni_Class,MIDCOURSE,2141259.04,2141.259,599127.74,599.1277,4644.558,16720.4087,4644.558,1693.6414,4324.754,-0.0,-9.81,9.81,25.8031,0.0,0.0,0.0,0.0,0.0,0.0,8000.0,86287674524.85,86287.6745
372.0,Agni_Class,MIDCOURSE,2143418.97,2143.419,599974.57,599.9746,4639.991,16703.9677,4639.991,1693.6414,4319.849,-0.0,-9.81,9.81,25.7777,0.0,0.0,0.0,0.0,0.0,0.0,8000.0,86118067412.97,86118.0674
372.5,Agni_Class,MIDCOURSE,2145576.44,2145.5764,600821.39,600.8214,4635.4248,16687.5293,4635.4248,1693.6414,4314.944,-0.0,-9.81,9.81,25.7524,0.0,0.0,0.0,0.0,0.0,0.0,8000.0,85948652773.29,85948.6528
373.0,Agni_Class,MIDCOURSE,2147731.46,2147.7315,601668.21,601.6682,4630.8593,16671.0934,4630.8593,1693.6414,4310.039,-0.0,-9.81,9.81,25.727,0.0,0.0,0.0,0.0,0.0,0.0,8000.0,85779430605.8,85779.4306
373.5,Agni_Class,MIDCOURSE,2149884.02,2149.884,602515.03,602.515,4626.2944,16654.66,4626.2944,1693.6414,4305.134,-0.0,-9.81,9.81,25.7016,0.0,0.0,0.0,0.0,0.0,0.0,8000.0,85610400910.52,85610.4009
374.0,Agni_Class,MIDCOURSE,2152034.14,2152.0341,603361.85,603.3618,4621.7303,16638.2291,4621.7303,1693.6414,4300.229,-0.0,-9.81,9.81,25.6763,0.0,0.0,0.0,0.0,0.0,0.0,8000.0,85441563687.44,85441.5637
374.5,Agni_Class,MIDCOURSE,2154181.8,2154.1818,604208.67,604.2087,4617.1669,16621.8007,4617.1669,1693.6414,4295.324,-0.0,-9.81,9.81,25.6509,0.0,0.0,0.0,0.0,0.0,0.0,8000.0,85272918936.56,85272.9189
375.0,Agni_Class,MIDCOURSE,2156327.01,2156.327,605055.49,605.0555,4612.6041,16605.3748,4612.6041,1693.6414,4290.419,-0.0,-9.81,9.81,25.6256,0.0,0.0,0.0,0.0,0.0,0.0,8000.0,85104466657.87,85104.4667
375.5,Agni_Class,MIDCOURSE,2158469.77,2158.4698,605902.31,605.9023,4608.0421,16588.9514,4608.0421,1693.6414,4285.514,-0.0,-9.81,9.81,25.6002,0.0,0.0,0.0,0.0,0.0,0.0,8000.0,84936206851.39,84936.2069
376.0,Agni_Class,MIDCOURSE,2160610.07,2160.6101,606749.13,606.7491,4603.4807,16572.5306,4603.4807,1693.6414,4280.609,-0.0,-9.81,9.81,25.5749,0.0,0.0,0.0,0.0,0.0,0.0,8000.0,84768139517.11,84768.1395
376.5,Agni_Class,MIDCOURSE,2162747.92,2162.7479,607595.95,607.596,4598.9201,16556.1124,4598.9201,1693.6414,4275.704,-0.0,-9.81,9.81,25.5496,0.0,0.0,0.0,0.0,0.0,0.0,8000.0,84600264655.02,84600.2647
377.0,Agni_Class,MIDCOURSE,2164883.32,2164.8833,608442.77,608.4428,4594.3602,16539.6967,4594.3602,1693.6414,4270.799,-0.0,-9.81,9.81,25.5242,0.0,0.0,0.0,0.0,0.0,0.0,8000.0,84432582265.14,84432.5823
377.5,Agni_Class,MIDCOURSE,2167016.27,2167.0163,609289.59,609.2896,4589.801,16523.2835,4589.801,1693.6414,4265.894,-0.0,-9.81,9.81,25.4989,0.0,0.0,0.0,0.0,0.0,0.0,8000.0,84265092347.46,84265.0923
378.0,Agni_Class,MIDCOURSE,2169146.76,2169.1468,610136.41,610.1364,4585.2425,16506.873,4585.2425,1693.6414,4260.989,-0.0,-9.81,9.81,25.4736,0.0,0.0,0.0,0.0,0.0,0.0,8000.0,84097794901.98,84097.7949
378.5,Agni_Class,MIDCOURSE,2171274.81,2171.2748,610983.23,610.9832,4580.6847,16490.465,4580.6847,1693.6414,4256.084,-0.0,-9.81,9.81,25.4482,0.0,0.0,0.0,0.0,0.0,0.0,8000.0,83930689928.69,83930.6899
379.0,Agni_Class,MIDCOURSE,2173400.4,2173.4004,611830.06,611.8301,4576.1277,16474.0596,4576.1277,1693.6414,4251.179,-0.0,-9.81,9.81,25.4229,0.0,0.0,0.0,0.0,0.0,0.0,8000.0,83763777427.61,83763.7774
379.5,Agni_Class,MIDCOURSE,2175523.53,2175.5235,612676.88,612.6769,4571.5713,16457.6568,4571.5713,1693.6414,4246.274,-0.0,-9.81,9.81,25.3976,0.0,0.0,0.0,0.0,0.0,0.0,8000.0,83597057398.73,83597.0574
380.0,Agni_Class,MIDCOURSE,2177644.22,2177.6442,613523.7,613.5237,4567.0157,16441.2565,4567.0157,1693.6414,4241.369,-0.0,-9.81,9.81,25.3723,0.0,0.0,0.0,0.0,0.0,0.0,8000.0,83430529842.05,83430.5298
380.5,Agni_Class,MIDCOURSE,2179762.45,2179.7624,614370.52,614.3705,4562.4608,16424.8589,4562.4608,1693.6414,4236.464,-0.0,-9.81,9.81,25.347,0.0,0.0,0.0,0.0,0.0,0.0,8000.0,83264194757.56,83264.1948
381.0,Agni_Class,MIDCOURSE,2181878.23,2181.8782,615217.34,615.2173,4557.9067,16408.4639,4557.9067,1693.6414,4231.559,-0.0,-9.81,9.81,25.3217,0.0,0.0,0.0,0.0,0.0,0.0,8000.0,83098052145.28,83098.0521
381.5,Agni_Class,MIDCOURSE,2183991.56,2183.9916,616064.16,616.0642,4553.3532,16392.0716,4553.3532,1693.6414,4226.654,-0.0,-9.81,9.81,25.2964,0.0,0.0,0.0,0.0,0.0,0.0,8000.0,82932102005.2,82932.102
382.0,Agni_Class,MIDCOURSE,2186102.43,2186.1024,616910.98,616.911,4548.8005,16375.6818,4548.8005,1693.6414,4221.749,-0.0,-9.81,9.81,25.2711,0.0,0.0,0.0,0.0,0.0,0.0,8000.0,82766344337.32,82766.3443
382.5,Agni_Class,MIDCOURSE,2188210.85,2188.2109,617757.8,617.7578,4544.2485,16359.2947,4544.2485,1693.6414,4216.844,-0.0,-9.81,9.81,25.2458,0.0,0.0,0.0,0.0,0.0,0.0,8000.0,82600779141.63,82600.7791
383.0,Agni_Class,MIDCOURSE,2190316.82,2190.3168,618604.62,618.6046,4539.6973,16342.9103,4539.6973,1693.6414,4211.939,-0.0,-9.81,9.81,25.2205,0.0,0.0,0.0,0.0,0.0,0.0,8000.0,82435406418.15,82435.4064
383.5,Agni_Class,MIDCOURSE,2192420.34,2192.4203,619451.44,619.4514,4535.1468,16326.5285,4535.1468,1693.6414,4207.034,-0.0,-9.81,9.81,25.1953,0.0,0.0,0.0,0.0,0.0,0.0,8000.0,82270226166.87,82270.2262
384.0,Agni_Class,MIDCOURSE,2194521.4,2194.5214,620298.26,620.2983,4530.597,16310.1494,4530.597,1693.6414,4202.129,-0.0,-9.81,9.81,25.17,0.0,0.0,0.0,0.0,0.0,0.0,8000.0,82105238387.79,82105.2384
384.5,Agni_Class,MIDCOURSE,2196620.02,2196.62,621145.08,621.1451,4526.048,16293.7729,4526.048,1693.6414,4197.224,-0.0,-9.81,9.81,25.1447,0.0,0.0,0.0,0.0,0.0,0.0,8000.0,81940443080.9,81940.4431
385.0,Agni_Class,MIDCOURSE,2198716.18,2198.7162,621991.9,621.9919,4521.4998,16277.3991,4521.4998,1693.6414,4192.319,-0.0,-9.81,9.81,25.1194,0.0,0.0,0.0,0.0,0.0,0.0,8000.0,81775840246.22,81775.8402
385.5,Agni_Class,MIDCOURSE,2200809.88,2200.8099,622838.72,622.8387,4516.9522,16261.028,4516.9522,1693.6414,4187.414,-0.0,-9.81,9.81,25.0942,0.0,0.0,0.0,0.0,0.0,0.0,8000.0,81611429883.74,81611.4299
386.0,Agni_Class,MIDCOURSE,2202901.14,2202.9011,623685.55,623.6855,4512.4055,16244.6596,4512.4055,1693.6414,4182.509,-0.0,-9.81,9.81,25.0689,0.0,0.0,0.0,0.0,0.0,0.0,8000.0,81447211993.46,81447.212
386.5,Agni_Class,MIDCOURSE,2204989.94,2204.9899,624532.37,624.5324,4507.8594,16228.2939,4507.8594,1693.6414,4177.604,-0.0,-9.81,9.81,25.0437,0.0,0.0,0.0,0.0,0.0,0.0,8000.0,81283186575.37,81283.1866
387.0,Agni_Class,MIDCOURSE,2207076.29,2207.0763,625379.19,625.3792,4503.3142,16211.931,4503.3142,1693.6414,4172.699,-0.0,-9.81,9.81,25.0184,0.0,0.0,0.0,0.0,0.0,0.0,8000.0,81119353629.49,81119.3536
387.5,Agni_Class,MIDCOURSE,2209160.19,2209.1602,626226.01,626.226,4498.7696,16195.5707,4498.7696,1693.6414,4167.794,-0.0,-9.81,9.81,24.9932,0.0,0.0,0.0,0.0,0.0,0.0,8000.0,80955713155.81,80955.7132
388.0,Agni_Class,MIDCOURSE,2211241.63,2211.2416,627072.83,627.0728,4494.2259,16179.2132,4494.2259,1693.6414,4162.889,-0.0,-9.81,9.81,24.9679,0.0,0.0,0.0,0.0,0.0,0.0,8000.0,80792265154.32,80792.2652
388.5,Agni_Class,MIDCOURSE,2213320.62,2213.3206,627919.65,627.9196,4489.6829,16162.8584,4489.6829,1693.6414,4157.984,-0.0,-9.81,9.81,24.9427,0.0,0.0,0.0,0.0,0.0,0.0,8000.0,80629009625.04,80629.0096
389.0,Agni_Class,MIDCOURSE,2215397.16,2215.3972,628766.47,628.7665,4485.1406,16146.5063,4485.1406,1693.6414,4153.079,-0.0,-9.81,9.81,24.9174,0.0,0.0,0.0,0.0,0.0,0.0,8000.0,80465946567.96,80465.9466
389.5,Agni_Class,MIDCOURSE,2217471.25,2217.4712,629613.29,629.6133,4480.5992,16130.157,4480.5992,1693.6414,4148.174,-0.0,-9.81,9.81,24.8922,0.0,0.0,0.0,0.0,0.0,0.0,8000.0,80303075983.08,80303.076
390.0,Agni_Class,MIDCOURSE,2219542.88,2219.5429,630460.11,630.4601,4476.0585,16113.8105,4476.0585,1693.6414,4143.269,-0.0,-9.81,9.81,24.867,0.0,0.0,0.0,0.0,0.0,0.0,8000.0,80140397870.39,80140.3979
390.5,Agni_Class,MIDCOURSE,2221612.07,2221.6121,631306.93,631.3069,4471.5185,16097.4667,4471.5185,1693.6414,4138.364,-0.0,-9.81,9.81,24.8418,0.0,0.0,0.0,0.0,0.0,0.0,8000.0,79977912229.91,79977.9122
391.0,Agni_Class,MIDCOURSE,2223678.79,2223.6788,632153.75,632.1538,4466.9794,16081.1258,4466.9794,1693.6414,4133.459,-0.0,-9.81,9.81,24.8166,0.0,0.0,0.0,0.0,0.0,0.0,8000.0,79815619061.63,79815.6191
391.5,Agni_Class,MIDCOURSE,2225743.07,2225.7431,633000.57,633.0006,4462.441,16064.7876,4462.441,1693.6414,4128.554,-0.0,-9.81,9.81,24.7913,0.0,0.0,0.0,0.0,0.0,0.0,8000.0,79653518365.55,79653.5184
392.0,Agni_Class,MIDCOURSE,2227804.9,2227.8049,633847.39,633.8474,4457.9034,16048.4522,4457.9034,1693.6414,4123.649,-0.0,-9.81,9.81,24.7661,0.0,0.0,0.0,0.0,0.0,0.0,8000.0,79491610141.66,79491.6101
392.5,Agni_Class,MIDCOURSE,2229864.27,2229.8643,634694.21,634.6942,4453.3665,16032.1196,4453.3665,1693.6414,4118.744,-0.0,-9.81,9.81,24.7409,0.0,0.0,0.0,0.0,0.0,0.0,8000.0,79329894389.98,79329.8944
393.0,Agni_Class,MIDCOURSE,2231921.19,2231.9212,635541.04,635.541,4448.8305,16015.7898,4448.8305,1693.6414,4113.839,-0.0,-9.81,9.81,24.7157,0.0,0.0,0.0,0.0,0.0,0.0,8000.0,79168371110.5,79168.3711
393.5,Agni_Class,MIDCOURSE,2233975.65,2233.9757,636387.86,636.3879,4444.2952,15999.4628,4444.2952,1693.6414,4108.934,-0.0,-9.81,9.81,24.6905,0.0,0.0,0.0,0.0,0.0,0.0,8000.0,79007040303.22,79007.0403
394.0,Agni_Class,MIDCOURSE,2236027.67,2236.0277,637234.68,637.2347,4439.7607,15983.1387,4439.7607,1693.6414,4104.029,-0.0,-9.81,9.81,24.6653,0.0,0.0,0.0,0.0,0.0,0.0,8000.0,78845901968.13,78845.902
394.5,Agni_Class,MIDCOURSE,2238077.23,2238.0772,638081.5,638.0815,4435.2271,15966.8174,4435.2271,1693.6414,4099.124,-0.0,-9.81,9.81,24.6402,0.0,0.0,0.0,0.0,0.0,0.0,8000.0,78684956105.25,78684.9561
395.0,Agni_Class,MIDCOURSE,2240124.34,2240.1243,638928.32,638.9283,4430.6942,15950.499,4430.6942,1693.6414,4094.219,-0.0,-9.81,9.81,24.615,0.0,0.0,0.0,0.0,0.0,0.0,8000.0,78524202714.57,78524.2027
395.5,Agni_Class,MIDCOURSE,2242169.0,2242.169,639775.14,639.7751,4426.162,15934.1834,4426.162,1693.6414,4089.314,-0.0,-9.81,9.81,24.5898,0.0,0.0,0.0,0.0,0.0,0.0,8000.0,78363641796.09,78363.6418
396.0,Agni_Class,MIDCOURSE,2244211.2,2244.2112,640621.96,640.622,4421.6307,15917.8706,4421.6307,1693.6414,4084.409,-0.0,-9.81,9.81,24.5646,0.0,0.0,0.0,0.0,0.0,0.0,8000.0,78203273349.8,78203.2733
396.5,Agni_Class,MIDCOURSE,2246250.95,2246.251,641468.78,641.4688,4417.1002,15901.5608,4417.1002,1693.6414,4079.504,-0.0,-9.81,9.81,24.5394,0.0,0.0,0.0,0.0,0.0,0.0,8000.0,78043097375.72,78043.0974
397.0,Agni_Class,MIDCOURSE,2248288.25,2248.2883,642315.6,642.3156,4412.5705,15885.2538,4412.5705,1693.6414,4074.599,-0.0,-9.81,9.81,24.5143,0.0,0.0,0.0,0.0,0.0,0.0,8000.0,77883113873.84,77883.1139
397.5,Agni_Class,MIDCOURSE,2250323.1,2250.3231,643162.42,643.1624,4408.0416,15868.9497,4408.0416,1693.6414,4069.694,-0.0,-9.81,9.81,24.4891,0.0,0.0,0.0,0.0,0.0,0.0,8000.0,77723322844.15,77723.3228
398.0,Agni_Class,MIDCOURSE,2252355.5,2252.3555,644009.24,644.0092,4403.5135,15852.6486,4403.5135,1693.6414,4064.789,-0.0,-9.81,9.81,24.464,0.0,0.0,0.0,0.0,0.0,0.0,8000.0,77563724286.67,77563.7243
398.5,Agni_Class,MIDCOURSE,2254385.44,2254.3854,644856.06,644.8561,4398.9862,15836.3503,4398.9862,1693.6414,4059.884,-0.0,-9.81,9.81,24.4388,0.0,0.0,0.0,0.0,0.0,0.0,8000.0,77404318201.39,77404.3182
399.0,Agni_Class,MIDCOURSE,2256412.93,2256.4129,645702.88,645.7029,4394.4597,15820.055,4394.4597,1693.6414,4054.979,-0.0,-9.81,9.81,24.4137,0.0,0.0,0.0,0.0,0.0,0.0,8000.0,77245104588.31,77245.1046
399.5,Agni_Class,MIDCOURSE,2258437.96,2258.438,646549.7,646.5497,4389.934,15803.7625,4389.934,1693.6414,4050.074,-0.0,-9.81,9.81,24.3885,0.0,0.0,0.0,0.0,0.0,0.0,8000.0,77086083447.42,77086.0834
400.0,Agni_Class,MIDCOURSE,2260460.55,2260.4605,647396.52,647.3965,4385.4092,15787.4731,4385.4092,1693.6414,4045.169,-0.0,-9.81,9.81,24.3634,0.0,0.0,0.0,0.0,0.0,0.0,8000.0,76927254778.74,76927.2548
400.5,Agni_Class,MIDCOURSE,2262480.68,2262.4807,648243.35,648.2433,4380.8851,15771.1865,4380.8851,1693.6414,4040.264,-0.0,-9.81,9.81,24.3383,0.0,0.0,0.0,0.0,0.0,0.0,8000.0,76768618582.26,76768.6186
401.0,Agni_Class,MIDCOURSE,2264498.36,2264.4984,649090.17,649.0902,4376.3619,15754.9029,4376.3619,1693.6414,4035.359,-0.0,-9.81,9.81,24.3131,0.0,0.0,0.0,0.0,0.0,0.0,8000.0,76610174857.98,76610.1749
401.5,Agni_Class,MIDCOURSE,2266513.59,2266.5136,649936.99,649.937,4371.8395,15738.6223,4371.8395,1693.6414,4030.454,-0.0,-9.81,9.81,24.288,0.0,0.0,0.0,0.0,0.0,0.0,8000.0,76451923605.89,76451.9236
402.0,Agni_Class,MIDCOURSE,2268526.36,2268.5264,650783.81,650.7838,4367.318,15722.3447,4367.318,1693.6414,4025.549,-0.0,-9.81,9.81,24.2629,0.0,0.0,0.0,0.0,0.0,0.0,8000.0,76293864826.01,76293.8648
402.5,Agni_Class,MIDCOURSE,2270536.68,2270.5367,651630.63,651.6306,4362.7972,15706.07,4362.7972,1693.6414,4020.644,-0.0,-9.81,9.81,24.2378,0.0,0.0,0.0,0.0,0.0,0.0,8000.0,76135998518.33,76135.9985
403.0,Agni_Class,MIDCOURSE,2272544.55,2272.5446,652477.45,652.4774,4358.2773,15689.7983,4358.2773,1693.6414,4015.739,-0.0,-9.81,9.81,24.2127,0.0,0.0,0.0,0.0,0.0,0.0,8000.0,75978324682.85,75978.3247
403.5,Agni_Class,MIDCOURSE,2274549.97,2274.55,653324.27,653.3243,4353.7582,15673.5297,4353.7582,1693.6414,4010.834,-0.0,-9.81,9.81,24.1875,0.0,0.0,0.0,0.0,0.0,0.0,8000.0,75820843319.56,75820.8433
404.0,Agni_Class,MIDCOURSE,2276552.93,2276.5529,654171.09,654.1711,4349.24,15657.264,4349.24,1693.6414,4005.929,-0.0,-9.81,9.81,24.1624,0.0,0.0,0.0,0.0,0.0,0.0,8000.0,75663554428.48,75663.5544
404.5,Agni_Class,MIDCOURSE,2278553.45,2278.5534,655017.91,655.0179,4344.7226,15641.0014,4344.7226,1693.6414,4001.024,-0.0,-9.81,9.81,24.1373,0.0,0.0,0.0,0.0,0.0,0.0,8000.0,75506458009.6,75506.458
405.0,Agni_Class,MIDCOURSE,2280551.51,2280.5515,655864.73,655.8647,4340.206,15624.7418,4340.206,1693.6414,3996.119,-0.0,-9.81,9.81,24.1123,0.0,0.0,0.0,0.0,0.0,0.0,8000.0,75349554062.92,75349.5541
405.5,Agni_Class,MIDCOURSE,2282547.11,2282.5471,656711.55,656.7116,4335.6903,15608.4852,4335.6903,1693.6414,3991.214,-0.0,-9.81,9.81,24.0872,0.0,0.0,0.0,0.0,0.0,0.0,8000.0,75192842588.43,75192.8426
406.0,Agni_Class,MIDCOURSE,2284540.27,2284.5403,657558.37,657.5584,4331.1755,15592.2317,4331.1755,1693.6414,3986.309,-0.0,-9.81,9.81,24.0621,0.0,0.0,0.0,0.0,0.0,0.0,8000.0,75036323586.15,75036.3236
406.5,Agni_Class,MIDCOURSE,2286530.97,2286.531,658405.19,658.4052,4326.6614,15575.9812,4326.6614,1693.6414,3981.404,-0.0,-9.81,9.81,24.037,0.0,0.0,0.0,0.0,0.0,0.0,8000.0,74879997056.07,74879.9971
407.0,Agni_Class,MIDCOURSE,2288519.22,2288.5192,659252.01,659.252,4322.1483,15559.7338,4322.1483,1693.6414,3976.499,-0.0,-9.81,9.81,24.0119,0.0,0.0,0.0,0.0,0.0,0.0,8000.0,74723862998.18,74723.863
407.5,Agni_Class,MIDCOURSE,2290505.02,2290.505,660098.84,660.0988,4317.636,15543.4895,4317.636,1693.6414,3971.594,-0.0,-9.81,9.81,23.9869,0.0,0.0,0.0,0.0,0.0,0.0,8000.0,74567921412.5,74567.9214
408.0,Agni_Class,MIDCOURSE,2292488.36,2292.4884,660945.66,660.9457,4313.1245,15527.2483,4313.1245,1693.6414,3966.689,-0.0,-9.81,9.81,23.9618,0.0,0.0,0.0,0.0,0.0,0.0,8000.0,74412172299.02,74412.1723
408.5,Agni_Class,MIDCOURSE,2294469.25,2294.4693,661792.48,661.7925,4308.6139,15511.0101,4308.6139,1693.6414,3961.784,-0.0,-9.81,9.81,23.9367,0.0,0.0,0.0,0.0,0.0,0.0,8000.0,74256615657.74,74256.6157
409.0,Agni_Class,MIDCOURSE,2296447.69,2296.4477,662639.3,662.6393,4304.1042,15494.7751,4304.1042,1693.6414,3956.879,-0.0,-9.81,9.81,23.9117,0.0,0.0,0.0,0.0,0.0,0.0,8000.0,74101251488.65,74101.2515
409.5,Agni_Class,MIDCOURSE,2298423.68,2298.4237,663486.12,663.4861,4299.5953,15478.5432,4299.5953,1693.6414,3951.974,-0.0,-9.81,9.81,23.8866,0.0,0.0,0.0,0.0,0.0,0.0,8000.0,73946079791.77,73946.0798
410.0,Agni_Class,MIDCOURSE,2300397.21,2300.3972,664332.94,664.3329,4295.0873,15462.3144,4295.0873,1693.6414,3947.069,-0.0,-9.81,9.81,23.8616,0.0,0.0,0.0,0.0,0.0,0.0,8000.0,73791100567.09,73791.1006
410.5,Agni_Class,MIDCOURSE,2302368.3,2302.3683,665179.76,665.1798,4290.5802,15446.0887,4290.5802,1693.6414,3942.164,-0.0,-9.81,9.81,23.8366,0.0,0.0,0.0,0.0,0.0,0.0,8000.0,73636313814.61,73636.3138
411.0,Agni_Class,MIDCOURSE,2304336.93,2304.3369,666026.58,666.0266,4286.0739,15429.8662,4286.0739,1693.6414,3937.259,-0.0,-9.81,9.81,23.8115,0.0,0.0,0.0,0.0,0.0,0.0,8000.0,73481719534.32,73481.7195
411.5,Agni_Class,MIDCOURSE,2306303.1,2306.3031,666873.4,666.8734,4281.5686,15413.6469,4281.5686,1693.6414,3932.354,-0.0,-9.81,9.81,23.7865,0.0,0.0,0.0,0.0,0.0,0.0,8000.0,73327317726.24,73327.3177
412.0,Agni_Class,MIDCOURSE,2308266.83,2308.2668,667720.22,667.7202,4277.0641,15397.4307,4277.0641,1693.6414,3927.449,-0.0,-9.81,9.81,23.7615,0.0,0.0,0.0,0.0,0.0,0.0,8000.0,73173108390.36,73173.1084
412.5,Agni_Class,MIDCOURSE,2310228.1,2310.2281,668567.04,668.567,4272.5605,15381.2177,4272.5605,1693.6414,3922.544,-0.0,-9.81,9.81,23.7364,0.0,0.0,0.0,0.0,0.0,0.0,8000.0,73019091526.68,73019.0915
413.0,Agni_Class,MIDCOURSE,2312186.92,2312.1869,669413.86,669.4139,4268.0577,15365.0078,4268.0577,1693.6414,3917.639,-0.0,-9.81,9.81,23.7114,0.0,0.0,0.0,0.0,0.0,0.0,8000.0,72865267135.19,72865.2671
413.5,Agni_Class,MIDCOURSE,2314143.29,2314.1433,670260.68,670.2607,4263.5559,15348.8012,4263.5559,1693.6414,3912.734,-0.0,-9.81,9.81,23.6864,0.0,0.0,0.0,0.0,0.0,0.0,8000.0,72711635215.91,72711.6352
414.0,Agni_Class,MIDCOURSE,2316097.2,2316.0972,671107.5,671.1075,4259.0549,15332.5978,4259.0549,1693.6414,3907.829,-0.0,-9.81,9.81,23.6614,0.0,0.0,0.0,0.0,0.0,0.0,8000.0,72558195768.83,72558.1958
414.5,Agni_Class,MIDCOURSE,2318048.66,2318.0487,671954.33,671.9543,4254.5549,15316.3976,4254.5549,1693.6414,3902.924,-0.0,-9.81,9.81,23.6364,0.0,0.0,0.0,0.0,0.0,0.0,8000.0,72404948793.95,72404.9488
415.0,Agni_Class,MIDCOURSE,2319997.67,2319.9977,672801.15,672.8011,4250.0557,15300.2006,4250.0557,1693.6414,3898.019,-0.0,-9.81,9.81,23.6114,0.0,0.0,0.0,0.0,0.0,0.0,8000.0,72251894291.26,72251.8943
415.5,Agni_Class,MIDCOURSE,2321944.23,2321.9442,673647.97,673.648,4245.5575,15284.0068,4245.5575,1693.6414,3893.114,-0.0,-9.81,9.81,23.5864,0.0,0.0,0.0,0.0,0.0,0.0,8000.0,72099032260.78,72099.0323
416.0,Agni_Class,MIDCOURSE,2323888.33,2323.8883,674494.79,674.4948,4241.0601,15267.8163,4241.0601,1693.6414,3888.209,-0.0,-9.81,9.81,23.5614,0.0,0.0,0.0,0.0,0.0,0.0,8000.0,71946362702.5,71946.3627
416.5,Agni_Class,MIDCOURSE,2325829.98,2325.83,675341.61,675.3416,4236.5636,15251.6291,4236.5636,1693.6414,3883.304,-0.0,-9.81,9.81,23.5365,0.0,0.0,0.0,0.0,0.0,0.0,8000.0,71793885616.41,71793.8856
417.0,Agni_Class,MIDCOURSE,2327769.18,2327.7692,676188.43,676.1884,4232.0681,15235.4451,4232.0681,1693.6414,3878.399,-0.0,-9.81,9.81,23.5115,0.0,0.0,0.0,0.0,0.0,0.0,8000.0,71641601002.53,71641.601
417.5,Agni_Class,MIDCOURSE,2329705.93,2329.7059,677035.25,677.0352,4227.5734,15219.2644,4227.5734,1693.6414,3873.494,-0.0,-9.81,9.81,23.4865,0.0,0.0,0.0,0.0,0.0,0.0,8000.0,71489508860.85,71489.5089
418.0,Agni_Class,MIDCOURSE,2331640.23,2331.6402,677882.07,677.8821,4223.0797,15203.087,4223.0797,1693.6414,3868.589,-0.0,-9.81,9.81,23.4616,0.0,0.0,0.0,0.0,0.0,0.0,8000.0,71337609191.37,71337.6092
418.5,Agni_Class,MIDCOURSE,2333572.07,2333.5721,678728.89,678.7289,4218.5869,15186.9129,4218.5869,1693.6414,3863.684,-0.0,-9.81,9.81,23.4366,0.0,0.0,0.0,0.0,0.0,0.0,8000.0,71185901994.08,71185.902
419.0,Agni_Class,MIDCOURSE,2335501.46,2335.5015,679575.71,679.5757,4214.095,15170.7421,4214.095,1693.6414,3858.779,-0.0,-9.81,9.81,23.4116,0.0,0.0,0.0,0.0,0.0,0.0,8000.0,71034387269.0,71034.3873
419.5,Agni_Class,MIDCOURSE,2337428.39,2337.4284,680422.53,680.4225,4209.604,15154.5746,4209.604,1693.6414,3853.874,-0.0,-9.81,9.81,23.3867,0.0,0.0,0.0,0.0,0.0,0.0,8000.0,70883065016.12,70883.065
420.0,Agni_Class,MIDCOURSE,2339352.88,2339.3529,681269.35,681.2694,4205.114,15138.4104,4205.114,1693.6414,3848.969,-0.0,-9.81,9.81,23.3617,0.0,0.0,0.0,0.0,0.0,0.0,8000.0,70731935235.44,70731.9352
420.5,Agni_Class,MIDCOURSE,2341274.91,2341.2749,682116.17,682.1162,4200.6249,15122.2496,4200.6249,1693.6414,3844.064,-0.0,-9.81,9.81,23.3368,0.0,0.0,0.0,0.0,0.0,0.0,8000.0,70580997926.95,70580.9979
421.0,Agni_Class,MIDCOURSE,2343194.49,2343.1945,682962.99,682.963,4196.1367,15106.0921,4196.1367,1693.6414,3839.159,-0.0,-9.81,9.81,23.3119,0.0,0.0,0.0,0.0,0.0,0.0,8000.0,70430253090.67,70430.2531
421.5,Agni_Class,MIDCOURSE,2345111.62,2345.1116,683809.82,683.8098,4191.6495,15089.9381,4191.6495,1693.6414,3834.254,-0.0,-9.81,9.81,23.2869,0.0,0.0,0.0,0.0,0.0,0.0,8000.0,70279700726.59,70279.7007
422.0,Agni_Class,MIDCOURSE,2347026.29,2347.0263,684656.64,684.6566,4187.1631,15073.7873,4187.1631,1693.6414,3829.349,-0.0,-9.81,9.81,23.262,0.0,0.0,0.0,0.0,0.0,0.0,8000.0,70129340834.71,70129.3408
422.5,Agni_Class,MIDCOURSE,2348938.51,2348.9385,685503.46,685.5035,4182.6778,15057.64,4182.6778,1693.6414,3824.444,-0.0,-9.81,9.81,23.2371,0.0,0.0,0.0,0.0,0.0,0.0,8000.0,69979173415.02,69979.1734
423.0,Agni_Class,MIDCOURSE,2350848.28,2350.8483,686350.28,686.3503,4178.1933,15041.496,4178.1933,1693.6414,3819.539,-0.0,-9.81,9.81,23.2122,0.0,0.0,0.0,0.0,0.0,0.0,8000.0,69829198467.54,69829.1985
423.5,Agni_Class,MIDCOURSE,2352755.6,2352.7556,687197.1,687.1971,4173.7099,15025.3555,4173.7099,1693.6414,3814.634,-0.0,-9.81,9.81,23.1873,0.0,0.0,0.0,0.0,0.0,0.0,8000.0,69679415992.26,69679.416
424.0,Agni_Class,MIDCOURSE,2354660.47,2354.6605,688043.92,688.0439,4169.2273,15009.2184,4169.2273,1693.6414,3809.729,-0.0,-9.81,9.81,23.1624,0.0,0.0,0.0,0.0,0.0,0.0,8000.0,69529825989.17,69529.826
424.5,Agni_Class,MIDCOURSE,2356562.88,2356.5629,688890.74,688.8907,4164.7457,14993.0847,4164.7457,1693.6414,3804.824,-0.0,-9.81,9.81,23.1375,0.0,0.0,0.0,0.0,0.0,0.0,8000.0,69380428458.29,69380.4285
425.0,Agni_Class,MIDCOURSE,2358462.84,2358.4628,689737.56,689.7376,4160.2651,14976.9544,4160.2651,1693.6414,3799.919,-0.0,-9.81,9.81,23.1126,0.0,0.0,0.0,0.0,0.0,0.0,8000.0,69231223399.61,69231.2234
425.5,Agni_Class,MIDCOURSE,2360360.34,2360.3603,690584.38,690.5844,4155.7854,14960.8276,4155.7854,1693.6414,3795.014,-0.0,-9.81,9.81,23.0877,0.0,0.0,0.0,0.0,0.0,0.0,8000.0,69082210813.13,69082.2108
426.0,Agni_Class,MIDCOURSE,2362255.4,2362.2554,691431.2,691.4312,4151.3067,14944.7043,4151.3067,1693.6414,3790.109,-0.0,-9.81,9.81,23.0628,0.0,0.0,0.0,0.0,0.0,0.0,8000.0,68933390698.84,68933.3907
426.5,Agni_Class,MIDCOURSE,2364148.0,2364.148,692278.02,692.278,4146.829,14928.5844,4146.829,1693.6414,3785.204,-0.0,-9.81,9.81,23.0379,0.0,0.0,0.0,0.0,0.0,0.0,8000.0,68784763056.76,68784.7631
427.0,Agni_Class,MIDCOURSE,2366038.15,2366.0381,693124.84,693.1248,4142.3522,14912.468,4142.3522,1693.6414,3780.299,-0.0,-9.81,9.81,23.0131,0.0,0.0,0.0,0.0,0.0,0.0,8000.0,68636327886.88,68636.3279
427.5,Agni_Class,MIDCOURSE,2367925.85,2367.9258,693971.66,693.9717,4137.8764,14896.3551,4137.8764,1693.6414,3775.394,-0.0,-9.81,9.81,22.9882,0.0,0.0,0.0,0.0,0.0,0.0,8000.0,68488085189.2,68488.0852
428.0,Agni_Class,MIDCOURSE,2369811.09,2369.8111,694818.48,694.8185,4133.4016,14880.2457,4133.4016,1693.6414,3770.489,-0.0,-9.81,9.81,22.9633,0.0,0.0,0.0,0.0,0.0,0.0,8000.0,68340034963.71,68340.035
428.5,Agni_Class,MIDCOURSE,2371693.88,2371.6939,695665.31,695.6653,4128.9277,14864.1399,4128.9277,1693.6414,3765.584,-0.0,-9.81,9.81,22.9385,0.0,0.0,0.0,0.0,0.0,0.0,8000.0,68192177210.43,68192.1772
429.0,Agni_Class,MIDCOURSE,2373574.22,2373.5742,696512.13,696.5121,4124.4549,14848.0375,4124.4549,1693.6414,3760.679,-0.0,-9.81,9.81,22.9136,0.0,0.0,0.0,0.0,0.0,0.0,8000.0,68044511929.35,68044.5119
429.5,Agni_Class,MIDCOURSE,2375452.11,2375.4521,697358.95,697.3589,4119.983,14831.9387,4119.983,1693.6414,3755.774,-0.0,-9.81,9.81,22.8888,0.0,0.0,0.0,0.0,0.0,0.0,8000.0,67897039120.47,67897.0391
430.0,Agni_Class,MIDCOURSE,2377327.54,2377.3275,698205.77,698.2058,4115.5121,14815.8435,4115.5121,1693.6414,3750.869,-0.0,-9.81,9.81,22.864,0.0,0.0,0.0,0.0,0.0,0.0,8000.0,67749758783.78,67749.7588
430.5,Agni_Class,MIDCOURSE,2379200.53,2379.2005,699052.59,699.0526,4111.0422,14799.7518,4111.0422,1693.6414,3745.964,-0.0,-9.81,9.81,22.8391,0.0,0.0,0.0,0.0,0.0,0.0,8000.0,67602670919.3,67602.6709
431.0,Agni_Class,MIDCOURSE,2381071.06,2381.0711,699899.41,699.8994,4106.5733,14783.6637,4106.5733,1693.6414,3741.059,-0.0,-9.81,9.81,22.8143,0.0,0.0,0.0,0.0,0.0,0.0,8000.0,67455775527.02,67455.7755
431.5,Agni_Class,MIDCOURSE,2382939.13,2382.9391,700746.23,700.7462,4102.1053,14767.5792,4102.1053,1693.6414,3736.154,-0.0,-9.81,9.81,22.7895,0.0,0.0,0.0,0.0,0.0,0.0,8000.0,67309072606.94,67309.0726
432.0,Agni_Class,MIDCOURSE,2384804.76,2384.8048,701593.05,701.5931,4097.6384,14751.4983,4097.6384,1693.6414,3731.249,-0.0,-9.81,9.81,22.7647,0.0,0.0,0.0,0.0,0.0,0.0,8000.0,67162562159.05,67162.5622
432.5,Agni_Class,MIDCOURSE,2386667.93,2386.6679,702439.87,702.4399,4093.1725,14735.421,4093.1725,1693.6414,3726.344,-0.0,-9.81,9.81,22.7398,0.0,0.0,0.0,0.0,0.0,0.0,8000.0,67016244183.37,67016.2442
433.0,Agni_Class,MIDCOURSE,2388528.65,2388.5286,703286.69,703.2867,4088.7076,14719.3473,4088.7076,1693.6414,3721.439,-0.0,-9.81,9.81,22.715,0.0,0.0,0.0,0.0,0.0,0.0,8000.0,66870118679.89,66870.1187
433.5,Agni_Class,MIDCOURSE,2390386.92,2390.3869,704133.51,704.1335,4084.2437,14703.2772,4084.2437,1693.6414,3716.534,-0.0,-9.81,9.81,22.6902,0.0,0.0,0.0,0.0,0.0,0.0,8000.0,66724185648.6,66724.1856
434.0,Agni_Class,MIDCOURSE,2392242.73,2392.2427,704980.33,704.9803,4079.7808,14687.2108,4079.7808,1693.6414,3711.629,-0.0,-9.81,9.81,22.6654,0.0,0.0,0.0,0.0,0.0,0.0,8000.0,66578445089.52,66578.4451
434.5,Agni_Class,MIDCOURSE,2394096.09,2394.0961,705827.15,705.8272,4075.3189,14671.1481,4075.3189,1693.6414,3706.724,-0.0,-9.81,9.81,22.6407,0.0,0.0,0.0,0.0,0.0,0.0,8000.0,66432897002.64,66432.897
435.0,Agni_Class,MIDCOURSE,2395947.0,2395.947,706673.97,706.674,4070.8581,14655.089,4070.8581,1693.6414,3701.819,-0.0,-9.81,9.81,22.6159,0.0,0.0,0.0,0.0,0.0,0.0,8000.0,66287541387.96,66287.5414
435.5,Agni_Class,MIDCOURSE,2397795.46,2397.7955,707520.8,707.5208,4066.3982,14639.0336,4066.3982,1693.6414,3696.914,-0.0,-9.81,9.81,22.5911,0.0,0.0,0.0,0.0,0.0,0.0,8000.0,66142378245.47,66142.3782
436.0,Agni_Class,MIDCOURSE,2399641.46,2399.6415,708367.62,708.3676,4061.9394,14622.9819,4061.9394,1693.6414,3692.009,-0.0,-9.81,9.81,22.5663,0.0,0.0,0.0,0.0,0.0,0.0,8000.0,65997407575.19,65997.4076
436.5,Agni_Class,MIDCOURSE,2401485.02,2401.485,709214.44,709.2144,4057.4817,14606.9339,4057.4817,1693.6414,3687.104,-0.0,-9.81,9.81,22.5416,0.0,0.0,0.0,0.0,0.0,0.0,8000.0,65852629377.11,65852.6294
437.0,Agni_Class,MIDCOURSE,2403326.11,2403.3261,710061.26,710.0613,4053.0249,14590.8897,4053.0249,1693.6414,3682.199,-0.0,-9.81,9.81,22.5168,0.0,0.0,0.0,0.0,0.0,0.0,8000.0,65708043651.23,65708.0437
437.5,Agni_Class,MIDCOURSE,2405164.76,2405.1648,710908.08,710.9081,4048.5692,14574.8491,4048.5692,1693.6414,3677.294,-0.0,-9.81,9.81,22.4921,0.0,0.0,0.0,0.0,0.0,0.0,8000.0,65563650397.54,65563.6504
438.0,Agni_Class,MIDCOURSE,2407000.96,2407.001,711754.9,711.7549,4044.1145,14558.8123,4044.1145,1693.6414,3672.389,-0.0,-9.81,9.81,22.4673,0.0,0.0,0.0,0.0,0.0,0.0,8000.0,65419449616.06,65419.4496
438.5,Agni_Class,MIDCOURSE,2408834.7,2408.8347,712601.72,712.6017,4039.6609,14542.7793,4039.6609,1693.6414,3667.484,-0.0,-9.81,9.81,22.4426,0.0,0.0,0.0,0.0,0.0,0.0,8000.0,65275441306.78,65275.4413
439.0,Agni_Class,MIDCOURSE,2410665.99,2410.666,713448.54,713.4485,4035.2083,14526.75,4035.2083,1693.6414,3662.579,-0.0,-9.81,9.81,22.4178,0.0,0.0,0.0,0.0,0.0,0.0,8000.0,65131625469.7,65131.6255
439.5,Agni_Class,MIDCOURSE,2412494.82,2412.4948,714295.36,714.2954,4030.7568,14510.7245,4030.7568,1693.6414,3657.674,-0.0,-9.81,9.81,22.3931,0.0,0.0,0.0,0.0,0.0,0.0,8000.0,64988002104.81,64988.0021
440.0,Agni_Class,MIDCOURSE,2414321.21,2414.3212,715142.18,715.1422,4026.3063,14494.7029,4026.3063,1693.6414,3652.769,-0.0,-9.81,9.81,22.3684,0.0,0.0,0.0,0.0,0.0,0.0,8000.0,64844571212.13,64844.5712
440.5,Agni_Class,MIDCOURSE,2416145.14,2416.1451,715989.0,715.989,4021.8569,14478.685,4021.8569,1693.6414,3647.864,-0.0,-9.81,9.81,22.3436,0.0,0.0,0.0,0.0,0.0,0.0,8000.0,64701332791.65,64701.3328
441.0,Agni_Class,MIDCOURSE,2417966.62,2417.9666,716835.82,716.8358,4017.4086,14462.6709,4017.4086,1693.6414,3642.959,-0.0,-9.81,9.81,22.3189,0.0,0.0,0.0,0.0,0.0,0.0,8000.0,64558286843.37,64558.2868
441.5,Agni_Class,MIDCOURSE,2419785.65,2419.7856,717682.64,717.6826,4012.9613,14446.6607,4012.9613,1693.6414,3638.054,-0.0,-9.81,9.81,22.2942,0.0,0.0,0.0,0.0,0.0,0.0,8000.0,64415433367.28,64415.4334
442.0,Agni_Class,MIDCOURSE,2421602.22,2421.6022,718529.46,718.5295,4008.5151,14430.6543,4008.5151,1693.6414,3633.149,-0.0,-9.81,9.81,22.2695,0.0,0.0,0.0,0.0,0.0,0.0,8000.0,64272772363.4,64272.7724
442.5,Agni_Class,MIDCOURSE,2423416.34,2423.4163,719376.29,719.3763,4004.0699,14414.6517,4004.0699,1693.6414,3628.244,-0.0,-9.81,9.81,22.2448,0.0,0.0,0.0,0.0,0.0,0.0,8000.0,64130303831.72,64130.3038
443.0,Agni_Class,MIDCOURSE,2425228.01,2425.228,720223.11,720.2231,3999.6259,14398.6531,3999.6259,1693.6414,3623.339,-0.0,-9.81,9.81,22.2201,0.0,0.0,0.0,0.0,0.0,0.0,8000.0,63988027772.23,63988.0278
443.5,Agni_Class,MIDCOURSE,2427037.23,2427.0372,721069.93,721.0699,3995.1829,14382.6583,3995.1829,1693.6414,3618.434,-0.0,-9.81,9.81,22.1955,0.0,0.0,0.0,0.0,0.0,0.0,8000.0,63845944184.95,63845.9442
444.0,Agni_Class,MIDCOURSE,2428844.0,2428.844,721916.75,721.9167,3990.7409,14366.6674,3990.7409,1693.6414,3613.529,-0.0,-9.81,9.81,22.1708,0.0,0.0,0.0,0.0,0.0,0.0,8000.0,63704053069.87,63704.0531
444.5,Agni_Class,MIDCOURSE,2430648.31,2430.6483,722763.57,722.7636,3986.3001,14350.6804,3986.3001,1693.6414,3608.624,-0.0,-9.81,9.81,22.1461,0.0,0.0,0.0,0.0,0.0,0.0,8000.0,63562354426.99,63562.3544
445.0,Agni_Class,MIDCOURSE,2432450.17,2432.4502,723610.39,723.6104,3981.8604,14334.6974,3981.8604,1693.6414,3603.719,-0.0,-9.81,9.81,22.1214,0.0,0.0,0.0,0.0,0.0,0.0,8000.0,63420848256.3,63420.8483
445.5,Agni_Class,MIDCOURSE,2434249.57,2434.2496,724457.21,724.4572,3977.4217,14318.7182,3977.4217,1693.6414,3598.814,-0.0,-9.81,9.81,22.0968,0.0,0.0,0.0,0.0,0.0,0.0,8000.0,63279534557.82,63279.5346
446.0,Agni_Class,MIDCOURSE,2436046.53,2436.0465,725304.03,725.304,3972.9842,14302.7431,3972.9842,1693.6414,3593.909,-0.0,-9.81,9.81,22.0721,0.0,0.0,0.0,0.0,0.0,0.0,8000.0,63138413331.54,63138.4133
446.5,Agni_Class,MIDCOURSE,2437841.03,2437.841,726150.85,726.1509,3968.5477,14286.7719,3968.5477,1693.6414,3589.004,-0.0,-9.81,9.81,22.0475,0.0,0.0,0.0,0.0,0.0,0.0,8000.0,62997484577.46,62997.4846
447.0,Agni_Class,MIDCOURSE,2439633.08,2439.6331,726997.67,726.9977,3964.1124,14270.8046,3964.1124,1693.6414,3584.099,-0.0,-9.81,9.81,22.0228,0.0,0.0,0.0,0.0,0.0,0.0,8000.0,62856748295.57,62856.7483
447.5,Agni_Class,MIDCOURSE,2441422.68,2441.4227,727844.49,727.8445,3959.6782,14254.8414,3959.6782,1693.6414,3579.194,-0.0,-9.81,9.81,21.9982,0.0,0.0,0.0,0.0,0.0,0.0,8000.0,62716204485.89,62716.2045
448.0,Agni_Class,MIDCOURSE,2443209.82,2443.2098,728691.31,728.6913,3955.245,14238.8821,3955.245,1693.6414,3574.289,-0.0,-9.81,9.81,21.9736,0.0,0.0,0.0,0.0,0.0,0.0,8000.0,62575853148.41,62575.8531
448.5,Agni_Class,MIDCOURSE,2444994.51,2444.9945,729538.13,729.5381,3950.813,14222.9269,3950.813,1693.6414,3569.384,-0.0,-9.81,9.81,21.949,0.0,0.0,0.0,0.0,0.0,0.0,8000.0,62435694283.13,62435.6943
449.0,Agni_Class,MIDCOURSE,2446776.75,2446.7768,730384.95,730.385,3946.3821,14206.9757,3946.3821,1693.6414,3564.479,-0.0,-9.81,9.81,21.9243,0.0,0.0,0.0,0.0,0.0,0.0,8000.0,62295727890.04,62295.7279
449.5,Agni_Class,MIDCOURSE,2448556.54,2448.5565,731231.78,731.2318,3941.9524,14191.0285,3941.9524,1693.6414,3559.574,-0.0,-9.81,9.81,21.8997,0.0,0.0,0.0,0.0,0.0,0.0,8000.0,62155953969.16,62155.954
450.0,Agni_Class,MIDCOURSE,2450333.87,2450.3339,732078.6,732.0786,3937.5237,14175.0854,3937.5237,1693.6414,3554.669,-0.0,-9.81,9.81,21.8751,0.0,0.0,0.0,0.0,0.0,0.0,8000.0,62016372520.48,62016.3725
450.5,Agni_Class,MIDCOURSE,2452108.76,2452.1088,732925.42,732.9254,3933.0962,14159.1464,3933.0962,1693.6414,3549.764,-0.0,-9.81,9.81,21.8505,0.0,0.0,0.0,0.0,0.0,0.0,8000.0,61876983544.0,61876.9835
451.0,Agni_Class,MIDCOURSE,2453881.19,2453.8812,733772.24,733.7722,3928.6698,14143.2114,3928.6698,1693.6414,3544.859,-0.0,-9.81,9.81,21.8259,0.0,0.0,0.0,0.0,0.0,0.0,8000.0,61737787039.71,61737.787
451.5,Agni_Class,MIDCOURSE,2455651.16,2455.6512,734619.06,734.6191,3924.2446,14127.2806,3924.2446,1693.6414,3539.954,-0.0,-9.81,9.81,21.8014,0.0,0.0,0.0,0.0,0.0,0.0,8000.0,61598783007.63,61598.783
452.0,Agni_Class,MIDCOURSE,2457418.69,2457.4187,735465.88,735.4659,3919.8205,14111.3539,3919.8205,1693.6414,3535.049,-0.0,-9.81,9.81,21.7768,0.0,0.0,0.0,0.0,0.0,0.0,8000.0,61459971447.75,61459.9714
452.5,Agni_Class,MIDCOURSE,2459183.76,2459.1838,736312.7,736.3127,3915.3976,14095.4312,3915.3976,1693.6414,3530.144,-0.0,-9.81,9.81,21.7522,0.0,0.0,0.0,0.0,0.0,0.0,8000.0,61321352360.06,61321.3524
453.0,Agni_Class,MIDCOURSE,2460946.38,2460.9464,737159.52,737.1595,3910.9758,14079.5128,3910.9758,1693.6414,3525.239,-0.0,-9.81,9.81,21.7276,0.0,0.0,0.0,0.0,0.0,0.0,8000.0,61182925744.58,61182.9257
453.5,Agni_Class,MIDCOURSE,2462706.55,2462.7065,738006.34,738.0063,3906.5551,14063.5984,3906.5551,1693.6414,3520.334,-0.0,-9.81,9.81,21.7031,0.0,0.0,0.0,0.0,0.0,0.0,8000.0,61044691601.3,61044.6916
454.0,Agni_Class,MIDCOURSE,2464464.26,2464.4643,738853.16,738.8532,3902.1356,14047.6883,3902.1356,1693.6414,3515.429,-0.0,-9.81,9.81,21.6785,0.0,0.0,0.0,0.0,0.0,0.0,8000.0,60906649930.22,60906.6499
454.5,Agni_Class,MIDCOURSE,2466219.52,2466.2195,739699.98,739.7,3897.7173,14031.7823,3897.7173,1693.6414,3510.524,-0.0,-9.81,9.81,21.654,0.0,0.0,0.0,0.0,0.0,0.0,8000.0,60768800731.33,60768.8007
455.0,Agni_Class,MIDCOURSE,2467972.33,2467.9723,740546.8,740.5468,3893.3001,14015.8805,3893.3001,1693.6414,3505.619,-0.0,-9.81,9.81,21.6294,0.0,0.0,0.0,0.0,0.0,0.0,8000.0,60631144004.65,60631.144
455.5,Agni_Class,MIDCOURSE,2469722.69,2469.7227,741393.62,741.3936,3888.8842,13999.9829,3888.8842,1693.6414,3500.714,-0.0,-9.81,9.81,21.6049,0.0,0.0,0.0,0.0,0.0,0.0,8000.0,60493679750.17,60493.6798
456.0,Agni_Class,MIDCOURSE,2471470.59,2471.4706,742240.44,742.2404,3884.4693,13984.0896,3884.4693,1693.6414,3495.809,-0.0,-9.81,9.81,21.5804,0.0,0.0,0.0,0.0,0.0,0.0,8000.0,60356407967.89,60356.408
456.5,Agni_Class,MIDCOURSE,2473216.05,2473.216,743087.26,743.0873,3880.0557,13968.2005,3880.0557,1693.6414,3490.904,-0.0,-9.81,9.81,21.5559,0.0,0.0,0.0,0.0,0.0,0.0,8000.0,60219328657.8,60219.3287
457.0,Agni_Class,MIDCOURSE,2474959.05,2474.959,743934.09,743.9341,3875.6432,13952.3156,3875.6432,1693.6414,3485.999,-0.0,-9.81,9.81,21.5314,0.0,0.0,0.0,0.0,0.0,0.0,8000.0,60082441819.92,60082.4418
457.5,Agni_Class,MIDCOURSE,2476699.59,2476.6996,744780.91,744.7809,3871.232,13936.435,3871.232,1693.6414,3481.094,-0.0,-9.81,9.81,21.5068,0.0,0.0,0.0,0.0,0.0,0.0,8000.0,59945747454.24,59945.7475
458.0,Agni_Class,MIDCOURSE,2478437.69,2478.4377,745627.73,745.6277,3866.8219,13920.5587,3866.8219,1693.6414,3476.189,-0.0,-9.81,9.81,21.4823,0.0,0.0,0.0,0.0,0.0,0.0,8000.0,59809245560.76,59809.2456
458.5,Agni_Class,MIDCOURSE,2480173.33,2480.1733,746474.55,746.4745,3862.413,13904.6867,3862.413,1693.6414,3471.284,-0.0,-9.81,9.81,21.4578,0.0,0.0,0.0,0.0,0.0,0.0,8000.0,59672936139.47,59672.9361
459.0,Agni_Class,MIDCOURSE,2481906.52,2481.9065,747321.37,747.3214,3858.0053,13888.819,3858.0053,1693.6414,3466.379,-0.0,-9.81,9.81,21.4334,0.0,0.0,0.0,0.0,0.0,0.0,8000.0,59536819190.39,59536.8192
459.5,Agni_Class,MIDCOURSE,2483637.26,2483.6373,748168.19,748.1682,3853.5988,13872.9557,3853.5988,1693.6414,3461.474,-0.0,-9.81,9.81,21.4089,0.0,0.0,0.0,0.0,0.0,0.0,8000.0,59400894713.51,59400.8947
460.0,Agni_Class,MIDCOURSE,2485365.54,2485.3655,749015.01,749.015,3849.1935,13857.0966,3849.1935,1693.6414,3456.569,-0.0,-9.81,9.81,21.3844,0.0,0.0,0.0,0.0,0.0,0.0,8000.0,59265162708.83,59265.1627
460.5,Agni_Class,MIDCOURSE,2487091.37,2487.0914,749861.83,749.8618,3844.7894,13841.242,3844.7894,1693.6414,3451.664,-0.0,-9.81,9.81,21.3599,0.0,0.0,0.0,0.0,0.0,0.0,8000.0,59129623176.34,59129.6232
461.0,Agni_Class,MIDCOURSE,2488814.75,2488.8148,750708.65,750.7087,3840.3866,13825.3917,3840.3866,1693.6414,3446.759,-0.0,-9.81,9.81,21.3355,0.0,0.0,0.0,0.0,0.0,0.0,8000.0,58994276116.06,58994.2761
461.5,Agni_Class,MIDCOURSE,2490535.68,2490.5357,751555.47,751.5555,3835.9849,13809.5457,3835.9849,1693.6414,3441.854,-0.0,-9.81,9.81,21.311,0.0,0.0,0.0,0.0,0.0,0.0,8000.0,58859121527.98,58859.1215
462.0,Agni_Class,MIDCOURSE,2492254.15,2492.2542,752402.29,752.4023,3831.5845,13793.7042,3831.5845,1693.6414,3436.949,-0.0,-9.81,9.81,21.2866,0.0,0.0,0.0,0.0,0.0,0.0,8000.0,58724159412.09,58724.1594
462.5,Agni_Class,MIDCOURSE,2493970.18,2493.9702,753249.11,753.2491,3827.1853,13777.8671,3827.1853,1693.6414,3432.044,-0.0,-9.81,9.81,21.2621,0.0,0.0,0.0,0.0,0.0,0.0,8000.0,58589389768.41,58589.3898
463.0,Agni_Class,MIDCOURSE,2495683.74,2495.6837,754095.93,754.0959,3822.7874,13762.0345,3822.7874,1693.6414,3427.139,-0.0,-9.81,9.81,21.2377,0.0,0.0,0.0,0.0,0.0,0.0,8000.0,58454812596.93,58454.8126
463.5,Agni_Class,MIDCOURSE,2497394.86,2497.3949,754942.75,754.9428,3818.3906,13746.2063,3818.3906,1693.6414,3422.234,-0.0,-9.81,9.81,21.2133,0.0,0.0,0.0,0.0,0.0,0.0,8000.0,58320427897.65,58320.4279
464.0,Agni_Class,MIDCOURSE,2499103.53,2499.1035,755789.58,755.7896,3813.9951,13730.3825,3813.9951,1693.6414,3417.329,-0.0,-9.81,9.81,21.1889,0.0,0.0,0.0,0.0,0.0,0.0,8000.0,58186235670.56,58186.2357
464.5,Agni_Class,MIDCOURSE,2500809.74,2500.8097,756636.4,756.6364,3809.6009,13714.5632,3809.6009,1693.6414,3412.424,-0.0,-9.81,9.81,21.1644,0.0,0.0,0.0,0.0,0.0,0.0,8000.0,58052235915.68,58052.2359
465.0,Agni_Class,MIDCOURSE,2502513.5,2502.5135,757483.22,757.4832,3805.2079,13698.7484,3805.2079,1693.6414,3407.519,-0.0,-9.81,9.81,21.14,0.0,0.0,0.0,0.0,0.0,0.0,8000.0,57918428633.0,57918.4286
465.5,Agni_Class,MIDCOURSE,2504214.8,2504.2148,758330.04,758.33,3800.8162,13682.9382,3800.8162,1693.6414,3402.614,-0.0,-9.81,9.81,21.1156,0.0,0.0,0.0,0.0,0.0,0.0,8000.0,57784813822.52,57784.8138
466.0,Agni_Class,MIDCOURSE,2505913.66,2505.9137,759176.86,759.1769,3796.4257,13667.1324,3796.4257,1693.6414,3397.709,-0.0,-9.81,9.81,21.0913,0.0,0.0,0.0,0.0,0.0,0.0,8000.0,57651391484.23,57651.3915
466.5,Agni_Class,MIDCOURSE,2507610.06,2507.6101,760023.68,760.0237,3792.0364,13651.3312,3792.0364,1693.6414,3392.804,-0.0,-9.81,9.81,21.0669,0.0,0.0,0.0,0.0,0.0,0.0,8000.0,57518161618.15,57518.1616
467.0,Agni_Class,MIDCOURSE,2509304.01,2509.304,760870.5,760.8705,3787.6485,13635.5346,3787.6485,1693.6414,3387.899,-0.0,-9.81,9.81,21.0425,0.0,0.0,0.0,0.0,0.0,0.0,8000.0,57385124224.27,57385.1242
467.5,Agni_Class,MIDCOURSE,2510995.51,2510.9955,761717.32,761.7173,3783.2618,13619.7425,3783.2618,1693.6414,3382.994,-0.0,-9.81,9.81,21.0181,0.0,0.0,0.0,0.0,0.0,0.0,8000.0,57252279302.59,57252.2793
468.0,Agni_Class,MIDCOURSE,2512684.55,2512.6846,762564.14,762.5641,3778.8764,13603.955,3778.8764,1693.6414,3378.089,-0.0,-9.81,9.81,20.9938,0.0,0.0,0.0,0.0,0.0,0.0,8000.0,57119626853.1,57119.6269
468.5,Agni_Class,MIDCOURSE,2514371.14,2514.3711,763410.96,763.411,3774.4922,13588.1721,3774.4922,1693.6414,3373.184,-0.0,-9.81,9.81,20.9694,0.0,0.0,0.0,0.0,0.0,0.0,8000.0,56987166875.82,56987.1669
469.0,Agni_Class,MIDCOURSE,2516055.28,2516.0553,764257.78,764.2578,3770.1094,13572.3938,3770.1094,1693.6414,3368.279,-0.0,-9.81,9.81,20.9451,0.0,0.0,0.0,0.0,0.0,0.0,8000.0,56854899370.74,56854.8994
469.5,Agni_Class,MIDCOURSE,2517736.97,2517.737,765104.6,765.1046,3765.7278,13556.6202,3765.7278,1693.6414,3363.374,-0.0,-9.81,9.81,20.9207,0.0,0.0,0.0,0.0,0.0,0.0,8000.0,56722824337.86,56722.8243
470.0,Agni_Class,MIDCOURSE,2519416.21,2519.4162,765951.42,765.9514,3761.3476,13540.8512,3761.3476,1693.6414,3358.469,-0.0,-9.81,9.81,20.8964,0.0,0.0,0.0,0.0,0.0,0.0,8000.0,56590941777.17,56590.9418
470.5,Agni_Class,MIDCOURSE,2521092.99,2521.093,766798.24,766.7982,3756.9686,13525.0869,3756.9686,1693.6414,3353.564,-0.0,-9.81,9.81,20.872,0.0,0.0,0.0,0.0,0.0,0.0,8000.0,56459251688.69,56459.2517
471.0,Agni_Class,MIDCOURSE,2522767.32,2522.7673,767645.07,767.6451,3752.5909,13509.3273,3752.5909,1693.6414,3348.659,-0.0,-9.81,9.81,20.8477,0.0,0.0,0.0,0.0,0.0,0.0,8000.0,56327754072.41,56327.7541
471.5,Agni_Class,MIDCOURSE,2524439.19,2524.4392,768491.89,768.4919,3748.2145,13493.5723,3748.2145,1693.6414,3343.754,-0.0,-9.81,9.81,20.8234,0.0,0.0,0.0,0.0,0.0,0.0,8000.0,56196448928.32,56196.4489
472.0,Agni_Class,MIDCOURSE,2526108.62,2526.1086,769338.71,769.3387,3743.8395,13477.8221,3743.8395,1693.6414,3338.849,-0.0,-9.81,9.81,20.7991,0.0,0.0,0.0,0.0,0.0,0.0,8000.0,56065336256.44,56065.3363
472.5,Agni_Class,MIDCOURSE,2527775.59,2527.7756,770185.53,770.1855,3739.4657,13462.0767,3739.4657,1693.6414,3333.944,-0.0,-9.81,9.81,20.7748,0.0,0.0,0.0,0.0,0.0,0.0,8000.0,55934416056.76,55934.4161
473.0,Agni_Class,MIDCOURSE,2529440.11,2529.4401,771032.35,771.0323,3735.0933,13446.3359,3735.0933,1693.6414,3329.039,-0.0,-9.81,9.81,20.7505,0.0,0.0,0.0,0.0,0.0,0.0,8000.0,55803688329.28,55803.6883
473.5,Agni_Class,MIDCOURSE,2531102.18,2531.1022,771879.17,771.8792,3730.7222,13430.6,3730.7222,1693.6414,3324.134,-0.0,-9.81,9.81,20.7262,0.0,0.0,0.0,0.0,0.0,0.0,8000.0,55673153073.99,55673.1531
474.0,Agni_Class,MIDCOURSE,2532761.79,2532.7618,772725.99,772.726,3726.3524,13414.8688,3726.3524,1693.6414,3319.229,-0.0,-9.81,9.81,20.702,0.0,0.0,0.0,0.0,0.0,0.0,8000.0,55542810290.91,55542.8103
474.5,Agni_Class,MIDCOURSE,2534418.95,2534.419,773572.81,773.5728,3721.984,13399.1424,3721.984,1693.6414,3314.324,-0.0,-9.81,9.81,20.6777,0.0,0.0,0.0,0.0,0.0,0.0,8000.0,55412659980.03,55412.66
475.0,Agni_Class,MIDCOURSE,2536073.66,2536.0737,774419.63,774.4196,3717.6169,13383.4209,3717.6169,1693.6414,3309.419,-0.0,-9.81,9.81,20.6534,0.0,0.0,0.0,0.0,0.0,0.0,8000.0,55282702141.35,55282.7021
475.5,Agni_Class,MIDCOURSE,2537725.92,2537.7259,775266.45,775.2665,3713.2512,13367.7042,3713.2512,1693.6414,3304.514,-0.0,-9.81,9.81,20.6292,0.0,0.0,0.0,0.0,0.0,0.0,8000.0,55152936774.86,55152.9368
476.0,Agni_Class,MIDCOURSE,2539375.72,2539.3757,776113.27,776.1133,3708.8868,13351.9923,3708.8868,1693.6414,3299.609,-0.0,-9.81,9.81,20.6049,0.0,0.0,0.0,0.0,0.0,0.0,8000.0,55023363880.58,55023.3639
476.5,Agni_Class,MIDCOURSE,2541023.08,2541.0231,776960.09,776.9601,3704.5237,13336.2853,3704.5237,1693.6414,3294.704,-0.0,-9.81,9.81,20.5807,0.0,0.0,0.0,0.0,0.0,0.0,8000.0,54893983458.5,54893.9835
477.0,Agni_Class,MIDCOURSE,2542667.98,2542.668,777806.91,777.8069,3700.162,13320.5832,3700.162,1693.6414,3289.799,-0.0,-9.81,9.81,20.5565,0.0,0.0,0.0,0.0,0.0,0.0,8000.0,54764795508.62,54764.7955
477.5,Agni_Class,MIDCOURSE,2544310.42,2544.3104,778653.73,778.6537,3695.8017,13304.886,3695.8017,1693.6414,3284.894,-0.0,-9.81,9.81,20.5322,0.0,0.0,0.0,0.0,0.0,0.0,8000.0,54635800030.93,54635.8
478.0,Agni_Class,MIDCOURSE,2545950.42,2545.9504,779500.56,779.5006,3691.4427,13289.1937,3691.4427,1693.6414,3279.989,-0.0,-9.81,9.81,20.508,0.0,0.0,0.0,0.0,0.0,0.0,8000.0,54506997025.45,54506.997
478.5,Agni_Class,MIDCOURSE,2547587.96,2547.588,780347.38,780.3474,3687.0851,13273.5064,3687.0851,1693.6414,3275.084,-0.0,-9.81,9.81,20.4838,0.0,0.0,0.0,0.0,0.0,0.0,8000.0,54378386492.17,54378.3865
479.0,Agni_Class,MIDCOURSE,2549223.05,2549.223,781194.2,781.1942,3682.7289,13257.824,3682.7289,1693.6414,3270.179,-0.0,-9.81,9.81,20.4596,0.0,0.0,0.0,0.0,0.0,0.0,8000.0,54249968431.09,54249.9684
479.5,Agni_Class,MIDCOURSE,2550855.69,2550.8557,782041.02,782.041,3678.3741,13242.1466,3678.3741,1693.6414,3265.274,-0.0,-9.81,9.81,20.4354,0.0,0.0,0.0,0.0,0.0,0.0,8000.0,54121742842.2,54121.7428
480.0,Agni_Class,MIDCOURSE,2552485.87,2552.4859,782887.84,782.8878,3674.0206,13226.4742,3674.0206,1693.6414,3260.369,-0.0,-9.81,9.81,20.4112,0.0,0.0,0.0,0.0,0.0,0.0,8000.0,53993709725.52,53993.7097
480.5,Agni_Class,MIDCOURSE,2554113.6,2554.1136,783734.66,783.7347,3669.6686,13210.8068,3669.6686,1693.6414,3255.464,-0.0,-9.81,9.81,20.387,0.0,0.0,0.0,0.0,0.0,0.0,8000.0,53865869081.04,53865.8691
481.0,Agni_Class,MIDCOURSE,2555738.88,2555.7389,784581.48,784.5815,3665.3179,13195.1444,3665.3179,1693.6414,3250.559,-0.0,-9.81,9.81,20.3629,0.0,0.0,0.0,0.0,0.0,0.0,8000.0,53738220908.75,53738.2209
481.5,Agni_Class,MIDCOURSE,2557361.71,2557.3617,785428.3,785.4283,3660.9686,13179.4871,3660.9686,1693.6414,3245.654,-0.0,-9.81,9.81,20.3387,0.0,0.0,0.0,0.0,0.0,0.0,8000.0,53610765208.67,53610.7652
482.0,Agni_Class,MIDCOURSE,2558982.08,2558.9821,786275.12,786.2751,3656.6208,13163.8348,3656.6208,1693.6414,3240.749,-0.0,-9.81,9.81,20.3146,0.0,0.0,0.0,0.0,0.0,0.0,8000.0,53483501980.79,53483.502
482.5,Agni_Class,MIDCOURSE,2560600.01,2560.6,787121.94,787.1219,3652.2743,13148.1876,3652.2743,1693.6414,3235.844,-0.0,-9.81,9.81,20.2904,0.0,0.0,0.0,0.0,0.0,0.0,8000.0,53356431225.11,53356.4312
483.0,Agni_Class,MIDCOURSE,2562215.48,2562.2155,787968.76,787.9688,3647.9293,13132.5455,3647.9293,1693.6414,3230.939,-0.0,-9.81,9.81,20.2663,0.0,0.0,0.0,0.0,0.0,0.0,8000.0,53229552941.62,53229.5529
483.5,Agni_Class,MIDCOURSE,2563828.49,2563.8285,788815.58,788.8156,3643.5857,13116.9085,3643.5857,1693.6414,3226.034,-0.0,-9.81,9.81,20.2421,0.0,0.0,0.0,0.0,0.0,0.0,8000.0,53102867130.34,53102.8671
484.0,Agni_Class,MIDCOURSE,2565439.06,2565.4391,789662.4,789.6624,3639.2435,13101.2767,3639.2435,1693.6414,3221.129,-0.0,-9.81,9.81,20.218,0.0,0.0,0.0,0.0,0.0,0.0,8000.0,52976373791.26,52976.3738
484.5,Agni_Class,MIDCOURSE,2567047.17,2567.0472,790509.22,790.5092,3634.9028,13085.65,3634.9028,1693.6414,3216.224,-0.0,-9.81,9.81,20.1939,0.0,0.0,0.0,0.0,0.0,0.0,8000.0,52850072924.38,52850.0729
485.0,Agni_Class,MIDCOURSE,2568652.83,2568.6528,791356.05,791.356,3630.5635,13070.0285,3630.5635,1693.6414,3211.319,-0.0,-9.81,9.81,20.1698,0.0,0.0,0.0,0.0,0.0,0.0,8000.0,52723964529.69,52723.9645
485.5,Agni_Class,MIDCOURSE,2570256.04,2570.256,792202.87,792.2029,3626.2256,13054.4122,3626.2256,1693.6414,3206.414,-0.0,-9.81,9.81,20.1457,0.0,0.0,0.0,0.0,0.0,0.0,8000.0,52598048607.21,52598.0486
486.0,Agni_Class,MIDCOURSE,2571856.79,2571.8568,793049.69,793.0497,3621.8892,13038.8011,3621.8892,1693.6414,3201.509,-0.0,-9.81,9.81,20.1216,0.0,0.0,0.0,0.0,0.0,0.0,8000.0,52472325156.93,52472.3252
486.5,Agni_Class,MIDCOURSE,2573455.09,2573.4551,793896.51,793.8965,3617.5542,13023.1952,3617.5542,1693.6414,3196.604,-0.0,-9.81,9.81,20.0975,0.0,0.0,0.0,0.0,0.0,0.0,8000.0,52346794178.85,52346.7942
487.0,Agni_Class,MIDCOURSE,2575050.94,2575.0509,794743.33,794.7433,3613.2207,13007.5946,3613.2207,1693.6414,3191.699,-0.0,-9.81,9.81,20.0734,0.0,0.0,0.0,0.0,0.0,0.0,8000.0,52221455672.96,52221.4557
487.5,Agni_Class,MIDCOURSE,2576644.34,2576.6443,795590.15,795.5901,3608.8887,12991.9992,3608.8887,1693.6414,3186.794,-0.0,-9.81,9.81,20.0494,0.0,0.0,0.0,0.0,0.0,0.0,8000.0,52096309639.28,52096.3096
488.0,Agni_Class,MIDCOURSE,2578235.28,2578.2353,796436.97,796.437,3604.5581,12976.4091,3604.5581,1693.6414,3181.889,-0.0,-9.81,9.81,20.0253,0.0,0.0,0.0,0.0,0.0,0.0,8000.0,51971356077.8,51971.3561
488.5,Agni_Class,MIDCOURSE,2579823.77,2579.8238,797283.79,797.2838,3600.229,12960.8243,3600.229,1693.6414,3176.984,-0.0,-9.81,9.81,20.0013,0.0,0.0,0.0,0.0,0.0,0.0,8000.0,51846594988.52,51846.595
489.0,Agni_Class,MIDCOURSE,2581409.81,2581.4098,798130.61,798.1306,3595.9014,12945.2449,3595.9014,1693.6414,3172.079,-0.0,-9.81,9.81,19.9772,0.0,0.0,0.0,0.0,0.0,0.0,8000.0,51722026371.43,51722.0264
489.5,Agni_Class,MIDCOURSE,2582993.4,2582.9934,798977.43,798.9774,3591.5752,12929.6708,3591.5752,1693.6414,3167.174,-0.0,-9.81,9.81,19.9532,0.0,0.0,0.0,0.0,0.0,0.0,8000.0,51597650226.55,51597.6502
490.0,Agni_Class,MIDCOURSE,2584574.54,2584.5745,799824.25,799.8243,3587.2506,12914.102,3587.2506,1693.6414,3162.269,-0.0,-9.81,9.81,19.9292,0.0,0.0,0.0,0.0,0.0,0.0,8000.0,51473466553.87,51473.4666
490.5,Agni_Class,MIDCOURSE,2586153.22,2586.1532,800671.07,800.6711,3582.9274,12898.5387,3582.9274,1693.6414,3157.364,-0.0,-9.81,9.81,19.9052,0.0,0.0,0.0,0.0,0.0,0.0,8000.0,51349475353.38,51349.4754
491.0,Agni_Class,MIDCOURSE,2587729.45,2587.7294,801517.89,801.5179,3578.6058,12882.9807,3578.6058,1693.6414,3152.459,-0.0,-9.81,9.81,19.8811,0.0,0.0,0.0,0.0,0.0,0.0,8000.0,51225676625.1,51225.6766
491.5,Agni_Class,MIDCOURSE,2589303.22,2589.3032,802364.71,802.3647,3574.2856,12867.4282,3574.2856,1693.6414,3147.554,-0.0,-9.81,9.81,19.8571,0.0,0.0,0.0,0.0,0.0,0.0,8000.0,51102070369.02,51102.0704
492.0,Agni_Class,MIDCOURSE,2590874.55,2590.8745,803211.54,803.2115,3569.967,12851.8811,3569.967,1693.6414,3142.649,-0.0,-9.81,9.81,19.8331,0.0,0.0,0.0,0.0,0.0,0.0,8000.0,50978656585.14,50978.6566
492.5,Agni_Class,MIDCOURSE,2592443.42,2592.4434,804058.36,804.0584,3565.6498,12836.3394,3565.6498,1693.6414,3137.744,-0.0,-9.81,9.81,19.8092,0.0,0.0,0.0,0.0,0.0,0.0,8000.0,50855435273.45,50855.4353
493.0,Agni_Class,MIDCOURSE,2594009.84,2594.0098,804905.18,804.9052,3561.3342,12820.8033,3561.3342,1693.6414,3132.839,-0.0,-9.81,9.81,19.7852,0.0,0.0,0.0,0.0,0.0,0.0,8000.0,50732406433.97,50732.4064
493.5,Agni_Class,MIDCOURSE,2595573.81,2595.5738,805752.0,805.752,3557.0202,12805.2726,3557.0202,1693.6414,3127.934,-0.0,-9.81,9.81,19.7612,0.0,0.0,0.0,0.0,0.0,0.0,8000.0,50609570066.69,50609.5701
494.0,Agni_Class,MIDCOURSE,2597135.32,2597.1353,806598.82,806.5988,3552.7076,12789.7475,3552.7076,1693.6414,3123.029,-0.0,-9.81,9.81,19.7373,0.0,0.0,0.0,0.0,0.0,0.0,8000.0,50486926171.61,50486.9262
494.5,Agni_Class,MIDCOURSE,2598694.38,2598.6944,807445.64,807.4456,3548.3966,12774.2279,3548.3966,1693.6414,3118.124,-0.0,-9.81,9.81,19.7133,0.0,0.0,0.0,0.0,0.0,0.0,8000.0,50364474748.72,50364.4747
495.0,Agni_Class,MIDCOURSE,2600250.99,2600.251,808292.46,808.2925,3544.0872,12758.7139,3544.0872,1693.6414,3113.219,-0.0,-9.81,9.81,19.6894,0.0,0.0,0.0,0.0,0.0,0.0,8000.0,50242215798.04,50242.2158
495.5,Agni_Class,MIDCOURSE,2601805.15,2601.8052,809139.28,809.1393,3539.7793,12743.2054,3539.7793,1693.6414,3108.314,-0.0,-9.81,9.81,19.6654,0.0,0.0,0.0,0.0,0.0,0.0,8000.0,50120149319.56,50120.1493
496.0,Agni_Class,MIDCOURSE,2603356.85,2603.3569,809986.1,809.9861,3535.4729,12727.7025,3535.4729,1693.6414,3103.409,-0.0,-9.81,9.81,19.6415,0.0,0.0,0.0,0.0,0.0,0.0,8000.0,49998275313.28,49998.2753
496.5,Agni_Class,MIDCOURSE,2604906.11,2604.9061,810832.92,810.8329,3531.1681,12712.2053,3531.1681,1693.6414,3098.504,-0.0,-9.81,9.81,19.6176,0.0,0.0,0.0,0.0,0.0,0.0,8000.0,49876593779.19,49876.5938
497.0,Agni_Class,MIDCOURSE,2606452.91,2606.4529,811679.74,811.6797,3526.8649,12696.7137,3526.8649,1693.6414,3093.599,-0.0,-9.81,9.81,19.5937,0.0,0.0,0.0,0.0,0.0,0.0,8000.0,49755104717.31,49755.1047
497.5,Agni_Class,MIDCOURSE,2607997.25,2607.9973,812526.56,812.5266,3522.5633,12681.2278,3522.5633,1693.6414,3088.694,-0.0,-9.81,9.81,19.5698,0.0,0.0,0.0,0.0,0.0,0.0,8000.0,49633808127.63,49633.8081
498.0,Agni_Class,MIDCOURSE,2609539.15,2609.5391,813373.38,813.3734,3518.2632,12665.7475,3518.2632,1693.6414,3083.789,-0.0,-9.81,9.81,19.5459,0.0,0.0,0.0,0.0,0.0,0.0,8000.0,49512704010.15,49512.704
498.5,Agni_Class,MIDCOURSE,2611078.59,2611.0786,814220.2,814.2202,3513.9647,12650.273,3513.9647,1693.6414,3078.884,-0.0,-9.81,9.81,19.522,0.0,0.0,0.0,0.0,0.0,0.0,8000.0,49391792364.86,49391.7924
499.0,Agni_Class,MIDCOURSE,2612615.58,2612.6156,815067.03,815.067,3509.6678,12634.8042,3509.6678,1693.6414,3073.979,-0.0,-9.81,9.81,19.4982,0.0,0.0,0.0,0.0,0.0,0.0,8000.0,49271073191.78,49271.0732
499.5,Agni_Class,MIDCOURSE,2614150.12,2614.1501,815913.85,815.9138,3505.3725,12619.3411,3505.3725,1693.6414,3069.074,-0.0,-9.81,9.81,19.4743,0.0,0.0,0.0,0.0,0.0,0.0,8000.0,49150546490.9,49150.5465
500.0,Agni_Class,MIDCOURSE,2615682.2,2615.6822,816760.67,816.7607,3501.0788,12603.8838,3501.0788,1693.6414,3064.169,-0.0,-9.81,9.81,19.4504,0.0,0.0,0.0,0.0,0.0,0.0,8000.0,49030212262.21,49030.2123
500.5,Agni_Class,MIDCOURSE,2617211.83,2617.2118,817607.49,817.6075,3496.7868,12588.4323,3496.7868,1693.6414,3059.264,-0.0,-9.81,9.81,19.4266,0.0,0.0,0.0,0.0,0.0,0.0,8000.0,48910070505.73,48910.0705
501.0,Agni_Class,MIDCOURSE,2618739.01,2618.739,818454.31,818.4543,3492.4963,12572.9866,3492.4963,1693.6414,3054.359,-0.0,-9.81,9.81,19.4028,0.0,0.0,0.0,0.0,0.0,0.0,8000.0,48790121221.45,48790.1212
501.5,Agni_Class,MIDCOURSE,2620263.74,2620.2637,819301.13,819.3011,3488.2074,12557.5468,3488.2074,1693.6414,3049.454,-0.0,-9.81,9.81,19.3789,0.0,0.0,0.0,0.0,0.0,0.0,8000.0,48670364409.37,48670.3644
502.0,Agni_Class,MIDCOURSE,2621786.01,2621.786,820147.95,820.1479,3483.9202,12542.1127,3483.9202,1693.6414,3044.549,-0.0,-9.81,9.81,19.3551,0.0,0.0,0.0,0.0,0.0,0.0,8000.0,48550800069.48,48550.8001
502.5,Agni_Class,MIDCOURSE,2623305.84,2623.3058,820994.77,820.9948,3479.6346,12526.6846,3479.6346,1693.6414,3039.644,-0.0,-9.81,9.81,19.3313,0.0,0.0,0.0,0.0,0.0,0.0,8000.0,48431428201.8,48431.4282
503.0,Agni_Class,MIDCOURSE,2624823.21,2624.8232,821841.59,821.8416,3475.3507,12511.2624,3475.3507,1693.6414,3034.739,-0.0,-9.81,9.81,19.3075,0.0,0.0,0.0,0.0,0.0,0.0,8000.0,48312248806.32,48312.2488
503.5,Agni_Class,MIDCOURSE,2626338.12,2626.3381,822688.41,822.6884,3471.0683,12495.846,3471.0683,1693.6414,3029.834,-0.0,-9.81,9.81,19.2837,0.0,0.0,0.0,0.0,0.0,0.0,8000.0,48193261883.04,48193.2619
504.0,Agni_Class,MIDCOURSE,2627850.59,2627.8506,823535.23,823.5352,3466.7877,12480.4357,3466.7877,1693.6414,3024.929,-0.0,-9.81,9.81,19.2599,0.0,0.0,0.0,0.0,0.0,0.0,8000.0,48074467431.95,48074.4674
504.5,Agni_Class,MIDCOURSE,2629360.6,2629.3606,824382.05,824.3821,3462.5087,12465.0313,3462.5087,1693.6414,3020.024,-0.0,-9.81,9.81,19.2362,0.0,0.0,0.0,0.0,0.0,0.0,8000.0,47955865453.07,47955.8655
505.0,Agni_Class,MIDCOURSE,2630868.16,2630.8682,825228.87,825.2289,3458.2313,12449.6328,3458.2313,1693.6414,3015.119,-0.0,-9.81,9.81,19.2124,0.0,0.0,0.0,0.0,0.0,0.0,8000.0,47837455946.39,47837.4559
505.5,Agni_Class,MIDCOURSE,2632373.27,2632.3733,826075.69,826.0757,3453.9557,12434.2404,3453.9557,1693.6414,3010.214,-0.0,-9.81,9.81,19.1886,0.0,0.0,0.0,0.0,0.0,0.0,8000.0,47719238911.91,47719.2389
506.0,Agni_Class,MIDCOURSE,2633875.92,2633.8759,826922.52,826.9225,3449.6817,12418.854,3449.6817,1693.6414,3005.309,-0.0,-9.81,9.81,19.1649,0.0,0.0,0.0,0.0,0.0,0.0,8000.0,47601214349.62,47601.2143
506.5,Agni_Class,MIDCOURSE,2635376.12,2635.3761,827769.34,827.7693,3445.4093,12403.4736,3445.4093,1693.6414,3000.404,-0.0,-9.81,9.81,19.1412,0.0,0.0,0.0,0.0,0.0,0.0,8000.0,47483382259.54,47483.3823
507.0,Agni_Class,MIDCOURSE,2636873.87,2636.8739,828616.16,828.6162,3441.1387,12388.0994,3441.1387,1693.6414,2995.499,-0.0,-9.81,9.81,19.1174,0.0,0.0,0.0,0.0,0.0,0.0,8000.0,47365742641.66,47365.7426
507.5,Agni_Class,MIDCOURSE,2638369.17,2638.3692,829462.98,829.463,3436.8698,12372.7312,3436.8698,1693.6414,2990.594,-0.0,-9.81,9.81,19.0937,0.0,0.0,0.0,0.0,0.0,0.0,8000.0,47248295495.98,47248.2955
508.0,Agni_Class,MIDCOURSE,2639862.01,2639.862,830309.8,830.3098,3432.6025,12357.3691,3432.6025,1693.6414,2985.689,-0.0,-9.81,9.81,19.07,0.0,0.0,0.0,0.0,0.0,0.0,8000.0,47131040822.49,47131.0408
508.5,Agni_Class,MIDCOURSE,2641352.41,2641.3524,831156.62,831.1566,3428.337,12342.0132,3428.337,1693.6414,2980.784,-0.0,-9.81,9.81,19.0463,0.0,0.0,0.0,0.0,0.0,0.0,8000.0,47013978621.21,47013.9786
509.0,Agni_Class,MIDCOURSE,2642840.34,2642.8403,832003.44,832.0034,3424.0732,12326.6635,3424.0732,1693.6414,2975.879,-0.0,-9.81,9.81,19.0226,0.0,0.0,0.0,0.0,0.0,0.0,8000.0,46897108892.13,46897.1089
509.5,Agni_Class,MIDCOURSE,2644325.83,2644.3258,832850.26,832.8503,3419.8111,12311.3199,3419.8111,1693.6414,2970.974,-0.0,-9.81,9.81,18.999,0.0,0.0,0.0,0.0,0.0,0.0,8000.0,46780431635.24,46780.4316
510.0,Agni_Class,MIDCOURSE,2645808.87,2645.8089,833697.08,833.6971,3415.5507,12295.9826,3415.5507,1693.6414,2966.069,-0.0,-9.81,9.81,18.9753,0.0,0.0,0.0,0.0,0.0,0.0,8000.0,46663946850.56,46663.9469
510.5,Agni_Class,MIDCOURSE,2647289.45,2647.2894,834543.9,834.5439,3411.2921,12280.6515,3411.2921,1693.6414,2961.164,-0.0,-9.81,9.81,18.9516,0.0,0.0,0.0,0.0,0.0,0.0,8000.0,46547654538.08,46547.6545
511.0,Agni_Class,MIDCOURSE,2648767.58,2648.7676,835390.72,835.3907,3407.0352,12265.3266,3407.0352,1693.6414,2956.259,-0.0,-9.81,9.81,18.928,0.0,0.0,0.0,0.0,0.0,0.0,8000.0,46431554697.8,46431.5547
511.5,Agni_Class,MIDCOURSE,2650243.25,2650.2433,836237.54,836.2375,3402.78,12250.0081,3402.78,1693.6414,2951.354,-0.0,-9.81,9.81,18.9043,0.0,0.0,0.0,0.0,0.0,0.0,8000.0,46315647329.71,46315.6473
512.0,Agni_Class,MIDCOURSE,2651716.48,2651.7165,837084.36,837.0844,3398.5266,12234.6958,3398.5266,1693.6414,2946.449,-0.0,-9.81,9.81,18.8807,0.0,0.0,0.0,0.0,0.0,0.0,8000.0,46199932433.83,46199.9324
512.5,Agni_Class,MIDCOURSE,2653187.25,2653.1873,837931.18,837.9312,3394.275,12219.3899,3394.275,1693.6414,2941.544,-0.0,-9.81,9.81,18.8571,0.0,0.0,0.0,0.0,0.0,0.0,8000.0,46084410010.15,46084.41
513.0,Agni_Class,MIDCOURSE,2654655.57,2654.6556,838778.0,838.778,3390.0251,12204.0903,3390.0251,1693.6414,2936.639,-0.0,-9.81,9.81,18.8335,0.0,0.0,0.0,0.0,0.0,0.0,8000.0,45969080058.67,45969.0801
513.5,Agni_Class,MIDCOURSE,2656121.44,2656.1214,839624.83,839.6248,3385.777,12188.7971,3385.777,1693.6414,2931.734,-0.0,-9.81,9.81,18.8099,0.0,0.0,0.0,0.0,0.0,0.0,8000.0,45853942579.38,45853.9426
514.0,Agni_Class,MIDCOURSE,2657584.85,2657.5849,840471.65,840.4716,3381.5306,12173.5103,3381.5306,1693.6414,2926.829,-0.0,-9.81,9.81,18.7863,0.0,0.0,0.0,0.0,0.0,0.0,8000.0,45738997572.3,45738.9976
514.5,Agni_Class,MIDCOURSE,2659045.81,2659.0458,841318.47,841.3185,3377.2861,12158.2299,3377.2861,1693.6414,2921.924,-0.0,-9.81,9.81,18.7627,0.0,0.0,0.0,0.0,0.0,0.0,8000.0,45624245037.42,45624.245
515.0,Agni_Class,MIDCOURSE,2660504.32,2660.5043,842165.29,842.1653,3373.0433,12142.956,3373.0433,1693.6414,2917.019,-0.0,-9.81,9.81,18.7391,0.0,0.0,0.0,0.0,0.0,0.0,8000.0,45509684974.74,45509.685
515.5,Agni_Class,MIDCOURSE,2661960.38,2661.9604,843012.11,843.0121,3368.8024,12127.6885,3368.8024,1693.6414,2912.114,-0.0,-9.81,9.81,18.7156,0.0,0.0,0.0,0.0,0.0,0.0,8000.0,45395317384.25,45395.3174
516.0,Agni_Class,MIDCOURSE,2663413.99,2663.414,843858.93,843.8589,3364.5632,12112.4275,3364.5632,1693.6414,2907.209,-0.0,-9.81,9.81,18.692,0.0,0.0,0.0,0.0,0.0,0.0,8000.0,45281142265.97,45281.1423
516.5,Agni_Class,MIDCOURSE,2664865.14,2664.8651,844705.75,844.7057,3360.3259,12097.1731,3360.3259,1693.6414,2902.304,-0.0,-9.81,9.81,18.6685,0.0,0.0,0.0,0.0,0.0,0.0,8000.0,45167159619.89,45167.1596
517.0,Agni_Class,MIDCOURSE,2666313.84,2666.3138,845552.57,845.5526,3356.0903,12081.9252,3356.0903,1693.6414,2897.399,-0.0,-9.81,9.81,18.6449,0.0,0.0,0.0,0.0,0.0,0.0,8000.0,45053369446.01,45053.3694
517.5,Agni_Class,MIDCOURSE,2667760.08,2667.7601,846399.39,846.3994,3351.8566,12066.6839,3351.8566,1693.6414,2892.494,-0.0,-9.81,9.81,18.6214,0.0,0.0,0.0,0.0,0.0,0.0,8000.0,44939771744.32,44939.7717
518.0,Agni_Class,MIDCOURSE,2669203.88,2669.2039,847246.21,847.2462,3347.6248,12051.4492,3347.6248,1693.6414,2887.589,-0.0,-9.81,9.81,18.5979,0.0,0.0,0.0,0.0,0.0,0.0,8000.0,44826366514.84,44826.3665
518.5,Agni_Class,MIDCOURSE,2670645.22,2670.6452,848093.03,848.093,3343.3947,12036.2211,3343.3947,1693.6414,2882.684,-0.0,-9.81,9.81,18.5744,0.0,0.0,0.0,0.0,0.0,0.0,8000.0,44713153757.56,44713.1538
519.0,Agni_Class,MIDCOURSE,2672084.11,2672.0841,848939.85,848.9399,3339.1666,12020.9996,3339.1666,1693.6414,2877.779,-0.0,-9.81,9.81,18.5509,0.0,0.0,0.0,0.0,0.0,0.0,8000.0,44600133472.47,44600.1335
519.5,Agni_Class,MIDCOURSE,2673520.55,2673.5205,849786.67,849.7867,3334.9402,12005.7849,3334.9402,1693.6414,2872.874,-0.0,-9.81,9.81,18.5274,0.0,0.0,0.0,0.0,0.0,0.0,8000.0,44487305659.59,44487.3057
520.0,Agni_Class,MIDCOURSE,2674954.53,2674.9545,850633.49,850.6335,3330.7158,11990.5768,3330.7158,1693.6414,2867.969,-0.0,-9.81,9.81,18.504,0.0,0.0,0.0,0.0,0.0,0.0,8000.0,44374670318.91,44374.6703
520.5,Agni_Class,MIDCOURSE,2676386.06,2676.3861,851480.32,851.4803,3326.4932,11975.3754,3326.4932,1693.6414,2863.064,-0.0,-9.81,9.81,18.4805,0.0,0.0,0.0,0.0,0.0,0.0,8000.0,44262227450.43,44262.2275
521.0,Agni_Class,MIDCOURSE,2677815.14,2677.8151,852327.14,852.3271,3322.2725,11960.1808,3322.2725,1693.6414,2858.159,-0.0,-9.81,9.81,18.4571,0.0,0.0,0.0,0.0,0.0,0.0,8000.0,44149977054.14,44149.9771
521.5,Agni_Class,MIDCOURSE,2679241.77,2679.2418,853173.96,853.174,3318.0536,11944.993,3318.0536,1693.6414,2853.254,-0.0,-9.81,9.81,18.4336,0.0,0.0,0.0,0.0,0.0,0.0,8000.0,44037919130.06,44037.9191
522.0,Agni_Class,MIDCOURSE,2680665.94,2680.6659,854020.78,854.0208,3313.8367,11929.812,3313.8367,1693.6414,2848.349,-0.0,-9.81,9.81,18.4102,0.0,0.0,0.0,0.0,0.0,0.0,8000.0,43926053678.18,43926.0537
522.5,Agni_Class,MIDCOURSE,2682087.67,2682.0877,854867.6,854.8676,3309.6216,11914.6378,3309.6216,1693.6414,2843.444,-0.0,-9.81,9.81,18.3868,0.0,0.0,0.0,0.0,0.0,0.0,8000.0,43814380698.5,43814.3807
523.0,Agni_Class,MIDCOURSE,2683506.94,2683.5069,855714.42,855.7144,3305.4085,11899.4704,3305.4085,1693.6414,2838.539,-0.0,-9.81,9.81,18.3634,0.0,0.0,0.0,0.0,0.0,0.0,8000.0,43702900191.01,43702.9002
523.5,Agni_Class,MIDCOURSE,2684923.75,2684.9238,856561.24,856.5612,3301.1972,11884.31,3301.1972,1693.6414,2833.634,-0.0,-9.81,9.81,18.34,0.0,0.0,0.0,0.0,0.0,0.0,8000.0,43591612155.73,43591.6122
524.0,Agni_Class,MIDCOURSE,2686338.12,2686.3381,857408.06,857.4081,3296.9879,11869.1564,3296.9879,1693.6414,2828.729,-0.0,-9.81,9.81,18.3166,0.0,0.0,0.0,0.0,0.0,0.0,8000.0,43480516592.65,43480.5166
524.5,Agni_Class,MIDCOURSE,2687750.03,2687.75,858254.88,858.2549,3292.7805,11854.0098,3292.7805,1693.6414,2823.824,-0.0,-9.81,9.81,18.2932,0.0,0.0,0.0,0.0,0.0,0.0,8000.0,43369613501.77,43369.6135
525.0,Agni_Class,MIDCOURSE,2689159.49,2689.1595,859101.7,859.1017,3288.575,11838.8701,3288.575,1693.6414,2818.919,-0.0,-9.81,9.81,18.2699,0.0,0.0,0.0,0.0,0.0,0.0,8000.0,43258902883.08,43258.9029
525.5,Agni_Class,MIDCOURSE,2690566.5,2690.5665,859948.52,859.9485,3284.3715,11823.7374,3284.3715,1693.6414,2814.014,-0.0,-9.81,9.81,18.2465,0.0,0.0,0.0,0.0,0.0,0.0,8000.0,43148384736.6,43148.3847
526.0,Agni_Class,MIDCOURSE,2691971.05,2691.9711,860795.34,860.7953,3280.1699,11808.6117,3280.1699,1693.6414,2809.109,-0.0,-9.81,9.81,18.2232,0.0,0.0,0.0,0.0,0.0,0.0,8000.0,43038059062.32,43038.0591
526.5,Agni_Class,MIDCOURSE,2693373.15,2693.3732,861642.16,861.6422,3275.9703,11793.4931,3275.9703,1693.6414,2804.204,-0.0,-9.81,9.81,18.1998,0.0,0.0,0.0,0.0,0.0,0.0,8000.0,42927925860.24,42927.9259
527.0,Agni_Class,MIDCOURSE,2694772.8,2694.7728,862488.98,862.489,3271.7727,11778.3815,3271.7727,1693.6414,2799.299,-0.0,-9.81,9.81,18.1765,0.0,0.0,0.0,0.0,0.0,0.0,8000.0,42817985130.35,42817.9851
527.5,Agni_Class,MIDCOURSE,2696170.0,2696.17,863335.81,863.3358,3267.577,11763.2771,3267.577,1693.6414,2794.394,-0.0,-9.81,9.81,18.1532,0.0,0.0,0.0,0.0,0.0,0.0,8000.0,42708236872.67,42708.2369
528.0,Agni_Class,MIDCOURSE,2697564.74,2697.5647,864182.63,864.1826,3263.3833,11748.1797,3263.3833,1693.6414,2789.489,-0.0,-9.81,9.81,18.1299,0.0,0.0,0.0,0.0,0.0,0.0,8000.0,42598681087.19,42598.6811
528.5,Agni_Class,MIDCOURSE,2698957.04,2698.957,865029.45,865.0294,3259.1915,11733.0895,3259.1915,1693.6414,2784.584,-0.0,-9.81,9.81,18.1066,0.0,0.0,0.0,0.0,0.0,0.0,8000.0,42489317773.9,42489.3178
529.0,Agni_Class,MIDCOURSE,2700346.88,2700.3469,865876.27,865.8763,3255.0018,11718.0065,3255.0018,1693.6414,2779.679,-0.0,-9.81,9.81,18.0833,0.0,0.0,0.0,0.0,0.0,0.0,8000.0,42380146932.82,42380.1469
529.5,Agni_Class,MIDCOURSE,2701734.26,2701.7343,866723.09,866.7231,3250.8141,11702.9307,3250.8141,1693.6414,2774.774,-0.0,-9.81,9.81,18.0601,0.0,0.0,0.0,0.0,0.0,0.0,8000.0,42271168563.94,42271.1686
530.0,Agni_Class,MIDCOURSE,2703119.2,2703.1192,867569.91,867.5699,3246.6284,11687.8621,3246.6284,1693.6414,2769.869,-0.0,-9.81,9.81,18.0368,0.0,0.0,0.0,0.0,0.0,0.0,8000.0,42162382667.26,42162.3827
530.5,Agni_Class,MIDCOURSE,2704501.68,2704.5017,868416.73,868.4167,3242.4447,11672.8007,3242.4447,1693.6414,2764.964,-0.0,-9.81,9.81,18.0136,0.0,0.0,0.0,0.0,0.0,0.0,8000.0,42053789242.77,42053.7892
531.0,Agni_Class,MIDCOURSE,2705881.71,2705.8817,869263.55,869.2636,3238.263,11657.7467,3238.263,1693.6414,2760.059,-0.0,-9.81,9.81,17.9903,0.0,0.0,0.0,0.0,0.0,0.0,8000.0,41945388290.49,41945.3883
531.5,Agni_Class,MIDCOURSE,2707259.29,2707.2593,870110.37,870.1104,3234.0833,11642.7,3234.0833,1693.6414,2755.154,-0.0,-9.81,9.81,17.9671,0.0,0.0,0.0,0.0,0.0,0.0,8000.0,41837179810.41,41837.1798
532.0,Agni_Class,MIDCOURSE,2708634.41,2708.6344,870957.19,870.9572,3229.9057,11627.6606,3229.9057,1693.6414,2750.249,-0.0,-9.81,9.81,17.9439,0.0,0.0,0.0,0.0,0.0,0.0,8000.0,41729163802.53,41729.1638
532.5,Agni_Class,MIDCOURSE,2710007.08,2710.0071,871804.01,871.804,3225.7302,11612.6286,3225.7302,1693.6414,2745.344,-0.0,-9.81,9.81,17.9207,0.0,0.0,0.0,0.0,0.0,0.0,8000.0,41621340266.84,41621.3403
533.0,Agni_Class,MIDCOURSE,2711377.3,2711.3773,872650.83,872.6508,3221.5567,11597.604,3221.5567,1693.6414,2740.439,-0.0,-9.81,9.81,17.8975,0.0,0.0,0.0,0.0,0.0,0.0,8000.0,41513709203.36,41513.7092
533.5,Agni_Class,MIDCOURSE,2712745.07,2712.7451,873497.65,873.4977,3217.3852,11582.5868,3217.3852,1693.6414,2735.534,-0.0,-9.81,9.81,17.8744,0.0,0.0,0.0,0.0,0.0,0.0,8000.0,41406270612.08,41406.2706
534.0,Agni_Class,MIDCOURSE,2714110.38,2714.1104,874344.47,874.3445,3213.2159,11567.5771,3213.2159,1693.6414,2730.629,-0.0,-9.81,9.81,17.8512,0.0,0.0,0.0,0.0,0.0,0.0,8000.0,41299024493.0,41299.0245
534.5,Agni_Class,MIDCOURSE,2715473.24,2715.4732,875191.3,875.1913,3209.0486,11552.5748,3209.0486,1693.6414,2725.724,-0.0,-9.81,9.81,17.828,0.0,0.0,0.0,0.0,0.0,0.0,8000.0,41191970846.11,41191.9708
535.0,Agni_Class,MIDCOURSE,2716833.65,2716.8337,876038.12,876.0381,3204.8834,11537.5801,3204.8834,1693.6414,2720.819,-0.0,-9.81,9.81,17.8049,0.0,0.0,0.0,0.0,0.0,0.0,8000.0,41085109671.43,41085.1097
535.5,Agni_Class,MIDCOURSE,2718191.61,2718.1916,876884.94,876.8849,3200.7203,11522.593,3200.7203,1693.6414,2715.914,-0.0,-9.81,9.81,17.7818,0.0,0.0,0.0,0.0,0.0,0.0,8000.0,40978440968.95,40978.441
536.0,Agni_Class,MIDCOURSE,2719547.12,2719.5471,877731.76,877.7318,3196.5593,11507.6134,3196.5593,1693.6414,2711.009,-0.0,-9.81,9.81,17.7587,0.0,0.0,0.0,0.0,0.0,0.0,8000.0,40871964738.67,40871.9647
536.5,Agni_Class,MIDCOURSE,2720900.17,2720.9002,878578.58,878.5786,3192.4004,11492.6414,3192.4004,1693.6414,2706.104,-0.0,-9.81,9.81,17.7356,0.0,0.0,0.0,0.0,0.0,0.0,8000.0,40765680980.58,40765.681
537.0,Agni_Class,MIDCOURSE,2722250.77,2722.2508,879425.4,879.4254,3188.2436,11477.6771,3188.2436,1693.6414,2701.199,-0.0,-9.81,9.81,17.7125,0.0,0.0,0.0,0.0,0.0,0.0,8000.0,40659589694.7,40659.5897
537.5,Agni_Class,MIDCOURSE,2723598.91,2723.5989,880272.22,880.2722,3184.089,11462.7204,3184.089,1693.6414,2696.294,-0.0,-9.81,9.81,17.6894,0.0,0.0,0.0,0.0,0.0,0.0,8000.0,40553690881.02,40553.6909
538.0,Agni_Class,MIDCOURSE,2724944.61,2724.9446,881119.04,881.119,3179.9365,11447.7714,3179.9365,1693.6414,2691.389,-0.0,-9.81,9.81,17.6663,0.0,0.0,0.0,0.0,0.0,0.0,8000.0,40447984539.53,40447.9845
538.5,Agni_Class,MIDCOURSE,2726287.85,2726.2879,881965.86,881.9659,3175.7861,11432.8301,3175.7861,1693.6414,2686.484,-0.0,-9.81,9.81,17.6433,0.0,0.0,0.0,0.0,0.0,0.0,8000.0,40342470670.25,40342.4707
539.0,Agni_Class,MIDCOURSE,2727628.64,2727.6286,882812.68,882.8127,3171.638,11417.8966,3171.638,1693.6414,2681.579,-0.0,-9.81,9.81,17.6202,0.0,0.0,0.0,0.0,0.0,0.0,8000.0,40237149273.17,40237.1493
539.5,Agni_Class,MIDCOURSE,2728966.98,2728.967,883659.5,883.6595,3167.4919,11402.9709,3167.4919,1693.6414,2676.674,-0.0,-9.81,9.81,17.5972,0.0,0.0,0.0,0.0,0.0,0.0,8000.0,40132020348.29,40132.0203
540.0,Agni_Class,MIDCOURSE,2730302.86,2730.3029,884506.32,884.5063,3163.3481,11388.053,3163.3481,1693.6414,2671.769,-0.0,-9.81,9.81,17.5742,0.0,0.0,0.0,0.0,0.0,0.0,8000.0,40027083895.6,40027.0839
540.5,Agni_Class,MIDCOURSE,2731636.29,2731.6363,885353.14,885.3531,3159.2064,11373.143,3159.2064,1693.6414,2666.864,-0.0,-9.81,9.81,17.5511,0.0,0.0,0.0,0.0,0.0,0.0,8000.0,39922339915.12,39922.3399
541.0,Agni_Class,MIDCOURSE,2732967.27,2732.9673,886199.96,886.2,3155.0669,11358.2408,3155.0669,1693.6414,2661.959,-0.0,-9.81,9.81,17.5281,0.0,0.0,0.0,0.0,0.0,0.0,8000.0,39817788406.84,39817.7884
541.5,Agni_Class,MIDCOURSE,2734295.8,2734.2958,887046.79,887.0468,3150.9296,11343.3466,3150.9296,1693.6414,2657.054,-0.0,-9.81,9.81,17.5052,0.0,0.0,0.0,0.0,0.0,0.0,8000.0,39713429370.76,39713.4294
542.0,Agni_Class,MIDCOURSE,2735621.88,2735.6219,887893.61,887.8936,3146.7945,11328.4602,3146.7945,1693.6414,2652.149,-0.0,-9.81,9.81,17.4822,0.0,0.0,0.0,0.0,0.0,0.0,8000.0,39609262806.87,39609.2628
542.5,Agni_Class,MIDCOURSE,2736945.5,2736.9455,888740.43,888.7404,3142.6616,11313.5819,3142.6616,1693.6414,2647.244,-0.0,-9.81,9.81,17.4592,0.0,0.0,0.0,0.0,0.0,0.0,8000.0,39505288715.19,39505.2887
543.0,Agni_Class,MIDCOURSE,2738266.67,2738.2667,889587.25,889.5872,3138.531,11298.7116,3138.531,1693.6414,2642.339,-0.0,-9.81,9.81,17.4363,0.0,0.0,0.0,0.0,0.0,0.0,8000.0,39401507095.71,39401.5071
543.5,Agni_Class,MIDCOURSE,2739585.38,2739.5854,890434.07,890.4341,3134.4026,11283.8493,3134.4026,1693.6414,2637.434,-0.0,-9.81,9.81,17.4133,0.0,0.0,0.0,0.0,0.0,0.0,8000.0,39297917948.43,39297.9179
544.0,Agni_Class,MIDCOURSE,2740901.65,2740.9016,891280.89,891.2809,3130.2764,11268.995,3130.2764,1693.6414,2632.529,-0.0,-9.81,9.81,17.3904,0.0,0.0,0.0,0.0,0.0,0.0,8000.0,39194521273.34,39194.5213
544.5,Agni_Class,MIDCOURSE,2742215.46,2742.2155,892127.71,892.1277,3126.1525,11254.1489,3126.1525,1693.6414,2627.624,-0.0,-9.81,9.81,17.3675,0.0,0.0,0.0,0.0,0.0,0.0,8000.0,39091317070.46,39091.3171
545.0,Agni_Class,MIDCOURSE,2743526.82,2743.5268,892974.53,892.9745,3122.0308,11239.3109,3122.0308,1693.6414,2622.719,-0.0,-9.81,9.81,17.3446,0.0,0.0,0.0,0.0,0.0,0.0,8000.0,38988305339.78,38988.3053
545.5,Agni_Class,MIDCOURSE,2744835.73,2744.8357,893821.35,893.8214,3117.9114,11224.4811,3117.9114,1693.6414,2617.814,-0.0,-9.81,9.81,17.3217,0.0,0.0,0.0,0.0,0.0,0.0,8000.0,38885486081.3,38885.4861
546.0,Agni_Class,MIDCOURSE,2746142.18,2746.1422,894668.17,894.6682,3113.7943,11209.6594,3113.7943,1693.6414,2612.909,-0.0,-9.81,9.81,17.2989,0.0,0.0,0.0,0.0,0.0,0.0,8000.0,38782859295.01,38782.8593
546.5,Agni_Class,MIDCOURSE,2747446.18,2747.4462,895514.99,895.515,3109.6794,11194.846,3109.6794,1693.6414,2608.004,-0.0,-9.81,9.81,17.276,0.0,0.0,0.0,0.0,0.0,0.0,8000.0,38680424980.93,38680.425
547.0,Agni_Class,MIDCOURSE,2748747.73,2748.7477,896361.81,896.3618,3105.5669,11180.0408,3105.5669,1693.6414,2603.099,-0.0,-9.81,9.81,17.2531,0.0,0.0,0.0,0.0,0.0,0.0,8000.0,38578183139.05,38578.1831
547.5,Agni_Class,MIDCOURSE,2750046.83,2750.0468,897208.63,897.2086,3101.4567,11165.244,3101.4567,1693.6414,2598.194,-0.0,-9.81,9.81,17.2303,0.0,0.0,0.0,0.0,0.0,0.0,8000.0,38476133769.36,38476.1338
548.0,Agni_Class,MIDCOURSE,2751343.47,2751.3435,898055.45,898.0555,3097.3487,11150.4555,3097.3487,1693.6414,2593.289,-0.0,-9.81,9.81,17.2075,0.0,0.0,0.0,0.0,0.0,0.0,8000.0,38374276871.88,38374.2769
548.5,Agni_Class,MIDCOURSE,2752637.67,2752.6377,898902.28,898.9023,3093.2431,11135.6753,3093.2431,1693.6414,2588.384,-0.0,-9.81,9.81,17.1847,0.0,0.0,0.0,0.0,0.0,0.0,8000.0,38272612446.6,38272.6124
549.0,Agni_Class,MIDCOURSE,2753929.41,2753.9294,899749.1,899.7491,3089.1399,11120.9035,3089.1399,1693.6414,2583.479,-0.0,-9.81,9.81,17.1619,0.0,0.0,0.0,0.0,0.0,0.0,8000.0,38171140493.52,38171.1405
549.5,Agni_Class,MIDCOURSE,2755218.69,2755.2187,900595.92,900.5959,3085.0389,11106.1402,3085.0389,1693.6414,2578.574,-0.0,-9.81,9.81,17.1391,0.0,0.0,0.0,0.0,0.0,0.0,8000.0,38069861012.63,38069.861
550.0,Agni_Class,MIDCOURSE,2756505.53,2756.5055,901442.74,901.4427,3080.9404,11091.3853,3080.9404,1693.6414,2573.669,-0.0,-9.81,9.81,17.1163,0.0,0.0,0.0,0.0,0.0,0.0,8000.0,37968774003.95,37968.774
550.5,Agni_Class,MIDCOURSE,2757789.91,2757.7899,902289.56,902.2896,3076.8441,11076.6389,3076.8441,1693.6414,2568.764,-0.0,-9.81,9.81,17.0936,0.0,0.0,0.0,0.0,0.0,0.0,8000.0,37867879467.47,37867.8795
551.0,Agni_Class,MIDCOURSE,2759071.84,2759.0718,903136.38,903.1364,3072.7503,11061.901,3072.7503,1693.6414,2563.859,-0.0,-9.81,9.81,17.0708,0.0,0.0,0.0,0.0,0.0,0.0,8000.0,37767177403.19,37767.1774
551.5,Agni_Class,MIDCOURSE,2760351.32,2760.3513,903983.2,903.9832,3068.6588,11047.1718,3068.6588,1693.6414,2558.954,-0.0,-9.81,9.81,17.0481,0.0,0.0,0.0,0.0,0.0,0.0,8000.0,37666667811.1,37666.6678
552.0,Agni_Class,MIDCOURSE,2761628.34,2761.6283,904830.02,904.83,3064.5697,11032.4511,3064.5697,1693.6414,2554.049,-0.0,-9.81,9.81,17.0254,0.0,0.0,0.0,0.0,0.0,0.0,8000.0,37566350691.22,37566.3507
552.5,Agni_Class,MIDCOURSE,2762902.91,2762.9029,905676.84,905.6768,3060.4831,11017.739,3060.4831,1693.6414,2549.144,-0.0,-9.81,9.81,17.0027,0.0,0.0,0.0,0.0,0.0,0.0,8000.0,37466226043.54,37466.226
553.0,Agni_Class,MIDCOURSE,2764175.03,2764.175,906523.66,906.5237,3056.3988,11003.0356,3056.3988,1693.6414,2544.239,-0.0,-9.81,9.81,16.98,0.0,0.0,0.0,0.0,0.0,0.0,8000.0,37366293868.06,37366.2939
553.5,Agni_Class,MIDCOURSE,2765444.7,2765.4447,907370.48,907.3705,3052.3169,10988.3409,3052.3169,1693.6414,2539.334,-0.0,-9.81,9.81,16.9573,0.0,0.0,0.0,0.0,0.0,0.0,8000.0,37266554164.77,37266.5542
554.0,Agni_Class,MIDCOURSE,2766711.91,2766.7119,908217.3,908.2173,3048.2375,10973.6549,3048.2375,1693.6414,2534.429,-0.0,-9.81,9.81,16.9347,0.0,0.0,0.0,0.0,0.0,0.0,8000.0,37167006933.69,37167.0069
554.5,Agni_Class,MIDCOURSE,2767976.68,2767.9767,909064.12,909.0641,3044.1605,10958.9777,3044.1605,1693.6414,2529.524,-0.0,-9.81,9.81,16.912,0.0,0.0,0.0,0.0,0.0,0.0,8000.0,37067652174.81,37067.6522
555.0,Agni_Class,MIDCOURSE,2769238.98,2769.239,909910.94,909.9109,3040.0859,10944.3094,3040.0859,1693.6414,2524.619,-0.0,-9.81,9.81,16.8894,0.0,0.0,0.0,0.0,0.0,0.0,8000.0,36968489888.13,36968.4899
555.5,Agni_Class,MIDCOURSE,2770498.84,2770.4988,910757.77,910.7578,3036.0138,10929.6498,3036.0138,1693.6414,2519.714,-0.0,-9.81,9.81,16.8667,0.0,0.0,0.0,0.0,0.0,0.0,8000.0,36869520073.64,36869.5201
556.0,Agni_Class,MIDCOURSE,2771756.25,2771.7562,911604.59,911.6046,3031.9442,10914.9992,3031.9442,1693.6414,2514.809,-0.0,-9.81,9.81,16.8441,0.0,0.0,0.0,0.0,0.0,0.0,8000.0,36770742731.36,36770.7427
556.5,Agni_Class,MIDCOURSE,2773011.2,2773.0112,912451.41,912.4514,3027.8771,10900.3574,3027.8771,1693.6414,2509.904,-0.0,-9.81,9.81,16.8215,0.0,0.0,0.0,0.0,0.0,0.0,8000.0,36672157861.28,36672.1579
557.0,Agni_Class,MIDCOURSE,2774263.7,2774.2637,913298.23,913.2982,3023.8124,10885.7246,3023.8124,1693.6414,2504.999,-0.0,-9.81,9.81,16.799,0.0,0.0,0.0,0.0,0.0,0.0,8000.0,36573765463.39,36573.7655
557.5,Agni_Class,MIDCOURSE,2775513.75,2775.5137,914145.05,914.145,3019.7502,10871.1008,3019.7502,1693.6414,2500.094,-0.0,-9.81,9.81,16.7764,0.0,0.0,0.0,0.0,0.0,0.0,8000.0,36475565537.71,36475.5655
558.0,Agni_Class,MIDCOURSE,2776761.34,2776.7613,914991.87,914.9919,3015.6906,10856.486,3015.6906,1693.6414,2495.189,-0.0,-9.81,9.81,16.7538,0.0,0.0,0.0,0.0,0.0,0.0,8000.0,36377558084.23,36377.5581
558.5,Agni_Class,MIDCOURSE,2778006.48,2778.0065,915838.69,915.8387,3011.6334,10841.8803,3011.6334,1693.6414,2490.284,-0.0,-9.81,9.81,16.7313,0.0,0.0,0.0,0.0,0.0,0.0,8000.0,36279743102.95,36279.7431
559.0,Agni_Class,MIDCOURSE,2779249.17,2779.2492,916685.51,916.6855,3007.5788,10827.2836,3007.5788,1693.6414,2485.379,-0.0,-9.81,9.81,16.7088,0.0,0.0,0.0,0.0,0.0,0.0,8000.0,36182120593.86,36182.1206
559.5,Agni_Class,MIDCOURSE,2780489.41,2780.4894,917532.33,917.5323,3003.5267,10812.6961,3003.5267,1693.6414,2480.474,-0.0,-9.81,9.81,16.6863,0.0,0.0,0.0,0.0,0.0,0.0,8000.0,36084690556.98,36084.6906
560.0,Agni_Class,MIDCOURSE,2781727.19,2781.7272,918379.15,918.3792,2999.4772,10798.1178,2999.4772,1693.6414,2475.569,-0.0,-9.81,9.81,16.6638,0.0,0.0,0.0,0.0,0.0,0.0,8000.0,35987452992.3,35987.453
560.5,Agni_Class,MIDCOURSE,2782962.52,2782.9625,919225.97,919.226,2995.4302,10783.5487,2995.4302,1693.6414,2470.664,-0.0,-9.81,9.81,16.6413,0.0,0.0,0.0,0.0,0.0,0.0,8000.0,35890407899.82,35890.4079
561.0,Agni_Class,MIDCOURSE,2784195.4,2784.1954,920072.79,920.0728,2991.3858,10768.9888,2991.3858,1693.6414,2465.759,-0.0,-9.81,9.81,16.6188,0.0,0.0,0.0,0.0,0.0,0.0,8000.0,35793555279.53,35793.5553
561.5,Agni_Class,MIDCOURSE,2785425.83,2785.4258,920919.61,920.9196,2987.3439,10754.4382,2987.3439,1693.6414,2460.854,-0.0,-9.81,9.81,16.5964,0.0,0.0,0.0,0.0,0.0,0.0,8000.0,35696895131.45,35696.8951
562.0,Agni_Class,MIDCOURSE,2786653.81,2786.6538,921766.43,921.7664,2983.3047,10739.8969,2983.3047,1693.6414,2455.949,-0.0,-9.81,9.81,16.5739,0.0,0.0,0.0,0.0,0.0,0.0,8000.0,35600427455.57,35600.4275
562.5,Agni_Class,MIDCOURSE,2787879.33,2787.8793,922613.26,922.6133,2979.268,10725.3649,2979.268,1693.6414,2451.044,-0.0,-9.81,9.81,16.5515,0.0,0.0,0.0,0.0,0.0,0.0,8000.0,35504152251.89,35504.1523
563.0,Agni_Class,MIDCOURSE,2789102.4,2789.1024,923460.08,923.4601,2975.234,10710.8424,2975.234,1693.6414,2446.139,-0.0,-9.81,9.81,16.5291,0.0,0.0,0.0,0.0,0.0,0.0,8000.0,35408069520.4,35408.0695
563.5,Agni_Class,MIDCOURSE,2790323.01,2790.323,924306.9,924.3069,2971.2026,10696.3293,2971.2026,1693.6414,2441.234,-0.0,-9.81,9.81,16.5067,0.0,0.0,0.0,0.0,0.0,0.0,8000.0,35312179261.12,35312.1793
564.0,Agni_Class,MIDCOURSE,2791541.18,2791.5412,925153.72,925.1537,2967.1738,10681.8257,2967.1738,1693.6414,2436.329,-0.0,-9.81,9.81,16.4843,0.0,0.0,0.0,0.0,0.0,0.0,8000.0,35216481474.04,35216.4815
564.5,Agni_Class,MIDCOURSE,2792756.89,2792.7569,926000.54,926.0005,2963.1477,10667.3316,2963.1477,1693.6414,2431.424,-0.0,-9.81,9.81,16.4619,0.0,0.0,0.0,0.0,0.0,0.0,8000.0,35120976159.16,35120.9762
565.0,Agni_Class,MIDCOURSE,2793970.15,2793.9702,926847.36,926.8474,2959.1242,10652.847,2959.1242,1693.6414,2426.519,-0.0,-9.81,9.81,16.4396,0.0,0.0,0.0,0.0,0.0,0.0,8000.0,35025663316.47,35025.6633
565.5,Agni_Class,MIDCOURSE,2795180.96,2795.181,927694.18,927.6942,2955.1033,10638.372,2955.1033,1693.6414,2421.614,-0.0,-9.81,9.81,16.4172,0.0,0.0,0.0,0.0,0.0,0.0,8000.0,34930542945.99,34930.5429
566.0,Agni_Class,MIDCOURSE,2796389.31,2796.3893,928541.0,928.541,2951.0852,10623.9067,2951.0852,1693.6414,2416.709,-0.0,-9.81,9.81,16.3949,0.0,0.0,0.0,0.0,0.0,0.0,8000.0,34835615047.71,34835.615
566.5,Agni_Class,MIDCOURSE,2797595.21,2797.5952,929387.82,929.3878,2947.0697,10609.451,2947.0697,1693.6414,2411.804,-0.0,-9.81,9.81,16.3726,0.0,0.0,0.0,0.0,0.0,0.0,8000.0,34740879621.62,34740.8796
567.0,Agni_Class,MIDCOURSE,2798798.66,2798.7987,930234.64,930.2346,2943.0569,10595.005,2943.0569,1693.6414,2406.899,-0.0,-9.81,9.81,16.3503,0.0,0.0,0.0,0.0,0.0,0.0,8000.0,34646336667.74,34646.3367
567.5,Agni_Class,MIDCOURSE,2799999.66,2799.9997,931081.46,931.0815,2939.0469,10580.5688,2939.0469,1693.6414,2401.994,-0.0,-9.81,9.81,16.328,0.0,0.0,0.0,0.0,0.0,0.0,8000.0,34551986186.06,34551.9862
568.0,Agni_Class,MIDCOURSE,2801198.2,2801.1982,931928.28,931.9283,2935.0395,10566.1423,2935.0395,1693.6414,2397.089,-0.0,-9.81,9.81,16.3058,0.0,0.0,0.0,0.0,0.0,0.0,8000.0,34457828176.58,34457.8282
568.5,Agni_Class,MIDCOURSE,2802394.3,2802.3943,932775.1,932.7751,2931.0349,10551.7257,2931.0349,1693.6414,2392.184,-0.0,-9.81,9.81,16.2835,0.0,0.0,0.0,0.0,0.0,0.0,8000.0,34363862639.29,34363.8626
569.0,Agni_Class,MIDCOURSE,2803587.94,2803.5879,933621.92,933.6219,2927.033,10537.3189,2927.033,1693.6414,2387.279,-0.0,-9.81,9.81,16.2613,0.0,0.0,0.0,0.0,0.0,0.0,8000.0,34270089574.21,34270.0896
569.5,Agni_Class,MIDCOURSE,2804779.12,2804.7791,934468.74,934.4687,2923.0339,10522.9221,2923.0339,1693.6414,2382.374,-0.0,-9.81,9.81,16.2391,0.0,0.0,0.0,0.0,0.0,0.0,8000.0,34176508981.33,34176.509
570.0,Agni_Class,MIDCOURSE,2805967.86,2805.9679,935315.57,935.3156,2919.0375,10508.5352,2919.0375,1693.6414,2377.469,-0.0,-9.81,9.81,16.2169,0.0,0.0,0.0,0.0,0.0,0.0,8000.0,34083120860.65,34083.1209
570.5,Agni_Class,MIDCOURSE,2807154.14,2807.1541,936162.39,936.1624,2915.044,10494.1583,2915.044,1693.6414,2372.564,-0.0,-9.81,9.81,16.1947,0.0,0.0,0.0,0.0,0.0,0.0,8000.0,33989925212.16,33989.9252
571.0,Agni_Class,MIDCOURSE,2808337.97,2808.338,937009.21,937.0092,2911.0532,10479.7914,2911.0532,1693.6414,2367.659,-0.0,-9.81,9.81,16.1725,0.0,0.0,0.0,0.0,0.0,0.0,8000.0,33896922035.88,33896.922
571.5,Agni_Class,MIDCOURSE,2809519.35,2809.5193,937856.03,937.856,2907.0652,10465.4346,2907.0652,1693.6414,2362.754,-0.0,-9.81,9.81,16.1504,0.0,0.0,0.0,0.0,0.0,0.0,8000.0,33804111331.8,33804.1113
572.0,Agni_Class,MIDCOURSE,2810698.27,2810.6983,938702.85,938.7028,2903.08,10451.0879,2903.08,1693.6414,2357.849,-0.0,-9.81,9.81,16.1282,0.0,0.0,0.0,0.0,0.0,0.0,8000.0,33711493099.92,33711.4931
572.5,Agni_Class,MIDCOURSE,2811874.74,2811.8747,939549.67,939.5497,2899.0976,10436.7513,2899.0976,1693.6414,2352.944,-0.0,-9.81,9.81,16.1061,0.0,0.0,0.0,0.0,0.0,0.0,8000.0,33619067340.23,33619.0673
573.0,Agni_Class,MIDCOURSE,2813048.76,2813.0488,940396.49,940.3965,2895.118,10422.425,2895.118,1693.6414,2348.039,-0.0,-9.81,9.81,16.084,0.0,0.0,0.0,0.0,0.0,0.0,8000.0,33526834052.75,33526.8341
573.5,Agni_Class,MIDCOURSE,2814220.33,2814.2203,941243.31,941.2433,2891.1414,10408.1089,2891.1414,1693.6414,2343.134,-0.0,-9.81,9.81,16.0619,0.0,0.0,0.0,0.0,0.0,0.0,8000.0,33434793237.47,33434.7932
574.0,Agni_Class,MIDCOURSE,2815389.44,2815.3894,942090.13,942.0901,2887.1675,10393.803,2887.1675,1693.6414,2338.229,-0.0,-9.81,9.81,16.0398,0.0,0.0,0.0,0.0,0.0,0.0,8000.0,33342944894.39,33342.9449
574.5,Agni_Class,MIDCOURSE,2816556.11,2816.5561,942936.95,942.937,2883.1965,10379.5075,2883.1965,1693.6414,2333.324,-0.0,-9.81,9.81,16.0178,0.0,0.0,0.0,0.0,0.0,0.0,8000.0,33251289023.5,33251.289
575.0,Agni_Class,MIDCOURSE,2817720.32,2817.7203,943783.77,943.7838,2879.2284,10365.2224,2879.2284,1693.6414,2328.419,-0.0,-9.81,9.81,15.9957,0.0,0.0,0.0,0.0,0.0,0.0,8000.0,33159825624.82,33159.8256
575.5,Agni_Class,MIDCOURSE,2818882.07,2818.8821,944630.59,944.6306,2875.2632,10350.9476,2875.2632,1693.6414,2323.514,-0.0,-9.81,9.81,15.9737,0.0,0.0,0.0,0.0,0.0,0.0,8000.0,33068554698.34,33068.5547
576.0,Agni_Class,MIDCOURSE,2820041.38,2820.0414,945477.41,945.4774,2871.3009,10336.6834,2871.3009,1693.6414,2318.609,-0.0,-9.81,9.81,15.9517,0.0,0.0,0.0,0.0,0.0,0.0,8000.0,32977476244.05,32977.4762
576.5,Agni_Class,MIDCOURSE,2821198.23,2821.1982,946324.23,946.3242,2867.3416,10322.4296,2867.3416,1693.6414,2313.704,-0.0,-9.81,9.81,15.9297,0.0,0.0,0.0,0.0,0.0,0.0,8000.0,32886590261.97,32886.5903
577.0,Agni_Class,MIDCOURSE,2822352.63,2822.3526,947171.06,947.1711,2863.3851,10308.1863,2863.3851,1693.6414,2308.799,-0.0,-9.81,9.81,15.9077,0.0,0.0,0.0,0.0,0.0,0.0,8000.0,32795896752.09,32795.8968
577.5,Agni_Class,MIDCOURSE,2823504.58,2823.5046,948017.88,948.0179,2859.4316,10293.9537,2859.4316,1693.6414,2303.894,-0.0,-9.81,9.81,15.8857,0.0,0.0,0.0,0.0,0.0,0.0,8000.0,32705395714.41,32705.3957
578.0,Agni_Class,MIDCOURSE,2824654.07,2824.6541,948864.7,948.8647,2855.481,10279.7316,2855.481,1693.6414,2298.989,-0.0,-9.81,9.81,15.8638,0.0,0.0,0.0,0.0,0.0,0.0,8000.0,32615087148.92,32615.0871
578.5,Agni_Class,MIDCOURSE,2825801.11,2825.8011,949711.52,949.7115,2851.5334,10265.5203,2851.5334,1693.6414,2294.084,-0.0,-9.81,9.81,15.8419,0.0,0.0,0.0,0.0,0.0,0.0,8000.0,32524971055.64,32524.9711
579.0,Agni_Class,MIDCOURSE,2826945.7,2826.9457,950558.34,950.5583,2847.5888,10251.3196,2847.5888,1693.6414,2289.179,-0.0,-9.81,9.81,15.8199,0.0,0.0,0.0,0.0,0.0,0.0,8000.0,32435047434.56,32435.0474
579.5,Agni_Class,MIDCOURSE,2828087.84,2828.0878,951405.16,951.4052,2843.6471,10237.1297,2843.6471,1693.6414,2284.274,-0.0,-9.81,9.81,15.798,0.0,0.0,0.0,0.0,0.0,0.0,8000.0,32345316285.68,32345.3163
580.0,Agni_Class,MIDCOURSE,2829227.52,2829.2275,952251.98,952.252,2839.7085,10222.9506,2839.7085,1693.6414,2279.369,-0.0,-9.81,9.81,15.7762,0.0,0.0,0.0,0.0,0.0,0.0,8000.0,32255777608.99,32255.7776
580.5,Agni_Class,MIDCOURSE,2830364.76,2830.3648,953098.8,953.0988,2835.7729,10208.7824,2835.7729,1693.6414,2274.464,-0.0,-9.81,9.81,15.7543,0.0,0.0,0.0,0.0,0.0,0.0,8000.0,32166431404.51,32166.4314
581.0,Agni_Class,MIDCOURSE,2831499.53,2831.4995,953945.62,953.9456,2831.8403,10194.625,2831.8403,1693.6414,2269.559,-0.0,-9.81,9.81,15.7324,0.0,0.0,0.0,0.0,0.0,0.0,8000.0,32077277672.23,32077.2777
581.5,Agni_Class,MIDCOURSE,2832631.86,2832.6319,954792.44,954.7924,2827.9107,10180.4786,2827.9107,1693.6414,2264.654,-0.0,-9.81,9.81,15.7106,0.0,0.0,0.0,0.0,0.0,0.0,8000.0,31988316412.15,31988.3164
582.0,Agni_Class,MIDCOURSE,2833761.74,2833.7617,955639.26,955.6393,2823.9842,10166.3432,2823.9842,1693.6414,2259.749,-0.0,-9.81,9.81,15.6888,0.0,0.0,0.0,0.0,0.0,0.0,8000.0,31899547624.26,31899.5476
582.5,Agni_Class,MIDCOURSE,2834889.16,2834.8892,956486.08,956.4861,2820.0608,10152.2188,2820.0608,1693.6414,2254.844,-0.0,-9.81,9.81,15.667,0.0,0.0,0.0,0.0,0.0,0.0,8000.0,31810971308.58,31810.9713
583.0,Agni_Class,MIDCOURSE,2836014.13,2836.0141,957332.9,957.3329,2816.1404,10138.1055,2816.1404,1693.6414,2249.939,-0.0,-9.81,9.81,15.6452,0.0,0.0,0.0,0.0,0.0,0.0,8000.0,31722587465.1,31722.5875
583.5,Agni_Class,MIDCOURSE,2837136.64,2837.1366,958179.72,958.1797,2812.2231,10124.0033,2812.2231,1693.6414,2245.034,-0.0,-9.81,9.81,15.6235,0.0,0.0,0.0,0.0,0.0,0.0,8000.0,31634396093.82,31634.3961
584.0,Agni_Class,MIDCOURSE,2838256.71,2838.2567,959026.55,959.0265,2808.309,10109.9123,2808.309,1693.6414,2240.129,-0.0,-9.81,9.81,15.6017,0.0,0.0,0.0,0.0,0.0,0.0,8000.0,31546397194.73,31546.3972
584.5,Agni_Class,MIDCOURSE,2839374.32,2839.3743,959873.37,959.8734,2804.3979,10095.8325,2804.3979,1693.6414,2235.224,-0.0,-9.81,9.81,15.58,0.0,0.0,0.0,0.0,0.0,0.0,8000.0,31458590767.85,31458.5908
585.0,Agni_Class,MIDCOURSE,2840489.48,2840.4895,960720.19,960.7202,2800.49,10081.764,2800.49,1693.6414,2230.319,-0.0,-9.81,9.81,15.5583,0.0,0.0,0.0,0.0,0.0,0.0,8000.0,31370976813.17,31370.9768
585.5,Agni_Class,MIDCOURSE,2841602.19,2841.6022,961567.01,961.567,2796.5852,10067.7068,2796.5852,1693.6414,2225.414,-0.0,-9.81,9.81,15.5366,0.0,0.0,0.0,0.0,0.0,0.0,8000.0,31283555330.68,31283.5553
586.0,Agni_Class,MIDCOURSE,2842712.44,2842.7124,962413.83,962.4138,2792.6836,10053.6609,2792.6836,1693.6414,2220.509,-0.0,-9.81,9.81,15.5149,0.0,0.0,0.0,0.0,0.0,0.0,8000.0,31196326320.4,31196.3263
586.5,Agni_Class,MIDCOURSE,2843820.24,2843.8202,963260.65,963.2606,2788.7851,10039.6264,2788.7851,1693.6414,2215.604,-0.0,-9.81,9.81,15.4933,0.0,0.0,0.0,0.0,0.0,0.0,8000.0,31109289782.32,31109.2898
587.0,Agni_Class,MIDCOURSE,2844925.59,2844.9256,964107.47,964.1075,2784.8898,10025.6034,2784.8898,1693.6414,2210.699,-0.0,-9.81,9.81,15.4716,0.0,0.0,0.0,0.0,0.0,0.0,8000.0,31022445716.44,31022.4457
587.5,Agni_Class,MIDCOURSE,2846028.49,2846.0285,964954.29,964.9543,2780.9978,10011.5919,2780.9978,1693.6414,2205.794,-0.0,-9.81,9.81,15.45,0.0,0.0,0.0,0.0,0.0,0.0,8000.0,30935794122.75,30935.7941
588.0,Agni_Class,MIDCOURSE,2847128.94,2847.1289,965801.11,965.8011,2777.1089,9997.592,2777.1089,1693.6414,2200.889,-0.0,-9.81,9.81,15.4284,0.0,0.0,0.0,0.0,0.0,0.0,8000.0,30849335001.27,30849.335
588.5,Agni_Class,MIDCOURSE,2848226.93,2848.2269,966647.93,966.6479,2773.2232,9983.6036,2773.2232,1693.6414,2195.984,-0.0,-9.81,9.81,15.4068,0.0,0.0,0.0,0.0,0.0,0.0,8000.0,30763068351.99,30763.0684
589.0,Agni_Class,MIDCOURSE,2849322.47,2849.3225,967494.75,967.4948,2769.3408,9969.6269,2769.3408,1693.6414,2191.079,-0.0,-9.81,9.81,15.3852,0.0,0.0,0.0,0.0,0.0,0.0,8000.0,30676994174.91,30676.9942
589.5,Agni_Class,MIDCOURSE,2850415.55,2850.4156,968341.57,968.3416,2765.4616,9955.6619,2765.4616,1693.6414,2186.174,-0.0,-9.81,9.81,15.3637,0.0,0.0,0.0,0.0,0.0,0.0,8000.0,30591112470.02,30591.1125
590.0,Agni_Class,MIDCOURSE,2851506.19,2851.5062,969188.39,969.1884,2761.5857,9941.7087,2761.5857,1693.6414,2181.269,-0.0,-9.81,9.81,15.3421,0.0,0.0,0.0,0.0,0.0,0.0,8000.0,30505423237.34,30505.4232
590.5,Agni_Class,MIDCOURSE,2852594.37,2852.5944,970035.21,970.0352,2757.7131,9927.7672,2757.7131,1693.6414,2176.364,-0.0,-9.81,9.81,15.3206,0.0,0.0,0.0,0.0,0.0,0.0,8000.0,30419926476.86,30419.9265
591.0,Agni_Class,MIDCOURSE,2853680.1,2853.6801,970882.04,970.882,2753.8438,9913.8376,2753.8438,1693.6414,2171.459,-0.0,-9.81,9.81,15.2991,0.0,0.0,0.0,0.0,0.0,0.0,8000.0,30334622188.58,30334.6222
591.5,Agni_Class,MIDCOURSE,2854763.38,2854.7634,971728.86,971.7289,2749.9777,9899.9199,2749.9777,1693.6414,2166.554,-0.0,-9.81,9.81,15.2777,0.0,0.0,0.0,0.0,0.0,0.0,8000.0,30249510372.49,30249.5104
592.0,Agni_Class,MIDCOURSE,2855844.2,2855.8442,972575.68,972.5757,2746.115,9886.0141,2746.115,1693.6414,2161.649,-0.0,-9.81,9.81,15.2562,0.0,0.0,0.0,0.0,0.0,0.0,8000.0,30164591028.61,30164.591
592.5,Agni_Class,MIDCOURSE,2856922.57,2856.9226,973422.5,973.4225,2742.2556,9872.1203,2742.2556,1693.6414,2156.744,-0.0,-9.81,9.81,15.2348,0.0,0.0,0.0,0.0,0.0,0.0,8000.0,30079864156.93,30079.8642
593.0,Agni_Class,MIDCOURSE,2857998.49,2857.9985,974269.32,974.2693,2738.3996,9858.2386,2738.3996,1693.6414,2151.839,-0.0,-9.81,9.81,15.2133,0.0,0.0,0.0,0.0,0.0,0.0,8000.0,29995329757.45,29995.3298
593.5,Agni_Class,MIDCOURSE,2859071.96,2859.072,975116.14,975.1161,2734.5469,9844.369,2734.5469,1693.6414,2146.934,-0.0,-9.81,9.81,15.1919,0.0,0.0,0.0,0.0,0.0,0.0,8000.0,29910987830.16,29910.9878
594.0,Agni_Class,MIDCOURSE,2860142.97,2860.143,975962.96,975.963,2730.6976,9830.5115,2730.6976,1693.6414,2142.029,-0.0,-9.81,9.81,15.1705,0.0,0.0,0.0,0.0,0.0,0.0,8000.0,29826838375.08,29826.8384
594.5,Agni_Class,MIDCOURSE,2861211.54,2861.2115,976809.78,976.8098,2726.8517,9816.6662,2726.8517,1693.6414,2137.124,-0.0,-9.81,9.81,15.1492,0.0,0.0,0.0,0.0,0.0,0.0,8000.0,29742881392.2,29742.8814
595.0,Agni_Class,MIDCOURSE,2862277.65,2862.2776,977656.6,977.6566,2723.0092,9802.8332,2723.0092,1693.6414,2132.219,-0.0,-9.81,9.81,15.1278,0.0,0.0,0.0,0.0,0.0,0.0,8000.0,29659116881.51,29659.1169
595.5,Agni_Class,MIDCOURSE,2863341.3,2863.3413,978503.42,978.5034,2719.1701,9789.0125,2719.1701,1693.6414,2127.314,-0.0,-9.81,9.81,15.1065,0.0,0.0,0.0,0.0,0.0,0.0,8000.0,29575544843.03,29575.5448
596.0,Agni_Class,MIDCOURSE,2864402.51,2864.4025,979350.24,979.3502,2715.3345,9775.2041,2715.3345,1693.6414,2122.409,-0.0,-9.81,9.81,15.0852,0.0,0.0,0.0,0.0,0.0,0.0,8000.0,29492165276.75,29492.1653
596.5,Agni_Class,MIDCOURSE,2865461.26,2865.4613,980197.06,980.1971,2711.5023,9761.4082,2711.5023,1693.6414,2117.504,-0.0,-9.81,9.81,15.0639,0.0,0.0,0.0,0.0,0.0,0.0,8000.0,29408978182.67,29408.9782
597.0,Agni_Class,MIDCOURSE,2866517.56,2866.5176,981043.88,981.0439,2707.6735,9747.6247,2707.6735,1693.6414,2112.599,-0.0,-9.81,9.81,15.0426,0.0,0.0,0.0,0.0,0.0,0.0,8000.0,29325983560.78,29325.9836
597.5,Agni_Class,MIDCOURSE,2867571.41,2867.5714,981890.7,981.8907,2703.8482,9733.8537,2703.8482,1693.6414,2107.694,-0.0,-9.81,9.81,15.0214,0.0,0.0,0.0,0.0,0.0,0.0,8000.0,29243181411.1,29243.1814
598.0,Agni_Class,MIDCOURSE,2868622.8,2868.6228,982737.53,982.7375,2700.0265,9720.0953,2700.0265,1693.6414,2102.789,-0.0,-9.81,9.81,15.0001,0.0,0.0,0.0,0.0,0.0,0.0,8000.0,29160571733.62,29160.5717
598.5,Agni_Class,MIDCOURSE,2869671.74,2869.6717,983584.35,983.5843,2696.2082,9706.3495,2696.2082,1693.6414,2097.884,-0.0,-9.81,9.81,14.9789,0.0,0.0,0.0,0.0,0.0,0.0,8000.0,29078154528.34,29078.1545
599.0,Agni_Class,MIDCOURSE,2870718.23,2870.7182,984431.17,984.4312,2692.3934,9692.6164,2692.3934,1693.6414,2092.979,-0.0,-9.81,9.81,14.9577,0.0,0.0,0.0,0.0,0.0,0.0,8000.0,28995929795.25,28995.9298
599.5,Agni_Class,MIDCOURSE,2871762.27,2871.7623,985277.99,985.278,2688.5822,9678.896,2688.5822,1693.6414,2088.074,-0.0,-9.81,9.81,14.9366,0.0,0.0,0.0,0.0,0.0,0.0,8000.0,28913897534.37,28913.8975
600.0,Agni_Class,MIDCOURSE,2872803.85,2872.8039,986124.81,986.1248,2684.7746,9665.1884,2684.7746,1693.6414,2083.169,-0.0,-9.81,9.81,14.9154,0.0,0.0,0.0,0.0,0.0,0.0,8000.0,28832057745.69,28832.0577
600.5,Agni_Class,MIDCOURSE,2873842.99,2873.843,986971.63,986.9716,2680.9705,9651.4937,2680.9705,1693.6414,2078.264,-0.0,-9.81,9.81,14.8943,0.0,0.0,0.0,0.0,0.0,0.0,8000.0,28750410429.21,28750.4104
601.0,Agni_Class,MIDCOURSE,2874879.67,2874.8797,987818.45,987.8184,2677.1699,9637.8118,2677.1699,1693.6414,2073.359,-0.0,-9.81,9.81,14.8732,0.0,0.0,0.0,0.0,0.0,0.0,8000.0,28668955584.92,28668.9556
601.5,Agni_Class,MIDCOURSE,2875913.89,2875.9139,988665.27,988.6653,2673.373,9624.1429,2673.373,1693.6414,2068.454,-0.0,-9.81,9.81,14.8521,0.0,0.0,0.0,0.0,0.0,0.0,8000.0,28587693212.84,28587.6932
602.0,Agni_Class,MIDCOURSE,2876945.67,2876.9457,989512.09,989.5121,2669.5797,9610.487,2669.5797,1693.6414,2063.549,-0.0,-9.81,9.81,14.831,0.0,0.0,0.0,0.0,0.0,0.0,8000.0,28506623312.96,28506.6233
602.5,Agni_Class,MIDCOURSE,2877974.99,2877.975,990358.91,990.3589,2665.79,9596.8441,2665.79,1693.6414,2058.644,-0.0,-9.81,9.81,14.8099,0.0,0.0,0.0,0.0,0.0,0.0,8000.0,28425745885.28,28425.7459
603.0,Agni_Class,MIDCOURSE,2879001.86,2879.0019,991205.73,991.2057,2662.004,9583.2144,2662.004,1693.6414,2053.739,-0.0,-9.81,9.81,14.7889,0.0,0.0,0.0,0.0,0.0,0.0,8000.0,28345060929.79,28345.0609
603.5,Agni_Class,MIDCOURSE,2880026.28,2880.0263,992052.55,992.0526,2658.2216,9569.5978,2658.2216,1693.6414,2048.834,-0.0,-9.81,9.81,14.7679,0.0,0.0,0.0,0.0,0.0,0.0,8000.0,28264568446.51,28264.5684
604.0,Agni_Class,MIDCOURSE,2881048.24,2881.0482,992899.37,992.8994,2654.4429,9555.9944,2654.4429,1693.6414,2043.929,-0.0,-9.81,9.81,14.7469,0.0,0.0,0.0,0.0,0.0,0.0,8000.0,28184268435.43,28184.2684
604.5,Agni_Class,MIDCOURSE,2882067.75,2882.0678,993746.19,993.7462,2650.6679,9542.4044,2650.6679,1693.6414,2039.024,-0.0,-9.81,9.81,14.7259,0.0,0.0,0.0,0.0,0.0,0.0,8000.0,28104160896.54,28104.1609
605.0,Agni_Class,MIDCOURSE,2883084.81,2883.0848,994593.02,994.593,2646.8966,9528.8277,2646.8966,1693.6414,2034.119,-0.0,-9.81,9.81,14.705,0.0,0.0,0.0,0.0,0.0,0.0,8000.0,28024245829.86,28024.2458
605.5,Agni_Class,MIDCOURSE,2884099.42,2884.0994,995439.84,995.4398,2643.129,9515.2643,2643.129,1693.6414,2029.214,-0.0,-9.81,9.81,14.684,0.0,0.0,0.0,0.0,0.0,0.0,8000.0,27944523235.38,27944.5232
606.0,Agni_Class,MIDCOURSE,2885111.57,2885.1116,996286.66,996.2867,2639.3651,9501.7145,2639.3651,1693.6414,2024.309,-0.0,-9.81,9.81,14.6631,0.0,0.0,0.0,0.0,0.0,0.0,8000.0,27864993113.1,27864.9931
606.5,Agni_Class,MIDCOURSE,2886121.27,2886.1213,997133.48,997.1335,2635.605,9488.1781,2635.605,1693.6414,2019.404,-0.0,-9.81,9.81,14.6423,0.0,0.0,0.0,0.0,0.0,0.0,8000.0,27785655463.01,27785.6555
607.0,Agni_Class,MIDCOURSE,2887128.52,2887.1285,997980.3,997.9803,2631.8487,9474.6553,2631.8487,1693.6414,2014.499,-0.0,-9.81,9.81,14.6214,0.0,0.0,0.0,0.0,0.0,0.0,8000.0,27706510285.13,27706.5103
607.5,Agni_Class,MIDCOURSE,2888133.32,2888.1333,998827.12,998.8271,2628.0962,9461.1462,2628.0962,1693.6414,2009.594,-0.0,-9.81,9.81,14.6005,0.0,0.0,0.0,0.0,0.0,0.0,8000.0,27627557579.45,27627.5576
608.0,Agni_Class,MIDCOURSE,2889135.67,2889.1357,999673.94,999.6739,2624.3474,9447.6507,2624.3474,1693.6414,2004.689,-0.0,-9.81,9.81,14.5797,0.0,0.0,0.0,0.0,0.0,0.0,8000.0,27548797345.97,27548.7973
608.5,Agni_Class,MIDCOURSE,2890135.56,2890.1356,1000520.76,1000.5208,2620.6025,9434.169,2620.6025,1693.6414,1999.784,-0.0,-9.81,9.81,14.5589,0.0,0.0,0.0,0.0,0.0,0.0,8000.0,27470229584.68,27470.2296
609.0,Agni_Class,MIDCOURSE,2891133.0,2891.133,1001367.58,1001.3676,2616.8614,9420.701,2616.8614,1693.6414,1994.879,-0.0,-9.81,9.81,14.5381,0.0,0.0,0.0,0.0,0.0,0.0,8000.0,27391854295.6,27391.8543
609.5,Agni_Class,MIDCOURSE,2892127.98,2892.128,1002214.4,1002.2144,2613.1242,9407.247,2613.1242,1693.6414,1989.974,-0.0,-9.81,9.81,14.5174,0.0,0.0,0.0,0.0,0.0,0.0,8000.0,27313671478.72,27313.6715
610.0,Agni_Class,MIDCOURSE,2893120.52,2893.1205,1003061.22,1003.0612,2609.3908,9393.8068,2609.3908,1693.6414,1985.069,-0.0,-9.81,9.81,14.4966,0.0,0.0,0.0,0.0,0.0,0.0,8000.0,27235681134.04,27235.6811
610.5,Agni_Class,MIDCOURSE,2894110.6,2894.1106,1003908.04,1003.908,2605.6613,9380.3807,2605.6613,1693.6414,1980.164,-0.0,-9.81,9.81,14.4759,0.0,0.0,0.0,0.0,0.0,0.0,8000.0,27157883261.55,27157.8833
611.0,Agni_Class,MIDCOURSE,2895098.23,2895.0982,1004754.86,1004.7549,2601.9357,9366.9686,2601.9357,1693.6414,1975.259,-0.0,-9.81,9.81,14.4552,0.0,0.0,0.0,0.0,0.0,0.0,8000.0,27080277861.27,27080.2779
611.5,Agni_Class,MIDCOURSE,2896083.41,2896.0834,1005601.68,1005.6017,2598.214,9353.5706,2598.214,1693.6414,1970.354,-0.0,-9.81,9.81,14.4345,0.0,0.0,0.0,0.0,0.0,0.0,8000.0,27002864933.19,27002.8649
612.0,Agni_Class,MIDCOURSE,2897066.13,2897.0661,1006448.51,1006.4485,2594.4963,9340.1867,2594.4963,1693.6414,1965.449,-0.0,-9.81,9.81,14.4139,0.0,0.0,0.0,0.0,0.0,0.0,8000.0,26925644477.31,26925.6445
612.5,Agni_Class,MIDCOURSE,2898046.4,2898.0464,1007295.33,1007.2953,2590.7825,9326.8171,2590.7825,1693.6414,1960.544,-0.0,-9.81,9.81,14.3932,0.0,0.0,0.0,0.0,0.0,0.0,8000.0,26848616493.62,26848.6165
613.0,Agni_Class,MIDCOURSE,2899024.22,2899.0242,1008142.15,1008.1421,2587.0727,9313.4618,2587.0727,1693.6414,1955.639,-0.0,-9.81,9.81,14.3726,0.0,0.0,0.0,0.0,0.0,0.0,8000.0,26771780982.14,26771.781
613.5,Agni_Class,MIDCOURSE,2899999.59,2899.9996,1008988.97,1008.989,2583.3669,9300.1208,2583.3669,1693.6414,1950.734,-0.0,-9.81,9.81,14.352,0.0,0.0,0.0,0.0,0.0,0.0,8000.0,26695137942.86,26695.1379
614.0,Agni_Class,MIDCOURSE,2900972.51,2900.9725,1009835.79,1009.8358,2579.6651,9286.7942,2579.6651,1693.6414,1945.829,-0.0,-9.81,9.81,14.3315,0.0,0.0,0.0,0.0,0.0,0.0,8000.0,26618687375.77,26618.6874
614.5,Agni_Class,MIDCOURSE,2901942.97,2901.943,1010682.61,1010.6826,2575.9673,9273.4821,2575.9673,1693.6414,1940.924,-0.0,-9.81,9.81,14.3109,0.0,0.0,0.0,0.0,0.0,0.0,8000.0,26542429280.89,26542.4293
615.0,Agni_Class,MIDCOURSE,2902910.98,2902.911,1011529.43,1011.5294,2572.2735,9260.1846,2572.2735,1693.6414,1936.019,-0.0,-9.81,9.81,14.2904,0.0,0.0,0.0,0.0,0.0,0.0,8000.0,26466363658.21,26466.3637
615.5,Agni_Class,MIDCOURSE,2903876.53,2903.8765,1012376.25,1012.3763,2568.5838,9246.9016,2568.5838,1693.6414,1931.114,-0.0,-9.81,9.81,14.2699,0.0,0.0,0.0,0.0,0.0,0.0,8000.0,26390490507.73,26390.4905
616.0,Agni_Class,MIDCOURSE,2904839.64,2904.8396,1013223.07,1013.2231,2564.8981,9233.6333,2564.8981,1693.6414,1926.209,-0.0,-9.81,9.81,14.2494,0.0,0.0,0.0,0.0,0.0,0.0,8000.0,26314809829.44,26314.8098
616.5,Agni_Class,MIDCOURSE,2905800.29,2905.8003,1014069.89,1014.0699,2561.2166,9220.3797,2561.2166,1693.6414,1921.304,-0.0,-9.81,9.81,14.229,0.0,0.0,0.0,0.0,0.0,0.0,8000.0,26239321623.36,26239.3216
617.0,Agni_Class,MIDCOURSE,2906758.49,2906.7585,1014916.71,1014.9167,2557.5391,9207.1409,2557.5391,1693.6414,1916.399,-0.0,-9.81,9.81,14.2086,0.0,0.0,0.0,0.0,0.0,0.0,8000.0,26164025889.48,26164.0259
617.5,Agni_Class,MIDCOURSE,2907714.24,2907.7142,1015763.53,1015.7635,2553.8658,9193.917,2553.8658,1693.6414,1911.494,-0.0,-9.81,9.81,14.1881,0.0,0.0,0.0,0.0,0.0,0.0,8000.0,26088922627.8,26088.9226
618.0,Agni_Class,MIDCOURSE,2908667.53,2908.6675,1016610.35,1016.6104,2550.1967,9180.7079,2550.1967,1693.6414,1906.589,-0.0,-9.81,9.81,14.1678,0.0,0.0,0.0,0.0,0.0,0.0,8000.0,26014011838.31,26014.0118
618.5,Agni_Class,MIDCOURSE,2909618.37,2909.6184,1017457.17,1017.4572,2546.5316,9167.5139,2546.5316,1693.6414,1901.684,-0.0,-9.81,9.81,14.1474,0.0,0.0,0.0,0.0,0.0,0.0,8000.0,25939293521.03,25939.2935
619.0,Agni_Class,MIDCOURSE,2910566.76,2910.5668,1018304.0,1018.304,2542.8708,9154.3349,2542.8708,1693.6414,1896.779,-0.0,-9.81,9.81,14.1271,0.0,0.0,0.0,0.0,0.0,0.0,8000.0,25864767675.95,25864.7677
619.5,Agni_Class,MIDCOURSE,2911512.7,2911.5127,1019150.82,1019.1508,2539.2142,9141.171,2539.2142,1693.6414,1891.874,-0.0,-9.81,9.81,14.1067,0.0,0.0,0.0,0.0,0.0,0.0,8000.0,25790434303.07,25790.4343
620.0,Agni_Class,MIDCOURSE,2912456.18,2912.4562,1019997.64,1019.9976,2535.5617,9128.0223,2535.5617,1693.6414,1886.969,-0.0,-9.81,9.81,14.0865,0.0,0.0,0.0,0.0,0.0,0.0,8000.0,25716293402.38,25716.2934
620.5,Agni_Class,MIDCOURSE,2913397.22,2913.3972,1020844.46,1020.8445,2531.9136,9114.8888,2531.9136,1693.6414,1882.064,-0.0,-9.81,9.81,14.0662,0.0,0.0,0.0,0.0,0.0,0.0,8000.0,25642344973.9,25642.345
621.0,Agni_Class,MIDCOURSE,2914335.8,2914.3358,1021691.28,1021.6913,2528.2696,9101.7706,2528.2696,1693.6414,1877.159,-0.0,-9.81,9.81,14.0459,0.0,0.0,0.0,0.0,0.0,0.0,8000.0,25568589017.62,25568.589
621.5,Agni_Class,MIDCOURSE,2915271.92,2915.2719,1022538.1,1022.5381,2524.6299,9088.6678,2524.6299,1693.6414,1872.254,-0.0,-9.81,9.81,14.0257,0.0,0.0,0.0,0.0,0.0,0.0,8000.0,25495025533.54,25495.0255
622.0,Agni_Class,MIDCOURSE,2916205.6,2916.2056,1023384.92,1023.3849,2520.9946,9075.5805,2520.9946,1693.6414,1867.349,-0.0,-9.81,9.81,14.0055,0.0,0.0,0.0,0.0,0.0,0.0,8000.0,25421654521.65,25421.6545
622.5,Agni_Class,MIDCOURSE,2917136.82,2917.1368,1024231.74,1024.2317,2517.3635,9062.5086,2517.3635,1693.6414,1862.444,-0.0,-9.81,9.81,13.9854,0.0,0.0,0.0,0.0,0.0,0.0,8000.0,25348475981.97,25348.476
623.0,Agni_Class,MIDCOURSE,2918065.59,2918.0656,1025078.56,1025.0786,2513.7368,9049.4523,2513.7368,1693.6414,1857.539,-0.0,-9.81,9.81,13.9652,0.0,0.0,0.0,0.0,0.0,0.0,8000.0,25275489914.49,25275.4899
623.5,Agni_Class,MIDCOURSE,2918991.91,2918.9919,1025925.38,1025.9254,2510.1144,9036.4117,2510.1144,1693.6414,1852.634,-0.0,-9.81,9.81,13.9451,0.0,0.0,0.0,0.0,0.0,0.0,8000.0,25202696319.2,25202.6963
624.0,Agni_Class,MIDCOURSE,2919915.77,2919.9158,1026772.2,1026.7722,2506.4963,9023.3867,2506.4963,1693.6414,1847.729,-0.0,-9.81,9.81,13.925,0.0,0.0,0.0,0.0,0.0,0.0,8000.0,25130095196.12,25130.0952
624.5,Agni_Class,MIDCOURSE,2920837.18,2920.8372,1027619.02,1027.619,2502.8827,9010.3776,2502.8827,1693.6414,1842.824,-0.0,-9.81,9.81,13.9049,0.0,0.0,0.0,0.0,0.0,0.0,8000.0,25057686545.24,25057.6865
625.0,Agni_Class,MIDCOURSE,2921756.14,2921.7561,1028465.84,1028.4658,2499.2734,8997.3843,2499.2734,1693.6414,1837.919,-0.0,-9.81,9.81,13.8849,0.0,0.0,0.0,0.0,0.0,0.0,8000.0,24985470366.56,24985.4704
625.5,Agni_Class,MIDCOURSE,2922672.65,2922.6726,1029312.66,1029.3127,2495.6686,8984.4069,2495.6686,1693.6414,1833.014,-0.0,-9.81,9.81,13.8648,0.0,0.0,0.0,0.0,0.0,0.0,8000.0,24913446660.07,24913.4467
626.0,Agni_Class,MIDCOURSE,2923586.7,2923.5867,1030159.48,1030.1595,2492.0682,8971.4455,2492.0682,1693.6414,1828.109,-0.0,-9.81,9.81,13.8448,0.0,0.0,0.0,0.0,0.0,0.0,8000.0,24841615425.79,24841.6154
626.5,Agni_Class,MIDCOURSE,2924498.31,2924.4983,1031006.31,1031.0063,2488.4723,8958.5001,2488.4723,1693.6414,1823.204,-0.0,-9.81,9.81,13.8248,0.0,0.0,0.0,0.0,0.0,0.0,8000.0,24769976663.71,24769.9767
627.0,Agni_Class,MIDCOURSE,2925407.45,2925.4075,1031853.13,1031.8531,2484.8808,8945.5709,2484.8808,1693.6414,1818.299,-0.0,-9.81,9.81,13.8049,0.0,0.0,0.0,0.0,0.0,0.0,8000.0,24698530373.83,24698.5304
627.5,Agni_Class,MIDCOURSE,2926314.15,2926.3142,1032699.95,1032.6999,2481.2938,8932.6578,2481.2938,1693.6414,1813.394,-0.0,-9.81,9.81,13.785,0.0,0.0,0.0,0.0,0.0,0.0,8000.0,24627276556.14,24627.2766
628.0,Agni_Class,MIDCOURSE,2927218.4,2927.2184,1033546.77,1033.5468,2477.7114,8919.7611,2477.7114,1693.6414,1808.489,-0.0,-9.81,9.81,13.7651,0.0,0.0,0.0,0.0,0.0,0.0,8000.0,24556215210.66,24556.2152
628.5,Agni_Class,MIDCOURSE,2928120.19,2928.1202,1034393.59,1034.3936,2474.1335,8906.8806,2474.1335,1693.6414,1803.584,-0.0,-9.81,9.81,13.7452,0.0,0.0,0.0,0.0,0.0,0.0,8000.0,24485346337.38,24485.3463
629.0,Agni_Class,MIDCOURSE,2929019.53,2929.0195,1035240.41,1035.2404,2470.5602,8894.0166,2470.5602,1693.6414,1798.679,-0.0,-9.81,9.81,13.7253,0.0,0.0,0.0,0.0,0.0,0.0,8000.0,24414669936.3,24414.6699
629.5,Agni_Class,MIDCOURSE,2929916.41,2929.9164,1036087.23,1036.0872,2466.9914,8881.169,2466.9914,1693.6414,1793.774,-0.0,-9.81,9.81,13.7055,0.0,0.0,0.0,0.0,0.0,0.0,8000.0,24344186007.41,24344.186
630.0,Agni_Class,MIDCOURSE,2930810.85,2930.8108,1036934.05,1036.9341,2463.4272,8868.338,2463.4272,1693.6414,1788.869,-0.0,-9.81,9.81,13.6857,0.0,0.0,0.0,0.0,0.0,0.0,8000.0,24273894550.73,24273.8946
630.5,Agni_Class,MIDCOURSE,2931702.83,2931.7028,1037780.87,1037.7809,2459.8677,8855.5236,2459.8677,1693.6414,1783.964,-0.0,-9.81,9.81,13.6659,0.0,0.0,0.0,0.0,0.0,0.0,8000.0,24203795566.25,24203.7956
631.0,Agni_Class,MIDCOURSE,2932592.36,2932.5924,1038627.69,1038.6277,2456.3127,8842.7259,2456.3127,1693.6414,1779.059,-0.0,-9.81,9.81,13.6462,0.0,0.0,0.0,0.0,0.0,0.0,8000.0,24133889053.97,24133.8891
631.5,Agni_Class,MIDCOURSE,2933479.44,2933.4794,1039474.51,1039.4745,2452.7625,8829.9449,2452.7625,1693.6414,1774.154,-0.0,-9.81,9.81,13.6265,0.0,0.0,0.0,0.0,0.0,0.0,8000.0,24064175013.88,24064.175
632.0,Agni_Class,MIDCOURSE,2934364.06,2934.3641,1040321.33,1040.3213,2449.2169,8817.1808,2449.2169,1693.6414,1769.249,-0.0,-9.81,9.81,13.6068,0.0,0.0,0.0,0.0,0.0,0.0,8000.0,23994653446.0,23994.6534
632.5,Agni_Class,MIDCOURSE,2935246.23,2935.2462,1041168.15,1041.1682,2445.676,8804.4336,2445.676,1693.6414,1764.344,-0.0,-9.81,9.81,13.5871,0.0,0.0,0.0,0.0,0.0,0.0,8000.0,23925324350.32,23925.3244
633.0,Agni_Class,MIDCOURSE,2936125.95,2936.126,1042014.97,1042.015,2442.1398,8791.7034,2442.1398,1693.6414,1759.439,-0.0,-9.81,9.81,13.5674,0.0,0.0,0.0,0.0,0.0,0.0,8000.0,23856187726.84,23856.1877
633.5,Agni_Class,MIDCOURSE,2937003.22,2937.0032,1042861.8,1042.8618,2438.6084,8778.9902,2438.6084,1693.6414,1754.534,-0.0,-9.81,9.81,13.5478,0.0,0.0,0.0,0.0,0.0,0.0,8000.0,23787243575.55,23787.2436
634.0,Agni_Class,MIDCOURSE,2937878.04,2937.878,1043708.62,1043.7086,2435.0817,8766.2942,2435.0817,1693.6414,1749.629,-0.0,-9.81,9.81,13.5282,0.0,0.0,0.0,0.0,0.0,0.0,8000.0,23718491896.47,23718.4919
634.5,Agni_Class,MIDCOURSE,2938750.4,2938.7504,1044555.44,1044.5554,2431.5598,8753.6154,2431.5598,1693.6414,1744.724,-0.0,-9.81,9.81,13.5087,0.0,0.0,0.0,0.0,0.0,0.0,8000.0,23649932689.59,23649.9327
635.0,Agni_Class,MIDCOURSE,2939620.31,2939.6203,1045402.26,1045.4023,2428.0427,8740.9538,2428.0427,1693.6414,1739.819,-0.0,-9.81,9.81,13.4891,0.0,0.0,0.0,0.0,0.0,0.0,8000.0,23581565954.9,23581.566
635.5,Agni_Class,MIDCOURSE,2940487.76,2940.4878,1046249.08,1046.2491,2424.5305,8728.3096,2424.5305,1693.6414,1734.914,-0.0,-9.81,9.81,13.4696,0.0,0.0,0.0,0.0,0.0,0.0,8000.0,23513391692.42,23513.3917
636.0,Agni_Class,MIDCOURSE,2941352.77,2941.3528,1047095.9,1047.0959,2421.023,8715.6829,2421.023,1693.6414,1730.009,-0.0,-9.81,9.81,13.4501,0.0,0.0,0.0,0.0,0.0,0.0,8000.0,23445409902.14,23445.4099
636.5,Agni_Class,MIDCOURSE,2942215.32,2942.2153,1047942.72,1047.9427,2417.5205,8703.0736,2417.5205,1693.6414,1725.104,-0.0,-9.81,9.81,13.4307,0.0,0.0,0.0,0.0,0.0,0.0,8000.0,23377620584.06,23377.6206
637.0,Agni_Class,MIDCOURSE,2943075.42,2943.0754,1048789.54,1048.7895,2414.0228,8690.482,2414.0228,1693.6414,1720.199,-0.0,-9.81,9.81,13.4112,0.0,0.0,0.0,0.0,0.0,0.0,8000.0,23310023738.17,23310.0237
637.5,Agni_Class,MIDCOURSE,2943933.07,2943.9331,1049636.36,1049.6364,2410.53,8677.908,2410.53,1693.6414,1715.294,-0.0,-9.81,9.81,13.3918,0.0,0.0,0.0,0.0,0.0,0.0,8000.0,23242619364.49,23242.6194
638.0,Agni_Class,MIDCOURSE,2944788.26,2944.7883,1050483.18,1050.4832,2407.0421,8665.3517,2407.0421,1693.6414,1710.389,-0.0,-9.81,9.81,13.3725,0.0,0.0,0.0,0.0,0.0,0.0,8000.0,23175407463.01,23175.4075
638.5,Agni_Class,MIDCOURSE,2945641.0,2945.641,1051330.0,1051.33,2403.5592,8652.8133,2403.5592,1693.6414,1705.484,-0.0,-9.81,9.81,13.3531,0.0,0.0,0.0,0.0,0.0,0.0,8000.0,23108388033.73,23108.388
639.0,Agni_Class,MIDCOURSE,2946491.29,2946.4913,1052176.82,1052.1768,2400.0813,8640.2927,2400.0813,1693.6414,1700.579,-0.0,-9.81,9.81,13.3338,0.0,0.0,0.0,0.0,0.0,0.0,8000.0,23041561076.64,23041.5611
639.5,Agni_Class,MIDCOURSE,2947339.13,2947.3391,1053023.64,1053.0236,2396.6084,8627.7901,2396.6084,1693.6414,1695.674,-0.0,-9.81,9.81,13.3145,0.0,0.0,0.0,0.0,0.0,0.0,8000.0,22974926591.76,22974.9266
640.0,Agni_Class,MIDCOURSE,2948184.51,2948.1845,1053870.46,1053.8705,2393.1404,8615.3056,2393.1404,1693.6414,1690.769,-0.0,-9.81,9.81,13.2952,0.0,0.0,0.0,0.0,0.0,0.0,8000.0,22908484579.08,22908.4846
640.5,Agni_Class,MIDCOURSE,2949027.45,2949.0274,1054717.29,1054.7173,2389.6775,8602.8392,2389.6775,1693.6414,1685.864,-0.0,-9.81,9.81,13.276,0.0,0.0,0.0,0.0,0.0,0.0,8000.0,22842235038.6,22842.235
641.0,Agni_Class,MIDCOURSE,2949867.93,2949.8679,1055564.11,1055.5641,2386.2197,8590.3909,2386.2197,1693.6414,1680.959,-0.0,-9.81,9.81,13.2568,0.0,0.0,0.0,0.0,0.0,0.0,8000.0,22776177970.31,22776.178
641.5,Agni_Class,MIDCOURSE,2950705.95,2950.706,1056410.93,1056.4109,2382.767,8577.961,2382.767,1693.6414,1676.054,-0.0,-9.81,9.81,13.2376,0.0,0.0,0.0,0.0,0.0,0.0,8000.0,22710313374.23,22710.3134
642.0,Agni_Class,MIDCOURSE,2951541.53,2951.5415,1057257.75,1057.2577,2379.3193,8565.5495,2379.3193,1693.6414,1671.149,-0.0,-9.81,9.81,13.2184,0.0,0.0,0.0,0.0,0.0,0.0,8000.0,22644641250.35,22644.6413
642.5,Agni_Class,MIDCOURSE,2952374.65,2952.3746,1058104.57,1058.1046,2375.8768,8553.1564,2375.8768,1693.6414,1666.244,-0.0,-9.81,9.81,13.1993,0.0,0.0,0.0,0.0,0.0,0.0,8000.0,22579161598.67,22579.1616
643.0,Agni_Class,MIDCOURSE,2953205.32,2953.2053,1058951.39,1058.9514,2372.4394,8540.7818,2372.4394,1693.6414,1661.339,-0.0,-9.81,9.81,13.1802,0.0,0.0,0.0,0.0,0.0,0.0,8000.0,22513874419.18,22513.8744
643.5,Agni_Class,MIDCOURSE,2954033.54,2954.0335,1059798.21,1059.7982,2369.0072,8528.4258,2369.0072,1693.6414,1656.434,-0.0,-9.81,9.81,13.1612,0.0,0.0,0.0,0.0,0.0,0.0,8000.0,22448779711.9,22448.7797
644.0,Agni_Class,MIDCOURSE,2954859.3,2954.8593,1060645.03,1060.645,2365.5801,8516.0885,2365.5801,1693.6414,1651.529,-0.0,-9.81,9.81,13.1421,0.0,0.0,0.0,0.0,0.0,0.0,8000.0,22383877476.82,22383.8775
644.5,Agni_Class,MIDCOURSE,2955682.61,2955.6826,1061491.85,1061.4919,2362.1583,8503.77,2362.1583,1693.6414,1646.624,-0.0,-9.81,9.81,13.1231,0.0,0.0,0.0,0.0,0.0,0.0,8000.0,22319167713.93,22319.1677
645.0,Agni_Class,MIDCOURSE,2956503.47,2956.5035,1062338.67,1062.3387,2358.7417,8491.4703,2358.7417,1693.6414,1641.719,-0.0,-9.81,9.81,13.1041,0.0,0.0,0.0,0.0,0.0,0.0,8000.0,22254650423.25,22254.6504
645.5,Agni_Class,MIDCOURSE,2957321.88,2957.3219,1063185.49,1063.1855,2355.3304,8479.1895,2355.3304,1693.6414,1636.814,-0.0,-9.81,9.81,13.0852,0.0,0.0,0.0,0.0,0.0,0.0,8000.0,22190325604.77,22190.3256
646.0,Agni_Class,MIDCOURSE,2958137.83,2958.1378,1064032.31,1064.0323,2351.9244,8466.9278,2351.9244,1693.6414,1631.909,-0.0,-9.81,9.81,13.0662,0.0,0.0,0.0,0.0,0.0,0.0,8000.0,22126193258.49,22126.1933
646.5,Agni_Class,MIDCOURSE,2958951.34,2958.9513,1064879.13,1064.8791,2348.5237,8454.6851,2348.5237,1693.6414,1627.004,-0.0,-9.81,9.81,13.0474,0.0,0.0,0.0,0.0,0.0,0.0,8000.0,22062253384.4,22062.2534
647.0,Agni_Class,MIDCOURSE,2959762.39,2959.7624,1065725.95,1065.726,2345.1282,8442.4617,2345.1282,1693.6414,1622.099,-0.0,-9.81,9.81,13.0285,0.0,0.0,0.0,0.0,0.0,0.0,8000.0,21998505982.52,21998.506
647.5,Agni_Class,MIDCOURSE,2960570.98,2960.571,1066572.78,1066.5728,2341.7382,8430.2575,2341.7382,1693.6414,1617.194,-0.0,-9.81,9.81,13.0097,0.0,0.0,0.0,0.0,0.0,0.0,8000.0,21934951052.84,21934.9511
648.0,Agni_Class,MIDCOURSE,2961377.13,2961.3771,1067419.6,1067.4196,2338.3535,8418.0726,2338.3535,1693.6414,1612.289,-0.0,-9.81,9.81,12.9909,0.0,0.0,0.0,0.0,0.0,0.0,8000.0,21871588595.36,21871.5886
648.5,Agni_Class,MIDCOURSE,2962180.82,2962.1808,1068266.42,1068.2664,2334.9742,8405.9072,2334.9742,1693.6414,1607.384,-0.0,-9.81,9.81,12.9721,0.0,0.0,0.0,0.0,0.0,0.0,8000.0,21808418610.07,21808.4186
649.0,Agni_Class,MIDCOURSE,2962982.06,2962.9821,1069113.24,1069.1132,2331.6004,8393.7613,2331.6004,1693.6414,1602.479,-0.0,-9.81,9.81,12.9533,0.0,0.0,0.0,0.0,0.0,0.0,8000.0,21745441096.99,21745.4411
649.5,Agni_Class,MIDCOURSE,2963780.85,2963.7808,1069960.06,1069.9601,2328.232,8381.635,2328.232,1693.6414,1597.574,-0.0,-9.81,9.81,12.9346,0.0,0.0,0.0,0.0,0.0,0.0,8000.0,21682656056.11,21682.6561
650.0,Agni_Class,MIDCOURSE,2964577.18,2964.5772,1070806.88,1070.8069,2324.869,8369.5284,2324.869,1693.6414,1592.669,-0.0,-9.81,9.81,12.9159,0.0,0.0,0.0,0.0,0.0,0.0,8000.0,21620063487.43,21620.0635
650.5,Agni_Class,MIDCOURSE,2965371.06,2965.3711,1071653.7,1071.6537,2321.5115,8357.4416,2321.5115,1693.6414,1587.764,-0.0,-9.81,9.81,12.8973,0.0,0.0,0.0,0.0,0.0,0.0,8000.0,21557663390.94,21557.6634
651.0,Agni_Class,MIDCOURSE,2966162.49,2966.1625,1072500.52,1072.5005,2318.1596,8345.3746,2318.1596,1693.6414,1582.859,-0.0,-9.81,9.81,12.8787,0.0,0.0,0.0,0.0,0.0,0.0,8000.0,21495455766.66,21495.4558
651.5,Agni_Class,MIDCOURSE,2966951.47,2966.9515,1073347.34,1073.3473,2314.8132,8333.3275,2314.8132,1693.6414,1577.954,-0.0,-9.81,9.81,12.8601,0.0,0.0,0.0,0.0,0.0,0.0,8000.0,21433440614.58,21433.4406
652.0,Agni_Class,MIDCOURSE,2967737.99,2967.738,1074194.16,1074.1942,2311.4724,8321.3005,2311.4724,1693.6414,1573.049,-0.0,-9.81,9.81,12.8415,0.0,0.0,0.0,0.0,0.0,0.0,8000.0,21371617934.7,21371.6179
652.5,Agni_Class,MIDCOURSE,2968522.07,2968.5221,1075040.98,1075.041,2308.1371,8309.2936,2308.1371,1693.6414,1568.144,-0.0,-9.81,9.81,12.823,0.0,0.0,0.0,0.0,0.0,0.0,8000.0,21309987727.01,21309.9877
653.0,Agni_Class,MIDCOURSE,2969303.68,2969.3037,1075887.8,1075.8878,2304.8075,8297.3069,2304.8075,1693.6414,1563.239,-0.0,-9.81,9.81,12.8045,0.0,0.0,0.0,0.0,0.0,0.0,8000.0,21248549991.53,21248.55
653.5,Agni_Class,MIDCOURSE,2970082.85,2970.0829,1076734.62,1076.7346,2301.4835,8285.3405,2301.4835,1693.6414,1558.334,-0.0,-9.81,9.81,12.786,0.0,0.0,0.0,0.0,0.0,0.0,8000.0,21187304728.25,21187.3047
654.0,Agni_Class,MIDCOURSE,2970859.57,2970.8596,1077581.44,1077.5814,2298.1651,8273.3945,2298.1651,1693.6414,1553.429,-0.0,-9.81,9.81,12.7676,0.0,0.0,0.0,0.0,0.0,0.0,8000.0,21126251937.16,21126.2519
654.5,Agni_Class,MIDCOURSE,2971633.83,2971.6338,1078428.27,1078.4283,2294.8525,8261.4689,2294.8525,1693.6414,1548.524,-0.0,-9.81,9.81,12.7492,0.0,0.0,0.0,0.0,0.0,0.0,8000.0,21065391618.28,21065.3916
655.0,Agni_Class,MIDCOURSE,2972405.64,2972.4056,1079275.09,1079.2751,2291.5455,8249.5639,2291.5455,1693.6414,1543.619,-0.0,-9.81,9.81,12.7308,0.0,0.0,0.0,0.0,0.0,0.0,8000.0,21004723771.6,21004.7238
655.5,Agni_Class,MIDCOURSE,2973174.99,2973.175,1080121.91,1080.1219,2288.2443,8237.6796,2288.2443,1693.6414,1538.714,-0.0,-9.81,9.81,12.7125,0.0,0.0,0.0,0.0,0.0,0.0,8000.0,20944248397.12,20944.2484
656.0,Agni_Class,MIDCOURSE,2973941.9,2973.9419,1080968.73,1080.9687,2284.9489,8225.816,2284.9489,1693.6414,1533.809,-0.0,-9.81,9.81,12.6942,0.0,0.0,0.0,0.0,0.0,0.0,8000.0,20883965494.83,20883.9655
656.5,Agni_Class,MIDCOURSE,2974706.35,2974.7064,1081815.55,1081.8155,2281.6592,8213.9732,2281.6592,1693.6414,1528.904,-0.0,-9.81,9.81,12.6759,0.0,0.0,0.0,0.0,0.0,0.0,8000.0,20823875064.75,20823.8751
657.0,Agni_Class,MIDCOURSE,2975468.35,2975.4684,1082662.37,1082.6624,2278.3754,8202.1513,2278.3754,1693.6414,1523.999,-0.0,-9.81,9.81,12.6576,0.0,0.0,0.0,0.0,0.0,0.0,8000.0,20763977106.87,20763.9771
657.5,Agni_Class,MIDCOURSE,2976227.9,2976.2279,1083509.19,1083.5092,2275.0973,8190.3504,2275.0973,1693.6414,1519.094,-0.0,-9.81,9.81,12.6394,0.0,0.0,0.0,0.0,0.0,0.0,8000.0,20704271621.19,20704.2716
658.0,Agni_Class,MIDCOURSE,2976984.99,2976.985,1084356.01,1084.356,2271.8252,8178.5707,2271.8252,1693.6414,1514.189,-0.0,-9.81,9.81,12.6213,0.0,0.0,0.0,0.0,0.0,0.0,8000.0,20644758607.7,20644.7586
658.5,Agni_Class,MIDCOURSE,2977739.63,2977.7396,1085202.83,1085.2028,2268.5589,8166.8121,2268.5589,1693.6414,1509.284,-0.0,-9.81,9.81,12.6031,0.0,0.0,0.0,0.0,0.0,0.0,8000.0,20585438066.42,20585.4381
659.0,Agni_Class,MIDCOURSE,2978491.82,2978.4918,1086049.65,1086.0497,2265.2985,8155.0748,2265.2985,1693.6414,1504.379,-0.0,-9.81,9.81,12.585,0.0,0.0,0.0,0.0,0.0,0.0,8000.0,20526309997.34,20526.31
659.5,Agni_Class,MIDCOURSE,2979241.56,2979.2416,1086896.47,1086.8965,2262.0441,8143.3588,2262.0441,1693.6414,1499.474,-0.0,-9.81,9.81,12.5669,0.0,0.0,0.0,0.0,0.0,0.0,8000.0,20467374400.46,20467.3744
660.0,Agni_Class,MIDCOURSE,2979988.85,2979.9888,1087743.29,1087.7433,2258.7957,8131.6644,2258.7957,1693.6414,1494.569,-0.0,-9.81,9.81,12.5489,0.0,0.0,0.0,0.0,0.0,0.0,8000.0,20408631275.77,20408.6313
660.5,Agni_Class,MIDCOURSE,2980733.68,2980.7337,1088590.11,1088.5901,2255.5532,8119.9915,2255.5532,1693.6414,1489.664,-0.0,-9.81,9.81,12.5309,0.0,0.0,0.0,0.0,0.0,0.0,8000.0,20350080623.29,20350.0806
661.0,Agni_Class,MIDCOURSE,2981476.06,2981.4761,1089436.93,1089.4369,2252.3167,8108.3402,2252.3167,1693.6414,1484.759,-0.0,-9.81,9.81,12.5129,0.0,0.0,0.0,0.0,0.0,0.0,8000.0,20291722443.01,20291.7224
661.5,Agni_Class,MIDCOURSE,2982215.98,2982.216,1090283.76,1090.2838,2249.0863,8096.7107,2249.0863,1693.6414,1479.854,-0.0,-9.81,9.81,12.4949,0.0,0.0,0.0,0.0,0.0,0.0,8000.0,20233556734.93,20233.5567
662.0,Agni_Class,MIDCOURSE,2982953.46,2982.9535,1091130.58,1091.1306,2245.8619,8085.103,2245.8619,1693.6414,1474.949,-0.0,-9.81,9.81,12.477,0.0,0.0,0.0,0.0,0.0,0.0,8000.0,20175583499.04,20175.5835
662.5,Agni_Class,MIDCOURSE,2983688.48,2983.6885,1091977.4,1091.9774,2242.6437,8073.5173,2242.6437,1693.6414,1470.044,-0.0,-9.81,9.81,12.4591,0.0,0.0,0.0,0.0,0.0,0.0,8000.0,20117802735.36,20117.8027
663.0,Agni_Class,MIDCOURSE,2984421.05,2984.421,1092824.22,1092.8242,2239.4315,8061.9535,2239.4315,1693.6414,1465.139,-0.0,-9.81,9.81,12.4413,0.0,0.0,0.0,0.0,0.0,0.0,8000.0,20060214443.88,20060.2144
663.5,Agni_Class,MIDCOURSE,2985151.17,2985.1512,1093671.04,1093.671,2236.2255,8050.4119,2236.2255,1693.6414,1460.234,-0.0,-9.81,9.81,12.4235,0.0,0.0,0.0,0.0,0.0,0.0,8000.0,20002818624.59,20002.8186
664.0,Agni_Class,MIDCOURSE,2985878.83,2985.8788,1094517.86,1094.5179,2233.0257,8038.8926,2233.0257,1693.6414,1455.329,-0.0,-9.81,9.81,12.4057,0.0,0.0,0.0,0.0,0.0,0.0,8000.0,19945615277.51,19945.6153
664.5,Agni_Class,MIDCOURSE,2986604.04,2986.604,1095364.68,1095.3647,2229.8321,8027.3955,2229.8321,1693.6414,1450.424,-0.0,-9.81,9.81,12.388,0.0,0.0,0.0,0.0,0.0,0.0,8000.0,19888604402.63,19888.6044
665.0,Agni_Class,MIDCOURSE,2987326.8,2987.3268,1096211.5,1096.2115,2226.6447,8015.9208,2226.6447,1693.6414,1445.519,-0.0,-9.81,9.81,12.3702,0.0,0.0,0.0,0.0,0.0,0.0,8000.0,19831785999.95,19831.786
665.5,Agni_Class,MIDCOURSE,2988047.11,2988.0471,1097058.32,1097.0583,2223.4635,8004.4687,2223.4635,1693.6414,1440.614,-0.0,-9.81,9.81,12.3526,0.0,0.0,0.0,0.0,0.0,0.0,8000.0,19775160069.46,19775.1601
666.0,Agni_Class,MIDCOURSE,2988764.96,2988.765,1097905.14,1097.9051,2220.2886,7993.0391,2220.2886,1693.6414,1435.709,-0.0,-9.81,9.81,12.3349,0.0,0.0,0.0,0.0,0.0,0.0,8000.0,19718726611.18,19718.7266
666.5,Agni_Class,MIDCOURSE,2989480.37,2989.4804,1098751.96,1098.752,2217.1201,7981.6323,2217.1201,1693.6414,1430.804,-0.0,-9.81,9.81,12.3173,0.0,0.0,0.0,0.0,0.0,0.0,8000.0,19662485625.1,19662.4856
667.0,Agni_Class,MIDCOURSE,2990193.32,2990.1933,1099598.78,1099.5988,2213.9578,7970.2482,2213.9578,1693.6414,1425.899,-0.0,-9.81,9.81,12.2998,0.0,0.0,0.0,0.0,0.0,0.0,8000.0,19606437111.22,19606.4371
667.5,Agni_Class,MIDCOURSE,2990903.81,2990.9038,1100445.6,1100.4456,2210.802,7958.887,2210.802,1693.6414,1420.994,-0.0,-9.81,9.81,12.2822,0.0,0.0,0.0,0.0,0.0,0.0,8000.0,19550581069.53,19550.5811
668.0,Agni_Class,MIDCOURSE,2991611.86,2991.6119,1101292.42,1101.2924,2207.6525,7947.5488,2207.6525,1693.6414,1416.089,-0.0,-9.81,9.81,12.2647,0.0,0.0,0.0,0.0,0.0,0.0,8000.0,19494917500.05,19494.9175
668.5,Agni_Class,MIDCOURSE,2992317.45,2992.3174,1102139.25,1102.1392,2204.5094,7936.2338,2204.5094,1693.6414,1411.184,-0.0,-9.81,9.81,12.2473,0.0,0.0,0.0,0.0,0.0,0.0,8000.0,19439446402.77,19439.4464
669.0,Agni_Class,MIDCOURSE,2993020.59,2993.0206,1102986.07,1102.9861,2201.3727,7924.9419,2201.3727,1693.6414,1406.279,-0.0,-9.81,9.81,12.2298,0.0,0.0,0.0,0.0,0.0,0.0,8000.0,19384167777.69,19384.1678
669.5,Agni_Class,MIDCOURSE,2993721.28,2993.7213,1103832.89,1103.8329,2198.2426,7913.6733,2198.2426,1693.6414,1401.374,-0.0,-9.81,9.81,12.2125,0.0,0.0,0.0,0.0,0.0,0.0,8000.0,19329081624.8,19329.0816
670.0,Agni_Class,MIDCOURSE,2994419.51,2994.4195,1104679.71,1104.6797,2195.1189,7902.428,2195.1189,1693.6414,1396.469,-0.0,-9.81,9.81,12.1951,0.0,0.0,0.0,0.0,0.0,0.0,8000.0,19274187944.12,19274.1879
670.5,Agni_Class,MIDCOURSE,2995115.29,2995.1153,1105526.53,1105.5265,2192.0018,7891.2063,2192.0018,1693.6414,1391.564,-0.0,-9.81,9.81,12.1778,0.0,0.0,0.0,0.0,0.0,0.0,8000.0,19219486735.64,19219.4867
671.0,Agni_Class,MIDCOURSE,2995808.62,2995.8086,1106373.35,1106.3733,2188.8912,7880.0082,2188.8912,1693.6414,1386.659,-0.0,-9.81,9.81,12.1605,0.0,0.0,0.0,0.0,0.0,0.0,8000.0,19164977999.36,19164.978
671.5,Agni_Class,MIDCOURSE,2996499.5,2996.4995,1107220.17,1107.2202,2185.7871,7868.8337,2185.7871,1693.6414,1381.754,-0.0,-9.81,9.81,12.1433,0.0,0.0,0.0,0.0,0.0,0.0,8000.0,19110661735.27,19110.6617
672.0,Agni_Class,MIDCOURSE,2997187.92,2997.1879,1108066.99,1108.067,2182.6897,7857.6831,2182.6897,1693.6414,1376.849,-0.0,-9.81,9.81,12.1261,0.0,0.0,0.0,0.0,0.0,0.0,8000.0,19056537943.39,19056.5379
672.5,Agni_Class,MIDCOURSE,2997873.9,2997.8739,1108913.81,1108.9138,2179.599,7846.5563,2179.599,1693.6414,1371.944,-0.0,-9.81,9.81,12.1089,0.0,0.0,0.0,0.0,0.0,0.0,8000.0,19002606623.71,19002.6066
673.0,Agni_Class,MIDCOURSE,2998557.42,2998.5574,1109760.63,1109.7606,2176.5149,7835.4535,2176.5149,1693.6414,1367.039,-0.0,-9.81,9.81,12.0917,0.0,0.0,0.0,0.0,0.0,0.0,8000.0,18948867776.22,18948.8678
673.5,Agni_Class,MIDCOURSE,2999238.48,2999.2385,1110607.45,1110.6075,2173.4375,7824.3748,2173.4375,1693.6414,1362.134,-0.0,-9.81,9.81,12.0747,0.0,0.0,0.0,0.0,0.0,0.0,8000.0,18895321400.94,18895.3214
674.0,Agni_Class,MIDCOURSE,2999917.1,2999.9171,1111454.27,1111.4543,2170.3668,7813.3203,2170.3668,1693.6414,1357.229,-0.0,-9.81,9.81,12.0576,0.0,0.0,0.0,0.0,0.0,0.0,8000.0,18841967497.86,18841.9675
674.5,Agni_Class,MIDCOURSE,3000593.26,3000.5933,1112301.09,1112.3011,2167.3028,7802.2902,2167.3028,1693.6414,1352.324,-0.0,-9.81,9.81,12.0406,0.0,0.0,0.0,0.0,0.0,0.0,8000.0,18788806066.98,18788.8061
675.0,Agni_Class,MIDCOURSE,3001266.97,3001.267,1113147.91,1113.1479,2164.2457,7791.2844,2164.2457,1693.6414,1347.419,-0.0,-9.81,9.81,12.0236,0.0,0.0,0.0,0.0,0.0,0.0,8000.0,18735837108.29,18735.8371
675.5,Agni_Class,MIDCOURSE,3001938.23,3001.9382,1113994.74,1113.9947,2161.1953,7780.3031,2161.1953,1693.6414,1342.514,-0.0,-9.81,9.81,12.0066,0.0,0.0,0.0,0.0,0.0,0.0,8000.0,18683060621.81,18683.0606
676.0,Agni_Class,MIDCOURSE,3002607.03,3002.607,1114841.56,1114.8416,2158.1518,7769.3464,2158.1518,1693.6414,1337.609,-0.0,-9.81,9.81,11.9897,0.0,0.0,0.0,0.0,0.0,0.0,8000.0,18630476607.53,18630.4766
676.5,Agni_Class,MIDCOURSE,3003273.38,3003.2734,1115688.38,1115.6884,2155.1151,7758.4145,2155.1151,1693.6414,1332.704,-0.0,-9.81,9.81,11.9729,0.0,0.0,0.0,0.0,0.0,0.0,8000.0,18578085065.45,18578.0851
677.0,Agni_Class,MIDCOURSE,3003937.28,3003.9373,1116535.2,1116.5352,2152.0854,7747.5074,2152.0854,1693.6414,1327.799,-0.0,-9.81,9.81,11.956,0.0,0.0,0.0,0.0,0.0,0.0,8000.0,18525885995.56,18525.886
677.5,Agni_Class,MIDCOURSE,3004598.73,3004.5987,1117382.02,1117.382,2149.0626,7736.6252,2149.0626,1693.6414,1322.894,-0.0,-9.81,9.81,11.9392,0.0,0.0,0.0,0.0,0.0,0.0,8000.0,18473879397.88,18473.8794
678.0,Agni_Class,MIDCOURSE,3005257.72,3005.2577,1118228.84,1118.2288,2146.0467,7725.768,2146.0467,1693.6414,1317.989,-0.0,-9.81,9.81,11.9225,0.0,0.0,0.0,0.0,0.0,0.0,8000.0,18422065272.4,18422.0653
678.5,Agni_Class,MIDCOURSE,3005914.26,3005.9143,1119075.66,1119.0757,2143.0378,7714.936,2143.0378,1693.6414,1313.084,-0.0,-9.81,9.81,11.9058,0.0,0.0,0.0,0.0,0.0,0.0,8000.0,18370443619.12,18370.4436
679.0,Agni_Class,MIDCOURSE,3006568.35,3006.5684,1119922.48,1119.9225,2140.0359,7704.1292,2140.0359,1693.6414,1308.179,-0.0,-9.81,9.81,11.8891,0.0,0.0,0.0,0.0,0.0,0.0,8000.0,18319014438.03,18319.0144
679.5,Agni_Class,MIDCOURSE,3007219.99,3007.22,1120769.3,1120.7693,2137.041,7693.3478,2137.041,1693.6414,1303.274,-0.0,-9.81,9.81,11.8725,0.0,0.0,0.0,0.0,0.0,0.0,8000.0,18267777729.15,18267.7777
680.0,Agni_Class,MIDCOURSE,3007869.18,3007.8692,1121616.12,1121.6161,2134.0533,7682.5918,2134.0533,1693.6414,1298.369,-0.0,-9.81,9.81,11.8559,0.0,0.0,0.0,0.0,0.0,0.0,8000.0,18216733492.47,18216.7335
680.5,Agni_Class,MIDCOURSE,3008515.91,3008.5159,1122462.94,1122.4629,2131.0726,7671.8614,2131.0726,1693.6414,1293.464,-0.0,-9.81,9.81,11.8393,0.0,0.0,0.0,0.0,0.0,0.0,8000.0,18165881727.99,18165.8817
681.0,Agni_Class,MIDCOURSE,3009160.19,3009.1602,1123309.76,1123.3098,2128.0991,7661.1566,2128.0991,1693.6414,1288.559,-0.0,-9.81,9.81,11.8228,0.0,0.0,0.0,0.0,0.0,0.0,8000.0,18115222435.7,18115.2224
681.5,Agni_Class,MIDCOURSE,3009802.01,3009.802,1124156.58,1124.1566,2125.1327,7650.4776,2125.1327,1693.6414,1283.654,-0.0,-9.81,9.81,11.8063,0.0,0.0,0.0,0.0,0.0,0.0,8000.0,18064755615.62,18064.7556
682.0,Agni_Class,MIDCOURSE,3010441.39,3010.4414,1125003.4,1125.0034,2122.1735,7639.8246,2122.1735,1693.6414,1278.749,-0.0,-9.81,9.81,11.7899,0.0,0.0,0.0,0.0,0.0,0.0,8000.0,18014481267.74,18014.4813
682.5,Agni_Class,MIDCOURSE,3011078.31,3011.0783,1125850.22,1125.8502,2119.2215,7629.1975,2119.2215,1693.6414,1273.844,-0.0,-9.81,9.81,11.7735,0.0,0.0,0.0,0.0,0.0,0.0,8000.0,17964399392.06,17964.3994
683.0,Agni_Class,MIDCOURSE,3011712.78,3011.7128,1126697.05,1126.697,2116.2768,7618.5965,2116.2768,1693.6414,1268.939,-0.0,-9.81,9.81,11.7571,0.0,0.0,0.0,0.0,0.0,0.0,8000.0,17914509988.57,17914.51
683.5,Agni_Class,MIDCOURSE,3012344.8,3012.3448,1127543.87,1127.5439,2113.3394,7608.0217,2113.3394,1693.6414,1264.034,-0.0,-9.81,9.81,11.7408,0.0,0.0,0.0,0.0,0.0,0.0,8000.0,17864813057.29,17864.8131
684.0,Agni_Class,MIDCOURSE,3012974.36,3012.9744,1128390.69,1128.3907,2110.4092,7597.4733,2110.4092,1693.6414,1259.129,-0.0,-9.81,9.81,11.7245,0.0,0.0,0.0,0.0,0.0,0.0,8000.0,17815308598.21,17815.3086
684.5,Agni_Class,MIDCOURSE,3013601.47,3013.6015,1129237.51,1129.2375,2107.4865,7586.9512,2107.4865,1693.6414,1254.224,-0.0,-9.81,9.81,11.7083,0.0,0.0,0.0,0.0,0.0,0.0,8000.0,17765996611.32,17765.9966
685.0,Agni_Class,MIDCOURSE,3014226.13,3014.2261,1130084.33,1130.0843,2104.571,7576.4558,2104.571,1693.6414,1249.319,-0.0,-9.81,9.81,11.6921,0.0,0.0,0.0,0.0,0.0,0.0,8000.0,17716877096.64,17716.8771
685.5,Agni_Class,MIDCOURSE,3014848.34,3014.8483,1130931.15,1130.9311,2101.663,7565.9869,2101.663,1693.6414,1244.414,-0.0,-9.81,9.81,11.6759,0.0,0.0,0.0,0.0,0.0,0.0,8000.0,17667950054.16,17667.9501
686.0,Agni_Class,MIDCOURSE,3015468.09,3015.4681,1131777.97,1131.778,2098.7625,7555.5449,2098.7625,1693.6414,1239.509,-0.0,-9.81,9.81,11.6598,0.0,0.0,0.0,0.0,0.0,0.0,8000.0,17619215483.88,17619.2155
686.5,Agni_Class,MIDCOURSE,3016085.4,3016.0854,1132624.79,1132.6248,2095.8694,7545.1297,2095.8694,1693.6414,1234.604,-0.0,-9.81,9.81,11.6437,0.0,0.0,0.0,0.0,0.0,0.0,8000.0,17570673385.79,17570.6734
687.0,Agni_Class,MIDCOURSE,3016700.25,3016.7002,1133471.61,1133.4716,2092.9837,7534.7415,2092.9837,1693.6414,1229.699,-0.0,-9.81,9.81,11.6277,0.0,0.0,0.0,0.0,0.0,0.0,8000.0,17522323759.91,17522.3238
687.5,Agni_Class,MIDCOURSE,3017312.64,3017.3126,1134318.43,1134.3184,2090.1057,7524.3804,2090.1057,1693.6414,1224.794,-0.0,-9.81,9.81,11.6117,0.0,0.0,0.0,0.0,0.0,0.0,8000.0,17474166606.23,17474.1666
688.0,Agni_Class,MIDCOURSE,3017922.59,3017.9226,1135165.25,1135.1653,2087.2351,7514.0465,2087.2351,1693.6414,1219.889,-0.0,-9.81,9.81,11.5958,0.0,0.0,0.0,0.0,0.0,0.0,8000.0,17426201924.75,17426.2019
688.5,Agni_Class,MIDCOURSE,3018530.08,3018.5301,1136012.07,1136.0121,2084.3722,7503.7399,2084.3722,1693.6414,1214.984,-0.0,-9.81,9.81,11.5798,0.0,0.0,0.0,0.0,0.0,0.0,8000.0,17378429715.46,17378.4297
689.0,Agni_Class,MIDCOURSE,3019135.12,3019.1351,1136858.89,1136.8589,2081.5169,7493.4607,2081.5169,1693.6414,1210.079,-0.0,-9.81,9.81,11.564,0.0,0.0,0.0,0.0,0.0,0.0,8000.0,17330849978.38,17330.85
689.5,Agni_Class,MIDCOURSE,3019737.71,3019.7377,1137705.71,1137.7057,2078.6692,7483.2092,2078.6692,1693.6414,1205.174,-0.0,-9.81,9.81,11.5482,0.0,0.0,0.0,0.0,0.0,0.0,8000.0,17283462713.5,17283.4627
690.0,Agni_Class,MIDCOURSE,3020337.84,3020.3378,1138552.54,1138.5525,2075.8292,7472.9852,2075.8292,1693.6414,1200.269,-0.0,-9.81,9.81,11.5324,0.0,0.0,0.0,0.0,0.0,0.0,8000.0,17236267920.82,17236.2679
690.5,Agni_Class,MIDCOURSE,3020935.52,3020.9355,1139399.36,1139.3994,2072.997,7462.7891,2072.997,1693.6414,1195.364,-0.0,-9.81,9.81,11.5166,0.0,0.0,0.0,0.0,0.0,0.0,8000.0,17189265600.33,17189.2656
691.0,Agni_Class,MIDCOURSE,3021530.75,3021.5308,1140246.18,1140.2462,2070.1724,7452.6208,2070.1724,1693.6414,1190.459,-0.0,-9.81,9.81,11.501,0.0,0.0,0.0,0.0,0.0,0.0,8000.0,17142455752.05,17142.4558
691.5,Agni_Class,MIDCOURSE,3022123.53,3022.1235,1141093.0,1141.093,2067.3557,7442.4805,2067.3557,1693.6414,1185.554,-0.0,-9.81,9.81,11.4853,0.0,0.0,0.0,0.0,0.0,0.0,8000.0,17095838375.97,17095.8384
692.0,Agni_Class,MIDCOURSE,3022713.85,3022.7139,1141939.82,1141.9398,2064.5468,7432.3684,2064.5468,1693.6414,1180.649,-0.0,-9.81,9.81,11.4697,0.0,0.0,0.0,0.0,0.0,0.0,8000.0,17049413472.09,17049.4135
692.5,Agni_Class,MIDCOURSE,3023301.73,3023.3017,1142786.64,1142.7866,2061.7457,7422.2845,2061.7457,1693.6414,1175.744,-0.0,-9.81,9.81,11.4541,0.0,0.0,0.0,0.0,0.0,0.0,8000.0,17003181040.4,17003.181
693.0,Agni_Class,MIDCOURSE,3023887.15,3023.8871,1143633.46,1143.6335,2058.9525,7412.2289,2058.9525,1693.6414,1170.839,-0.0,-9.81,9.81,11.4386,0.0,0.0,0.0,0.0,0.0,0.0,8000.0,16957141080.92,16957.1411
693.5,Agni_Class,MIDCOURSE,3024470.11,3024.4701,1144480.28,1144.4803,2056.1672,7402.2018,2056.1672,1693.6414,1165.934,-0.0,-9.81,9.81,11.4232,0.0,0.0,0.0,0.0,0.0,0.0,8000.0,16911293593.64,16911.2936
694.0,Agni_Class,MIDCOURSE,3025050.63,3025.0506,1145327.1,1145.3271,2053.3898,7392.2033,2053.3898,1693.6414,1161.029,-0.0,-9.81,9.81,11.4077,0.0,0.0,0.0,0.0,0.0,0.0,8000.0,16865638578.55,16865.6386
694.5,Agni_Class,MIDCOURSE,3025628.69,3025.6287,1146173.92,1146.1739,2050.6204,7382.2334,2050.6204,1693.6414,1156.124,-0.0,-9.81,9.81,11.3923,0.0,0.0,0.0,0.0,0.0,0.0,8000.0,16820176035.67,16820.176
695.0,Agni_Class,MIDCOURSE,3026204.3,3026.2043,1147020.74,1147.0207,2047.859,7372.2924,2047.859,1693.6414,1151.219,-0.0,-9.81,9.81,11.377,0.0,0.0,0.0,0.0,0.0,0.0,8000.0,16774905964.99,16774.906
695.5,Agni_Class,MIDCOURSE,3026777.46,3026.7775,1147867.56,1147.8676,2045.1056,7362.3803,2045.1056,1693.6414,1146.314,-0.0,-9.81,9.81,11.3617,0.0,0.0,0.0,0.0,0.0,0.0,8000.0,16729828366.51,16729.8284
696.0,Agni_Class,MIDCOURSE,3027348.16,3027.3482,1148714.38,1148.7144,2042.3604,7352.4973,2042.3604,1693.6414,1141.409,-0.0,-9.81,9.81,11.3464,0.0,0.0,0.0,0.0,0.0,0.0,8000.0,16684943240.22,16684.9432
696.5,Agni_Class,MIDCOURSE,3027916.41,3027.9164,1149561.2,1149.5612,2039.6232,7342.6434,2039.6232,1693.6414,1136.504,-0.0,-9.81,9.81,11.3312,0.0,0.0,0.0,0.0,0.0,0.0,8000.0,16640250586.14,16640.2506
697.0,Agni_Class,MIDCOURSE,3028482.21,3028.4822,1150408.03,1150.408,2036.8941,7332.8188,2036.8941,1693.6414,1131.599,-0.0,-9.81,9.81,11.3161,0.0,0.0,0.0,0.0,0.0,0.0,8000.0,16595750404.26,16595.7504
697.5,Agni_Class,MIDCOURSE,3029045.56,3029.0456,1151254.85,1151.2548,2034.1732,7323.0236,2034.1732,1693.6414,1126.694,-0.0,-9.81,9.81,11.301,0.0,0.0,0.0,0.0,0.0,0.0,8000.0,16551442694.58,16551.4427
698.0,Agni_Class,MIDCOURSE,3029606.45,3029.6065,1152101.67,1152.1017,2031.4605,7313.2579,2031.4605,1693.6414,1121.789,-0.0,-9.81,9.81,11.2859,0.0,0.0,0.0,0.0,0.0,0.0,8000.0,16507327457.09,16507.3275
698.5,Agni_Class,MIDCOURSE,3030164.9,3030.1649,1152948.49,1152.9485,2028.7561,7303.5218,2028.7561,1693.6414,1116.884,-0.0,-9.81,9.81,11.2709,0.0,0.0,0.0,0.0,0.0,0.0,8000.0,16463404691.81,16463.4047
699.0,Agni_Class,MIDCOURSE,3030720.88,3030.7209,1153795.31,1153.7953,2026.0599,7293.8155,2026.0599,1693.6414,1111.979,-0.0,-9.81,9.81,11.2559,0.0,0.0,0.0,0.0,0.0,0.0,8000.0,16419674398.73,16419.6744
699.5,Agni_Class,MIDCOURSE,3031274.42,3031.2744,1154642.13,1154.6421,2023.372,7284.1391,2023.372,1693.6414,1107.074,-0.0,-9.81,9.81,11.241,0.0,0.0,0.0,0.0,0.0,0.0,8000.0,16376136577.85,16376.1366
700.0,Agni_Class,MIDCOURSE,3031825.51,3031.8255,1155488.95,1155.4889,2020.6924,7274.4927,2020.6924,1693.6414,1102.169,-0.0,-9.81,9.81,11.2261,0.0,0.0,0.0,0.0,0.0,0.0,8000.0,16332791229.16,16332.7912
700.5,Agni_Class,MIDCOURSE,3032374.14,3032.3741,1156335.77,1156.3358,2018.0212,7264.8763,2018.0212,1693.6414,1097.264,-0.0,-9.81,9.81,11.2112,0.0,0.0,0.0,0.0,0.0,0.0,8000.0,16289638352.68,16289.6384
701.0,Agni_Class,MIDCOURSE,3032920.32,3032.9203,1157182.59,1157.1826,2015.3584,7255.2902,2015.3584,1693.6414,1092.359,-0.0,-9.81,9.81,11.1964,0.0,0.0,0.0,0.0,0.0,0.0,8000.0,16246677948.4,16246.6779
701.5,Agni_Class,MIDCOURSE,3033464.04,3033.464,1158029.41,1158.0294,2012.704,7245.7345,2012.704,1693.6414,1087.454,-0.0,-9.81,9.81,11.1817,0.0,0.0,0.0,0.0,0.0,0.0,8000.0,16203910016.32,16203.91
702.0,Agni_Class,MIDCOURSE,3034005.32,3034.0053,1158876.23,1158.8762,2010.0581,7236.2092,2010.0581,1693.6414,1082.549,-0.0,-9.81,9.81,11.167,0.0,0.0,0.0,0.0,0.0,0.0,8000.0,16161334556.43,16161.3346
702.5,Agni_Class,MIDCOURSE,3034544.14,3034.5441,1159723.05,1159.7231,2007.4207,7226.7145,2007.4207,1693.6414,1077.644,-0.0,-9.81,9.81,11.1523,0.0,0.0,0.0,0.0,0.0,0.0,8000.0,16118951568.75,16118.9516
703.0,Agni_Class,MIDCOURSE,3035080.51,3035.0805,1160569.87,1160.5699,2004.7918,7217.2506,2004.7918,1693.6414,1072.739,-0.0,-9.81,9.81,11.1377,0.0,0.0,0.0,0.0,0.0,0.0,8000.0,16076761053.27,16076.7611
703.5,Agni_Class,MIDCOURSE,3035614.43,3035.6144,1161416.69,1161.4167,2002.1715,7207.8174,2002.1715,1693.6414,1067.834,-0.0,-9.81,9.81,11.1232,0.0,0.0,0.0,0.0,0.0,0.0,8000.0,16034763009.98,16034.763
704.0,Agni_Class,MIDCOURSE,3036145.89,3036.1459,1162263.52,1162.2635,1999.5598,7198.4152,1999.5598,1693.6414,1062.929,-0.0,-9.81,9.81,11.1087,0.0,0.0,0.0,0.0,0.0,0.0,8000.0,15992957438.9,15992.9574
704.5,Agni_Class,MIDCOURSE,3036674.9,3036.6749,1163110.34,1163.1103,1996.9567,7189.0441,1996.9567,1693.6414,1058.024,-0.0,-9.81,9.81,11.0942,0.0,0.0,0.0,0.0,0.0,0.0,8000.0,15951344340.02,15951.3443
705.0,Agni_Class,MIDCOURSE,3037201.46,3037.2015,1163957.16,1163.9572,1994.3623,7179.7042,1994.3623,1693.6414,1053.119,-0.0,-9.81,9.81,11.0798,0.0,0.0,0.0,0.0,0.0,0.0,8000.0,15909923713.34,15909.9237
705.5,Agni_Class,MIDCOURSE,3037725.57,3037.7256,1164803.98,1164.804,1991.7766,7170.3956,1991.7766,1693.6414,1048.214,-0.0,-9.81,9.81,11.0654,0.0,0.0,0.0,0.0,0.0,0.0,8000.0,15868695558.85,15868.6956
706.0,Agni_Class,MIDCOURSE,3038247.23,3038.2472,1165650.8,1165.6508,1989.1996,7161.1185,1989.1996,1693.6414,1043.309,-0.0,-9.81,9.81,11.0511,0.0,0.0,0.0,0.0,0.0,0.0,8000.0,15827659876.57,15827.6599
706.5,Agni_Class,MIDCOURSE,3038766.43,3038.7664,1166497.62,1166.4976,1986.6314,7151.8729,1986.6314,1693.6414,1038.404,-0.0,-9.81,9.81,11.0368,0.0,0.0,0.0,0.0,0.0,0.0,8000.0,15786816666.49,15786.8167
707.0,Agni_Class,MIDCOURSE,3039283.18,3039.2832,1167344.44,1167.3444,1984.0719,7142.659,1984.0719,1693.6414,1033.499,-0.0,-9.81,9.81,11.0226,0.0,0.0,0.0,0.0,0.0,0.0,8000.0,15746165928.61,15746.1659
707.5,Agni_Class,MIDCOURSE,3039797.47,3039.7975,1168191.26,1168.1913,1981.5214,7133.4769,1981.5214,1693.6414,1028.594,-0.0,-9.81,9.81,11.0085,0.0,0.0,0.0,0.0,0.0,0.0,8000.0,15705707662.92,15705.7077
708.0,Agni_Class,MIDCOURSE,3040309.32,3040.3093,1169038.08,1169.0381,1978.9797,7124.3268,1978.9797,1693.6414,1023.689,-0.0,-9.81,9.81,10.9943,0.0,0.0,0.0,0.0,0.0,0.0,8000.0,15665441869.44,15665.4419
708.5,Agni_Class,MIDCOURSE,3040818.71,3040.8187,1169884.9,1169.8849,1976.4468,7115.2086,1976.4468,1693.6414,1018.784,-0.0,-9.81,9.81,10.9803,0.0,0.0,0.0,0.0,0.0,0.0,8000.0,15625368548.16,15625.3685
709.0,Agni_Class,MIDCOURSE,3041325.65,3041.3256,1170731.72,1170.7317,1973.923,7106.1227,1973.923,1693.6414,1013.879,-0.0,-9.81,9.81,10.9662,0.0,0.0,0.0,0.0,0.0,0.0,8000.0,15585487699.08,15585.4877
709.5,Agni_Class,MIDCOURSE,3041830.14,3041.8301,1171578.54,1171.5785,1971.4081,7097.0691,1971.4081,1693.6414,1008.974,-0.0,-9.81,9.81,10.9523,0.0,0.0,0.0,0.0,0.0,0.0,8000.0,15545799322.19,15545.7993
710.0,Agni_Class,MIDCOURSE,3042332.17,3042.3322,1172425.36,1172.4254,1968.9022,7088.0479,1968.9022,1693.6414,1004.069,-0.0,-9.81,9.81,10.9383,0.0,0.0,0.0,0.0,0.0,0.0,8000.0,15506303417.51,15506.3034
710.5,Agni_Class,MIDCOURSE,3042831.75,3042.8318,1173272.18,1173.2722,1966.4053,7079.0593,1966.4053,1693.6414,999.164,-0.0,-9.81,9.81,10.9245,0.0,0.0,0.0,0.0,0.0,0.0,8000.0,15466999985.03,15467.0
711.0,Agni_Class,MIDCOURSE,3043328.88,3043.3289,1174119.01,1174.119,1963.9176,7070.1033,1963.9176,1693.6414,994.259,-0.0,-9.81,9.81,10.9107,0.0,0.0,0.0,0.0,0.0,0.0,8000.0,15427889024.75,15427.889
711.5,Agni_Class,MIDCOURSE,3043823.56,3043.8236,1174965.83,1174.9658,1961.4389,7061.1801,1961.4389,1693.6414,989.354,-0.0,-9.81,9.81,10.8969,0.0,0.0,0.0,0.0,0.0,0.0,8000.0,15388970536.66,15388.9705
712.0,Agni_Class,MIDCOURSE,3044315.78,3044.3158,1175812.65,1175.8126,1958.9694,7052.2899,1958.9694,1693.6414,984.449,-0.0,-9.81,9.81,10.8832,0.0,0.0,0.0,0.0,0.0,0.0,8000.0,15350244520.78,15350.2445
712.5,Agni_Class,MIDCOURSE,3044805.56,3044.8056,1176659.47,1176.6595,1956.5091,7043.4327,1956.5091,1693.6414,979.544,-0.0,-9.81,9.81,10.8695,0.0,0.0,0.0,0.0,0.0,0.0,8000.0,15311710977.1,15311.711
713.0,Agni_Class,MIDCOURSE,3045292.88,3045.2929,1177506.29,1177.5063,1954.058,7034.6086,1954.058,1693.6414,974.639,-0.0,-9.81,9.81,10.8559,0.0,0.0,0.0,0.0,0.0,0.0,8000.0,15273369905.61,15273.3699
713.5,Agni_Class,MIDCOURSE,3045777.74,3045.7777,1178353.11,1178.3531,1951.6161,7025.8179,1951.6161,1693.6414,969.734,-0.0,-9.81,9.81,10.8423,0.0,0.0,0.0,0.0,0.0,0.0,8000.0,15235221306.33,15235.2213
714.0,Agni_Class,MIDCOURSE,3046260.16,3046.2602,1179199.93,1179.1999,1949.1835,7017.0606,1949.1835,1693.6414,964.829,-0.0,-9.81,9.81,10.8288,0.0,0.0,0.0,0.0,0.0,0.0,8000.0,15197265179.25,15197.2652
714.5,Agni_Class,MIDCOURSE,3046740.12,3046.7401,1180046.75,1180.0468,1946.7602,7008.3368,1946.7602,1693.6414,959.924,-0.0,-9.81,9.81,10.8153,0.0,0.0,0.0,0.0,0.0,0.0,8000.0,15159501524.37,15159.5015
715.0,Agni_Class,MIDCOURSE,3047217.63,3047.2176,1180893.57,1180.8936,1944.3463,6999.6467,1944.3463,1693.6414,955.019,-0.0,-9.81,9.81,10.8019,0.0,0.0,0.0,0.0,0.0,0.0,8000.0,15121930341.68,15121.9303
715.5,Agni_Class,MIDCOURSE,3047692.69,3047.6927,1181740.39,1181.7404,1941.9418,6990.9904,1941.9418,1693.6414,950.114,-0.0,-9.81,9.81,10.7886,0.0,0.0,0.0,0.0,0.0,0.0,8000.0,15084551631.2,15084.5516
716.0,Agni_Class,MIDCOURSE,3048165.29,3048.1653,1182587.21,1182.5872,1939.5467,6982.3681,1939.5467,1693.6414,945.209,-0.0,-9.81,9.81,10.7753,0.0,0.0,0.0,0.0,0.0,0.0,8000.0,15047365392.92,15047.3654
716.5,Agni_Class,MIDCOURSE,3048635.44,3048.6354,1183434.03,1183.434,1937.161,6973.7798,1937.161,1693.6414,940.304,-0.0,-9.81,9.81,10.762,0.0,0.0,0.0,0.0,0.0,0.0,8000.0,15010371626.84,15010.3716
717.0,Agni_Class,MIDCOURSE,3049103.14,3049.1031,1184280.85,1184.2809,1934.7849,6965.2256,1934.7849,1693.6414,935.399,-0.0,-9.81,9.81,10.7488,0.0,0.0,0.0,0.0,0.0,0.0,8000.0,14973570332.95,14973.5703
717.5,Agni_Class,MIDCOURSE,3049568.39,3049.5684,1185127.67,1185.1277,1932.4183,6956.7058,1932.4183,1693.6414,930.494,-0.0,-9.81,9.81,10.7357,0.0,0.0,0.0,0.0,0.0,0.0,8000.0,14936961511.27,14936.9615
718.0,Agni_Class,MIDCOURSE,3050031.18,3050.0312,1185974.5,1185.9745,1930.0612,6948.2204,1930.0612,1693.6414,925.589,-0.0,-9.81,9.81,10.7226,0.0,0.0,0.0,0.0,0.0,0.0,8000.0,14900545161.79,14900.5452
718.5,Agni_Class,MIDCOURSE,3050491.53,3050.4915,1186821.32,1186.8213,1927.7138,6939.7695,1927.7138,1693.6414,920.684,-0.0,-9.81,9.81,10.7095,0.0,0.0,0.0,0.0,0.0,0.0,8000.0,14864321284.51,14864.3213
719.0,Agni_Class,MIDCOURSE,3050949.42,3050.9494,1187668.14,1187.6681,1925.3759,6931.3533,1925.3759,1693.6414,915.779,-0.0,-9.81,9.81,10.6965,0.0,0.0,0.0,0.0,0.0,0.0,8000.0,14828289879.42,14828.2899
719.5,Agni_Class,MIDCOURSE,3051404.85,3051.4049,1188514.96,1188.515,1923.0478,6922.972,1923.0478,1693.6414,910.874,-0.0,-9.81,9.81,10.6836,0.0,0.0,0.0,0.0,0.0,0.0,8000.0,14792450946.54,14792.4509
720.0,Agni_Class,MIDCOURSE,3051857.84,3051.8578,1189361.78,1189.3618,1920.7293,6914.6256,1920.7293,1693.6414,905.969,-0.0,-9.81,9.81,10.6707,0.0,0.0,0.0,0.0,0.0,0.0,8000.0,14756804485.86,14756.8045
720.5,Agni_Class,MIDCOURSE,3052308.37,3052.3084,1190208.6,1190.2086,1918.4206,6906.3142,1918.4206,1693.6414,901.064,-0.0,-9.81,9.81,10.6579,0.0,0.0,0.0,0.0,0.0,0.0,8000.0,14721350497.38,14721.3505
721.0,Agni_Class,MIDCOURSE,3052756.45,3052.7564,1191055.42,1191.0554,1916.1217,6898.038,1916.1217,1693.6414,896.159,-0.0,-9.81,9.81,10.6451,0.0,0.0,0.0,0.0,0.0,0.0,8000.0,14686088981.09,14686.089
721.5,Agni_Class,MIDCOURSE,3053202.08,3053.2021,1191902.24,1191.9022,1913.8325,6889.7971,1913.8325,1693.6414,891.254,-0.0,-9.81,9.81,10.6324,0.0,0.0,0.0,0.0,0.0,0.0,8000.0,14651019937.01,14651.0199
722.0,Agni_Class,MIDCOURSE,3053645.25,3053.6452,1192749.06,1192.7491,1911.5533,6881.5917,1911.5533,1693.6414,886.349,-0.0,-9.81,9.81,10.6197,0.0,0.0,0.0,0.0,0.0,0.0,8000.0,14616143365.13,14616.1434
722.5,Agni_Class,MIDCOURSE,3054085.97,3054.086,1193595.88,1193.5959,1909.2838,6873.4219,1909.2838,1693.6414,881.444,-0.0,-9.81,9.81,10.6071,0.0,0.0,0.0,0.0,0.0,0.0,8000.0,14581459265.44,14581.4593
723.0,Agni_Class,MIDCOURSE,3054524.24,3054.5242,1194442.7,1194.4427,1907.0244,6865.2877,1907.0244,1693.6414,876.539,-0.0,-9.81,9.81,10.5946,0.0,0.0,0.0,0.0,0.0,0.0,8000.0,14546967637.96,14546.9676
723.5,Agni_Class,MIDCOURSE,3054960.06,3054.9601,1195289.52,1195.2895,1904.7748,6857.1894,1904.7748,1693.6414,871.634,-0.0,-9.81,9.81,10.5821,0.0,0.0,0.0,0.0,0.0,0.0,8000.0,14512668482.68,14512.6685
724.0,Agni_Class,MIDCOURSE,3055393.42,3055.3934,1196136.34,1196.1363,1902.5353,6849.127,1902.5353,1693.6414,866.729,-0.0,-9.81,9.81,10.5696,0.0,0.0,0.0,0.0,0.0,0.0,8000.0,14478561799.6,14478.5618
724.5,Agni_Class,MIDCOURSE,3055824.33,3055.8243,1196983.16,1196.9832,1900.3057,6841.1007,1900.3057,1693.6414,861.824,-0.0,-9.81,9.81,10.5573,0.0,0.0,0.0,0.0,0.0,0.0,8000.0,14444647588.71,14444.6476
725.0,Agni_Class,MIDCOURSE,3056252.79,3056.2528,1197829.99,1197.83,1898.0863,6833.1105,1898.0863,1693.6414,856.919,-0.0,-9.81,9.81,10.5449,0.0,0.0,0.0,0.0,0.0,0.0,8000.0,14410925850.03,14410.9259
725.5,Agni_Class,MIDCOURSE,3056678.8,3056.6788,1198676.81,1198.6768,1895.8769,6825.1568,1895.8769,1693.6414,852.014,-0.0,-9.81,9.81,10.5326,0.0,0.0,0.0,0.0,0.0,0.0,8000.0,14377396583.55,14377.3966
726.0,Agni_Class,MIDCOURSE,3057102.36,3057.1024,1199523.63,1199.5236,1893.6776,6817.2394,1893.6776,1693.6414,847.109,-0.0,-9.81,9.81,10.5204,0.0,0.0,0.0,0.0,0.0,0.0,8000.0,14344059789.27,14344.0598
726.5,Agni_Class,MIDCOURSE,3057523.46,3057.5235,1200370.45,1200.3704,1891.4885,6809.3587,1891.4885,1693.6414,842.204,-0.0,-9.81,9.81,10.5083,0.0,0.0,0.0,0.0,0.0,0.0,8000.0,14310915467.18,14310.9155
727.0,Agni_Class,MIDCOURSE,3057942.11,3057.9421,1201217.27,1201.2173,1889.3096,6801.5147,1889.3096,1693.6414,837.299,-0.0,-9.81,9.81,10.4962,0.0,0.0,0.0,0.0,0.0,0.0,8000.0,14277963617.3,14277.9636
727.5,Agni_Class,MIDCOURSE,3058358.3,3058.3583,1202064.09,1202.0641,1887.141,6793.7075,1887.141,1693.6414,832.394,-0.0,-9.81,9.81,10.4841,0.0,0.0,0.0,0.0,0.0,0.0,8000.0,14245204239.62,14245.2042
728.0,Agni_Class,MIDCOURSE,3058772.05,3058.772,1202910.91,1202.9109,1884.9826,6785.9373,1884.9826,1693.6414,827.489,-0.0,-9.81,9.81,10.4721,0.0,0.0,0.0,0.0,0.0,0.0,8000.0,14212637334.14,14212.6373
728.5,Agni_Class,MIDCOURSE,3059183.34,3059.1833,1203757.73,1203.7577,1882.8345,6778.2042,1882.8345,1693.6414,822.584,-0.0,-9.81,9.81,10.4602,0.0,0.0,0.0,0.0,0.0,0.0,8000.0,14180262900.85,14180.2629
729.0,Agni_Class,MIDCOURSE,3059592.18,3059.5922,1204604.55,1204.6046,1880.6967,6770.5083,1880.6967,1693.6414,817.679,-0.0,-9.81,9.81,10.4483,0.0,0.0,0.0,0.0,0.0,0.0,8000.0,14148080939.77,14148.0809
729.5,Agni_Class,MIDCOURSE,3059998.57,3059.9986,1205451.37,1205.4514,1878.5694,6762.8497,1878.5694,1693.6414,812.774,-0.0,-9.81,9.81,10.4365,0.0,0.0,0.0,0.0,0.0,0.0,8000.0,14116091450.89,14116.0915
730.0,Agni_Class,MIDCOURSE,3060402.5,3060.4025,1206298.19,1206.2982,1876.4524,6755.2286,1876.4524,1693.6414,807.869,-0.0,-9.81,9.81,10.4247,0.0,0.0,0.0,0.0,0.0,0.0,8000.0,14084294434.21,14084.2944
730.5,Agni_Class,MIDCOURSE,3060803.98,3060.804,1207145.01,1207.145,1874.3459,6747.6452,1874.3459,1693.6414,802.964,-0.0,-9.81,9.81,10.413,0.0,0.0,0.0,0.0,0.0,0.0,8000.0,14052689889.72,14052.6899
731.0,Agni_Class,MIDCOURSE,3061203.01,3061.203,1207991.83,1207.9918,1872.2498,6740.0994,1872.2498,1693.6414,798.059,-0.0,-9.81,9.81,10.4014,0.0,0.0,0.0,0.0,0.0,0.0,8000.0,14021277817.44,14021.2778
731.5,Agni_Class,MIDCOURSE,3061599.59,3061.5996,1208838.65,1208.8387,1870.1643,6732.5915,1870.1643,1693.6414,793.154,-0.0,-9.81,9.81,10.3898,0.0,0.0,0.0,0.0,0.0,0.0,8000.0,13990058217.36,13990.0582
732.0,Agni_Class,MIDCOURSE,3061993.72,3061.9937,1209685.48,1209.6855,1868.0893,6725.1216,1868.0893,1693.6414,788.249,-0.0,-9.81,9.81,10.3783,0.0,0.0,0.0,0.0,0.0,0.0,8000.0,13959031089.48,13959.0311
732.5,Agni_Class,MIDCOURSE,3062385.39,3062.3854,1210532.3,1210.5323,1866.0249,6717.6898,1866.0249,1693.6414,783.344,-0.0,-9.81,9.81,10.3668,0.0,0.0,0.0,0.0,0.0,0.0,8000.0,13928196433.79,13928.1964
733.0,Agni_Class,MIDCOURSE,3062774.61,3062.7746,1211379.12,1211.3791,1863.9712,6710.2963,1863.9712,1693.6414,778.439,-0.0,-9.81,9.81,10.3554,0.0,0.0,0.0,0.0,0.0,0.0,8000.0,13897554250.31,13897.5543
733.5,Agni_Class,MIDCOURSE,3063161.37,3063.1614,1212225.94,1212.2259,1861.9281,6702.941,1861.9281,1693.6414,773.534,-0.0,-9.81,9.81,10.344,0.0,0.0,0.0,0.0,0.0,0.0,8000.0,13867104539.03,13867.1045
734.0,Agni_Class,MIDCOURSE,3063545.69,3063.5457,1213072.76,1213.0728,1859.8956,6695.6243,1859.8956,1693.6414,768.629,-0.0,-9.81,9.81,10.3328,0.0,0.0,0.0,0.0,0.0,0.0,8000.0,13836847299.94,13836.8473
734.5,Agni_Class,MIDCOURSE,3063927.55,3063.9276,1213919.58,1213.9196,1857.874,6688.3462,1857.874,1693.6414,763.724,-0.0,-9.81,9.81,10.3215,0.0,0.0,0.0,0.0,0.0,0.0,8000.0,13806782533.06,13806.7825
735.0,Agni_Class,MIDCOURSE,3064306.96,3064.307,1214766.4,1214.7664,1855.863,6681.1069,1855.863,1693.6414,758.819,-0.0,-9.81,9.81,10.3104,0.0,0.0,0.0,0.0,0.0,0.0,8000.0,13776910238.38,13776.9102
735.5,Agni_Class,MIDCOURSE,3064683.92,3064.6839,1215613.22,1215.6132,1853.8629,6673.9064,1853.8629,1693.6414,753.914,-0.0,-9.81,9.81,10.2992,0.0,0.0,0.0,0.0,0.0,0.0,8000.0,13747230415.9,13747.2304
736.0,Agni_Class,MIDCOURSE,3065058.42,3065.0584,1216460.04,1216.46,1851.8736,6666.7449,1851.8736,1693.6414,749.009,-0.0,-9.81,9.81,10.2882,0.0,0.0,0.0,0.0,0.0,0.0,8000.0,13717743065.61,13717.7431
736.5,Agni_Class,MIDCOURSE,3065430.47,3065.4305,1217306.86,1217.3069,1849.8951,6659.6225,1849.8951,1693.6414,744.104,-0.0,-9.81,9.81,10.2772,0.0,0.0,0.0,0.0,0.0,0.0,8000.0,13688448187.53,13688.4482
737.0,Agni_Class,MIDCOURSE,3065800.07,3065.8001,1218153.68,1218.1537,1847.9276,6652.5394,1847.9276,1693.6414,739.199,-0.0,-9.81,9.81,10.2663,0.0,0.0,0.0,0.0,0.0,0.0,8000.0,13659345781.65,13659.3458
737.5,Agni_Class,MIDCOURSE,3066167.22,3066.1672,1219000.5,1219.0005,1845.971,6645.4956,1845.971,1693.6414,734.294,-0.0,-9.81,9.81,10.2554,0.0,0.0,0.0,0.0,0.0,0.0,8000.0,13630435847.97,13630.4358
738.0,Agni_Class,MIDCOURSE,3066531.91,3066.5319,1219847.32,1219.8473,1844.0254,6638.4914,1844.0254,1693.6414,729.389,-0.0,-9.81,9.81,10.2446,0.0,0.0,0.0,0.0,0.0,0.0,8000.0,13601718386.48,13601.7184
738.5,Agni_Class,MIDCOURSE,3066894.16,3066.8942,1220694.14,1220.6941,1842.0908,6631.5267,1842.0908,1693.6414,724.484,-0.0,-9.81,9.81,10.2338,0.0,0.0,0.0,0.0,0.0,0.0,8000.0,13573193397.2,13573.1934
739.0,Agni_Class,MIDCOURSE,3067253.95,3067.2539,1221540.96,1221.541,1840.1672,6624.6018,1840.1672,1693.6414,719.579,-0.0,-9.81,9.81,10.2232,0.0,0.0,0.0,0.0,0.0,0.0,8000.0,13544860880.12,13544.8609
739.5,Agni_Class,MIDCOURSE,3067611.28,3067.6113,1222387.79,1222.3878,1838.2547,6617.7168,1838.2547,1693.6414,714.674,-0.0,-9.81,9.81,10.2125,0.0,0.0,0.0,0.0,0.0,0.0,8000.0,13516720835.24,13516.7208
740.0,Agni_Class,MIDCOURSE,3067966.17,3067.9662,1223234.61,1223.2346,1836.3533,6610.8718,1836.3533,1693.6414,709.769,-0.0,-9.81,9.81,10.202,0.0,0.0,0.0,0.0,0.0,0.0,8000.0,13488773262.55,13488.7733
740.5,Agni_Class,MIDCOURSE,3068318.6,3068.3186,1224081.43,1224.0814,1834.463,6604.0668,1834.463,1693.6414,704.864,-0.0,-9.81,9.81,10.1915,0.0,0.0,0.0,0.0,0.0,0.0,8000.0,13461018162.07,13461.0182
741.0,Agni_Class,MIDCOURSE,3068668.58,3068.6686,1224928.25,1224.9282,1832.5839,6597.3022,1832.5839,1693.6414,699.959,-0.0,-9.81,9.81,10.181,0.0,0.0,0.0,0.0,0.0,0.0,8000.0,13433455533.79,13433.4555
741.5,Agni_Class,MIDCOURSE,3069016.11,3069.0161,1225775.07,1225.7751,1830.7161,6590.5779,1830.7161,1693.6414,695.054,-0.0,-9.81,9.81,10.1706,0.0,0.0,0.0,0.0,0.0,0.0,8000.0,13406085377.71,13406.0854
742.0,Agni_Class,MIDCOURSE,3069361.18,3069.3612,1226621.89,1226.6219,1828.8595,6583.8941,1828.8595,1693.6414,690.149,-0.0,-9.81,9.81,10.1603,0.0,0.0,0.0,0.0,0.0,0.0,8000.0,13378907693.82,13378.9077
742.5,Agni_Class,MIDCOURSE,3069703.8,3069.7038,1227468.71,1227.4687,1827.0141,6577.2509,1827.0141,1693.6414,685.244,-0.0,-9.81,9.81,10.1501,0.0,0.0,0.0,0.0,0.0,0.0,8000.0,13351922482.14,13351.9225
743.0,Agni_Class,MIDCOURSE,3070043.97,3070.044,1228315.53,1228.3155,1825.1801,6570.6484,1825.1801,1693.6414,680.339,-0.0,-9.81,9.81,10.1399,0.0,0.0,0.0,0.0,0.0,0.0,8000.0,13325129742.66,13325.1297
743.5,Agni_Class,MIDCOURSE,3070381.69,3070.3817,1229162.35,1229.1624,1823.3574,6564.0868,1823.3574,1693.6414,675.434,-0.0,-9.81,9.81,10.1298,0.0,0.0,0.0,0.0,0.0,0.0,8000.0,13298529475.37,13298.5295
744.0,Agni_Class,MIDCOURSE,3070716.95,3070.717,1230009.17,1230.0092,1821.5462,6557.5662,1821.5462,1693.6414,670.529,-0.0,-9.81,9.81,10.1197,0.0,0.0,0.0,0.0,0.0,0.0,8000.0,13272121680.29,13272.1217
744.5,Agni_Class,MIDCOURSE,3071049.77,3071.0498,1230855.99,1230.856,1819.7463,6551.0867,1819.7463,1693.6414,665.624,-0.0,-9.81,9.81,10.1097,0.0,0.0,0.0,0.0,0.0,0.0,8000.0,13245906357.41,13245.9064
745.0,Agni_Class,MIDCOURSE,3071380.12,3071.3801,1231702.81,1231.7028,1817.9579,6544.6484,1817.9579,1693.6414,660.719,-0.0,-9.81,9.81,10.0998,0.0,0.0,0.0,0.0,0.0,0.0,8000.0,13219883506.73,13219.8835
745.5,Agni_Class,MIDCOURSE,3071708.03,3071.708,1232549.63,1232.5496,1816.181,6538.2515,1816.181,1693.6414,655.814,-0.0,-9.81,9.81,10.0899,0.0,0.0,0.0,0.0,0.0,0.0,8000.0,13194053128.24,13194.0531
746.0,Agni_Class,MIDCOURSE,3072033.49,3072.0335,1233396.45,1233.3965,1814.4156,6531.896,1814.4156,1693.6414,650.909,-0.0,-9.81,9.81,10.0801,0.0,0.0,0.0,0.0,0.0,0.0,8000.0,13168415221.96,13168.4152
746.5,Agni_Class,MIDCOURSE,3072356.49,3072.3565,1234243.28,1234.2433,1812.6617,6525.5821,1812.6617,1693.6414,646.004,-0.0,-9.81,9.81,10.0703,0.0,0.0,0.0,0.0,0.0,0.0,8000.0,13142969787.88,13142.9698
747.0,Agni_Class,MIDCOURSE,3072677.04,3072.677,1235090.1,1235.0901,1810.9194,6519.31,1810.9194,1693.6414,641.099,-0.0,-9.81,9.81,10.0607,0.0,0.0,0.0,0.0,0.0,0.0,8000.0,13117716826.0,13117.7168
747.5,Agni_Class,MIDCOURSE,3072995.13,3072.9951,1235936.92,1235.9369,1809.1888,6513.0797,1809.1888,1693.6414,636.194,-0.0,-9.81,9.81,10.051,0.0,0.0,0.0,0.0,0.0,0.0,8000.0,13092656336.31,13092.6563
748.0,Agni_Class,MIDCOURSE,3073310.78,3073.3108,1236783.74,1236.7837,1807.4698,6506.8913,1807.4698,1693.6414,631.289,-0.0,-9.81,9.81,10.0415,0.0,0.0,0.0,0.0,0.0,0.0,8000.0,13067788318.83,13067.7883
748.5,Agni_Class,MIDCOURSE,3073623.97,3073.624,1237630.56,1237.6306,1805.7625,6500.745,1805.7625,1693.6414,626.384,-0.0,-9.81,9.81,10.032,0.0,0.0,0.0,0.0,0.0,0.0,8000.0,13043112773.55,13043.1128
749.0,Agni_Class,MIDCOURSE,3073934.71,3073.9347,1238477.38,1238.4774,1804.0669,6494.6409,1804.0669,1693.6414,621.479,-0.0,-9.81,9.81,10.0226,0.0,0.0,0.0,0.0,0.0,0.0,8000.0,13018629700.47,13018.6297
749.5,Agni_Class,MIDCOURSE,3074243.0,3074.243,1239324.2,1239.3242,1802.3831,6488.5791,1802.3831,1693.6414,616.574,-0.0,-9.81,9.81,10.0132,0.0,0.0,0.0,0.0,0.0,0.0,8000.0,12994339099.58,12994.3391
750.0,Agni_Class,MIDCOURSE,3074548.83,3074.5488,1240171.02,1240.171,1800.711,6482.5597,1800.711,1693.6414,611.669,-0.0,-9.81,9.81,10.004,0.0,0.0,0.0,0.0,0.0,0.0,8000.0,12970240970.9,12970.241
750.5,Agni_Class,MIDCOURSE,3074852.21,3074.8522,1241017.84,1241.0178,1799.0508,6476.5829,1799.0508,1693.6414,606.764,-0.0,-9.81,9.81,9.9947,0.0,0.0,0.0,0.0,0.0,0.0,8000.0,12946335314.42,12946.3353
751.0,Agni_Class,MIDCOURSE,3075153.14,3075.1531,1241864.66,1241.8647,1797.4024,6470.6488,1797.4024,1693.6414,601.859,-0.0,-9.81,9.81,9.9856,0.0,0.0,0.0,0.0,0.0,0.0,8000.0,12922622130.14,12922.6221
751.5,Agni_Class,MIDCOURSE,3075451.62,3075.4516,1242711.48,1242.7115,1795.766,6464.7574,1795.766,1693.6414,596.954,-0.0,-9.81,9.81,9.9765,0.0,0.0,0.0,0.0,0.0,0.0,8000.0,12899101418.05,12899.1014
752.0,Agni_Class,MIDCOURSE,3075747.65,3075.7476,1243558.3,1243.5583,1794.1414,6458.909,1794.1414,1693.6414,592.049,-0.0,-9.81,9.81,9.9675,0.0,0.0,0.0,0.0,0.0,0.0,8000.0,12875773178.17,12875.7732
752.5,Agni_Class,MIDCOURSE,3076041.22,3076.0412,1244405.12,1244.4051,1792.5288,6453.1035,1792.5288,1693.6414,587.144,-0.0,-9.81,9.81,9.9585,0.0,0.0,0.0,0.0,0.0,0.0,8000.0,12852637410.49,12852.6374
753.0,Agni_Class,MIDCOURSE,3076332.34,3076.3323,1245251.94,1245.2519,1790.9281,6447.3412,1790.9281,1693.6414,582.239,-0.0,-9.81,9.81,9.9496,0.0,0.0,0.0,0.0,0.0,0.0,8000.0,12829694115.0,12829.6941
753.5,Agni_Class,MIDCOURSE,3076621.0,3076.621,1246098.77,1246.0988,1789.3395,6441.6222,1789.3395,1693.6414,577.334,-0.0,-9.81,9.81,9.9408,0.0,0.0,0.0,0.0,0.0,0.0,8000.0,12806943291.72,12806.9433
754.0,Agni_Class,MIDCOURSE,3076907.22,3076.9072,1246945.59,1246.9456,1787.7629,6435.9465,1787.7629,1693.6414,572.429,-0.0,-9.81,9.81,9.932,0.0,0.0,0.0,0.0,0.0,0.0,8000.0,12784384940.64,12784.3849
754.5,Agni_Class,MIDCOURSE,3077190.98,3077.191,1247792.41,1247.7924,1786.1984,6430.3143,1786.1984,1693.6414,567.524,-0.0,-9.81,9.81,9.9233,0.0,0.0,0.0,0.0,0.0,0.0,8000.0,12762019061.76,12762.0191
755.0,Agni_Class,MIDCOURSE,3077472.29,3077.4723,1248639.23,1248.6392,1784.646,6424.7257,1784.646,1693.6414,562.619,-0.0,-9.81,9.81,9.9147,0.0,0.0,0.0,0.0,0.0,0.0,8000.0,12739845655.07,12739.8457
755.5,Agni_Class,MIDCOURSE,3077751.15,3077.7511,1249486.05,1249.486,1783.1058,6419.1808,1783.1058,1693.6414,557.714,-0.0,-9.81,9.81,9.9061,0.0,0.0,0.0,0.0,0.0,0.0,8000.0,12717864720.59,12717.8647
756.0,Agni_Class,MIDCOURSE,3078027.55,3078.0276,1250332.87,1250.3329,1781.5777,6413.6797,1781.5777,1693.6414,552.809,-0.0,-9.81,9.81,9.8977,0.0,0.0,0.0,0.0,0.0,0.0,8000.0,12696076258.31,12696.0763
756.5,Agni_Class,MIDCOURSE,3078301.5,3078.3015,1251179.69,1251.1797,1780.0618,6408.2225,1780.0618,1693.6414,547.904,-0.0,-9.81,9.81,9.8892,0.0,0.0,0.0,0.0,0.0,0.0,8000.0,12674480268.23,12674.4803
757.0,Agni_Class,MIDCOURSE,3078573.0,3078.573,1252026.51,1252.0265,1778.5582,6402.8094,1778.5582,1693.6414,542.999,-0.0,-9.81,9.81,9.8809,0.0,0.0,0.0,0.0,0.0,0.0,8000.0,12653076750.34,12653.0768
757.5,Agni_Class,MIDCOURSE,3078842.05,3078.8421,1252873.33,1252.8733,1777.0668,6397.4405,1777.0668,1693.6414,538.094,-0.0,-9.81,9.81,9.8726,0.0,0.0,0.0,0.0,0.0,0.0,8000.0,12631865704.66,12631.8657
758.0,Agni_Class,MIDCOURSE,3079108.64,3079.1086,1253720.15,1253.7202,1775.5877,6392.1158,1775.5877,1693.6414,533.189,-0.0,-9.81,9.81,9.8644,0.0,0.0,0.0,0.0,0.0,0.0,8000.0,12610847131.18,12610.8471
758.5,Agni_Class,MIDCOURSE,3079372.79,3079.3728,1254566.97,1254.567,1774.121,6386.8355,1774.121,1693.6414,528.284,-0.0,-9.81,9.81,9.8562,0.0,0.0,0.0,0.0,0.0,0.0,8000.0,12590021029.9,12590.021
759.0,Agni_Class,MIDCOURSE,3079634.48,3079.6345,1255413.79,1255.4138,1772.6666,6381.5997,1772.6666,1693.6414,523.379,-0.0,-9.81,9.81,9.8481,0.0,0.0,0.0,0.0,0.0,0.0,8000.0,12569387400.81,12569.3874
759.5,Agni_Class,MIDCOURSE,3079893.71,3079.8937,1256260.61,1256.2606,1771.2246,6376.4085,1771.2246,1693.6414,518.474,-0.0,-9.81,9.81,9.8401,0.0,0.0,0.0,0.0,0.0,0.0,8000.0,12548946243.93,12548.9462
760.0,Agni_Class,MIDCOURSE,3080150.5,3080.1505,1257107.43,1257.1074,1769.795,6371.262,1769.795,1693.6414,513.569,-0.0,-9.81,9.81,9.8322,0.0,0.0,0.0,0.0,0.0,0.0,8000.0,12528697559.25,12528.6976
760.5,Agni_Class,MIDCOURSE,3080404.83,3080.4048,1257954.26,1257.9543,1768.3779,6366.1604,1768.3779,1693.6414,508.664,-0.0,-9.81,9.81,9.8243,0.0,0.0,0.0,0.0,0.0,0.0,8000.0,12508641346.77,12508.6413
761.0,Agni_Class,MIDCOURSE,3080656.71,3080.6567,1258801.08,1258.8011,1766.9732,6361.1036,1766.9732,1693.6414,503.759,-0.0,-9.81,9.81,9.8165,0.0,0.0,0.0,0.0,0.0,0.0,8000.0,12488777606.48,12488.7776
761.5,Agni_Class,MIDCOURSE,3080906.14,3080.9061,1259647.9,1259.6479,1765.5811,6356.0919,1765.5811,1693.6414,498.854,-0.0,-9.81,9.81,9.8088,0.0,0.0,0.0,0.0,0.0,0.0,8000.0,12469106338.4,12469.1063
762.0,Agni_Class,MIDCOURSE,3081153.11,3081.1531,1260494.72,1260.4947,1764.2015,6351.1254,1764.2015,1693.6414,493.949,-0.0,-9.81,9.81,9.8011,0.0,0.0,0.0,0.0,0.0,0.0,8000.0,12449627542.52,12449.6275
762.5,Agni_Class,MIDCOURSE,3081397.63,3081.3976,1261341.54,1261.3415,1762.8345,6346.204,1762.8345,1693.6414,489.044,-0.0,-9.81,9.81,9.7935,0.0,0.0,0.0,0.0,0.0,0.0,8000.0,12430341218.83,12430.3412
763.0,Agni_Class,MIDCOURSE,3081639.7,3081.6397,1262188.36,1262.1884,1761.48,6341.3281,1761.48,1693.6414,484.139,-0.0,-9.81,9.81,9.786,0.0,0.0,0.0,0.0,0.0,0.0,8000.0,12411247367.35,12411.2474
763.5,Agni_Class,MIDCOURSE,3081879.32,3081.8793,1263035.18,1263.0352,1760.1382,6336.4975,1760.1382,1693.6414,479.234,-0.0,-9.81,9.81,9.7785,0.0,0.0,0.0,0.0,0.0,0.0,8000.0,12392345988.07,12392.346
764.0,Agni_Class,MIDCOURSE,3082116.48,3082.1165,1263882.0,1263.882,1758.809,6331.7126,1758.809,1693.6414,474.329,-0.0,-9.81,9.81,9.7712,0.0,0.0,0.0,0.0,0.0,0.0,8000.0,12373637080.99,12373.6371
764.5,Agni_Class,MIDCOURSE,3082351.2,3082.3512,1264728.82,1264.7288,1757.4926,6326.9733,1757.4926,1693.6414,469.424,-0.0,-9.81,9.81,9.7638,0.0,0.0,0.0,0.0,0.0,0.0,8000.0,12355120646.1,12355.1206
765.0,Agni_Class,MIDCOURSE,3082583.46,3082.5835,1265575.64,1265.5756,1756.1888,6322.2798,1756.1888,1693.6414,464.519,-0.0,-9.81,9.81,9.7566,0.0,0.0,0.0,0.0,0.0,0.0,8000.0,12336796683.42,12336.7967
765.5,Agni_Class,MIDCOURSE,3082813.26,3082.8133,1266422.46,1266.4225,1754.8978,6317.6321,1754.8978,1693.6414,459.614,-0.0,-9.81,9.81,9.7494,0.0,0.0,0.0,0.0,0.0,0.0,8000.0,12318665192.94,12318.6652
766.0,Agni_Class,MIDCOURSE,3083040.62,3083.0406,1267269.28,1267.2693,1753.6196,6313.0304,1753.6196,1693.6414,454.709,-0.0,-9.81,9.81,9.7423,0.0,0.0,0.0,0.0,0.0,0.0,8000.0,12300726174.66,12300.7262
766.5,Agni_Class,MIDCOURSE,3083265.52,3083.2655,1268116.1,1268.1161,1752.3541,6308.4748,1752.3541,1693.6414,449.804,-0.0,-9.81,9.81,9.7353,0.0,0.0,0.0,0.0,0.0,0.0,8000.0,12282979628.57,12282.9796
767.0,Agni_Class,MIDCOURSE,3083487.97,3083.488,1268962.92,1268.9629,1751.1015,6303.9653,1751.1015,1693.6414,444.899,-0.0,-9.81,9.81,9.7283,0.0,0.0,0.0,0.0,0.0,0.0,8000.0,12265425554.69,12265.4256
767.5,Agni_Class,MIDCOURSE,3083707.97,3083.708,1269809.75,1269.8097,1749.8617,6299.5021,1749.8617,1693.6414,439.994,-0.0,-9.81,9.81,9.7215,0.0,0.0,0.0,0.0,0.0,0.0,8000.0,12248063953.01,12248.064
768.0,Agni_Class,MIDCOURSE,3083925.51,3083.9255,1270656.57,1270.6566,1748.6348,6295.0853,1748.6348,1693.6414,435.089,-0.0,-9.81,9.81,9.7146,0.0,0.0,0.0,0.0,0.0,0.0,8000.0,12230894823.53,12230.8948
768.5,Agni_Class,MIDCOURSE,3084140.6,3084.1406,1271503.39,1271.5034,1747.4208,6290.715,1747.4208,1693.6414,430.184,-0.0,-9.81,9.81,9.7079,0.0,0.0,0.0,0.0,0.0,0.0,8000.0,12213918166.24,12213.9182
769.0,Agni_Class,MIDCOURSE,3084353.24,3084.3532,1272350.21,1272.3502,1746.2198,6286.3912,1746.2198,1693.6414,425.279,-0.0,-9.81,9.81,9.7012,0.0,0.0,0.0,0.0,0.0,0.0,8000.0,12197133981.16,12197.134
769.5,Agni_Class,MIDCOURSE,3084563.43,3084.5634,1273197.03,1273.197,1745.0317,6282.1141,1745.0317,1693.6414,420.374,-0.0,-9.81,9.81,9.6946,0.0,0.0,0.0,0.0,0.0,0.0,8000.0,12180542268.28,12180.5423
770.0,Agni_Class,MIDCOURSE,3084771.16,3084.7712,1274043.85,1274.0438,1743.8566,6277.8837,1743.8566,1693.6414,415.469,-0.0,-9.81,9.81,9.6881,0.0,0.0,0.0,0.0,0.0,0.0,8000.0,12164143027.6,12164.143
770.5,Agni_Class,MIDCOURSE,3084976.45,3084.9764,1274890.67,1274.8907,1742.6945,6273.7001,1742.6945,1693.6414,410.564,-0.0,-9.81,9.81,9.6816,0.0,0.0,0.0,0.0,0.0,0.0,8000.0,12147936259.11,12147.9363
771.0,Agni_Class,MIDCOURSE,3085179.27,3085.1793,1275737.49,1275.7375,1741.5454,6269.5636,1741.5454,1693.6414,405.659,-0.0,-9.81,9.81,9.6753,0.0,0.0,0.0,0.0,0.0,0.0,8000.0,12131921962.83,12131.922
771.5,Agni_Class,MIDCOURSE,3085379.65,3085.3797,1276584.31,1276.5843,1740.4094,6265.474,1740.4094,1693.6414,400.754,-0.0,-9.81,9.81,9.6689,0.0,0.0,0.0,0.0,0.0,0.0,8000.0,12116100138.75,12116.1001
772.0,Agni_Class,MIDCOURSE,3085577.58,3085.5776,1277431.13,1277.4311,1739.2865,6261.4316,1739.2865,1693.6414,395.849,-0.0,-9.81,9.81,9.6627,0.0,0.0,0.0,0.0,0.0,0.0,8000.0,12100470786.86,12100.4708
772.5,Agni_Class,MIDCOURSE,3085773.05,3085.773,1278277.95,1278.278,1738.1768,6257.4364,1738.1768,1693.6414,390.944,-0.0,-9.81,9.81,9.6565,0.0,0.0,0.0,0.0,0.0,0.0,8000.0,12085033907.18,12085.0339
773.0,Agni_Class,MIDCOURSE,3085966.07,3085.9661,1279124.77,1279.1248,1737.0801,6253.4885,1737.0801,1693.6414,386.039,-0.0,-9.81,9.81,9.6504,0.0,0.0,0.0,0.0,0.0,0.0,8000.0,12069789499.7,12069.7895
773.5,Agni_Class,MIDCOURSE,3086156.63,3086.1566,1279971.59,1279.9716,1735.9967,6249.588,1735.9967,1693.6414,381.134,-0.0,-9.81,9.81,9.6444,0.0,0.0,0.0,0.0,0.0,0.0,8000.0,12054737564.42,12054.7376
774.0,Agni_Class,MIDCOURSE,3086344.75,3086.3447,1280818.41,1280.8184,1734.9264,6245.7349,1734.9264,1693.6414,376.229,-0.0,-9.81,9.81,9.6385,0.0,0.0,0.0,0.0,0.0,0.0,8000.0,12039878101.33,12039.8781
774.5,Agni_Class,MIDCOURSE,3086530.41,3086.5304,1281665.24,1281.6652,1733.8693,6241.9295,1733.8693,1693.6414,371.324,-0.0,-9.81,9.81,9.6326,0.0,0.0,0.0,0.0,0.0,0.0,8000.0,12025211110.45,12025.2111
775.0,Agni_Class,MIDCOURSE,3086713.62,3086.7136,1282512.06,1282.5121,1732.8255,6238.1717,1732.8255,1693.6414,366.419,-0.0,-9.81,9.81,9.6268,0.0,0.0,0.0,0.0,0.0,0.0,8000.0,12010736591.77,12010.7366
775.5,Agni_Class,MIDCOURSE,3086894.38,3086.8944,1283358.88,1283.3589,1731.7949,6234.4617,1731.7949,1693.6414,361.514,-0.0,-9.81,9.81,9.6211,0.0,0.0,0.0,0.0,0.0,0.0,8000.0,11996454545.29,11996.4545
776.0,Agni_Class,MIDCOURSE,3087072.68,3087.0727,1284205.7,1284.2057,1730.7776,6230.7995,1730.7776,1693.6414,356.609,-0.0,-9.81,9.81,9.6154,0.0,0.0,0.0,0.0,0.0,0.0,8000.0,11982364971.0,11982.365
776.5,Agni_Class,MIDCOURSE,3087248.53,3087.2485,1285052.52,1285.0525,1729.7737,6227.1852,1729.7737,1693.6414,351.704,-0.0,-9.81,9.81,9.6099,0.0,0.0,0.0,0.0,0.0,0.0,8000.0,11968467868.92,11968.4679
777.0,Agni_Class,MIDCOURSE,3087421.93,3087.4219,1285899.34,1285.8993,1728.783,6223.619,1728.783,1693.6414,346.799,-0.0,-9.81,9.81,9.6044,0.0,0.0,0.0,0.0,0.0,0.0,8000.0,11954763239.04,11954.7632
777.5,Agni_Class,MIDCOURSE,3087592.88,3087.5929,1286746.16,1286.7462,1727.8058,6220.1008,1727.8058,1693.6414,341.894,-0.0,-9.81,9.81,9.5989,0.0,0.0,0.0,0.0,0.0,0.0,8000.0,11941251081.36,11941.2511
778.0,Agni_Class,MIDCOURSE,3087761.38,3087.7614,1287592.98,1287.593,1726.8419,6216.6307,1726.8419,1693.6414,336.989,-0.0,-9.81,9.81,9.5936,0.0,0.0,0.0,0.0,0.0,0.0,8000.0,11927931395.87,11927.9314
778.5,Agni_Class,MIDCOURSE,3087927.42,3087.9274,1288439.8,1288.4398,1725.8914,6213.209,1725.8914,1693.6414,332.084,-0.0,-9.81,9.81,9.5883,0.0,0.0,0.0,0.0,0.0,0.0,8000.0,11914804182.59,11914.8042
779.0,Agni_Class,MIDCOURSE,3088091.01,3088.091,1289286.62,1289.2866,1724.9543,6209.8355,1724.9543,1693.6414,327.179,-0.0,-9.81,9.81,9.5831,0.0,0.0,0.0,0.0,0.0,0.0,8000.0,11901869441.51,11901.8694
779.5,Agni_Class,MIDCOURSE,3088252.14,3088.2521,1290133.44,1290.1334,1724.0307,6206.5105,1724.0307,1693.6414,322.274,-0.0,-9.81,9.81,9.5779,0.0,0.0,0.0,0.0,0.0,0.0,8000.0,11889127172.63,11889.1272
780.0,Agni_Class,MIDCOURSE,3088410.83,3088.4108,1290980.26,1290.9803,1723.1205,6203.2339,1723.1205,1693.6414,317.369,-0.0,-9.81,9.81,9.5729,0.0,0.0,0.0,0.0,0.0,0.0,8000.0,11876577375.94,11876.5774
780.5,Agni_Class,MIDCOURSE,3088567.06,3088.5671,1291827.08,1291.8271,1722.2239,6200.0059,1722.2239,1693.6414,312.464,-0.0,-9.81,9.81,9.5679,0.0,0.0,0.0,0.0,0.0,0.0,8000.0,11864220051.46,11864.2201
781.0,Agni_Class,MIDCOURSE,3088720.84,3088.7208,1292673.9,1292.6739,1721.3407,6196.8265,1721.3407,1693.6414,307.559,-0.0,-9.81,9.81,9.563,0.0,0.0,0.0,0.0,0.0,0.0,8000.0,11852055199.18,11852.0552
781.5,Agni_Class,MIDCOURSE,3088872.17,3088.8722,1293520.73,1293.5207,1720.4711,6193.6959,1720.4711,1693.6414,302.654,-0.0,-9.81,9.81,9.5582,0.0,0.0,0.0,0.0,0.0,0.0,8000.0,11840082819.1,11840.0828
782.0,Agni_Class,MIDCOURSE,3089021.04,3089.021,1294367.55,1294.3675,1719.615,6190.614,1719.615,1693.6414,297.749,-0.0,-9.81,9.81,9.5534,0.0,0.0,0.0,0.0,0.0,0.0,8000.0,11828302911.21,11828.3029
782.5,Agni_Class,MIDCOURSE,3089167.46,3089.1675,1295214.37,1295.2144,1718.7725,6187.581,1718.7725,1693.6414,292.844,-0.0,-9.81,9.81,9.5487,0.0,0.0,0.0,0.0,0.0,0.0,8000.0,11816715475.53,11816.7155
783.0,Agni_Class,MIDCOURSE,3089311.43,3089.3114,1296061.19,1296.0612,1717.9436,6184.5969,1717.9436,1693.6414,287.939,-0.0,-9.81,9.81,9.5441,0.0,0.0,0.0,0.0,0.0,0.0,8000.0,11805320512.05,11805.3205
783.5,Agni_Class,MIDCOURSE,3089452.95,3089.4529,1296908.01,1296.908,1717.1283,6181.6618,1717.1283,1693.6414,283.034,-0.0,-9.81,9.81,9.5396,0.0,0.0,0.0,0.0,0.0,0.0,8000.0,11794118020.76,11794.118
784.0,Agni_Class,MIDCOURSE,3089592.01,3089.592,1297754.83,1297.7548,1716.3266,6178.7758,1716.3266,1693.6414,278.129,-0.0,-9.81,9.81,9.5351,0.0,0.0,0.0,0.0,0.0,0.0,8000.0,11783108001.68,11783.108
784.5,Agni_Class,MIDCOURSE,3089728.63,3089.7286,1298601.65,1298.6016,1715.5386,6175.9389,1715.5386,1693.6414,273.224,-0.0,-9.81,9.81,9.5308,0.0,0.0,0.0,0.0,0.0,0.0,8000.0,11772290454.8,11772.2905
785.0,Agni_Class,MIDCOURSE,3089862.79,3089.8628,1299448.47,1299.4485,1714.7642,6173.1512,1714.7642,1693.6414,268.319,-0.0,-9.81,9.81,9.5265,0.0,0.0,0.0,0.0,0.0,0.0,8000.0,11761665380.12,11761.6654
785.5,Agni_Class,MIDCOURSE,3089994.49,3089.9945,1300295.29,1300.2953,1714.0036,6170.4128,1714.0036,1693.6414,263.414,-0.0,-9.81,9.81,9.5222,0.0,0.0,0.0,0.0,0.0,0.0,8000.0,11751232777.63,11751.2328
786.0,Agni_Class,MIDCOURSE,3090123.75,3090.1237,1301142.11,1301.1421,1713.2566,6167.7237,1713.2566,1693.6414,258.509,-0.0,-9.81,9.81,9.5181,0.0,0.0,0.0,0.0,0.0,0.0,8000.0,11740992647.35,11740.9926
786.5,Agni_Class,MIDCOURSE,3090250.55,3090.2505,1301988.93,1301.9889,1712.5234,6165.0841,1712.5234,1693.6414,253.604,-0.0,-9.81,9.81,9.514,0.0,0.0,0.0,0.0,0.0,0.0,8000.0,11730944989.27,11730.945
787.0,Agni_Class,MIDCOURSE,3090374.9,3090.3749,1302835.75,1302.8358,1711.8039,6162.4939,1711.8039,1693.6414,248.699,-0.0,-9.81,9.81,9.51,0.0,0.0,0.0,0.0,0.0,0.0,8000.0,11721089803.39,11721.0898
787.5,Agni_Class,MIDCOURSE,3090496.8,3090.4968,1303682.57,1303.6826,1711.0981,6159.9532,1711.0981,1693.6414,243.794,-0.0,-9.81,9.81,9.5061,0.0,0.0,0.0,0.0,0.0,0.0,8000.0,11711427089.7,11711.4271
788.0,Agni_Class,MIDCOURSE,3090616.24,3090.6162,1304529.39,1304.5294,1710.4062,6157.4622,1710.4062,1693.6414,238.889,-0.0,-9.81,9.81,9.5023,0.0,0.0,0.0,0.0,0.0,0.0,8000.0,11701956848.22,11701.9568
788.5,Agni_Class,MIDCOURSE,3090733.23,3090.7332,1305376.21,1305.3762,1709.728,6155.0207,1709.728,1693.6414,233.984,-0.0,-9.81,9.81,9.4985,0.0,0.0,0.0,0.0,0.0,0.0,8000.0,11692679078.94,11692.6791
789.0,Agni_Class,MIDCOURSE,3090847.77,3090.8478,1306223.04,1306.223,1709.0636,6152.629,1709.0636,1693.6414,229.079,-0.0,-9.81,9.81,9.4948,0.0,0.0,0.0,0.0,0.0,0.0,8000.0,11683593781.86,11683.5938
789.5,Agni_Class,MIDCOURSE,3090959.86,3090.9599,1307069.86,1307.0699,1708.4131,6150.2871,1708.4131,1693.6414,224.174,-0.0,-9.81,9.81,9.4912,0.0,0.0,0.0,0.0,0.0,0.0,8000.0,11674700956.97,11674.701
790.0,Agni_Class,MIDCOURSE,3091069.49,3091.0695,1307916.68,1307.9167,1707.7764,6147.995,1707.7764,1693.6414,219.269,-0.0,-9.81,9.81,9.4876,0.0,0.0,0.0,0.0,0.0,0.0,8000.0,11666000604.29,11666.0006
790.5,Agni_Class,MIDCOURSE,3091176.68,3091.1767,1308763.5,1308.7635,1707.1535,6145.7527,1707.1535,1693.6414,214.364,-0.0,-9.81,9.81,9.4842,0.0,0.0,0.0,0.0,0.0,0.0,8000.0,11657492723.81,11657.4927
791.0,Agni_Class,MIDCOURSE,3091281.41,3091.2814,1309610.32,1309.6103,1706.5446,6143.5604,1706.5446,1693.6414,209.459,-0.0,-9.81,9.81,9.4808,0.0,0.0,0.0,0.0,0.0,0.0,8000.0,11649177315.53,11649.1773
791.5,Agni_Class,MIDCOURSE,3091383.68,3091.3837,1310457.14,1310.4571,1705.9495,6141.4181,1705.9495,1693.6414,204.554,-0.0,-9.81,9.81,9.4775,0.0,0.0,0.0,0.0,0.0,0.0,8000.0,11641054379.44,11641.0544
792.0,Agni_Class,MIDCOURSE,3091483.51,3091.4835,1311303.96,1311.304,1705.3683,6139.3258,1705.3683,1693.6414,199.649,-0.0,-9.81,9.81,9.4743,0.0,0.0,0.0,0.0,0.0,0.0,8000.0,11633123915.56,11633.1239
792.5,Agni_Class,MIDCOURSE,3091580.88,3091.5809,1312150.78,1312.1508,1704.801,6137.2836,1704.801,1693.6414,194.744,-0.0,-9.81,9.81,9.4711,0.0,0.0,0.0,0.0,0.0,0.0,8000.0,11625385923.88,11625.3859
793.0,Agni_Class,MIDCOURSE,3091675.8,3091.6758,1312997.6,1312.9976,1704.2477,6135.2916,1704.2477,1693.6414,189.839,-0.0,-9.81,9.81,9.468,0.0,0.0,0.0,0.0,0.0,0.0,8000.0,11617840404.39,11617.8404
793.5,Agni_Class,MIDCOURSE,3091768.27,3091.7683,1313844.42,1313.8444,1703.7083,6133.3497,1703.7083,1693.6414,184.934,-0.0,-9.81,9.81,9.465,0.0,0.0,0.0,0.0,0.0,0.0,8000.0,11610487357.11,11610.4874
794.0,Agni_Class,MIDCOURSE,3091858.28,3091.8583,1314691.24,1314.6912,1703.1828,6131.4581,1703.1828,1693.6414,180.029,-0.0,-9.81,9.81,9.4621,0.0,0.0,0.0,0.0,0.0,0.0,8000.0,11603326782.03,11603.3268
794.5,Agni_Class,MIDCOURSE,3091945.84,3091.9458,1315538.06,1315.5381,1702.6713,6129.6168,1702.6713,1693.6414,175.124,-0.0,-9.81,9.81,9.4593,0.0,0.0,0.0,0.0,0.0,0.0,8000.0,11596358679.15,11596.3587
795.0,Agni_Class,MIDCOURSE,3092030.95,3092.031,1316384.88,1316.3849,1702.1738,6127.8258,1702.1738,1693.6414,170.219,-0.0,-9.81,9.81,9.4565,0.0,0.0,0.0,0.0,0.0,0.0,8000.0,11589583048.46,11589.583
795.5,Agni_Class,MIDCOURSE,3092113.61,3092.1136,1317231.7,1317.2317,1701.6903,6126.0852,1701.6903,1693.6414,165.314,-0.0,-9.81,9.81,9.4538,0.0,0.0,0.0,0.0,0.0,0.0,8000.0,11582999889.98,11582.9999
796.0,Agni_Class,MIDCOURSE,3092193.81,3092.1938,1318078.53,1318.0785,1701.2208,6124.395,1701.2208,1693.6414,160.409,-0.0,-9.81,9.81,9.4512,0.0,0.0,0.0,0.0,0.0,0.0,8000.0,11576609203.7,11576.6092
796.5,Agni_Class,MIDCOURSE,3092271.56,3092.2716,1318925.35,1318.9253,1700.7653,6122.7552,1700.7653,1693.6414,155.504,-0.0,-9.81,9.81,9.4487,0.0,0.0,0.0,0.0,0.0,0.0,8000.0,11570410989.62,11570.411
797.0,Agni_Class,MIDCOURSE,3092346.86,3092.3469,1319772.17,1319.7722,1700.3239,6121.166,1700.3239,1693.6414,150.599,-0.0,-9.81,9.81,9.4462,0.0,0.0,0.0,0.0,0.0,0.0,8000.0,11564405247.73,11564.4052
797.5,Agni_Class,MIDCOURSE,3092419.71,3092.4197,1320618.99,1320.619,1699.8965,6119.6273,1699.8965,1693.6414,145.694,-0.0,-9.81,9.81,9.4439,0.0,0.0,0.0,0.0,0.0,0.0,8000.0,11558591978.05,11558.592
798.0,Agni_Class,MIDCOURSE,3092490.11,3092.4901,1321465.81,1321.4658,1699.4831,6118.1391,1699.4831,1693.6414,140.789,-0.0,-9.81,9.81,9.4416,0.0,0.0,0.0,0.0,0.0,0.0,8000.0,11552971180.57,11552.9712
798.5,Agni_Class,MIDCOURSE,3092558.05,3092.558,1322312.63,1322.3126,1699.0838,6116.7016,1699.0838,1693.6414,135.884,-0.0,-9.81,9.81,9.4394,0.0,0.0,0.0,0.0,0.0,0.0,8000.0,11547542855.29,11547.5429
799.0,Agni_Class,MIDCOURSE,3092623.54,3092.6235,1323159.45,1323.1594,1698.6985,6115.3148,1698.6985,1693.6414,130.979,-0.0,-9.81,9.81,9.4372,0.0,0.0,0.0,0.0,0.0,0.0,8000.0,11542307002.2,11542.307
799.5,Agni_Class,MIDCOURSE,3092686.57,3092.6866,1324006.27,1324.0063,1698.3274,6113.9786,1698.3274,1693.6414,126.074,-0.0,-9.81,9.81,9.4352,0.0,0.0,0.0,0.0,0.0,0.0,8000.0,11537263621.32,11537.2636
800.0,Agni_Class,MIDCOURSE,3092747.16,3092.7472,1324853.09,1324.8531,1697.9703,6112.6931,1697.9703,1693.6414,121.169,-0.0,-9.81,9.81,9.4332,0.0,0.0,0.0,0.0,0.0,0.0,8000.0,11532412712.64,11532.4127
800.5,Agni_Class,MIDCOURSE,3092805.29,3092.8053,1325699.91,1325.6999,1697.6273,6111.4584,1697.6273,1693.6414,116.264,-0.0,-9.81,9.81,9.4313,0.0,0.0,0.0,0.0,0.0,0.0,8000.0,11527754276.16,11527.7543
801.0,Agni_Class,MIDCOURSE,3092860.97,3092.861,1326546.73,1326.5467,1697.2985,6110.2745,1697.2985,1693.6414,111.359,-0.0,-9.81,9.81,9.4294,0.0,0.0,0.0,0.0,0.0,0.0,8000.0,11523288311.87,11523.2883
801.5,Agni_Class,MIDCOURSE,3092914.2,3092.9142,1327393.55,1327.3936,1696.9837,6109.1413,1696.9837,1693.6414,106.454,-0.0,-9.81,9.81,9.4277,0.0,0.0,0.0,0.0,0.0,0.0,8000.0,11519014819.79,11519.0148
802.0,Agni_Class,MIDCOURSE,3092964.97,3092.965,1328240.37,1328.2404,1696.6831,6108.0591,1696.6831,1693.6414,101.549,-0.0,-9.81,9.81,9.426,0.0,0.0,0.0,0.0,0.0,0.0,8000.0,11514933799.91,11514.9338
802.5,Agni_Class,MIDCOURSE,3093013.29,3093.0133,1329087.19,1329.0872,1696.3966,6107.0276,1696.3966,1693.6414,96.644,-0.0,-9.81,9.81,9.4244,0.0,0.0,0.0,0.0,0.0,0.0,8000.0,11511045252.22,11511.0453
803.0,Agni_Class,MIDCOURSE,3093059.16,3093.0592,1329934.02,1329.934,1696.1242,6106.0471,1696.1242,1693.6414,91.739,-0.0,-9.81,9.81,9.4229,0.0,0.0,0.0,0.0,0.0,0.0,8000.0,11507349176.74,11507.3492
803.5,Agni_Class,MIDCOURSE,3093102.58,3093.1026,1330780.84,1330.7808,1695.866,6105.1175,1695.866,1693.6414,86.834,-0.0,-9.81,9.81,9.4215,0.0,0.0,0.0,0.0,0.0,0.0,8000.0,11503845573.46,11503.8456
804.0,Agni_Class,MIDCOURSE,3093143.54,3093.1435,1331627.66,1331.6277,1695.6219,6104.2388,1695.6219,1693.6414,81.929,-0.0,-9.81,9.81,9.4201,0.0,0.0,0.0,0.0,0.0,0.0,8000.0,11500534442.38,11500.5344
804.5,Agni_Class,MIDCOURSE,3093182.06,3093.1821,1332474.48,1332.4745,1695.392,6103.4111,1695.392,1693.6414,77.024,-0.0,-9.81,9.81,9.4188,0.0,0.0,0.0,0.0,0.0,0.0,8000.0,11497415783.49,11497.4158
805.0,Agni_Class,MIDCOURSE,3093218.12,3093.2181,1333321.3,1333.3213,1695.1762,6102.6344,1695.1762,1693.6414,72.119,-0.0,-9.81,9.81,9.4176,0.0,0.0,0.0,0.0,0.0,0.0,8000.0,11494489596.81,11494.4896
805.5,Agni_Class,MIDCOURSE,3093251.72,3093.2517,1334168.12,1334.1681,1694.9746,6101.9086,1694.9746,1693.6414,67.214,-0.0,-9.81,9.81,9.4165,0.0,0.0,0.0,0.0,0.0,0.0,8000.0,11491755882.33,11491.7559
806.0,Agni_Class,MIDCOURSE,3093282.88,3093.2829,1335014.94,1335.0149,1694.7872,6101.2339,1694.7872,1693.6414,62.309,-0.0,-9.81,9.81,9.4155,0.0,0.0,0.0,0.0,0.0,0.0,8000.0,11489214640.05,11489.2146
806.5,Agni_Class,MIDCOURSE,3093311.58,3093.3116,1335861.76,1335.8618,1694.614,6100.6102,1694.614,1693.6414,57.404,-0.0,-9.81,9.81,9.4145,0.0,0.0,0.0,0.0,0.0,0.0,8000.0,11486865869.96,11486.8659
807.0,Agni_Class,MIDCOURSE,3093337.83,3093.3378,1336708.58,1336.7086,1694.4549,6100.0376,1694.4549,1693.6414,52.499,-0.0,-9.81,9.81,9.4136,0.0,0.0,0.0,0.0,0.0,0.0,8000.0,11484709572.08,11484.7096
807.5,Agni_Class,MIDCOURSE,3093361.63,3093.3616,1337555.4,1337.5554,1694.31,6099.5161,1694.31,1693.6414,47.594,-0.0,-9.81,9.81,9.4128,0.0,0.0,0.0,0.0,0.0,0.0,8000.0,11482745746.4,11482.7457
808.0,Agni_Class,MIDCOURSE,3093382.97,3093.383,1338402.22,1338.4022,1694.1793,6099.0456,1694.1793,1693.6414,42.689,-0.0,-9.81,9.81,9.4121,0.0,0.0,0.0,0.0,0.0,0.0,8000.0,11480974392.92,11480.9744
808.5,Agni_Class,MIDCOURSE,3093401.86,3093.4019,1339249.04,1339.249,1694.0628,6098.6262,1694.0628,1693.6414,37.784,-0.0,-9.81,9.81,9.4115,0.0,0.0,0.0,0.0,0.0,0.0,8000.0,11479395511.63,11479.3955
809.0,Agni_Class,MIDCOURSE,3093418.3,3093.4183,1340095.86,1340.0959,1693.9605,6098.2579,1693.9605,1693.6414,32.879,-0.0,-9.81,9.81,9.4109,0.0,0.0,0.0,0.0,0.0,0.0,8000.0,11478009102.55,11478.0091
809.5,Agni_Class,MIDCOURSE,3093432.29,3093.4323,1340942.68,1340.9427,1693.8724,6097.9407,1693.8724,1693.6414,27.974,-0.0,-9.81,9.81,9.4104,0.0,0.0,0.0,0.0,0.0,0.0,8000.0,11476815165.67,11476.8152
810.0,Agni_Class,MIDCOURSE,3093443.82,3093.4438,1341789.51,1341.7895,1693.7985,6097.6747,1693.7985,1693.6414,23.069,-0.0,-9.81,9.81,9.41,0.0,0.0,0.0,0.0,0.0,0.0,8000.0,11475813700.99,11475.8137
810.5,Agni_Class,MIDCOURSE,3093452.91,3093.4529,1342636.33,1342.6363,1693.7388,6097.4597,1693.7388,1693.6414,18.164,-0.0,-9.81,9.81,9.4097,0.0,0.0,0.0,0.0,0.0,0.0,8000.0,11475004708.5,11475.0047
811.0,Agni_Class,MIDCOURSE,3093459.54,3093.4595,1343483.15,1343.4831,1693.6933,6097.2959,1693.6933,1693.6414,13.259,-0.0,-9.81,9.81,9.4094,0.0,0.0,0.0,0.0,0.0,0.0,8000.0,11474388188.22,11474.3882
811.5,Agni_Class,MIDCOURSE,3093463.71,3093.4637,1344329.97,1344.33,1693.662,6097.1833,1693.662,1693.6414,8.354,-0.0,-9.81,9.81,9.4092,0.0,0.0,0.0,0.0,0.0,0.0,8000.0,11473964140.14,11473.9641
812.0,Agni_Class,MIDCOURSE,3093465.44,3093.4654,1345176.79,1345.1768,1693.6449,6097.1217,1693.6449,1693.6414,3.449,-0.0,-9.81,9.81,9.4091,0.0,0.0,0.0,0.0,0.0,0.0,8000.0,11473732564.25,11473.7326
812.5,Agni_Class,MIDCOURSE,3093464.71,3093.4647,1346023.61,1346.0236,1693.642,6097.1113,1693.642,1693.6414,-1.456,-0.0,-9.81,9.81,9.4091,0.0,0.0,0.0,0.0,0.0,0.0,8000.0,11473693460.57,11473.6935
813.0,Agni_Class,MIDCOURSE,3093461.53,3093.4615,1346870.43,1346.8704,1693.6534,6097.1521,1693.6534,1693.6414,-6.361,-0.0,-9.81,9.81,9.4092,0.0,0.0,0.0,0.0,0.0,0.0,8000.0,11473846829.09,11473.8468
813.5,Agni_Class,MIDCOURSE,3093455.9,3093.4559,1347717.25,1347.7173,1693.6789,6097.244,1693.6789,1693.6414,-11.266,-0.0,-9.81,9.81,9.4093,0.0,0.0,0.0,0.0,0.0,0.0,8000.0,11474192669.81,11474.1927
814.0,Agni_Class,MIDCOURSE,3093447.81,3093.4478,1348564.07,1348.5641,1693.7186,6097.387,1693.7186,1693.6414,-16.171,-0.0,-9.81,9.81,9.4095,0.0,0.0,0.0,0.0,0.0,0.0,8000.0,11474730982.72,11474.731
814.5,Agni_Class,MIDCOURSE,3093437.27,3093.4373,1349410.89,1349.4109,1693.7725,6097.5812,1693.7725,1693.6414,-21.076,-0.0,-9.81,9.81,9.4098,0.0,0.0,0.0,0.0,0.0,0.0,8000.0,11475461767.84,11475.4618
815.0,Agni_Class,MIDCOURSE,3093424.28,3093.4243,1350257.71,1350.2577,1693.8407,6097.8265,1693.8407,1693.6414,-25.981,-0.0,-9.81,9.81,9.4102,0.0,0.0,0.0,0.0,0.0,0.0,8000.0,11476385025.16,11476.385
815.5,Agni_Class,MIDCOURSE,3093408.84,3093.4088,1351104.53,1351.1045,1693.923,6098.1229,1693.923,1693.6414,-30.886,-0.0,-9.81,9.81,9.4107,0.0,0.0,0.0,0.0,0.0,0.0,8000.0,11477500754.68,11477.5008
816.0,Agni_Class,MIDCOURSE,3093390.94,3093.3909,1351951.35,1351.9514,1694.0196,6098.4704,1694.0196,1693.6414,-35.791,-0.0,-9.81,9.81,9.4112,0.0,0.0,0.0,0.0,0.0,0.0,8000.0,11478808956.39,11478.809
816.5,Agni_Class,MIDCOURSE,3093370.6,3093.3706,1352798.17,1352.7982,1694.1303,6098.869,1694.1303,1693.6414,-40.696,-0.0,-9.81,9.81,9.4118,0.0,0.0,0.0,0.0,0.0,0.0,8000.0,11480309630.31,11480.3096
817.0,Agni_Class,MIDCOURSE,3093347.79,3093.3478,1353645.0,1353.645,1694.2552,6099.3187,1694.2552,1693.6414,-45.601,-0.0,-9.81,9.81,9.4125,0.0,0.0,0.0,0.0,0.0,0.0,8000.0,11482002776.43,11482.0028
817.5,Agni_Class,MIDCOURSE,3093322.54,3093.3225,1354491.82,1354.4918,1694.3943,6099.8195,1694.3943,1693.6414,-50.506,-0.0,-9.81,9.81,9.4133,0.0,0.0,0.0,0.0,0.0,0.0,8000.0,11483888394.75,11483.8884
818.0,Agni_Class,MIDCOURSE,3093294.84,3093.2948,1355338.64,1355.3386,1694.5476,6100.3714,1694.5476,1693.6414,-55.411,-0.0,-9.81,9.81,9.4142,0.0,0.0,0.0,0.0,0.0,0.0,8000.0,11485966485.26,11485.9665
818.5,Agni_Class,MIDCOURSE,3093264.68,3093.2647,1356185.46,1356.1855,1694.7151,6100.9744,1694.7151,1693.6414,-60.316,-0.0,-9.81,9.81,9.4151,0.0,0.0,0.0,0.0,0.0,0.0,8000.0,11488237047.98,11488.237
819.0,Agni_Class,MIDCOURSE,3093232.07,3093.2321,1357032.28,1357.0323,1694.8968,6101.6283,1694.8968,1693.6414,-65.221,-0.0,-9.81,9.81,9.4161,0.0,0.0,0.0,0.0,0.0,0.0,8000.0,11490700082.9,11490.7001
819.5,Agni_Class,MIDCOURSE,3093197.0,3093.197,1357879.1,1357.8791,1695.0926,6102.3333,1695.0926,1693.6414,-70.126,-0.0,-9.81,9.81,9.4172,0.0,0.0,0.0,0.0,0.0,0.0,8000.0,11493355590.02,11493.3556
820.0,Agni_Class,MIDCOURSE,3093159.49,3093.1595,1358725.92,1358.7259,1695.3026,6103.0893,1695.3026,1693.6414,-75.031,-0.0,-9.81,9.81,9.4183,0.0,0.0,0.0,0.0,0.0,0.0,8000.0,11496203569.33,11496.2036
820.5,Agni_Class,MIDCOURSE,3093119.52,3093.1195,1359572.74,1359.5727,1695.5268,6103.8963,1695.5268,1693.6414,-79.936,-0.0,-9.81,9.81,9.4196,0.0,0.0,0.0,0.0,0.0,0.0,8000.0,11499244020.85,11499.244
821.0,Agni_Class,MIDCOURSE,3093077.1,3093.0771,1360419.56,1360.4196,1695.7651,6104.7543,1695.7651,1693.6414,-84.841,-0.0,-9.81,9.81,9.4209,0.0,0.0,0.0,0.0,0.0,0.0,8000.0,11502476944.57,11502.4769
821.5,Agni_Class,MIDCOURSE,3093032.23,3093.0322,1361266.38,1361.2664,1696.0176,6105.6632,1696.0176,1693.6414,-89.746,-0.0,-9.81,9.81,9.4223,0.0,0.0,0.0,0.0,0.0,0.0,8000.0,11505902340.48,11505.9023
822.0,Agni_Class,MIDCOURSE,3092984.9,3092.9849,1362113.2,1362.1132,1696.2842,6106.6231,1696.2842,1693.6414,-94.651,-0.0,-9.81,9.81,9.4238,0.0,0.0,0.0,0.0,0.0,0.0,8000.0,11509520208.6,11509.5202
822.5,Agni_Class,MIDCOURSE,3092935.12,3092.9351,1362960.02,1362.96,1696.565,6107.6338,1696.565,1693.6414,-99.556,-0.0,-9.81,9.81,9.4254,0.0,0.0,0.0,0.0,0.0,0.0,8000.0,11513330548.92,11513.3305
823.0,Agni_Class,MIDCOURSE,3092882.89,3092.8829,1363806.84,1363.8068,1696.8598,6108.6954,1696.8598,1693.6414,-104.461,-0.0,-9.81,9.81,9.427,0.0,0.0,0.0,0.0,0.0,0.0,8000.0,11517333361.44,11517.3334
823.5,Agni_Class,MIDCOURSE,3092828.21,3092.8282,1364653.66,1364.6537,1697.1689,6109.8079,1697.1689,1693.6414,-109.366,-0.0,-9.81,9.81,9.4287,0.0,0.0,0.0,0.0,0.0,0.0,8000.0,11521528646.15,11521.5286
824.0,Agni_Class,MIDCOURSE,3092771.08,3092.7711,1365500.49,1365.5005,1697.492,6110.9712,1697.492,1693.6414,-114.271,-0.0,-9.81,9.81,9.4305,0.0,0.0,0.0,0.0,0.0,0.0,8000.0,11525916403.07,11525.9164
824.5,Agni_Class,MIDCOURSE,3092711.49,3092.7115,1366347.31,1366.3473,1697.8292,6112.1853,1697.8292,1693.6414,-119.176,-0.0,-9.81,9.81,9.4324,0.0,0.0,0.0,0.0,0.0,0.0,8000.0,11530496632.19,11530.4966
825.0,Agni_Class,MIDCOURSE,3092649.45,3092.6494,1367194.13,1367.1941,1698.1806,6113.4501,1698.1806,1693.6414,-124.081,-0.0,-9.81,9.81,9.4343,0.0,0.0,0.0,0.0,0.0,0.0,8000.0,11535269333.51,11535.2693
825.5,Agni_Class,MIDCOURSE,3092584.95,3092.585,1368040.95,1368.0409,1698.546,6114.7657,1698.546,1693.6414,-128.986,-0.0,-9.81,9.81,9.4364,0.0,0.0,0.0,0.0,0.0,0.0,8000.0,11540234507.02,11540.2345
826.0,Agni_Class,MIDCOURSE,3092518.01,3092.518,1368887.77,1368.8878,1698.9256,6116.132,1698.9256,1693.6414,-133.891,-0.0,-9.81,9.81,9.4385,0.0,0.0,0.0,0.0,0.0,0.0,8000.0,11545392152.74,11545.3922
826.5,Agni_Class,MIDCOURSE,3092448.61,3092.4486,1369734.59,1369.7346,1699.3191,6117.5489,1699.3191,1693.6414,-138.796,-0.0,-9.81,9.81,9.4407,0.0,0.0,0.0,0.0,0.0,0.0,8000.0,11550742270.66,11550.7423
827.0,Agni_Class,MIDCOURSE,3092376.76,3092.3768,1370581.41,1370.5814,1699.7268,6119.0165,1699.7268,1693.6414,-143.701,-0.0,-9.81,9.81,9.4429,0.0,0.0,0.0,0.0,0.0,0.0,8000.0,11556284860.78,11556.2849
827.5,Agni_Class,MIDCOURSE,3092302.46,3092.3025,1371428.23,1371.4282,1700.1485,6120.5347,1700.1485,1693.6414,-148.606,-0.0,-9.81,9.81,9.4453,0.0,0.0,0.0,0.0,0.0,0.0,8000.0,11562019923.09,11562.0199
828.0,Agni_Class,MIDCOURSE,3092225.7,3092.2257,1372275.05,1372.2751,1700.5843,6122.1034,1700.5843,1693.6414,-153.511,-0.0,-9.81,9.81,9.4477,0.0,0.0,0.0,0.0,0.0,0.0,8000.0,11567947457.61,11567.9475
828.5,Agni_Class,MIDCOURSE,3092146.49,3092.1465,1373121.87,1373.1219,1701.0341,6123.7226,1701.0341,1693.6414,-158.416,-0.0,-9.81,9.81,9.4502,0.0,0.0,0.0,0.0,0.0,0.0,8000.0,11574067464.33,11574.0675
829.0,Agni_Class,MIDCOURSE,3092064.83,3092.0648,1373968.69,1373.9687,1701.4979,6125.3923,1701.4979,1693.6414,-163.321,-0.0,-9.81,9.81,9.4528,0.0,0.0,0.0,0.0,0.0,0.0,8000.0,11580379943.25,11580.3799
829.5,Agni_Class,MIDCOURSE,3091980.72,3091.9807,1374815.51,1374.8155,1701.9757,6127.1125,1701.9757,1693.6414,-168.226,-0.0,-9.81,9.81,9.4554,0.0,0.0,0.0,0.0,0.0,0.0,8000.0,11586884894.36,11586.8849
830.0,Agni_Class,MIDCOURSE,3091894.15,3091.8942,1375662.33,1375.6623,1702.4675,6128.883,1702.4675,1693.6414,-173.131,-0.0,-9.81,9.81,9.4582,0.0,0.0,0.0,0.0,0.0,0.0,8000.0,11593582317.68,11593.5823
830.5,Agni_Class,MIDCOURSE,3091805.14,3091.8051,1376509.15,1376.5092,1702.9733,6130.7039,1702.9733,1693.6414,-178.036,-0.0,-9.81,9.81,9.461,0.0,0.0,0.0,0.0,0.0,0.0,8000.0,11600472213.2,11600.4722
831.0,Agni_Class,MIDCOURSE,3091713.67,3091.7137,1377355.98,1377.356,1703.4931,6132.5751,1703.4931,1693.6414,-182.941,-0.0,-9.81,9.81,9.4639,0.0,0.0,0.0,0.0,0.0,0.0,8000.0,11607554580.92,11607.5546
831.5,Agni_Class,MIDCOURSE,3091619.74,3091.6197,1378202.8,1378.2028,1704.0268,6134.4965,1704.0268,1693.6414,-187.846,-0.0,-9.81,9.81,9.4668,0.0,0.0,0.0,0.0,0.0,0.0,8000.0,11614829420.83,11614.8294
832.0,Agni_Class,MIDCOURSE,3091523.37,3091.5234,1379049.62,1379.0496,1704.5745,6136.4682,1704.5745,1693.6414,-192.751,-0.0,-9.81,9.81,9.4699,0.0,0.0,0.0,0.0,0.0,0.0,8000.0,11622296732.95,11622.2967
832.5,Agni_Class,MIDCOURSE,3091424.54,3091.4245,1379896.44,1379.8964,1705.1361,6138.49,1705.1361,1693.6414,-197.656,-0.0,-9.81,9.81,9.473,0.0,0.0,0.0,0.0,0.0,0.0,8000.0,11629956517.27,11629.9565
833.0,Agni_Class,MIDCOURSE,3091323.26,3091.3233,1380743.26,1380.7433,1705.7116,6140.5619,1705.7116,1693.6414,-202.561,-0.0,-9.81,9.81,9.4762,0.0,0.0,0.0,0.0,0.0,0.0,8000.0,11637808773.78,11637.8088
833.5,Agni_Class,MIDCOURSE,3091219.53,3091.2195,1381590.08,1381.5901,1706.3011,6142.6839,1706.3011,1693.6414,-207.466,-0.0,-9.81,9.81,9.4795,0.0,0.0,0.0,0.0,0.0,0.0,8000.0,11645853502.5,11645.8535
834.0,Agni_Class,MIDCOURSE,3091113.34,3091.1133,1382436.9,1382.4369,1706.9044,6144.8559,1706.9044,1693.6414,-212.371,-0.0,-9.81,9.81,9.4828,0.0,0.0,0.0,0.0,0.0,0.0,8000.0,11654090703.42,11654.0907
834.5,Agni_Class,MIDCOURSE,3091004.7,3091.0047,1383283.72,1383.2837,1707.5216,6147.0778,1707.5216,1693.6414,-217.276,-0.0,-9.81,9.81,9.4862,0.0,0.0,0.0,0.0,0.0,0.0,8000.0,11662520376.54,11662.5204
835.0,Agni_Class,MIDCOURSE,3090893.61,3090.8936,1384130.54,1384.1305,1708.1527,6149.3497,1708.1527,1693.6414,-222.181,-0.0,-9.81,9.81,9.4897,0.0,0.0,0.0,0.0,0.0,0.0,8000.0,11671142521.85,11671.1425
835.5,Agni_Class,MIDCOURSE,3090780.07,3090.7801,1384977.36,1384.9774,1708.7976,6151.6714,1708.7976,1693.6414,-227.086,-0.0,-9.81,9.81,9.4933,0.0,0.0,0.0,0.0,0.0,0.0,8000.0,11679957139.37,11679.9571
836.0,Agni_Class,MIDCOURSE,3090664.07,3090.6641,1385824.18,1385.8242,1709.4564,6154.0429,1709.4564,1693.6414,-231.991,-0.0,-9.81,9.81,9.497,0.0,0.0,0.0,0.0,0.0,0.0,8000.0,11688964229.09,11688.9642
836.5,Agni_Class,MIDCOURSE,3090545.63,3090.5456,1386671.0,1386.671,1710.1289,6156.4641,1710.1289,1693.6414,-236.896,-0.0,-9.81,9.81,9.5007,0.0,0.0,0.0,0.0,0.0,0.0,8000.0,11698163791.01,11698.1638
837.0,Agni_Class,MIDCOURSE,3090424.73,3090.4247,1387517.82,1387.5178,1710.8153,6158.935,1710.8153,1693.6414,-241.801,-0.0,-9.81,9.81,9.5045,0.0,0.0,0.0,0.0,0.0,0.0,8000.0,11707555825.12,11707.5558
837.5,Agni_Class,MIDCOURSE,3090301.37,3090.3014,1388364.64,1388.3646,1711.5154,6161.4556,1711.5154,1693.6414,-246.706,-0.0,-9.81,9.81,9.5084,0.0,0.0,0.0,0.0,0.0,0.0,8000.0,11717140331.44,11717.1403
838.0,Agni_Class,MIDCOURSE,3090175.57,3090.1756,1389211.47,1389.2115,1712.2293,6164.0256,1712.2293,1693.6414,-251.611,-0.0,-9.81,9.81,9.5124,0.0,0.0,0.0,0.0,0.0,0.0,8000.0,11726917309.96,11726.9173
838.5,Agni_Class,MIDCOURSE,3090047.31,3090.0473,1390058.29,1390.0583,1712.957,6166.6452,1712.957,1693.6414,-256.516,-0.0,-9.81,9.81,9.5164,0.0,0.0,0.0,0.0,0.0,0.0,8000.0,11736886760.68,11736.8868
839.0,Agni_Class,MIDCOURSE,3089916.6,3089.9166,1390905.11,1390.9051,1713.6984,6169.3142,1713.6984,1693.6414,-261.421,-0.0,-9.81,9.81,9.5205,0.0,0.0,0.0,0.0,0.0,0.0,8000.0,11747048683.59,11747.0487
839.5,Agni_Class,MIDCOURSE,3089783.44,3089.7834,1391751.93,1391.7519,1714.4535,6172.0326,1714.4535,1693.6414,-266.326,-0.0,-9.81,9.81,9.5247,0.0,0.0,0.0,0.0,0.0,0.0,8000.0,11757403078.71,11757.4031
840.0,Agni_Class,MIDCOURSE,3089647.82,3089.6478,1392598.75,1392.5987,1715.2223,6174.8002,1715.2223,1693.6414,-271.231,-0.0,-9.81,9.81,9.529,0.0,0.0,0.0,0.0,0.0,0.0,8000.0,11767949946.03,11767.9499
840.5,Agni_Class,MIDCOURSE,3089509.75,3089.5098,1393445.57,1393.4456,1716.0048,6177.6171,1716.0048,1693.6414,-276.136,-0.0,-9.81,9.81,9.5334,0.0,0.0,0.0,0.0,0.0,0.0,8000.0,11778689285.55,11778.6893
841.0,Agni_Class,MIDCOURSE,3089369.23,3089.3692,1394292.39,1394.2924,1716.8009,6180.4832,1716.8009,1693.6414,-281.041,-0.0,-9.81,9.81,9.5378,0.0,0.0,0.0,0.0,0.0,0.0,8000.0,11789621097.26,11789.6211
841.5,Agni_Class,MIDCOURSE,3089226.26,3089.2263,1395139.21,1395.1392,1717.6107,6183.3983,1717.6107,1693.6414,-285.946,-0.0,-9.81,9.81,9.5423,0.0,0.0,0.0,0.0,0.0,0.0,8000.0,11800745381.18,11800.7454
842.0,Agni_Class,MIDCOURSE,3089080.83,3089.0808,1395986.03,1395.986,1718.434,6186.3625,1718.434,1693.6414,-290.851,-0.0,-9.81,9.81,9.5469,0.0,0.0,0.0,0.0,0.0,0.0,8000.0,11812062137.3,11812.0621
842.5,Agni_Class,MIDCOURSE,3088932.95,3088.933,1396832.85,1396.8329,1719.271,6189.3757,1719.271,1693.6414,-295.756,-0.0,-9.81,9.81,9.5515,0.0,0.0,0.0,0.0,0.0,0.0,8000.0,11823571365.61,11823.5714
843.0,Agni_Class,MIDCOURSE,3088782.62,3088.7826,1397679.67,1397.6797,1720.1216,6192.4377,1720.1216,1693.6414,-300.661,-0.0,-9.81,9.81,9.5562,0.0,0.0,0.0,0.0,0.0,0.0,8000.0,11835273066.13,11835.2731
843.5,Agni_Class,MIDCOURSE,3088629.84,3088.6298,1398526.49,1398.5265,1720.9857,6195.5486,1720.9857,1693.6414,-305.566,-0.0,-9.81,9.81,9.561,0.0,0.0,0.0,0.0,0.0,0.0,8000.0,11847167238.85,11847.1672
844.0,Agni_Class,MIDCOURSE,3088474.61,3088.4746,1399373.31,1399.3733,1721.8634,6198.7081,1721.8634,1693.6414,-310.471,-0.0,-9.81,9.81,9.5659,0.0,0.0,0.0,0.0,0.0,0.0,8000.0,11859253883.77,11859.2539
844.5,Agni_Class,MIDCOURSE,3088316.92,3088.3169,1400220.13,1400.2201,1722.7546,6201.9164,1722.7546,1693.6414,-315.376,-0.0,-9.81,9.81,9.5709,0.0,0.0,0.0,0.0,0.0,0.0,8000.0,11871533000.88,11871.533
845.0,Agni_Class,MIDCOURSE,3088156.78,3088.1568,1401066.95,1401.067,1723.6592,6205.1732,1723.6592,1693.6414,-320.281,-0.0,-9.81,9.81,9.5759,0.0,0.0,0.0,0.0,0.0,0.0,8000.0,11884004590.2,11884.0046
845.5,Agni_Class,MIDCOURSE,3087994.18,3087.9942,1401913.78,1401.9138,1724.5774,6208.4786,1724.5774,1693.6414,-325.186,-0.0,-9.81,9.81,9.581,0.0,0.0,0.0,0.0,0.0,0.0,8000.0,11896668651.72,11896.6687
846.0,Agni_Class,MIDCOURSE,3087829.14,3087.8291,1402760.6,1402.7606,1725.509,6211.8324,1725.509,1693.6414,-330.091,-0.0,-9.81,9.81,9.5862,0.0,0.0,0.0,0.0,0.0,0.0,8000.0,11909525185.44,11909.5252
846.5,Agni_Class,MIDCOURSE,3087661.64,3087.6616,1403607.42,1403.6074,1726.454,6215.2345,1726.454,1693.6414,-334.996,-0.0,-9.81,9.81,9.5914,0.0,0.0,0.0,0.0,0.0,0.0,8000.0,11922574191.35,11922.5742
847.0,Agni_Class,MIDCOURSE,3087491.69,3087.4917,1404454.24,1404.4542,1727.4125,6218.685,1727.4125,1693.6414,-339.901,-0.0,-9.81,9.81,9.5967,0.0,0.0,0.0,0.0,0.0,0.0,8000.0,11935815669.47,11935.8157
847.5,Agni_Class,MIDCOURSE,3087319.29,3087.3193,1405301.06,1405.3011,1728.3843,6222.1836,1728.3843,1693.6414,-344.806,-0.0,-9.81,9.81,9.6021,0.0,0.0,0.0,0.0,0.0,0.0,8000.0,11949249619.79,11949.2496
848.0,Agni_Class,MIDCOURSE,3087144.43,3087.1444,1406147.88,1406.1479,1729.3695,6225.7303,1729.3695,1693.6414,-349.711,-0.0,-9.81,9.81,9.6076,0.0,0.0,0.0,0.0,0.0,0.0,8000.0,11962876042.31,11962.876
848.5,Agni_Class,MIDCOURSE,3086967.12,3086.9671,1406994.7,1406.9947,1730.3681,6229.3251,1730.3681,1693.6414,-354.616,-0.0,-9.81,9.81,9.6132,0.0,0.0,0.0,0.0,0.0,0.0,8000.0,11976694937.02,11976.6949
849.0,Agni_Class,MIDCOURSE,3086787.36,3086.7874,1407841.52,1407.8415,1731.38,6232.9679,1731.38,1693.6414,-359.521,-0.0,-9.81,9.81,9.6188,0.0,0.0,0.0,0.0,0.0,0.0,8000.0,11990706303.94,11990.7063
849.5,Agni_Class,MIDCOURSE,3086605.15,3086.6052,1408688.34,1408.6883,1732.4051,6236.6585,1732.4051,1693.6414,-364.426,-0.0,-9.81,9.81,9.6245,0.0,0.0,0.0,0.0,0.0,0.0,8000.0,12004910143.06,12004.9101
850.0,Agni_Class,MIDCOURSE,3086420.49,3086.4205,1409535.16,1409.5352,1733.4436,6240.3969,1733.4436,1693.6414,-369.331,-0.0,-9.81,9.81,9.6302,0.0,0.0,0.0,0.0,0.0,0.0,8000.0,12019306454.38,12019.3065
850.5,Agni_Class,MIDCOURSE,3086233.37,3086.2334,1410381.98,1410.382,1734.4953,6244.1829,1734.4953,1693.6414,-374.236,-0.0,-9.81,9.81,9.6361,0.0,0.0,0.0,0.0,0.0,0.0,8000.0,12033895237.89,12033.8952
851.0,Agni_Class,MIDCOURSE,3086043.8,3086.0438,1411228.8,1411.2288,1735.5602,6248.0166,1735.5602,1693.6414,-379.141,-0.0,-9.81,9.81,9.642,0.0,0.0,0.0,0.0,0.0,0.0,8000.0,12048676493.61,12048.6765
851.5,Agni_Class,MIDCOURSE,3085851.77,3085.8518,1412075.62,1412.0756,1736.6383,6251.8978,1736.6383,1693.6414,-384.046,-0.0,-9.81,9.81,9.648,0.0,0.0,0.0,0.0,0.0,0.0,8000.0,12063650221.53,12063.6502
852.0,Agni_Class,MIDCOURSE,3085657.3,3085.6573,1412922.44,1412.9224,1737.7296,6255.8265,1737.7296,1693.6414,-388.951,-0.0,-9.81,9.81,9.6541,0.0,0.0,0.0,0.0,0.0,0.0,8000.0,12078816421.64,12078.8164
852.5,Agni_Class,MIDCOURSE,3085460.37,3085.4604,1413769.27,1413.7693,1738.834,6259.8025,1738.834,1693.6414,-393.856,-0.0,-9.81,9.81,9.6602,0.0,0.0,0.0,0.0,0.0,0.0,8000.0,12094175093.96,12094.1751
853.0,Agni_Class,MIDCOURSE,3085260.99,3085.261,1414616.09,1414.6161,1739.9516,6263.8257,1739.9516,1693.6414,-398.761,-0.0,-9.81,9.81,9.6664,0.0,0.0,0.0,0.0,0.0,0.0,8000.0,12109726238.48,12109.7262
853.5,Agni_Class,MIDCOURSE,3085059.16,3085.0592,1415462.91,1415.4629,1741.0823,6267.8962,1741.0823,1693.6414,-403.666,-0.0,-9.81,9.81,9.6727,0.0,0.0,0.0,0.0,0.0,0.0,8000.0,12125469855.2,12125.4699
854.0,Agni_Class,MIDCOURSE,3084854.87,3084.8549,1416309.73,1416.3097,1742.226,6272.0137,1742.226,1693.6414,-408.571,-0.0,-9.81,9.81,9.679,0.0,0.0,0.0,0.0,0.0,0.0,8000.0,12141405944.11,12141.4059
854.5,Agni_Class,MIDCOURSE,3084648.13,3084.6481,1417156.55,1417.1565,1743.3828,6276.1781,1743.3828,1693.6414,-413.476,-0.0,-9.81,9.81,9.6855,0.0,0.0,0.0,0.0,0.0,0.0,8000.0,12157534505.23,12157.5345
855.0,Agni_Class,MIDCOURSE,3084438.94,3084.4389,1418003.37,1418.0034,1744.5526,6280.3895,1744.5526,1693.6414,-418.381,-0.0,-9.81,9.81,9.692,0.0,0.0,0.0,0.0,0.0,0.0,8000.0,12173855538.55,12173.8555
855.5,Agni_Class,MIDCOURSE,3084227.3,3084.2273,1418850.19,1418.8502,1745.7354,6284.6476,1745.7354,1693.6414,-423.286,-0.0,-9.81,9.81,9.6985,0.0,0.0,0.0,0.0,0.0,0.0,8000.0,12190369044.07,12190.369
856.0,Agni_Class,MIDCOURSE,3084013.2,3084.0132,1419697.01,1419.697,1746.9312,6288.9525,1746.9312,1693.6414,-428.191,-0.0,-9.81,9.81,9.7052,0.0,0.0,0.0,0.0,0.0,0.0,8000.0,12207075021.78,12207.075
856.5,Agni_Class,MIDCOURSE,3083796.66,3083.7967,1420543.83,1420.5438,1748.14,6293.3039,1748.14,1693.6414,-433.096,-0.0,-9.81,9.81,9.7119,0.0,0.0,0.0,0.0,0.0,0.0,8000.0,12223973471.7,12223.9735
857.0,Agni_Class,MIDCOURSE,3083577.66,3083.5777,1421390.65,1421.3907,1749.3616,6297.7019,1749.3616,1693.6414,-438.001,-0.0,-9.81,9.81,9.7187,0.0,0.0,0.0,0.0,0.0,0.0,8000.0,12241064393.82,12241.0644
857.5,Agni_Class,MIDCOURSE,3083356.2,3083.3562,1422237.47,1422.2375,1750.5962,6302.1462,1750.5962,1693.6414,-442.906,-0.0,-9.81,9.81,9.7255,0.0,0.0,0.0,0.0,0.0,0.0,8000.0,12258347788.14,12258.3478
858.0,Agni_Class,MIDCOURSE,3083132.3,3083.1323,1423084.29,1423.0843,1751.8436,6306.6369,1751.8436,1693.6414,-447.811,-0.0,-9.81,9.81,9.7325,0.0,0.0,0.0,0.0,0.0,0.0,8000.0,12275823654.65,12275.8237
858.5,Agni_Class,MIDCOURSE,3082905.94,3082.9059,1423931.11,1423.9311,1753.1038,6311.1737,1753.1038,1693.6414,-452.716,-0.0,-9.81,9.81,9.7395,0.0,0.0,0.0,0.0,0.0,0.0,8000.0,12293491993.37,12293.492
859.0,Agni_Class,MIDCOURSE,3082677.13,3082.6771,1424777.93,1424.7779,1754.3769,6315.7567,1754.3769,1693.6414,-457.621,-0.0,-9.81,9.81,9.7465,0.0,0.0,0.0,0.0,0.0,0.0,8000.0,12311352804.29,12311.3528
859.5,Agni_Class,MIDCOURSE,3082445.87,3082.4459,1425624.76,1425.6248,1755.6627,6320.3857,1755.6627,1693.6414,-462.526,-0.0,-9.81,9.81,9.7537,0.0,0.0,0.0,0.0,0.0,0.0,8000.0,12329406087.41,12329.4061
860.0,Agni_Class,MIDCOURSE,3082212.15,3082.2122,1426471.58,1426.4716,1756.9613,6325.0606,1756.9613,1693.6414,-467.431,-0.0,-9.81,9.81,9.7609,0.0,0.0,0.0,0.0,0.0,0.0,8000.0,12347651842.72,12347.6518
860.5,Agni_Class,MIDCOURSE,3081975.98,3081.976,1427318.4,1427.3184,1758.2726,6329.7813,1758.2726,1693.6414,-472.336,-0.0,-9.81,9.81,9.7682,0.0,0.0,0.0,0.0,0.0,0.0,8000.0,12366090070.24,12366.0901
861.0,Agni_Class,MIDCOURSE,3081737.36,3081.7374,1428165.22,1428.1652,1759.5966,6334.5478,1759.5966,1693.6414,-477.241,-0.0,-9.81,9.81,9.7755,0.0,0.0,0.0,0.0,0.0,0.0,8000.0,12384720769.96,12384.7208
861.5,Agni_Class,MIDCOURSE,3081496.29,3081.4963,1429012.04,1429.012,1760.9333,6339.3598,1760.9333,1693.6414,-482.146,-0.0,-9.81,9.81,9.783,0.0,0.0,0.0,0.0,0.0,0.0,8000.0,12403543941.87,12403.5439
862.0,Agni_Class,MIDCOURSE,3081252.76,3081.2528,1429858.86,1429.8589,1762.2826,6344.2173,1762.2826,1693.6414,-487.051,-0.0,-9.81,9.81,9.7905,0.0,0.0,0.0,0.0,0.0,0.0,8000.0,12422559585.99,12422.5596
862.5,Agni_Class,MIDCOURSE,3081006.79,3081.0068,1430705.68,1430.7057,1763.6445,6349.1202,1763.6445,1693.6414,-491.956,-0.0,-9.81,9.81,9.798,0.0,0.0,0.0,0.0,0.0,0.0,8000.0,12441767702.31,12441.7677
863.0,Agni_Class,MIDCOURSE,3080758.36,3080.7584,1431552.5,1431.5525,1765.019,6354.0684,1765.019,1693.6414,-496.861,-0.0,-9.81,9.81,9.8057,0.0,0.0,0.0,0.0,0.0,0.0,8000.0,12461168290.83,12461.1683
863.5,Agni_Class,MIDCOURSE,3080507.47,3080.5075,1432399.32,1432.3993,1766.4061,6359.0618,1766.4061,1693.6414,-501.766,-0.0,-9.81,9.81,9.8134,0.0,0.0,0.0,0.0,0.0,0.0,8000.0,12480761351.54,12480.7614
864.0,Agni_Class,MIDCOURSE,3080254.14,3080.2541,1433246.14,1433.2461,1767.8056,6364.1002,1767.8056,1693.6414,-506.671,-0.0,-9.81,9.81,9.8211,0.0,0.0,0.0,0.0,0.0,0.0,8000.0,12500546884.46,12500.5469
864.5,Agni_Class,MIDCOURSE,3079998.35,3079.9983,1434092.96,1434.093,1769.2177,6369.1837,1769.2177,1693.6414,-511.576,-0.0,-9.81,9.81,9.829,0.0,0.0,0.0,0.0,0.0,0.0,8000.0,12520524889.58,12520.5249
865.0,Agni_Class,MIDCOURSE,3079740.11,3079.7401,1434939.78,1434.9398,1770.6422,6374.312,1770.6422,1693.6414,-516.481,-0.0,-9.81,9.81,9.8369,0.0,0.0,0.0,0.0,0.0,0.0,8000.0,12540695366.9,12540.6954
865.5,Agni_Class,MIDCOURSE,3079479.42,3079.4794,1435786.6,1435.7866,1772.0792,6379.485,1772.0792,1693.6414,-521.386,-0.0,-9.81,9.81,9.8449,0.0,0.0,0.0,0.0,0.0,0.0,8000.0,12561058316.41,12561.0583
866.0,Agni_Class,MIDCOURSE,3079216.27,3079.2163,1436633.42,1436.6334,1773.5285,6384.7027,1773.5285,1693.6414,-526.291,-0.0,-9.81,9.81,9.8529,0.0,0.0,0.0,0.0,0.0,0.0,8000.0,12581613738.13,12581.6137
866.5,Agni_Class,MIDCOURSE,3078950.67,3078.9507,1437480.25,1437.4802,1774.9903,6389.9649,1774.9903,1693.6414,-531.196,-0.0,-9.81,9.81,9.8611,0.0,0.0,0.0,0.0,0.0,0.0,8000.0,12602361632.05,12602.3616
867.0,Agni_Class,MIDCOURSE,3078682.62,3078.6826,1438327.07,1438.3271,1776.4643,6395.2716,1776.4643,1693.6414,-536.101,-0.0,-9.81,9.81,9.8692,0.0,0.0,0.0,0.0,0.0,0.0,8000.0,12623301998.17,12623.302
867.5,Agni_Class,MIDCOURSE,3078412.12,3078.4121,1439173.89,1439.1739,1777.9507,6400.6225,1777.9507,1693.6414,-541.006,-0.0,-9.81,9.81,9.8775,0.0,0.0,0.0,0.0,0.0,0.0,8000.0,12644434836.48,12644.4348
868.0,Agni_Class,MIDCOURSE,3078139.16,3078.1392,1440020.71,1440.0207,1779.4494,6406.0177,1779.4494,1693.6414,-545.911,-0.0,-9.81,9.81,9.8858,0.0,0.0,0.0,0.0,0.0,0.0,8000.0,12665760147.0,12665.7601
868.5,Agni_Class,MIDCOURSE,3077863.75,3077.8638,1440867.53,1440.8675,1780.9603,6411.457,1780.9603,1693.6414,-550.816,-0.0,-9.81,9.81,9.8942,0.0,0.0,0.0,0.0,0.0,0.0,8000.0,12687277929.72,12687.2779
869.0,Agni_Class,MIDCOURSE,3077585.89,3077.5859,1441714.35,1441.7143,1782.4834,6416.9402,1782.4834,1693.6414,-555.721,-0.0,-9.81,9.81,9.9027,0.0,0.0,0.0,0.0,0.0,0.0,8000.0,12708988184.64,12708.9882
869.5,Agni_Class,MIDCOURSE,3077305.58,3077.3056,1442561.17,1442.5612,1784.0187,6422.4673,1784.0187,1693.6414,-560.626,-0.0,-9.81,9.81,9.9112,0.0,0.0,0.0,0.0,0.0,0.0,8000.0,12730890911.75,12730.8909
870.0,Agni_Class,MIDCOURSE,3077022.82,3077.0228,1443407.99,1443.408,1785.5662,6428.0382,1785.5662,1693.6414,-565.531,-0.0,-9.81,9.81,9.9198,0.0,0.0,0.0,0.0,0.0,0.0,8000.0,12752986111.07,12752.9861
870.5,Agni_Class,MIDCOURSE,3076737.6,3076.7376,1444254.81,1444.2548,1787.1257,6433.6527,1787.1257,1693.6414,-570.436,-0.0,-9.81,9.81,9.9285,0.0,0.0,0.0,0.0,0.0,0.0,8000.0,12775273782.59,12775.2738
871.0,Agni_Class,MIDCOURSE,3076449.93,3076.4499,1445101.63,1445.1016,1788.6974,6439.3107,1788.6974,1693.6414,-575.341,-0.0,-9.81,9.81,9.9372,0.0,0.0,0.0,0.0,0.0,0.0,8000.0,12797753926.3,12797.7539
871.5,Agni_Class,MIDCOURSE,3076159.8,3076.1598,1445948.45,1445.9485,1790.2812,6445.0122,1790.2812,1693.6414,-580.246,-0.0,-9.81,9.81,9.946,0.0,0.0,0.0,0.0,0.0,0.0,8000.0,12820426542.22,12820.4265
872.0,Agni_Class,MIDCOURSE,3075867.23,3075.8672,1446795.27,1446.7953,1791.8769,6450.7569,1791.8769,1693.6414,-585.151,-0.0,-9.81,9.81,9.9549,0.0,0.0,0.0,0.0,0.0,0.0,8000.0,12843291630.34,12843.2916
872.5,Agni_Class,MIDCOURSE,3075572.2,3075.5722,1447642.09,1447.6421,1793.4847,6456.5448,1793.4847,1693.6414,-590.056,-0.0,-9.81,9.81,9.9638,0.0,0.0,0.0,0.0,0.0,0.0,8000.0,12866349190.66,12866.3492
873.0,Agni_Class,MIDCOURSE,3075274.72,3075.2747,1448488.91,1448.4889,1795.1044,6462.3758,1795.1044,1693.6414,-594.961,-0.0,-9.81,9.81,9.9728,0.0,0.0,0.0,0.0,0.0,0.0,8000.0,12889599223.17,12889.5992
873.5,Agni_Class,MIDCOURSE,3074974.79,3074.9748,1449335.74,1449.3357,1796.736,6468.2498,1796.736,1693.6414,-599.866,-0.0,-9.81,9.81,9.9819,0.0,0.0,0.0,0.0,0.0,0.0,8000.0,12913041727.89,12913.0417
874.0,Agni_Class,MIDCOURSE,3074672.4,3074.6724,1450182.56,1450.1826,1798.3796,6474.1666,1798.3796,1693.6414,-604.771,-0.0,-9.81,9.81,9.991,0.0,0.0,0.0,0.0,0.0,0.0,8000.0,12936676704.81,12936.6767
874.5,Agni_Class,MIDCOURSE,3074367.56,3074.3676,1451029.38,1451.0294,1800.035,6480.126,1800.035,1693.6414,-609.676,-0.0,-9.81,9.81,10.0002,0.0,0.0,0.0,0.0,0.0,0.0,8000.0,12960504153.93,12960.5042
875.0,Agni_Class,MIDCOURSE,3074060.27,3074.0603,1451876.2,1451.8762,1801.7023,6486.1281,1801.7023,1693.6414,-614.581,-0.0,-9.81,9.81,10.0095,0.0,0.0,0.0,0.0,0.0,0.0,8000.0,12984524075.24,12984.5241
875.5,Agni_Class,MIDCOURSE,3073750.53,3073.7505,1452723.02,1452.723,1803.3813,6492.1727,1803.3813,1693.6414,-619.486,-0.0,-9.81,9.81,10.0188,0.0,0.0,0.0,0.0,0.0,0.0,8000.0,13008736468.76,13008.7365
876.0,Agni_Class,MIDCOURSE,3073438.33,3073.4383,1453569.84,1453.5698,1805.0721,6498.2596,1805.0721,1693.6414,-624.391,-0.0,-9.81,9.81,10.0282,0.0,0.0,0.0,0.0,0.0,0.0,8000.0,13033141334.48,13033.1413
876.5,Agni_Class,MIDCOURSE,3073123.69,3073.1237,1454416.66,1454.4167,1806.7747,6504.3888,1806.7747,1693.6414,-629.296,-0.0,-9.81,9.81,10.0376,0.0,0.0,0.0,0.0,0.0,0.0,8000.0,13057738672.4,13057.7387
877.0,Agni_Class,MIDCOURSE,3072806.59,3072.8066,1455263.48,1455.2635,1808.4889,6510.5601,1808.4889,1693.6414,-634.201,-0.0,-9.81,9.81,10.0472,0.0,0.0,0.0,0.0,0.0,0.0,8000.0,13082528482.51,13082.5285
877.5,Agni_Class,MIDCOURSE,3072487.03,3072.487,1456110.3,1456.1103,1810.2148,6516.7733,1810.2148,1693.6414,-639.106,-0.0,-9.81,9.81,10.0567,0.0,0.0,0.0,0.0,0.0,0.0,8000.0,13107510764.83,13107.5108
878.0,Agni_Class,MIDCOURSE,3072165.03,3072.165,1456957.12,1456.9571,1811.9524,6523.0285,1811.9524,1693.6414,-644.011,-0.0,-9.81,9.81,10.0664,0.0,0.0,0.0,0.0,0.0,0.0,8000.0,13132685519.35,13132.6855
878.5,Agni_Class,MIDCOURSE,3071840.57,3071.8406,1457803.94,1457.8039,1813.7015,6529.3255,1813.7015,1693.6414,-648.916,-0.0,-9.81,9.81,10.0761,0.0,0.0,0.0,0.0,0.0,0.0,8000.0,13158052746.07,13158.0527
879.0,Agni_Class,MIDCOURSE,3071513.66,3071.5137,1458650.76,1458.6508,1815.4622,6535.664,1815.4622,1693.6414,-653.821,-0.0,-9.81,9.81,10.0859,0.0,0.0,0.0,0.0,0.0,0.0,8000.0,13183612444.98,13183.6124
879.5,Agni_Class,MIDCOURSE,3071184.3,3071.1843,1459497.58,1459.4976,1817.2345,6542.0441,1817.2345,1693.6414,-658.726,-0.0,-9.81,9.81,10.0957,0.0,0.0,0.0,0.0,0.0,0.0,8000.0,13209364616.1,13209.3646
880.0,Agni_Class,MIDCOURSE,3070852.48,3070.8525,1460344.4,1460.3444,1819.0182,6548.4656,1819.0182,1693.6414,-663.631,-0.0,-9.81,9.81,10.1057,0.0,0.0,0.0,0.0,0.0,0.0,8000.0,13235309259.42,13235.3093
880.5,Agni_Class,MIDCOURSE,3070518.21,3070.5182,1461191.23,1461.1912,1820.8134,6554.9284,1820.8134,1693.6414,-668.536,-0.0,-9.81,9.81,10.1156,0.0,0.0,0.0,0.0,0.0,0.0,8000.0,13261446374.93,13261.4464
881.0,Agni_Class,MIDCOURSE,3070181.49,3070.1815,1462038.05,1462.038,1822.6201,6561.4323,1822.6201,1693.6414,-673.441,-0.0,-9.81,9.81,10.1257,0.0,0.0,0.0,0.0,0.0,0.0,8000.0,13287775962.65,13287.776
881.5,Agni_Class,MIDCOURSE,3069842.32,3069.8423,1462884.87,1462.8849,1824.4381,6567.9773,1824.4381,1693.6414,-678.346,-0.0,-9.81,9.81,10.1358,0.0,0.0,0.0,0.0,0.0,0.0,8000.0,13314298022.57,13314.298
882.0,Agni_Class,MIDCOURSE,3069500.69,3069.5007,1463731.69,1463.7317,1826.2675,6574.5632,1826.2675,1693.6414,-683.251,-0.0,-9.81,9.81,10.1459,0.0,0.0,0.0,0.0,0.0,0.0,8000.0,13341012554.69,13341.0126
882.5,Agni_Class,MIDCOURSE,3069156.62,3069.1566,1464578.51,1464.5785,1828.1083,6581.1898,1828.1083,1693.6414,-688.156,-0.0,-9.81,9.81,10.1562,0.0,0.0,0.0,0.0,0.0,0.0,8000.0,13367919559.0,13367.9196
883.0,Agni_Class,MIDCOURSE,3068810.09,3068.8101,1465425.33,1465.4253,1829.9603,6587.8571,1829.9603,1693.6414,-693.061,-0.0,-9.81,9.81,10.1664,0.0,0.0,0.0,0.0,0.0,0.0,8000.0,13395019035.52,13395.019
883.5,Agni_Class,MIDCOURSE,3068461.1,3068.4611,1466272.15,1466.2721,1831.8236,6594.565,1831.8236,1693.6414,-697.966,-0.0,-9.81,9.81,10.1768,0.0,0.0,0.0,0.0,0.0,0.0,8000.0,13422310984.24,13422.311
884.0,Agni_Class,MIDCOURSE,3068109.67,3068.1097,1467118.97,1467.119,1833.6981,6601.3133,1833.6981,1693.6414,-702.871,-0.0,-9.81,9.81,10.1872,0.0,0.0,0.0,0.0,0.0,0.0,8000.0,13449795405.16,13449.7954
884.5,Agni_Class,MIDCOURSE,3067755.78,3067.7558,1467965.79,1467.9658,1835.5839,6608.1019,1835.5839,1693.6414,-707.776,-0.0,-9.81,9.81,10.1977,0.0,0.0,0.0,0.0,0.0,0.0,8000.0,13477472298.27,13477.4723
885.0,Agni_Class,MIDCOURSE,3067399.44,3067.3994,1468812.61,1468.8126,1837.4807,6614.9306,1837.4807,1693.6414,-712.681,-0.0,-9.81,9.81,10.2082,0.0,0.0,0.0,0.0,0.0,0.0,8000.0,13505341663.59,13505.3417
885.5,Agni_Class,MIDCOURSE,3067040.65,3067.0406,1469659.43,1469.6594,1839.3887,6621.7994,1839.3887,1693.6414,-717.586,-0.0,-9.81,9.81,10.2188,0.0,0.0,0.0,0.0,0.0,0.0,8000.0,13533403501.11,13533.4035
886.0,Agni_Class,MIDCOURSE,3066679.4,3066.6794,1470506.25,1470.5063,1841.3078,6628.7081,1841.3078,1693.6414,-722.491,-0.0,-9.81,9.81,10.2295,0.0,0.0,0.0,0.0,0.0,0.0,8000.0,13561657810.83,13561.6578
886.5,Agni_Class,MIDCOURSE,3066315.7,3066.3157,1471353.07,1471.3531,1843.238,6635.6566,1843.238,1693.6414,-727.396,-0.0,-9.81,9.81,10.2402,0.0,0.0,0.0,0.0,0.0,0.0,8000.0,13590104592.74,13590.1046
887.0,Agni_Class,MIDCOURSE,3065949.55,3065.9496,1472199.89,1472.1999,1845.1791,6642.6448,1845.1791,1693.6414,-732.301,-0.0,-9.81,9.81,10.251,0.0,0.0,0.0,0.0,0.0,0.0,8000.0,13618743846.86,13618.7438
887.5,Agni_Class,MIDCOURSE,3065580.95,3065.5809,1473046.72,1473.0467,1847.1313,6649.6725,1847.1313,1693.6414,-737.206,-0.0,-9.81,9.81,10.2618,0.0,0.0,0.0,0.0,0.0,0.0,8000.0,13647575573.18,13647.5756
888.0,Agni_Class,MIDCOURSE,3065209.89,3065.2099,1473893.54,1473.8935,1849.0944,6656.7397,1849.0944,1693.6414,-742.111,-0.0,-9.81,9.81,10.2727,0.0,0.0,0.0,0.0,0.0,0.0,8000.0,13676599771.7,13676.5998
888.5,Agni_Class,MIDCOURSE,3064836.39,3064.8364,1474740.36,1474.7404,1851.0684,6663.8461,1851.0684,1693.6414,-747.016,-0.0,-9.81,9.81,10.2837,0.0,0.0,0.0,0.0,0.0,0.0,8000.0,13705816442.41,13705.8164
889.0,Agni_Class,MIDCOURSE,3064460.42,3064.4604,1475587.18,1475.5872,1853.0533,6670.9917,1853.0533,1693.6414,-751.921,-0.0,-9.81,9.81,10.2947,0.0,0.0,0.0,0.0,0.0,0.0,8000.0,13735225585.33,13735.2256
889.5,Agni_Class,MIDCOURSE,3064082.01,3064.082,1476434.0,1476.434,1855.049,6678.1764,1855.049,1693.6414,-756.826,-0.0,-9.81,9.81,10.3058,0.0,0.0,0.0,0.0,0.0,0.0,8000.0,13764827200.45,13764.8272
890.0,Agni_Class,MIDCOURSE,3063701.15,3063.7011,1477280.82,1477.2808,1857.0556,6685.4,1857.0556,1693.6414,-761.731,-0.0,-9.81,9.81,10.317,0.0,0.0,0.0,0.0,0.0,0.0,8000.0,13794621287.77,13794.6213
890.5,Agni_Class,MIDCOURSE,3063317.83,3063.3178,1478127.64,1478.1276,1859.0729,6692.6624,1859.0729,1693.6414,-766.636,-0.0,-9.81,9.81,10.3282,0.0,0.0,0.0,0.0,0.0,0.0,8000.0,13824607847.28,13824.6078
891.0,Agni_Class,MIDCOURSE,3062932.06,3062.9321,1478974.46,1478.9745,1861.1009,6699.9634,1861.1009,1693.6414,-771.541,-0.0,-9.81,9.81,10.3394,0.0,0.0,0.0,0.0,0.0,0.0,8000.0,13854786879.0,13854.7869
891.5,Agni_Class,MIDCOURSE,3062543.83,3062.5438,1479821.28,1479.8213,1863.1397,6707.303,1863.1397,1693.6414,-776.446,-0.0,-9.81,9.81,10.3508,0.0,0.0,0.0,0.0,0.0,0.0,8000.0,13885158382.92,13885.1584
892.0,Agni_Class,MIDCOURSE,3062153.16,3062.1532,1480668.1,1480.6681,1865.1892,6714.681,1865.1892,1693.6414,-781.351,-0.0,-9.81,9.81,10.3622,0.0,0.0,0.0,0.0,0.0,0.0,8000.0,13915722359.03,13915.7224
892.5,Agni_Class,MIDCOURSE,3061760.03,3061.76,1481514.92,1481.5149,1867.2492,6722.0972,1867.2492,1693.6414,-786.256,-0.0,-9.81,9.81,10.3736,0.0,0.0,0.0,0.0,0.0,0.0,8000.0,13946478807.35,13946.4788
893.0,Agni_Class,MIDCOURSE,3061364.45,3061.3645,1482361.74,1482.3617,1869.3199,6729.5517,1869.3199,1693.6414,-791.161,-0.0,-9.81,9.81,10.3851,0.0,0.0,0.0,0.0,0.0,0.0,8000.0,13977427727.87,13977.4277
893.5,Agni_Class,MIDCOURSE,3060966.42,3060.9664,1483208.56,1483.2086,1871.4012,6737.0442,1871.4012,1693.6414,-796.066,-0.0,-9.81,9.81,10.3967,0.0,0.0,0.0,0.0,0.0,0.0,8000.0,14008569120.59,14008.5691
894.0,Agni_Class,MIDCOURSE,3060565.93,3060.5659,1484055.38,1484.0554,1873.4929,6744.5745,1873.4929,1693.6414,-800.971,-0.0,-9.81,9.81,10.4083,0.0,0.0,0.0,0.0,0.0,0.0,8000.0,14039902985.5,14039.903
894.5,Agni_Class,MIDCOURSE,3060162.99,3060.163,1484902.21,1484.9022,1875.5952,6752.1427,1875.5952,1693.6414,-805.876,-0.0,-9.81,9.81,10.42,0.0,0.0,0.0,0.0,0.0,0.0,8000.0,14071429322.62,14071.4293
895.0,Agni_Class,MIDCOURSE,3059757.6,3059.7576,1485749.03,1485.749,1877.7079,6759.7485,1877.7079,1693.6414,-810.781,-0.0,-9.81,9.81,10.4317,0.0,0.0,0.0,0.0,0.0,0.0,8000.0,14103148131.94,14103.1481
895.5,Agni_Class,MIDCOURSE,3059349.76,3059.3498,1486595.85,1486.5958,1879.8311,6767.3919,1879.8311,1693.6414,-815.686,-0.0,-9.81,9.81,10.4435,0.0,0.0,0.0,0.0,0.0,0.0,8000.0,14135059413.46,14135.0594
896.0,Agni_Class,MIDCOURSE,3058939.47,3058.9395,1487442.67,1487.4427,1881.9646,6775.0726,1881.9646,1693.6414,-820.591,-0.0,-9.81,9.81,10.4554,0.0,0.0,0.0,0.0,0.0,0.0,8000.0,14167163167.17,14167.1632
896.5,Agni_Class,MIDCOURSE,3058526.72,3058.5267,1488289.49,1488.2895,1884.1085,6782.7906,1884.1085,1693.6414,-825.496,-0.0,-9.81,9.81,10.4673,0.0,0.0,0.0,0.0,0.0,0.0,8000.0,14199459393.09,14199.4594
897.0,Agni_Class,MIDCOURSE,3058111.52,3058.1115,1489136.31,1489.1363,1886.2627,6790.5458,1886.2627,1693.6414,-830.401,-0.0,-9.81,9.81,10.4792,0.0,0.0,0.0,0.0,0.0,0.0,8000.0,14231948091.21,14231.9481
897.5,Agni_Class,MIDCOURSE,3057693.86,3057.6939,1489983.13,1489.9831,1888.4272,6798.3379,1888.4272,1693.6414,-835.306,-0.0,-9.81,9.81,10.4913,0.0,0.0,0.0,0.0,0.0,0.0,8000.0,14264629261.53,14264.6293
898.0,Agni_Class,MIDCOURSE,3057273.76,3057.2738,1490829.95,1490.83,1890.6019,6806.167,1890.6019,1693.6414,-840.211,-0.0,-9.81,9.81,10.5033,0.0,0.0,0.0,0.0,0.0,0.0,8000.0,14297502904.04,14297.5029
898.5,Agni_Class,MIDCOURSE,3056851.2,3056.8512,1491676.77,1491.6768,1892.7869,6814.0328,1892.7869,1693.6414,-845.116,-0.0,-9.81,9.81,10.5155,0.0,0.0,0.0,0.0,0.0,0.0,8000.0,14330569018.76,14330.569
899.0,Agni_Class,MIDCOURSE,3056426.19,3056.4262,1492523.59,1492.5236,1894.982,6821.9353,1894.982,1693.6414,-850.021,-0.0,-9.81,9.81,10.5277,0.0,0.0,0.0,0.0,0.0,0.0,8000.0,14363827605.68,14363.8276
899.5,Agni_Class,MIDCOURSE,3055998.73,3055.9987,1493370.41,1493.3704,1897.1873,6829.8743,1897.1873,1693.6414,-854.926,-0.0,-9.81,9.81,10.5399,0.0,0.0,0.0,0.0,0.0,0.0,8000.0,14397278664.8,14397.2787
900.0,Agni_Class,MIDCOURSE,3055568.81,3055.5688,1494217.23,1494.2172,1899.4027,6837.8497,1899.4027,1693.6414,-859.831,-0.0,-9.81,9.81,10.5522,0.0,0.0,0.0,0.0,0.0,0.0,8000.0,14430922196.11,14430.9222
900.5,Agni_Class,MIDCOURSE,3055136.44,3055.1364,1495064.05,1495.0641,1901.6281,6845.8613,1901.6281,1693.6414,-864.736,-0.0,-9.81,9.81,10.5646,0.0,0.0,0.0,0.0,0.0,0.0,8000.0,14464758199.63,14464.7582
901.0,Agni_Class,MIDCOURSE,3054701.62,3054.7016,1495910.87,1495.9109,1903.8636,6853.909,1903.8636,1693.6414,-869.641,-0.0,-9.81,9.81,10.577,0.0,0.0,0.0,0.0,0.0,0.0,8000.0,14498786675.35,14498.7867
901.5,Agni_Class,MIDCOURSE,3054264.35,3054.2644,1496757.69,1496.7577,1906.1091,6861.9928,1906.1091,1693.6414,-874.546,-0.0,-9.81,9.81,10.5895,0.0,0.0,0.0,0.0,0.0,0.0,8000.0,14533007623.26,14533.0076
902.0,Agni_Class,MIDCOURSE,3053824.62,3053.8246,1497604.52,1497.6045,1908.3646,6870.1124,1908.3646,1693.6414,-879.451,-0.0,-9.81,9.81,10.602,0.0,0.0,0.0,0.0,0.0,0.0,8000.0,14567421043.38,14567.421
902.5,Agni_Class,MIDCOURSE,3053382.45,3053.3824,1498451.34,1498.4513,1910.6299,6878.2678,1910.6299,1693.6414,-884.356,-0.0,-9.81,9.81,10.6146,0.0,0.0,0.0,0.0,0.0,0.0,8000.0,14602026935.7,14602.0269
903.0,Agni_Class,MIDCOURSE,3052937.82,3052.9378,1499298.16,1499.2982,1912.9052,6886.4587,1912.9052,1693.6414,-889.261,-0.0,-9.81,9.81,10.6273,0.0,0.0,0.0,0.0,0.0,0.0,8000.0,14636825300.22,14636.8253
903.5,Agni_Class,MIDCOURSE,3052490.73,3052.4907,1500144.98,1500.145,1915.1903,6894.6852,1915.1903,1693.6414,-894.166,-0.0,-9.81,9.81,10.6399,0.0,0.0,0.0,0.0,0.0,0.0,8000.0,14671816136.93,14671.8161
904.0,Agni_Class,MIDCOURSE,3052041.2,3052.0412,1500991.8,1500.9918,1917.4853,6902.9471,1917.4853,1693.6414,-899.071,-0.0,-9.81,9.81,10.6527,0.0,0.0,0.0,0.0,0.0,0.0,8000.0,14706999445.85,14706.9994
904.5,Agni_Class,MIDCOURSE,3051589.21,3051.5892,1501838.62,1501.8386,1919.79,6911.2442,1919.79,1693.6414,-903.976,-0.0,-9.81,9.81,10.6655,0.0,0.0,0.0,0.0,0.0,0.0,8000.0,14742375226.97,14742.3752
905.0,Agni_Class,MIDCOURSE,3051134.77,3051.1348,1502685.44,1502.6854,1922.1045,6919.5764,1922.1045,1693.6414,-908.881,-0.0,-9.81,9.81,10.6784,0.0,0.0,0.0,0.0,0.0,0.0,8000.0,14777943480.29,14777.9435
905.5,Agni_Class,MIDCOURSE,3050677.88,3050.6779,1503532.26,1503.5323,1924.4288,6927.9435,1924.4288,1693.6414,-913.786,-0.0,-9.81,9.81,10.6913,0.0,0.0,0.0,0.0,0.0,0.0,8000.0,14813704205.8,14813.7042
906.0,Agni_Class,MIDCOURSE,3050218.53,3050.2185,1504379.08,1504.3791,1926.7627,6936.3456,1926.7627,1693.6414,-918.691,-0.0,-9.81,9.81,10.7042,0.0,0.0,0.0,0.0,0.0,0.0,8000.0,14849657403.52,14849.6574
906.5,Agni_Class,MIDCOURSE,3049756.73,3049.7567,1505225.9,1505.2259,1929.1062,6944.7824,1929.1062,1693.6414,-923.596,-0.0,-9.81,9.81,10.7173,0.0,0.0,0.0,0.0,0.0,0.0,8000.0,14885803073.44,14885.8031
907.0,Agni_Class,MIDCOURSE,3049292.48,3049.2925,1506072.72,1506.0727,1931.4594,6953.2537,1931.4594,1693.6414,-928.501,-0.0,-9.81,9.81,10.7303,0.0,0.0,0.0,0.0,0.0,0.0,8000.0,14922141215.56,14922.1412
907.5,Agni_Class,MIDCOURSE,3048825.78,3048.8258,1506919.54,1506.9195,1933.8221,6961.7596,1933.8221,1693.6414,-933.406,-0.0,-9.81,9.81,10.7435,0.0,0.0,0.0,0.0,0.0,0.0,8000.0,14958671829.87,14958.6718
908.0,Agni_Class,MIDCOURSE,3048356.62,3048.3566,1507766.36,1507.7664,1936.1944,6970.2998,1936.1944,1693.6414,-938.311,-0.0,-9.81,9.81,10.7566,0.0,0.0,0.0,0.0,0.0,0.0,8000.0,14995394916.39,14995.3949
908.5,Agni_Class,MIDCOURSE,3047885.02,3047.885,1508613.18,1508.6132,1938.5762,6978.8743,1938.5762,1693.6414,-943.216,-0.0,-9.81,9.81,10.7699,0.0,0.0,0.0,0.0,0.0,0.0,8000.0,15032310475.11,15032.3105
909.0,Agni_Class,MIDCOURSE,3047410.96,3047.411,1509460.01,1509.46,1940.9674,6987.4828,1940.9674,1693.6414,-948.121,-0.0,-9.81,9.81,10.7832,0.0,0.0,0.0,0.0,0.0,0.0,8000.0,15069418506.03,15069.4185
909.5,Agni_Class,MIDCOURSE,3046934.44,3046.9344,1510306.83,1510.3068,1943.3681,6996.1253,1943.3681,1693.6414,-953.026,-0.0,-9.81,9.81,10.7965,0.0,0.0,0.0,0.0,0.0,0.0,8000.0,15106719009.14,15106.719
910.0,Agni_Class,MIDCOURSE,3046455.48,3046.4555,1511153.65,1511.1536,1945.7782,7004.8017,1945.7782,1693.6414,-957.931,-0.0,-9.81,9.81,10.8099,0.0,0.0,0.0,0.0,0.0,0.0,8000.0,15144211984.46,15144.212
910.5,Agni_Class,MIDCOURSE,3045974.06,3045.9741,1512000.47,1512.0005,1948.1977,7013.5118,1948.1977,1693.6414,-962.836,-0.0,-9.81,9.81,10.8233,0.0,0.0,0.0,0.0,0.0,0.0,8000.0,15181897431.98,15181.8974
911.0,Agni_Class,MIDCOURSE,3045490.19,3045.4902,1512847.29,1512.8473,1950.6265,7022.2555,1950.6265,1693.6414,-967.741,-0.0,-9.81,9.81,10.8368,0.0,0.0,0.0,0.0,0.0,0.0,8000.0,15219775351.69,15219.7754
911.5,Agni_Class,MIDCOURSE,3045003.87,3045.0039,1513694.11,1513.6941,1953.0646,7031.0327,1953.0646,1693.6414,-972.646,-0.0,-9.81,9.81,10.8504,0.0,0.0,0.0,0.0,0.0,0.0,8000.0,15257845743.61,15257.8457
912.0,Agni_Class,MIDCOURSE,3044515.09,3044.5151,1514540.93,1514.5409,1955.512,7039.8432,1955.512,1693.6414,-977.551,-0.0,-9.81,9.81,10.864,0.0,0.0,0.0,0.0,0.0,0.0,8000.0,15296108607.73,15296.1086
912.5,Agni_Class,MIDCOURSE,3044023.86,3044.0239,1515387.75,1515.3878,1957.9686,7048.6869,1957.9686,1693.6414,-982.456,-0.0,-9.81,9.81,10.8776,0.0,0.0,0.0,0.0,0.0,0.0,8000.0,15334563944.05,15334.5639
913.0,Agni_Class,MIDCOURSE,3043530.18,3043.5302,1516234.57,1516.2346,1960.4344,7057.5637,1960.4344,1693.6414,-987.361,-0.0,-9.81,9.81,10.8913,0.0,0.0,0.0,0.0,0.0,0.0,8000.0,15373211752.56,15373.2118
913.5,Agni_Class,MIDCOURSE,3043034.05,3043.034,1517081.39,1517.0814,1962.9093,7066.4736,1962.9093,1693.6414,-992.266,-0.0,-9.81,9.81,10.9051,0.0,0.0,0.0,0.0,0.0,0.0,8000.0,15412052033.28,15412.052
914.0,Agni_Class,MIDCOURSE,3042535.46,3042.5355,1517928.21,1517.9282,1965.3934,7075.4162,1965.3934,1693.6414,-997.171,-0.0,-9.81,9.81,10.9189,0.0,0.0,0.0,0.0,0.0,0.0,8000.0,15451084786.2,15451.0848
914.5,Agni_Class,MIDCOURSE,3042034.42,3042.0344,1518775.03,1518.775,1967.8866,7084.3916,1967.8866,1693.6414,-1002.076,-0.0,-9.81,9.81,10.9327,0.0,0.0,0.0,0.0,0.0,0.0,8000.0,15490310011.32,15490.31
915.0,Agni_Class,MIDCOURSE,3041530.93,3041.5309,1519621.85,1519.6219,1970.3888,7093.3996,1970.3888,1693.6414,-1006.981,-0.0,-9.81,9.81,10.9466,0.0,0.0,0.0,0.0,0.0,0.0,8000.0,15529727708.63,15529.7277
915.5,Agni_Class,MIDCOURSE,3041024.99,3041.025,1520468.67,1520.4687,1972.9,7102.4401,1972.9,1693.6414,-1011.886,-0.0,-9.81,9.81,10.9606,0.0,0.0,0.0,0.0,0.0,0.0,8000.0,15569337878.15,15569.3379
916.0,Agni_Class,MIDCOURSE,3040516.6,3040.5166,1521315.5,1521.3155,1975.4202,7111.5129,1975.4202,1693.6414,-1016.791,-0.0,-9.81,9.81,10.9746,0.0,0.0,0.0,0.0,0.0,0.0,8000.0,15609140519.87,15609.1405
916.5,Agni_Class,MIDCOURSE,3040005.75,3040.0057,1522162.32,1522.1623,1977.9494,7120.6179,1977.9494,1693.6414,-1021.696,-0.0,-9.81,9.81,10.9886,0.0,0.0,0.0,0.0,0.0,0.0,8000.0,15649135633.79,15649.1356
917.0,Agni_Class,MIDCOURSE,3039492.45,3039.4924,1523009.14,1523.0091,1980.4875,7129.7551,1980.4875,1693.6414,-1026.601,-0.0,-9.81,9.81,11.0027,0.0,0.0,0.0,0.0,0.0,0.0,8000.0,15689323219.9,15689.3232
917.5,Agni_Class,MIDCOURSE,3038976.69,3038.9767,1523855.96,1523.856,1983.0345,7138.9242,1983.0345,1693.6414,-1031.506,-0.0,-9.81,9.81,11.0169,0.0,0.0,0.0,0.0,0.0,0.0,8000.0,15729703278.22,15729.7033
918.0,Agni_Class,MIDCOURSE,3038458.49,3038.4585,1524702.78,1524.7028,1985.5903,7148.1252,1985.5903,1693.6414,-1036.411,-0.0,-9.81,9.81,11.0311,0.0,0.0,0.0,0.0,0.0,0.0,8000.0,15770275808.74,15770.2758
918.5,Agni_Class,MIDCOURSE,3037937.83,3037.9378,1525549.6,1525.5496,1988.155,7157.3579,1988.155,1693.6414,-1041.316,-0.0,-9.81,9.81,11.0453,0.0,0.0,0.0,0.0,0.0,0.0,8000.0,15811040811.46,15811.0408
919.0,Agni_Class,MIDCOURSE,3037414.72,3037.4147,1526396.42,1526.3964,1990.7284,7166.6222,1990.7284,1693.6414,-1046.221,-0.0,-9.81,9.81,11.0596,0.0,0.0,0.0,0.0,0.0,0.0,8000.0,15851998286.37,15851.9983
919.5,Agni_Class,MIDCOURSE,3036889.16,3036.8892,1527243.24,1527.2432,1993.3106,7175.9181,1993.3106,1693.6414,-1051.126,-0.0,-9.81,9.81,11.0739,0.0,0.0,0.0,0.0,0.0,0.0,8000.0,15893148233.49,15893.1482
920.0,Agni_Class,MIDCOURSE,3036361.14,3036.3611,1528090.06,1528.0901,1995.9015,7185.2453,1995.9015,1693.6414,-1056.031,-0.0,-9.81,9.81,11.0883,0.0,0.0,0.0,0.0,0.0,0.0,8000.0,15934490652.81,15934.4907
920.5,Agni_Class,MIDCOURSE,3035830.67,3035.8307,1528936.88,1528.9369,1998.501,7194.6037,1998.501,1693.6414,-1060.936,-0.0,-9.81,9.81,11.1028,0.0,0.0,0.0,0.0,0.0,0.0,8000.0,15976025544.32,15976.0255
921.0,Agni_Class,MIDCOURSE,3035297.75,3035.2978,1529783.7,1529.7837,2001.1092,7203.9933,2001.1092,1693.6414,-1065.841,-0.0,-9.81,9.81,11.1173,0.0,0.0,0.0,0.0,0.0,0.0,8000.0,16017752908.04,16017.7529
921.5,Agni_Class,MIDCOURSE,3034762.38,3034.7624,1530630.52,1530.6305,2003.7261,7213.4139,2003.7261,1693.6414,-1070.746,-0.0,-9.81,9.81,11.1318,0.0,0.0,0.0,0.0,0.0,0.0,8000.0,16059672743.96,16059.6727
922.0,Agni_Class,MIDCOURSE,3034224.56,3034.2246,1531477.34,1531.4773,2006.3515,7222.8653,2006.3515,1693.6414,-1075.651,-0.0,-9.81,9.81,11.1464,0.0,0.0,0.0,0.0,0.0,0.0,8000.0,16101785052.08,16101.7851
922.5,Agni_Class,MIDCOURSE,3033684.28,3033.6843,1532324.16,1532.3242,2008.9854,7232.3475,2008.9854,1693.6414,-1080.556,-0.0,-9.81,9.81,11.161,0.0,0.0,0.0,0.0,0.0,0.0,8000.0,16144089832.39,16144.0898
923.0,Agni_Class,MIDCOURSE,3033141.55,3033.1415,1533170.99,1533.171,2011.6279,7241.8604,2011.6279,1693.6414,-1085.461,-0.0,-9.81,9.81,11.1757,0.0,0.0,0.0,0.0,0.0,0.0,8000.0,16186587084.91,16186.5871
923.5,Agni_Class,MIDCOURSE,3032596.36,3032.5964,1534017.81,1534.0178,2014.2788,7251.4038,2014.2788,1693.6414,-1090.366,-0.0,-9.81,9.81,11.1904,0.0,0.0,0.0,0.0,0.0,0.0,8000.0,16229276809.63,16229.2768
924.0,Agni_Class,MIDCOURSE,3032048.73,3032.0487,1534864.63,1534.8646,2016.9382,7260.9776,2016.9382,1693.6414,-1095.271,-0.0,-9.81,9.81,11.2052,0.0,0.0,0.0,0.0,0.0,0.0,8000.0,16272159006.55,16272.159
924.5,Agni_Class,MIDCOURSE,3031498.64,3031.4986,1535711.45,1535.7114,2019.606,7270.5816,2019.606,1693.6414,-1100.176,-0.0,-9.81,9.81,11.22,0.0,0.0,0.0,0.0,0.0,0.0,8000.0,16315233675.66,16315.2337
925.0,Agni_Class,MIDCOURSE,3030946.1,3030.9461,1536558.27,1536.5583,2022.2822,7280.2158,2022.2822,1693.6414,-1105.081,-0.0,-9.81,9.81,11.2349,0.0,0.0,0.0,0.0,0.0,0.0,8000.0,16358500816.98,16358.5008
925.5,Agni_Class,MIDCOURSE,3030391.11,3030.3911,1537405.09,1537.4051,2024.9667,7289.8801,2024.9667,1693.6414,-1109.986,-0.0,-9.81,9.81,11.2498,0.0,0.0,0.0,0.0,0.0,0.0,8000.0,16401960430.5,16401.9604
926.0,Agni_Class,MIDCOURSE,3029833.66,3029.8337,1538251.91,1538.2519,2027.6595,7299.5743,2027.6595,1693.6414,-1114.891,-0.0,-9.81,9.81,11.2648,0.0,0.0,0.0,0.0,0.0,0.0,8000.0,16445612516.22,16445.6125
926.5,Agni_Class,MIDCOURSE,3029273.76,3029.2738,1539098.73,1539.0987,2030.3606,7309.2983,2030.3606,1693.6414,-1119.796,-0.0,-9.81,9.81,11.2798,0.0,0.0,0.0,0.0,0.0,0.0,8000.0,16489457074.13,16489.4571
927.0,Agni_Class,MIDCOURSE,3028711.41,3028.7114,1539945.55,1539.9456,2033.07,7319.0519,2033.07,1693.6414,-1124.701,-0.0,-9.81,9.81,11.2948,0.0,0.0,0.0,0.0,0.0,0.0,8000.0,16533494104.25,16533.4941
927.5,Agni_Class,MIDCOURSE,3028146.61,3028.1466,1540792.37,1540.7924,2035.7875,7328.8351,2035.7875,1693.6414,-1129.606,-0.0,-9.81,9.81,11.3099,0.0,0.0,0.0,0.0,0.0,0.0,8000.0,16577723606.57,16577.7236
928.0,Agni_Class,MIDCOURSE,3027579.35,3027.5794,1541639.19,1541.6392,2038.5133,7338.6478,2038.5133,1693.6414,-1134.511,-0.0,-9.81,9.81,11.3251,0.0,0.0,0.0,0.0,0.0,0.0,8000.0,16622145581.09,16622.1456
928.5,Agni_Class,MIDCOURSE,3027009.65,3027.0096,1542486.01,1542.486,2041.2472,7348.4898,2041.2472,1693.6414,-1139.416,-0.0,-9.81,9.81,11.3403,0.0,0.0,0.0,0.0,0.0,0.0,8000.0,16666760027.8,16666.76
929.0,Agni_Class,MIDCOURSE,3026437.49,3026.4375,1543332.83,1543.3328,2043.9892,7358.361,2043.9892,1693.6414,-1144.321,-0.0,-9.81,9.81,11.3555,0.0,0.0,0.0,0.0,0.0,0.0,8000.0,16711566946.72,16711.5669
929.5,Agni_Class,MIDCOURSE,3025862.87,3025.8629,1544179.65,1544.1797,2046.7393,7368.2613,2046.7393,1693.6414,-1149.226,-0.0,-9.81,9.81,11.3708,0.0,0.0,0.0,0.0,0.0,0.0,8000.0,16756566337.84,16756.5663
930.0,Agni_Class,MIDCOURSE,3025285.81,3025.2858,1545026.48,1545.0265,2049.4974,7378.1906,2049.4974,1693.6414,-1154.131,-0.0,-9.81,9.81,11.3861,0.0,0.0,0.0,0.0,0.0,0.0,8000.0,16801758201.15,16801.7582
930.5,Agni_Class,MIDCOURSE,3024706.29,3024.7063,1545873.3,1545.8733,2052.2635,7388.1487,2052.2635,1693.6414,-1159.036,-0.0,-9.81,9.81,11.4015,0.0,0.0,0.0,0.0,0.0,0.0,8000.0,16847142536.67,16847.1425
931.0,Agni_Class,MIDCOURSE,3024124.32,3024.1243,1546720.12,1546.7201,2055.0377,7398.1356,2055.0377,1693.6414,-1163.941,-0.0,-9.81,9.81,11.4169,0.0,0.0,0.0,0.0,0.0,0.0,8000.0,16892719344.39,16892.7193
931.5,Agni_Class,MIDCOURSE,3023539.9,3023.5399,1547566.94,1547.5669,2057.8198,7408.1511,2057.8198,1693.6414,-1168.846,-0.0,-9.81,9.81,11.4323,0.0,0.0,0.0,0.0,0.0,0.0,8000.0,16938488624.31,16938.4886
932.0,Agni_Class,MIDCOURSE,3022953.02,3022.953,1548413.76,1548.4138,2060.6098,7418.1951,2060.6098,1693.6414,-1173.751,-0.0,-9.81,9.81,11.4478,0.0,0.0,0.0,0.0,0.0,0.0,8000.0,16984450376.42,16984.4504
932.5,Agni_Class,MIDCOURSE,3022363.69,3022.3637,1549260.58,1549.2606,2063.4077,7428.2676,2063.4077,1693.6414,-1178.656,-0.0,-9.81,9.81,11.4634,0.0,0.0,0.0,0.0,0.0,0.0,8000.0,17030604600.74,17030.6046
933.0,Agni_Class,MIDCOURSE,3021771.91,3021.7719,1550107.4,1550.1074,2066.2134,7438.3682,2066.2134,1693.6414,-1183.561,-0.0,-9.81,9.81,11.479,0.0,0.0,0.0,0.0,0.0,0.0,8000.0,17076951297.26,17076.9513
933.5,Agni_Class,MIDCOURSE,3021177.68,3021.1777,1550954.22,1550.9542,2069.027,7448.4971,2069.027,1693.6414,-1188.466,-0.0,-9.81,9.81,11.4946,0.0,0.0,0.0,0.0,0.0,0.0,8000.0,17123490465.98,17123.4905
934.0,Agni_Class,MIDCOURSE,3020580.99,3020.581,1551801.04,1551.801,2071.8483,7458.654,2071.8483,1693.6414,-1193.371,-0.0,-9.81,9.81,11.5103,0.0,0.0,0.0,0.0,0.0,0.0,8000.0,17170222106.89,17170.2221
934.5,Agni_Class,MIDCOURSE,3019981.86,3019.9819,1552647.86,1552.6479,2074.6775,7468.8388,2074.6775,1693.6414,-1198.276,-0.0,-9.81,9.81,11.526,0.0,0.0,0.0,0.0,0.0,0.0,8000.0,17217146220.01,17217.1462
935.0,Agni_Class,MIDCOURSE,3019380.26,3019.3803,1553494.68,1553.4947,2077.5143,7479.0515,2077.5143,1693.6414,-1203.181,-0.0,-9.81,9.81,11.5417,0.0,0.0,0.0,0.0,0.0,0.0,8000.0,17264262805.33,17264.2628
935.5,Agni_Class,MIDCOURSE,3018776.22,3018.7762,1554341.5,1554.3415,2080.3589,7489.2919,2080.3589,1693.6414,-1208.086,-0.0,-9.81,9.81,11.5575,0.0,0.0,0.0,0.0,0.0,0.0,8000.0,17311571862.85,17311.5719
936.0,Agni_Class,MIDCOURSE,3018169.73,3018.1697,1555188.32,1555.1883,2083.2111,7499.5598,2083.2111,1693.6414,-1212.991,-0.0,-9.81,9.81,11.5734,0.0,0.0,0.0,0.0,0.0,0.0,8000.0,17359073392.56,17359.0734
936.5,Agni_Class,MIDCOURSE,3017560.78,3017.5608,1556035.14,1556.0351,2086.0709,7509.8553,2086.0709,1693.6414,-1217.896,-0.0,-9.81,9.81,11.5893,0.0,0.0,0.0,0.0,0.0,0.0,8000.0,17406767394.48,17406.7674
937.0,Agni_Class,MIDCOURSE,3016949.38,3016.9494,1556881.97,1556.882,2088.9384,7520.1781,2088.9384,1693.6414,-1222.801,-0.0,-9.81,9.81,11.6052,0.0,0.0,0.0,0.0,0.0,0.0,8000.0,17454653868.6,17454.6539
937.5,Agni_Class,MIDCOURSE,3016335.52,3016.3355,1557728.79,1557.7288,2091.8134,7530.5282,2091.8134,1693.6414,-1227.706,-0.0,-9.81,9.81,11.6212,0.0,0.0,0.0,0.0,0.0,0.0,8000.0,17502732814.92,17502.7328
938.0,Agni_Class,MIDCOURSE,3015719.22,3015.7192,1558575.61,1558.5756,2094.6959,7540.9054,2094.6959,1693.6414,-1232.611,-0.0,-9.81,9.81,11.6372,0.0,0.0,0.0,0.0,0.0,0.0,8000.0,17551004233.43,17551.0042
938.5,Agni_Class,MIDCOURSE,3015100.46,3015.1005,1559422.43,1559.4224,2097.586,7551.3096,2097.586,1693.6414,-1237.516,-0.0,-9.81,9.81,11.6533,0.0,0.0,0.0,0.0,0.0,0.0,8000.0,17599468124.15,17599.4681
939.0,Agni_Class,MIDCOURSE,3014479.25,3014.4793,1560269.25,1560.2692,2100.4835,7561.7408,2100.4835,1693.6414,-1242.421,-0.0,-9.81,9.81,11.6694,0.0,0.0,0.0,0.0,0.0,0.0,8000.0,17648124487.07,17648.1245
939.5,Agni_Class,MIDCOURSE,3013855.59,3013.8556,1561116.07,1561.1161,2103.3885,7572.1987,2103.3885,1693.6414,-1247.326,-0.0,-9.81,9.81,11.6855,0.0,0.0,0.0,0.0,0.0,0.0,8000.0,17696973322.19,17696.9733
940.0,Agni_Class,MIDCOURSE,3013229.47,3013.2295,1561962.89,1561.9629,2106.3009,7582.6834,2106.3009,1693.6414,-1252.231,-0.0,-9.81,9.81,11.7017,0.0,0.0,0.0,0.0,0.0,0.0,8000.0,17746014629.5,17746.0146
940.5,Agni_Class,MIDCOURSE,3012600.9,3012.6009,1562809.71,1562.8097,2109.2207,7593.1946,2109.2207,1693.6414,-1257.136,-0.0,-9.81,9.81,11.7179,0.0,0.0,0.0,0.0,0.0,0.0,8000.0,17795248409.02,17795.2484
941.0,Agni_Class,MIDCOURSE,3011969.88,3011.9699,1563656.53,1563.6565,2112.1479,7603.7324,2112.1479,1693.6414,-1262.041,-0.0,-9.81,9.81,11.7342,0.0,0.0,0.0,0.0,0.0,0.0,8000.0,17844674660.74,17844.6747
941.5,Agni_Class,MIDCOURSE,3011336.41,3011.3364,1564503.35,1564.5034,2115.0823,7614.2965,2115.0823,1693.6414,-1266.946,-0.0,-9.81,9.81,11.7505,0.0,0.0,0.0,0.0,0.0,0.0,8000.0,17894293384.65,17894.2934
942.0,Agni_Class,MIDCOURSE,3010700.49,3010.7005,1565350.17,1565.3502,2118.0241,7624.8868,2118.0241,1693.6414,-1271.851,-0.0,-9.81,9.81,11.7668,0.0,0.0,0.0,0.0,0.0,0.0,8000.0,17944104580.77,17944.1046
942.5,Agni_Class,MIDCOURSE,3010062.11,3010.0621,1566196.99,1566.197,2120.9731,7635.5033,2120.9731,1693.6414,-1276.756,-0.0,-9.81,9.81,11.7832,0.0,0.0,0.0,0.0,0.0,0.0,8000.0,17994108249.09,17994.1082
943.0,Agni_Class,MIDCOURSE,3009421.28,3009.4213,1567043.81,1567.0438,2123.9294,7646.1458,2123.9294,1693.6414,-1281.661,-0.0,-9.81,9.81,11.7996,0.0,0.0,0.0,0.0,0.0,0.0,8000.0,18044304389.61,18044.3044
943.5,Agni_Class,MIDCOURSE,3008777.99,3008.778,1567890.63,1567.8906,2126.8929,7656.8143,2126.8929,1693.6414,-1286.566,-0.0,-9.81,9.81,11.8161,0.0,0.0,0.0,0.0,0.0,0.0,8000.0,18094693002.32,18094.693
944.0,Agni_Class,MIDCOURSE,3008132.26,3008.1323,1568737.46,1568.7375,2129.8635,7667.5086,2129.8635,1693.6414,-1291.471,-0.0,-9.81,9.81,11.8326,0.0,0.0,0.0,0.0,0.0,0.0,8000.0,18145274087.24,18145.2741
944.5,Agni_Class,MIDCOURSE,3007484.07,3007.4841,1569584.28,1569.5843,2132.8413,7678.2286,2132.8413,1693.6414,-1296.376,-0.0,-9.81,9.81,11.8491,0.0,0.0,0.0,0.0,0.0,0.0,8000.0,18196047644.36,18196.0476
945.0,Agni_Class,MIDCOURSE,3006833.43,3006.8334,1570431.1,1570.4311,2135.8262,7688.9742,2135.8262,1693.6414,-1301.281,-0.0,-9.81,9.81,11.8657,0.0,0.0,0.0,0.0,0.0,0.0,8000.0,18247013673.68,18247.0137
945.5,Agni_Class,MIDCOURSE,3006180.34,3006.1803,1571277.92,1571.2779,2138.8181,7699.7453,2138.8181,1693.6414,-1306.186,-0.0,-9.81,9.81,11.8823,0.0,0.0,0.0,0.0,0.0,0.0,8000.0,18298172175.19,18298.1722
946.0,Agni_Class,MIDCOURSE,3005524.79,3005.5248,1572124.74,1572.1247,2141.8172,7710.5418,2141.8172,1693.6414,-1311.091,-0.0,-9.81,9.81,11.899,0.0,0.0,0.0,0.0,0.0,0.0,8000.0,18349523148.91,18349.5231
946.5,Agni_Class,MIDCOURSE,3004866.79,3004.8668,1572971.56,1572.9716,2144.8232,7721.3636,2144.8232,1693.6414,-1315.996,-0.0,-9.81,9.81,11.9157,0.0,0.0,0.0,0.0,0.0,0.0,8000.0,18401066594.83,18401.0666
947.0,Agni_Class,MIDCOURSE,3004206.34,3004.2063,1573818.38,1573.8184,2147.8363,7732.2106,2147.8363,1693.6414,-1320.901,-0.0,-9.81,9.81,11.9324,0.0,0.0,0.0,0.0,0.0,0.0,8000.0,18452802512.95,18452.8025
947.5,Agni_Class,MIDCOURSE,3003543.44,3003.5434,1574665.2,1574.6652,2150.8563,7743.0826,2150.8563,1693.6414,-1325.806,-0.0,-9.81,9.81,11.9492,0.0,0.0,0.0,0.0,0.0,0.0,8000.0,18504730903.26,18504.7309
948.0,Agni_Class,MIDCOURSE,3002878.08,3002.8781,1575512.02,1575.512,2153.8832,7753.9796,2153.8832,1693.6414,-1330.711,-0.0,-9.81,9.81,11.966,0.0,0.0,0.0,0.0,0.0,0.0,8000.0,18556851765.78,18556.8518
948.5,Agni_Class,MIDCOURSE,3002210.28,3002.2103,1576358.84,1576.3588,2156.9171,7764.9015,2156.9171,1693.6414,-1335.616,-0.0,-9.81,9.81,11.9829,0.0,0.0,0.0,0.0,0.0,0.0,8000.0,18609165100.5,18609.1651
949.0,Agni_Class,MIDCOURSE,3001540.02,3001.54,1577205.66,1577.2057,2159.9578,7775.8481,2159.9578,1693.6414,-1340.521,-0.0,-9.81,9.81,11.9998,0.0,0.0,0.0,0.0,0.0,0.0,8000.0,18661670907.42,18661.6709
949.5,Agni_Class,MIDCOURSE,3000867.3,3000.8673,1578052.48,1578.0525,2163.0054,7786.8194,2163.0054,1693.6414,-1345.426,-0.0,-9.81,9.81,12.0167,0.0,0.0,0.0,0.0,0.0,0.0,8000.0,18714369186.53,18714.3692
950.0,Agni_Class,MIDCOURSE,3000192.14,3000.1921,1578899.3,1578.8993,2166.0598,7797.8152,2166.0598,1693.6414,-1350.331,-0.0,-9.81,9.81,12.0337,0.0,0.0,0.0,0.0,0.0,0.0,8000.0,18767259937.85,18767.2599
950.5,Agni_Class,MIDCOURSE,2999514.52,2999.5145,1579746.12,1579.7461,2169.121,7808.8355,2169.121,1693.6414,-1355.236,-0.0,-9.81,9.81,12.0507,0.0,0.0,0.0,0.0,0.0,0.0,8000.0,18820343161.37,18820.3432
951.0,Agni_Class,MIDCOURSE,2998834.45,2998.8344,1580592.95,1580.5929,2172.1889,7819.8801,2172.1889,1693.6414,-1360.141,-0.0,-9.81,9.81,12.0677,0.0,0.0,0.0,0.0,0.0,0.0,8000.0,18873618857.08,18873.6189
951.5,Agni_Class,MIDCOURSE,2998151.93,2998.1519,1581439.77,1581.4398,2175.2636,7830.949,2175.2636,1693.6414,-1365.046,-0.0,-9.81,9.81,12.0848,0.0,0.0,0.0,0.0,0.0,0.0,8000.0,18927087025.0,18927.087
952.0,Agni_Class,MIDCOURSE,2997466.95,2997.467,1582286.59,1582.2866,2178.345,7842.042,2178.345,1693.6414,-1369.951,-0.0,-9.81,9.81,12.1019,0.0,0.0,0.0,0.0,0.0,0.0,8000.0,18980747665.12,18980.7477
952.5,Agni_Class,MIDCOURSE,2996779.52,2996.7795,1583133.41,1583.1334,2181.4331,7853.159,2181.4331,1693.6414,-1374.856,-0.0,-9.81,9.81,12.1191,0.0,0.0,0.0,0.0,0.0,0.0,8000.0,19034600777.44,19034.6008
953.0,Agni_Class,MIDCOURSE,2996089.64,2996.0896,1583980.23,1583.9802,2184.5278,7864.3,2184.5278,1693.6414,-1379.761,-0.0,-9.81,9.81,12.1363,0.0,0.0,0.0,0.0,0.0,0.0,8000.0,19088646361.95,19088.6464
953.5,Agni_Class,MIDCOURSE,2995397.31,2995.3973,1584827.05,1584.827,2187.6291,7875.4648,2187.6291,1693.6414,-1384.666,-0.0,-9.81,9.81,12.1535,0.0,0.0,0.0,0.0,0.0,0.0,8000.0,19142884418.67,19142.8844
954.0,Agni_Class,MIDCOURSE,2994702.52,2994.7025,1585673.87,1585.6739,2190.737,7886.6533,2190.737,1693.6414,-1389.571,-0.0,-9.81,9.81,12.1708,0.0,0.0,0.0,0.0,0.0,0.0,8000.0,19197314947.59,19197.3149
954.5,Agni_Class,MIDCOURSE,2994005.29,2994.0053,1586520.69,1586.5207,2193.8515,7897.8655,2193.8515,1693.6414,-1394.476,-0.0,-9.81,9.81,12.1881,0.0,0.0,0.0,0.0,0.0,0.0,8000.0,19251937948.71,19251.9379
955.0,Agni_Class,MIDCOURSE,2993305.6,2993.3056,1587367.51,1587.3675,2196.9725,7909.1012,2196.9725,1693.6414,-1399.381,-0.0,-9.81,9.81,12.2054,0.0,0.0,0.0,0.0,0.0,0.0,8000.0,19306753422.02,19306.7534
955.5,Agni_Class,MIDCOURSE,2992603.45,2992.6035,1588214.33,1588.2143,2200.1001,7920.3603,2200.1001,1693.6414,-1404.286,-0.0,-9.81,9.81,12.2228,0.0,0.0,0.0,0.0,0.0,0.0,8000.0,19361761367.54,19361.7614
956.0,Agni_Class,MIDCOURSE,2991898.86,2991.8989,1589061.15,1589.0612,2203.2341,7931.6427,2203.2341,1693.6414,-1409.191,-0.0,-9.81,9.81,12.2402,0.0,0.0,0.0,0.0,0.0,0.0,8000.0,19416961785.26,19416.9618
956.5,Agni_Class,MIDCOURSE,2991191.81,2991.1918,1589907.97,1589.908,2206.3746,7942.9484,2206.3746,1693.6414,-1414.096,-0.0,-9.81,9.81,12.2576,0.0,0.0,0.0,0.0,0.0,0.0,8000.0,19472354675.18,19472.3547
957.0,Agni_Class,MIDCOURSE,2990482.31,2990.4823,1590754.79,1590.7548,2209.5214,7954.2772,2209.5214,1693.6414,-1419.001,-0.0,-9.81,9.81,12.2751,0.0,0.0,0.0,0.0,0.0,0.0,8000.0,19527940037.29,19527.94
957.5,Agni_Class,MIDCOURSE,2989770.36,2989.7704,1591601.61,1591.6016,2212.6747,7965.629,2212.6747,1693.6414,-1423.906,-0.0,-9.81,9.81,12.2926,0.0,0.0,0.0,0.0,0.0,0.0,8000.0,19583717871.61,19583.7179
958.0,Agni_Class,MIDCOURSE,2989055.95,2989.0559,1592448.43,1592.4484,2215.8344,7977.0038,2215.8344,1693.6414,-1428.811,-0.0,-9.81,9.81,12.3102,0.0,0.0,0.0,0.0,0.0,0.0,8000.0,19639688178.13,19639.6882
958.5,Agni_Class,MIDCOURSE,2988339.09,2988.3391,1593295.26,1593.2953,2219.0004,7988.4014,2219.0004,1693.6414,-1433.716,-0.0,-9.81,9.81,12.3278,0.0,0.0,0.0,0.0,0.0,0.0,8000.0,19695850956.85,19695.851
959.0,Agni_Class,MIDCOURSE,2987619.78,2987.6198,1594142.08,1594.1421,2222.1727,7999.8218,2222.1727,1693.6414,-1438.621,-0.0,-9.81,9.81,12.3454,0.0,0.0,0.0,0.0,0.0,0.0,8000.0,19752206207.76,19752.2062
959.5,Agni_Class,MIDCOURSE,2986898.02,2986.898,1594988.9,1594.9889,2225.3513,8011.2647,2225.3513,1693.6414,-1443.526,-0.0,-9.81,9.81,12.3631,0.0,0.0,0.0,0.0,0.0,0.0,8000.0,19808753930.88,19808.7539
960.0,Agni_Class,MIDCOURSE,2986173.8,2986.1738,1595835.72,1595.8357,2228.5362,8022.7303,2228.5362,1693.6414,-1448.431,-0.0,-9.81,9.81,12.3808,0.0,0.0,0.0,0.0,0.0,0.0,8000.0,19865494126.2,19865.4941
960.5,Agni_Class,MIDCOURSE,2985447.14,2985.4471,1596682.54,1596.6825,2231.7273,8034.2182,2231.7273,1693.6414,-1453.336,-0.0,-9.81,9.81,12.3985,0.0,0.0,0.0,0.0,0.0,0.0,8000.0,19922426793.71,19922.4268
961.0,Agni_Class,MIDCOURSE,2984718.01,2984.718,1597529.36,1597.5294,2234.9246,8045.7286,2234.9246,1693.6414,-1458.241,-0.0,-9.81,9.81,12.4162,0.0,0.0,0.0,0.0,0.0,0.0,8000.0,19979551933.43,19979.5519
961.5,Agni_Class,MIDCOURSE,2983986.44,2983.9864,1598376.18,1598.3762,2238.1281,8057.2612,2238.1281,1693.6414,-1463.146,-0.0,-9.81,9.81,12.434,0.0,0.0,0.0,0.0,0.0,0.0,8000.0,20036869545.35,20036.8695
962.0,Agni_Class,MIDCOURSE,2983252.42,2983.2524,1599223.0,1599.223,2241.3377,8068.8159,2241.3377,1693.6414,-1468.051,-0.0,-9.81,9.81,12.4519,0.0,0.0,0.0,0.0,0.0,0.0,8000.0,20094379629.47,20094.3796
962.5,Agni_Class,MIDCOURSE,2982515.94,2982.5159,1600069.82,1600.0698,2244.5535,8080.3927,2244.5535,1693.6414,-1472.956,-0.0,-9.81,9.81,12.4697,0.0,0.0,0.0,0.0,0.0,0.0,8000.0,20152082185.78,20152.0822
963.0,Agni_Class,MIDCOURSE,2981777.01,2981.777,1600916.64,1600.9166,2247.7754,8091.9915,2247.7754,1693.6414,-1477.861,-0.0,-9.81,9.81,12.4876,0.0,0.0,0.0,0.0,0.0,0.0,8000.0,20209977214.3,20209.9772
963.5,Agni_Class,MIDCOURSE,2981035.62,2981.0356,1601763.46,1601.7635,2251.0034,8103.6121,2251.0034,1693.6414,-1482.766,-0.0,-9.81,9.81,12.5056,0.0,0.0,0.0,0.0,0.0,0.0,8000.0,20268064715.02,20268.0647
964.0,Agni_Class,MIDCOURSE,2980291.79,2980.2918,1602610.28,1602.6103,2254.2374,8115.2546,2254.2374,1693.6414,-1487.671,-0.0,-9.81,9.81,12.5235,0.0,0.0,0.0,0.0,0.0,0.0,8000.0,20326344687.94,20326.3447
964.5,Agni_Class,MIDCOURSE,2979545.5,2979.5455,1603457.1,1603.4571,2257.4774,8126.9187,2257.4774,1693.6414,-1492.576,-0.0,-9.81,9.81,12.5415,0.0,0.0,0.0,0.0,0.0,0.0,8000.0,20384817133.05,20384.8171
965.0,Agni_Class,MIDCOURSE,2978796.76,2978.7968,1604303.92,1604.3039,2260.7234,8138.6044,2260.7234,1693.6414,-1497.481,-0.0,-9.81,9.81,12.5596,0.0,0.0,0.0,0.0,0.0,0.0,8000.0,20443482050.37,20443.4821
965.5,Agni_Class,MIDCOURSE,2978045.57,2978.0456,1605150.75,1605.1507,2263.9755,8150.3116,2263.9755,1693.6414,-1502.386,-0.0,-9.81,9.81,12.5776,0.0,0.0,0.0,0.0,0.0,0.0,8000.0,20502339439.89,20502.3394
966.0,Agni_Class,MIDCOURSE,2977291.92,2977.2919,1605997.57,1605.9976,2267.2334,8162.0403,2267.2334,1693.6414,-1507.291,-0.0,-9.81,9.81,12.5957,0.0,0.0,0.0,0.0,0.0,0.0,8000.0,20561389301.61,20561.3893
966.5,Agni_Class,MIDCOURSE,2976535.82,2976.5358,1606844.39,1606.8444,2270.4973,8173.7902,2270.4973,1693.6414,-1512.196,-0.0,-9.81,9.81,12.6139,0.0,0.0,0.0,0.0,0.0,0.0,8000.0,20620631635.52,20620.6316
967.0,Agni_Class,MIDCOURSE,2975777.27,2975.7773,1607691.21,1607.6912,2273.7671,8185.5614,2273.7671,1693.6414,-1517.101,-0.0,-9.81,9.81,12.632,0.0,0.0,0.0,0.0,0.0,0.0,8000.0,20680066441.64,20680.0664
967.5,Agni_Class,MIDCOURSE,2975016.27,2975.0163,1608538.03,1608.538,2277.0427,8197.3537,2277.0427,1693.6414,-1522.006,-0.0,-9.81,9.81,12.6502,0.0,0.0,0.0,0.0,0.0,0.0,8000.0,20739693719.96,20739.6937
968.0,Agni_Class,MIDCOURSE,2974252.82,2974.2528,1609384.85,1609.3848,2280.3242,8209.167,2280.3242,1693.6414,-1526.911,-0.0,-9.81,9.81,12.6685,0.0,0.0,0.0,0.0,0.0,0.0,8000.0,20799513470.48,20799.5135
968.5,Agni_Class,MIDCOURSE,2973486.91,2973.4869,1610231.67,1610.2317,2283.6115,8221.0014,2283.6115,1693.6414,-1531.816,-0.0,-9.81,9.81,12.6867,0.0,0.0,0.0,0.0,0.0,0.0,8000.0,20859525693.19,20859.5257
969.0,Agni_Class,MIDCOURSE,2972718.55,2972.7185,1611078.49,1611.0785,2286.9046,8232.8565,2286.9046,1693.6414,-1536.721,-0.0,-9.81,9.81,12.705,0.0,0.0,0.0,0.0,0.0,0.0,8000.0,20919730388.11,20919.7304
969.5,Agni_Class,MIDCOURSE,2971947.73,2971.9477,1611925.31,1611.9253,2290.2035,8244.7325,2290.2035,1693.6414,-1541.626,-0.0,-9.81,9.81,12.7234,0.0,0.0,0.0,0.0,0.0,0.0,8000.0,20980127555.23,20980.1276
970.0,Agni_Class,MIDCOURSE,2971174.47,2971.1745,1612772.13,1612.7721,2293.5081,8256.6291,2293.5081,1693.6414,-1546.531,-0.0,-9.81,9.81,12.7417,0.0,0.0,0.0,0.0,0.0,0.0,8000.0,21040717194.54,21040.7172
970.5,Agni_Class,MIDCOURSE,2970398.75,2970.3988,1613618.95,1613.619,2296.8184,8268.5463,2296.8184,1693.6414,-1551.436,-0.0,-9.81,9.81,12.7601,0.0,0.0,0.0,0.0,0.0,0.0,8000.0,21101499306.06,21101.4993
971.0,Agni_Class,MIDCOURSE,2969620.58,2969.6206,1614465.77,1614.4658,2300.1344,8280.484,2300.1344,1693.6414,-1556.341,-0.0,-9.81,9.81,12.7785,0.0,0.0,0.0,0.0,0.0,0.0,8000.0,21162473889.78,21162.4739
971.5,Agni_Class,MIDCOURSE,2968839.96,2968.84,1615312.59,1615.3126,2303.4562,8292.4421,2303.4562,1693.6414,-1561.246,-0.0,-9.81,9.81,12.797,0.0,0.0,0.0,0.0,0.0,0.0,8000.0,21223640945.7,21223.6409
972.0,Agni_Class,MIDCOURSE,2968056.88,2968.0569,1616159.41,1616.1594,2306.7835,8304.4206,2306.7835,1693.6414,-1566.151,-0.0,-9.81,9.81,12.8155,0.0,0.0,0.0,0.0,0.0,0.0,8000.0,21285000473.81,21285.0005
972.5,Agni_Class,MIDCOURSE,2967271.35,2967.2714,1617006.24,1617.0062,2310.1165,8316.4193,2310.1165,1693.6414,-1571.056,-0.0,-9.81,9.81,12.834,0.0,0.0,0.0,0.0,0.0,0.0,8000.0,21346552474.13,21346.5525
973.0,Agni_Class,MIDCOURSE,2966483.37,2966.4834,1617853.06,1617.8531,2313.455,8328.4382,2313.455,1693.6414,-1575.961,-0.0,-9.81,9.81,12.8525,0.0,0.0,0.0,0.0,0.0,0.0,8000.0,21408296946.65,21408.2969
973.5,Agni_Class,MIDCOURSE,2965692.94,2965.6929,1618699.88,1618.6999,2316.7992,8340.4771,2316.7992,1693.6414,-1580.866,-0.0,-9.81,9.81,12.8711,0.0,0.0,0.0,0.0,0.0,0.0,8000.0,21470233891.37,21470.2339
974.0,Agni_Class,MIDCOURSE,2964900.05,2964.9001,1619546.7,1619.5467,2320.1489,8352.536,2320.1489,1693.6414,-1585.771,-0.0,-9.81,9.81,12.8897,0.0,0.0,0.0,0.0,0.0,0.0,8000.0,21532363308.28,21532.3633
974.5,Agni_Class,MIDCOURSE,2964104.72,2964.1047,1620393.52,1620.3935,2323.5041,8364.6148,2323.5041,1693.6414,-1590.676,-0.0,-9.81,9.81,12.9084,0.0,0.0,0.0,0.0,0.0,0.0,8000.0,21594685197.4,21594.6852
975.0,Agni_Class,MIDCOURSE,2963306.93,2963.3069,1621240.34,1621.2403,2326.8648,8376.7134,2326.8648,1693.6414,-1595.581,-0.0,-9.81,9.81,12.927,0.0,0.0,0.0,0.0,0.0,0.0,8000.0,21657199558.72,21657.1996
975.5,Agni_Class,MIDCOURSE,2962506.68,2962.5067,1622087.16,1622.0872,2330.231,8388.8317,2330.231,1693.6414,-1600.486,-0.0,-9.81,9.81,12.9457,0.0,0.0,0.0,0.0,0.0,0.0,8000.0,21719906392.24,21719.9064
976.0,Agni_Class,MIDCOURSE,2961703.99,2961.704,1622933.98,1622.934,2333.6027,8400.9696,2333.6027,1693.6414,-1605.391,-0.0,-9.81,9.81,12.9645,0.0,0.0,0.0,0.0,0.0,0.0,8000.0,21782805697.95,21782.8057
976.5,Agni_Class,MIDCOURSE,2960898.84,2960.8988,1623780.8,1623.7808,2336.9798,8413.1271,2336.9798,1693.6414,-1610.296,-0.0,-9.81,9.81,12.9832,0.0,0.0,0.0,0.0,0.0,0.0,8000.0,21845897475.87,21845.8975
977.0,Agni_Class,MIDCOURSE,2960091.24,2960.0912,1624627.62,1624.6276,2340.3622,8425.3041,2340.3622,1693.6414,-1615.201,-0.0,-9.81,9.81,13.002,0.0,0.0,0.0,0.0,0.0,0.0,8000.0,21909181725.99,21909.1817
977.5,Agni_Class,MIDCOURSE,2959281.19,2959.2812,1625474.44,1625.4744,2343.7501,8437.5004,2343.7501,1693.6414,-1620.106,-0.0,-9.81,9.81,13.0208,0.0,0.0,0.0,0.0,0.0,0.0,8000.0,21972658448.31,21972.6584
978.0,Agni_Class,MIDCOURSE,2958468.68,2958.4687,1626321.26,1626.3213,2347.1434,8449.7161,2347.1434,1693.6414,-1625.011,-0.0,-9.81,9.81,13.0397,0.0,0.0,0.0,0.0,0.0,0.0,8000.0,22036327642.82,22036.3276
978.5,Agni_Class,MIDCOURSE,2957653.72,2957.6537,1627168.08,1627.1681,2350.5419,8461.9509,2350.5419,1693.6414,-1629.916,-0.0,-9.81,9.81,13.0586,0.0,0.0,0.0,0.0,0.0,0.0,8000.0,22100189309.54,22100.1893
979.0,Agni_Class,MIDCOURSE,2956836.31,2956.8363,1628014.9,1628.0149,2353.9458,8474.2049,2353.9458,1693.6414,-1634.821,-0.0,-9.81,9.81,13.0775,0.0,0.0,0.0,0.0,0.0,0.0,8000.0,22164243448.46,22164.2434
979.5,Agni_Class,MIDCOURSE,2956016.45,2956.0164,1628861.73,1628.8617,2357.355,8486.4779,2357.355,1693.6414,-1639.726,-0.0,-9.81,9.81,13.0964,0.0,0.0,0.0,0.0,0.0,0.0,8000.0,22228490059.57,22228.4901
980.0,Agni_Class,MIDCOURSE,2955194.13,2955.1941,1629708.55,1629.7085,2360.7694,8498.7699,2360.7694,1693.6414,-1644.631,-0.0,-9.81,9.81,13.1154,0.0,0.0,0.0,0.0,0.0,0.0,8000.0,22292929142.89,22292.9291
980.5,Agni_Class,MIDCOURSE,2954369.37,2954.3694,1630555.37,1630.5554,2364.1891,8511.0808,2364.1891,1693.6414,-1649.536,-0.0,-9.81,9.81,13.1344,0.0,0.0,0.0,0.0,0.0,0.0,8000.0,22357560698.41,22357.5607
981.0,Agni_Class,MIDCOURSE,2953542.15,2953.5421,1631402.19,1631.4022,2367.614,8523.4105,2367.614,1693.6414,-1654.441,-0.0,-9.81,9.81,13.1534,0.0,0.0,0.0,0.0,0.0,0.0,8000.0,22422384726.13,22422.3847
981.5,Agni_Class,MIDCOURSE,2952712.47,2952.7125,1632249.01,1632.249,2371.0441,8535.7589,2371.0441,1693.6414,-1659.346,-0.0,-9.81,9.81,13.1725,0.0,0.0,0.0,0.0,0.0,0.0,8000.0,22487401226.04,22487.4012
982.0,Agni_Class,MIDCOURSE,2951880.35,2951.8803,1633095.83,1633.0958,2374.4794,8548.1259,2374.4794,1693.6414,-1664.251,-0.0,-9.81,9.81,13.1916,0.0,0.0,0.0,0.0,0.0,0.0,8000.0,22552610198.16,22552.6102
982.5,Agni_Class,MIDCOURSE,2951045.77,2951.0458,1633942.65,1633.9426,2377.9199,8560.5115,2377.9199,1693.6414,-1669.156,-0.0,-9.81,9.81,13.2107,0.0,0.0,0.0,0.0,0.0,0.0,8000.0,22618011642.48,22618.0116
983.0,Agni_Class,MIDCOURSE,2950208.74,2950.2087,1634789.47,1634.7895,2381.3654,8572.9156,2381.3654,1693.6414,-1674.061,-0.0,-9.81,9.81,13.2298,0.0,0.0,0.0,0.0,0.0,0.0,8000.0,22683605559.0,22683.6056
983.5,Agni_Class,MIDCOURSE,2949369.26,2949.3693,1635636.29,1635.6363,2384.8161,8585.3381,2384.8161,1693.6414,-1678.966,-0.0,-9.81,9.81,13.249,0.0,0.0,0.0,0.0,0.0,0.0,8000.0,22749391947.71,22749.3919
984.0,Agni_Class,MIDCOURSE,2948527.32,2948.5273,1636483.11,1636.4831,2388.2719,8597.7789,2388.2719,1693.6414,-1683.871,-0.0,-9.81,9.81,13.2682,0.0,0.0,0.0,0.0,0.0,0.0,8000.0,22815370808.63,22815.3708
984.5,Agni_Class,MIDCOURSE,2947682.93,2947.6829,1637329.93,1637.3299,2391.7327,8610.2379,2391.7327,1693.6414,-1688.776,-0.0,-9.81,9.81,13.2874,0.0,0.0,0.0,0.0,0.0,0.0,8000.0,22881542141.75,22881.5421
985.0,Agni_Class,MIDCOURSE,2946836.09,2946.8361,1638176.75,1638.1768,2395.1986,8622.7151,2395.1986,1693.6414,-1693.681,-0.0,-9.81,9.81,13.3067,0.0,0.0,0.0,0.0,0.0,0.0,8000.0,22947905947.07,22947.9059
985.5,Agni_Class,MIDCOURSE,2945986.8,2945.9868,1639023.57,1639.0236,2398.6695,8635.2103,2398.6695,1693.6414,-1698.586,-0.0,-9.81,9.81,13.3259,0.0,0.0,0.0,0.0,0.0,0.0,8000.0,23014462224.58,23014.4622
986.0,Agni_Class,MIDCOURSE,2945135.05,2945.1351,1639870.39,1639.8704,2402.1454,8647.7236,2402.1454,1693.6414,-1703.491,-0.0,-9.81,9.81,13.3453,0.0,0.0,0.0,0.0,0.0,0.0,8000.0,23081210974.3,23081.211
986.5,Agni_Class,MIDCOURSE,2944280.85,2944.2809,1640717.22,1640.7172,2405.6263,8660.2548,2405.6263,1693.6414,-1708.396,-0.0,-9.81,9.81,13.3646,0.0,0.0,0.0,0.0,0.0,0.0,8000.0,23148152196.22,23148.1522
987.0,Agni_Class,MIDCOURSE,2943424.2,2943.4242,1641564.04,1641.564,2409.1122,8672.8038,2409.1122,1693.6414,-1713.301,-0.0,-9.81,9.81,13.384,0.0,0.0,0.0,0.0,0.0,0.0,8000.0,23215285890.34,23215.2859
987.5,Agni_Class,MIDCOURSE,2942565.1,2942.5651,1642410.86,1642.4109,2412.603,8685.3706,2412.603,1693.6414,-1718.206,-0.0,-9.81,9.81,13.4033,0.0,0.0,0.0,0.0,0.0,0.0,8000.0,23282612056.65,23282.6121
988.0,Agni_Class,MIDCOURSE,2941703.55,2941.7035,1643257.68,1643.2577,2416.0986,8697.9551,2416.0986,1693.6414,-1723.111,-0.0,-9.81,9.81,13.4228,0.0,0.0,0.0,0.0,0.0,0.0,8000.0,23350130695.17,23350.1307
988.5,Agni_Class,MIDCOURSE,2940839.54,2940.8395,1644104.5,1644.1045,2419.5992,8710.5572,2419.5992,1693.6414,-1728.016,-0.0,-9.81,9.81,13.4422,0.0,0.0,0.0,0.0,0.0,0.0,8000.0,23417841805.89,23417.8418
989.0,Agni_Class,MIDCOURSE,2939973.08,2939.9731,1644951.32,1644.9513,2423.1047,8723.1769,2423.1047,1693.6414,-1732.921,-0.0,-9.81,9.81,13.4617,0.0,0.0,0.0,0.0,0.0,0.0,8000.0,23485745388.8,23485.7454
989.5,Agni_Class,MIDCOURSE,2939104.16,2939.1042,1645798.14,1645.7981,2426.615,8735.814,2426.615,1693.6414,-1737.826,-0.0,-9.81,9.81,13.4812,0.0,0.0,0.0,0.0,0.0,0.0,8000.0,23553841443.92,23553.8414
990.0,Agni_Class,MIDCOURSE,2938232.8,2938.2328,1646644.96,1646.645,2430.1301,8748.4685,2430.1301,1693.6414,-1742.731,-0.0,-9.81,9.81,13.5007,0.0,0.0,0.0,0.0,0.0,0.0,8000.0,23622129971.24,23622.13
990.5,Agni_Class,MIDCOURSE,2937358.98,2937.359,1647491.78,1647.4918,2433.6501,8761.1403,2433.6501,1693.6414,-1747.636,-0.0,-9.81,9.81,13.5203,0.0,0.0,0.0,0.0,0.0,0.0,8000.0,23690610970.76,23690.611
991.0,Agni_Class,MIDCOURSE,2936482.71,2936.4827,1648338.6,1648.3386,2437.1748,8773.8294,2437.1748,1693.6414,-1752.541,-0.0,-9.81,9.81,13.5399,0.0,0.0,0.0,0.0,0.0,0.0,8000.0,23759284442.47,23759.2844
991.5,Agni_Class,MIDCOURSE,2935603.99,2935.604,1649185.42,1649.1854,2440.7043,8786.5356,2440.7043,1693.6414,-1757.446,-0.0,-9.81,9.81,13.5595,0.0,0.0,0.0,0.0,0.0,0.0,8000.0,23828150386.39,23828.1504
992.0,Agni_Class,MIDCOURSE,2934722.81,2934.7228,1650032.24,1650.0322,2444.2386,8799.2589,2444.2386,1693.6414,-1762.351,-0.0,-9.81,9.81,13.5791,0.0,0.0,0.0,0.0,0.0,0.0,8000.0,23897208802.51,23897.2088
992.5,Agni_Class,MIDCOURSE,2933839.18,2933.8392,1650879.06,1650.8791,2447.7775,8811.9992,2447.7775,1693.6414,-1767.256,-0.0,-9.81,9.81,13.5988,0.0,0.0,0.0,0.0,0.0,0.0,8000.0,23966459690.83,23966.4597
993.0,Agni_Class,MIDCOURSE,2932953.1,2932.9531,1651725.88,1651.7259,2451.3212,8824.7564,2451.3212,1693.6414,-1772.161,-0.0,-9.81,9.81,13.6185,0.0,0.0,0.0,0.0,0.0,0.0,8000.0,24035903051.34,24035.9031
993.5,Agni_Class,MIDCOURSE,2932064.57,2932.0646,1652572.71,1652.5727,2454.8696,8837.5305,2454.8696,1693.6414,-1777.066,-0.0,-9.81,9.81,13.6382,0.0,0.0,0.0,0.0,0.0,0.0,8000.0,24105538884.06,24105.5389
994.0,Agni_Class,MIDCOURSE,2931173.58,2931.1736,1653419.53,1653.4195,2458.4226,8850.3214,2458.4226,1693.6414,-1781.971,-0.0,-9.81,9.81,13.6579,0.0,0.0,0.0,0.0,0.0,0.0,8000.0,24175367188.98,24175.3672
994.5,Agni_Class,MIDCOURSE,2930280.15,2930.2801,1654266.35,1654.2663,2461.9803,8863.1291,2461.9803,1693.6414,-1786.876,-0.0,-9.81,9.81,13.6777,0.0,0.0,0.0,0.0,0.0,0.0,8000.0,24245387966.1,24245.388
995.0,Agni_Class,MIDCOURSE,2929384.26,2929.3843,1655113.17,1655.1132,2465.5426,8875.9534,2465.5426,1693.6414,-1791.781,-0.0,-9.81,9.81,13.6975,0.0,0.0,0.0,0.0,0.0,0.0,8000.0,24315601215.41,24315.6012
995.5,Agni_Class,MIDCOURSE,2928485.91,2928.4859,1655959.99,1655.96,2469.1095,8888.7942,2469.1095,1693.6414,-1796.686,-0.0,-9.81,9.81,13.7173,0.0,0.0,0.0,0.0,0.0,0.0,8000.0,24386006936.93,24386.0069
996.0,Agni_Class,MIDCOURSE,2927585.12,2927.5851,1656806.81,1656.8068,2472.681,8901.6516,2472.681,1693.6414,-1801.591,-0.0,-9.81,9.81,13.7371,0.0,0.0,0.0,0.0,0.0,0.0,8000.0,24456605130.65,24456.6051
996.5,Agni_Class,MIDCOURSE,2926681.87,2926.6819,1657653.63,1657.6536,2476.257,8914.5254,2476.257,1693.6414,-1806.496,-0.0,-9.81,9.81,13.757,0.0,0.0,0.0,0.0,0.0,0.0,8000.0,24527395796.57,24527.3958
997.0,Agni_Class,MIDCOURSE,2925776.17,2925.7762,1658500.45,1658.5005,2479.8376,8927.4155,2479.8376,1693.6414,-1811.401,-0.0,-9.81,9.81,13.7769,0.0,0.0,0.0,0.0,0.0,0.0,8000.0,24598378934.68,24598.3789
997.5,Agni_Class,MIDCOURSE,2924868.02,2924.868,1659347.27,1659.3473,2483.4228,8940.322,2483.4228,1693.6414,-1816.306,-0.0,-9.81,9.81,13.7968,0.0,0.0,0.0,0.0,0.0,0.0,8000.0,24669554545.0,24669.5545
998.0,Agni_Class,MIDCOURSE,2923957.41,2923.9574,1660194.09,1660.1941,2487.0124,8953.2446,2487.0124,1693.6414,-1821.211,-0.0,-9.81,9.81,13.8167,0.0,0.0,0.0,0.0,0.0,0.0,8000.0,24740922627.52,24740.9226
998.5,Agni_Class,MIDCOURSE,2923044.35,2923.0444,1661040.91,1661.0409,2490.6065,8966.1834,2490.6065,1693.6414,-1826.116,-0.0,-9.81,9.81,13.8367,0.0,0.0,0.0,0.0,0.0,0.0,8000.0,24812483182.23,24812.4832
999.0,Agni_Class,MIDCOURSE,2922128.84,2922.1288,1661887.73,1661.8877,2494.2051,8979.1383,2494.2051,1693.6414,-1831.021,-0.0,-9.81,9.81,13.8567,0.0,0.0,0.0,0.0,0.0,0.0,8000.0,24884236209.15,24884.2362
999.5,Agni_Class,MIDCOURSE,2921210.88,2921.2109,1662734.55,1662.7346,2497.8081,8992.1092,2497.8081,1693.6414,-1835.926,-0.0,-9.81,9.81,13.8767,0.0,0.0,0.0,0.0,0.0,0.0,8000.0,24956181708.27,24956.1817
1000.0,Agni_Class,MIDCOURSE,2920290.46,2920.2905,1663581.37,1663.5814,2501.4156,9005.0961,2501.4156,1693.6414,-1840.831,-0.0,-9.81,9.81,13.8968,0.0,0.0,0.0,0.0,0.0,0.0,8000.0,25028319679.59,25028.3197
1000.5,Agni_Class,MIDCOURSE,2919367.6,2919.3676,1664428.2,1664.4282,2505.0275,9018.0988,2505.0275,1693.6414,-1845.736,-0.0,-9.81,9.81,13.9168,0.0,0.0,0.0,0.0,0.0,0.0,8000.0,25100650123.1,25100.6501
1001.0,Agni_Class,MIDCOURSE,2918442.28,2918.4423,1665275.02,1665.275,2508.6437,9031.1174,2508.6437,1693.6414,-1850.641,-0.0,-9.81,9.81,13.9369,0.0,0.0,0.0,0.0,0.0,0.0,8000.0,25173173038.82,25173.173
1001.5,Agni_Class,MIDCOURSE,2917514.5,2917.5145,1666121.84,1666.1218,2512.2643,9044.1516,2512.2643,1693.6414,-1855.546,-0.0,-9.81,9.81,13.957,0.0,0.0,0.0,0.0,0.0,0.0,8000.0,25245888426.74,25245.8884
1002.0,Agni_Class,MIDCOURSE,2916584.28,2916.5843,1666968.66,1666.9687,2515.8893,9057.2016,2515.8893,1693.6414,-1860.451,-0.0,-9.81,9.81,13.9772,0.0,0.0,0.0,0.0,0.0,0.0,8000.0,25318796286.86,25318.7963
1002.5,Agni_Class,MIDCOURSE,2915651.6,2915.6516,1667815.48,1667.8155,2519.5186,9070.2671,2519.5186,1693.6414,-1865.356,-0.0,-9.81,9.81,13.9973,0.0,0.0,0.0,0.0,0.0,0.0,8000.0,25391896619.17,25391.8966
1003.0,Agni_Class,MIDCOURSE,2914716.47,2914.7165,1668662.3,1668.6623,2523.1523,9083.3482,2523.1523,1693.6414,-1870.261,-0.0,-9.81,9.81,14.0175,0.0,0.0,0.0,0.0,0.0,0.0,8000.0,25465189423.69,25465.1894
1003.5,Agni_Class,MIDCOURSE,2913778.89,2913.7789,1669509.12,1669.5091,2526.7902,9096.4447,2526.7902,1693.6414,-1875.166,-0.0,-9.81,9.81,14.0377,0.0,0.0,0.0,0.0,0.0,0.0,8000.0,25538674700.41,25538.6747
1004.0,Agni_Class,MIDCOURSE,2912838.85,2912.8389,1670355.94,1670.3559,2530.4324,9109.5566,2530.4324,1693.6414,-1880.071,-0.0,-9.81,9.81,14.058,0.0,0.0,0.0,0.0,0.0,0.0,8000.0,25612352449.33,25612.3524
1004.5,Agni_Class,MIDCOURSE,2911896.36,2911.8964,1671202.76,1671.2028,2534.0789,9122.6839,2534.0789,1693.6414,-1884.976,-0.0,-9.81,9.81,14.0782,0.0,0.0,0.0,0.0,0.0,0.0,8000.0,25686222670.44,25686.2227
1005.0,Agni_Class,MIDCOURSE,2910951.42,2910.9514,1672049.58,1672.0496,2537.7296,9135.8264,2537.7296,1693.6414,-1889.881,-0.0,-9.81,9.81,14.0985,0.0,0.0,0.0,0.0,0.0,0.0,8000.0,25760285363.76,25760.2854
1005.5,Agni_Class,MIDCOURSE,2910004.03,2910.004,1672896.4,1672.8964,2541.3845,9148.9842,2541.3845,1693.6414,-1894.786,-0.0,-9.81,9.81,14.1188,0.0,0.0,0.0,0.0,0.0,0.0,8000.0,25834540529.28,25834.5405
1006.0,Agni_Class,MIDCOURSE,2909054.18,2909.0542,1673743.22,1673.7432,2545.0436,9162.157,2545.0436,1693.6414,-1899.691,-0.0,-9.81,9.81,14.1391,0.0,0.0,0.0,0.0,0.0,0.0,8000.0,25908988167.0,25908.9882
1006.5,Agni_Class,MIDCOURSE,2908101.89,2908.1019,1674590.04,1674.59,2548.7069,9175.345,2548.7069,1693.6414,-1904.596,-0.0,-9.81,9.81,14.1595,0.0,0.0,0.0,0.0,0.0,0.0,8000.0,25983628276.91,25983.6283
1007.0,Agni_Class,MIDCOURSE,2907147.13,2907.1471,1675436.86,1675.4369,2552.3744,9188.5479,2552.3744,1693.6414,-1909.501,-0.0,-9.81,9.81,14.1799,0.0,0.0,0.0,0.0,0.0,0.0,8000.0,26058460859.03,26058.4609
1007.5,Agni_Class,MIDCOURSE,2906189.93,2906.1899,1676283.69,1676.2837,2556.0461,9201.7658,2556.0461,1693.6414,-1914.406,-0.0,-9.81,9.81,14.2003,0.0,0.0,0.0,0.0,0.0,0.0,8000.0,26133485913.35,26133.4859
1008.0,Agni_Class,MIDCOURSE,2905230.28,2905.2303,1677130.51,1677.1305,2559.7218,9214.9986,2559.7218,1693.6414,-1919.311,-0.0,-9.81,9.81,14.2207,0.0,0.0,0.0,0.0,0.0,0.0,8000.0,26208703439.87,26208.7034
1008.5,Agni_Class,MIDCOURSE,2904268.17,2904.2682,1677977.33,1677.9773,2563.4017,9228.2462,2563.4017,1693.6414,-1924.216,-0.0,-9.81,9.81,14.2411,0.0,0.0,0.0,0.0,0.0,0.0,8000.0,26284113438.58,26284.1134
1009.0,Agni_Class,MIDCOURSE,2903303.61,2903.3036,1678824.15,1678.8241,2567.0857,9241.5085,2567.0857,1693.6414,-1929.121,-0.0,-9.81,9.81,14.2616,0.0,0.0,0.0,0.0,0.0,0.0,8000.0,26359715909.5,26359.7159
1009.5,Agni_Class,MIDCOURSE,2902336.59,2902.3366,1679670.97,1679.671,2570.7738,9254.7855,2570.7738,1693.6414,-1934.026,-0.0,-9.81,9.81,14.2821,0.0,0.0,0.0,0.0,0.0,0.0,8000.0,26435510852.62,26435.5109
1010.0,Agni_Class,MIDCOURSE,2901367.13,2901.3671,1680517.79,1680.5178,2574.4659,9268.0772,2574.4659,1693.6414,-1938.931,-0.0,-9.81,9.81,14.3026,0.0,0.0,0.0,0.0,0.0,0.0,8000.0,26511498267.93,26511.4983
1010.5,Agni_Class,MIDCOURSE,2900395.21,2900.3952,1681364.61,1681.3646,2578.162,9281.3834,2578.162,1693.6414,-1943.836,-0.0,-9.81,9.81,14.3231,0.0,0.0,0.0,0.0,0.0,0.0,8000.0,26587678155.45,26587.6782
1011.0,Agni_Class,MIDCOURSE,2899420.84,2899.4208,1682211.43,1682.2114,2581.8622,9294.7041,2581.8622,1693.6414,-1948.741,-0.0,-9.81,9.81,14.3437,0.0,0.0,0.0,0.0,0.0,0.0,8000.0,26664050515.17,26664.0505
1011.5,Agni_Class,MIDCOURSE,2898444.02,2898.444,1683058.25,1683.0583,2585.5664,9308.0392,2585.5664,1693.6414,-1953.646,-0.0,-9.81,9.81,14.3643,0.0,0.0,0.0,0.0,0.0,0.0,8000.0,26740615347.09,26740.6153
1012.0,Agni_Class,MIDCOURSE,2897464.74,2897.4647,1683905.07,1683.9051,2589.2746,9321.3887,2589.2746,1693.6414,-1958.551,-0.0,-9.81,9.81,14.3849,0.0,0.0,0.0,0.0,0.0,0.0,8000.0,26817372651.2,26817.3727
1012.5,Agni_Class,MIDCOURSE,2896483.01,2896.483,1684751.89,1684.7519,2592.9868,9334.7525,2592.9868,1693.6414,-1963.456,-0.0,-9.81,9.81,14.4055,0.0,0.0,0.0,0.0,0.0,0.0,8000.0,26894322427.52,26894.3224
1013.0,Agni_Class,MIDCOURSE,2895498.83,2895.4988,1685598.71,1685.5987,2596.7029,9348.1306,2596.7029,1693.6414,-1968.361,-0.0,-9.81,9.81,14.4261,0.0,0.0,0.0,0.0,0.0,0.0,8000.0,26971464676.04,26971.4647
1013.5,Agni_Class,MIDCOURSE,2894512.2,2894.5122,1686445.53,1686.4455,2600.423,9361.5228,2600.423,1693.6414,-1973.266,-0.0,-9.81,9.81,14.4468,0.0,0.0,0.0,0.0,0.0,0.0,8000.0,27048799396.76,27048.7994
1014.0,Agni_Class,MIDCOURSE,2893523.12,2893.5231,1687292.35,1687.2924,2604.147,9374.9292,2604.147,1693.6414,-1978.171,-0.0,-9.81,9.81,14.4675,0.0,0.0,0.0,0.0,0.0,0.0,8000.0,27126326589.67,27126.3266
1014.5,Agni_Class,MIDCOURSE,2892531.58,2892.5316,1688139.17,1688.1392,2607.8749,9388.3497,2607.8749,1693.6414,-1983.076,-0.0,-9.81,9.81,14.4882,0.0,0.0,0.0,0.0,0.0,0.0,8000.0,27204046254.79,27204.0463
1015.0,Agni_Class,MIDCOURSE,2891537.59,2891.5376,1688986.0,1688.986,2611.6067,9401.7841,2611.6067,1693.6414,-1987.981,-0.0,-9.81,9.81,14.5089,0.0,0.0,0.0,0.0,0.0,0.0,8000.0,27281958392.11,27281.9584
1015.5,Agni_Class,MIDCOURSE,2890541.14,2890.5411,1689832.82,1689.8328,2615.3424,9415.2326,2615.3424,1693.6414,-1992.886,-0.0,-9.81,9.81,14.5297,0.0,0.0,0.0,0.0,0.0,0.0,8000.0,27360063001.63,27360.063
1016.0,Agni_Class,MIDCOURSE,2889542.25,2889.5422,1690679.64,1690.6796,2619.0819,9428.6949,2619.0819,1693.6414,-1997.791,-0.0,-9.81,9.81,14.5505,0.0,0.0,0.0,0.0,0.0,0.0,8000.0,27438360083.34,27438.3601
1016.5,Agni_Class,MIDCOURSE,2888540.9,2888.5409,1691526.46,1691.5265,2622.8253,9442.171,2622.8253,1693.6414,-2002.696,-0.0,-9.81,9.81,14.5713,0.0,0.0,0.0,0.0,0.0,0.0,8000.0,27516849637.26,27516.8496
1017.0,Agni_Class,MIDCOURSE,2887537.1,2887.5371,1692373.28,1692.3733,2626.5725,9455.6609,2626.5725,1693.6414,-2007.601,-0.0,-9.81,9.81,14.5921,0.0,0.0,0.0,0.0,0.0,0.0,8000.0,27595531663.38,27595.5317
1017.5,Agni_Class,MIDCOURSE,2886530.85,2886.5308,1693220.1,1693.2201,2630.3235,9469.1645,2630.3235,1693.6414,-2012.506,-0.0,-9.81,9.81,14.6129,0.0,0.0,0.0,0.0,0.0,0.0,8000.0,27674406161.7,27674.4062
1018.0,Agni_Class,MIDCOURSE,2885522.14,2885.5221,1694066.92,1694.0669,2634.0783,9482.6817,2634.0783,1693.6414,-2017.411,-0.0,-9.81,9.81,14.6338,0.0,0.0,0.0,0.0,0.0,0.0,8000.0,27753473132.21,27753.4731
1018.5,Agni_Class,MIDCOURSE,2884510.98,2884.511,1694913.74,1694.9137,2637.8368,9496.2126,2637.8368,1693.6414,-2022.316,-0.0,-9.81,9.81,14.6546,0.0,0.0,0.0,0.0,0.0,0.0,8000.0,27832732574.93,27832.7326
1019.0,Agni_Class,MIDCOURSE,2883497.37,2883.4974,1695760.56,1695.7606,2641.5992,9509.757,2641.5992,1693.6414,-2027.221,-0.0,-9.81,9.81,14.6756,0.0,0.0,0.0,0.0,0.0,0.0,8000.0,27912184489.85,27912.1845
1019.5,Agni_Class,MIDCOURSE,2882481.31,2882.4813,1696607.38,1696.6074,2645.3652,9523.3148,2645.3652,1693.6414,-2032.126,-0.0,-9.81,9.81,14.6965,0.0,0.0,0.0,0.0,0.0,0.0,8000.0,27991828876.96,27991.8289
1020.0,Agni_Class,MIDCOURSE,2881462.79,2881.4628,1697454.2,1697.4542,2649.135,9536.8861,2649.135,1693.6414,-2037.031,-0.0,-9.81,9.81,14.7174,0.0,0.0,0.0,0.0,0.0,0.0,8000.0,28071665736.28,28071.6657
1020.5,Agni_Class,MIDCOURSE,2880441.83,2880.4418,1698301.02,1698.301,2652.9085,9550.4708,2652.9085,1693.6414,-2041.936,-0.0,-9.81,9.81,14.7384,0.0,0.0,0.0,0.0,0.0,0.0,8000.0,28151695067.8,28151.6951
1021.0,Agni_Class,MIDCOURSE,2879418.41,2879.4184,1699147.84,1699.1478,2656.6858,9564.0687,2656.6858,1693.6414,-2046.841,-0.0,-9.81,9.81,14.7594,0.0,0.0,0.0,0.0,0.0,0.0,8000.0,28231916871.52,28231.9169
1021.5,Agni_Class,MIDCOURSE,2878392.53,2878.3925,1699994.66,1699.9947,2660.4666,9577.6799,2660.4666,1693.6414,-2051.746,-0.0,-9.81,9.81,14.7804,0.0,0.0,0.0,0.0,0.0,0.0,8000.0,28312331147.43,28312.3311
1022.0,Agni_Class,MIDCOURSE,2877364.21,2877.3642,1700841.49,1700.8415,2664.2512,9591.3043,2664.2512,1693.6414,-2056.651,-0.0,-9.81,9.81,14.8014,0.0,0.0,0.0,0.0,0.0,0.0,8000.0,28392937895.55,28392.9379
1022.5,Agni_Class,MIDCOURSE,2876333.43,2876.3334,1701688.31,1701.6883,2668.0394,9604.9419,2668.0394,1693.6414,-2061.556,-0.0,-9.81,9.81,14.8224,0.0,0.0,0.0,0.0,0.0,0.0,8000.0,28473737115.87,28473.7371
1023.0,Agni_Class,MIDCOURSE,2875300.2,2875.3002,1702535.13,1702.5351,2671.8312,9618.5925,2671.8312,1693.6414,-2066.461,-0.0,-9.81,9.81,14.8435,0.0,0.0,0.0,0.0,0.0,0.0,8000.0,28554728808.39,28554.7288
1023.5,Agni_Class,MIDCOURSE,2874264.52,2874.2645,1703381.95,1703.3819,2675.6267,9632.2561,2675.6267,1693.6414,-2071.366,-0.0,-9.81,9.81,14.8646,0.0,0.0,0.0,0.0,0.0,0.0,8000.0,28635912973.1,28635.913
1024.0,Agni_Class,MIDCOURSE,2873226.38,2873.2264,1704228.77,1704.2288,2679.4258,9645.9327,2679.4258,1693.6414,-2076.271,-0.0,-9.81,9.81,14.8857,0.0,0.0,0.0,0.0,0.0,0.0,8000.0,28717289610.02,28717.2896
1024.5,Agni_Class,MIDCOURSE,2872185.79,2872.1858,1705075.59,1705.0756,2683.2284,9659.6223,2683.2284,1693.6414,-2081.176,-0.0,-9.81,9.81,14.9068,0.0,0.0,0.0,0.0,0.0,0.0,8000.0,28798858719.14,28798.8587
1025.0,Agni_Class,MIDCOURSE,2871142.75,2871.1428,1705922.41,1705.9224,2687.0346,9673.3246,2687.0346,1693.6414,-2086.081,-0.0,-9.81,9.81,14.928,0.0,0.0,0.0,0.0,0.0,0.0,8000.0,28880620300.46,28880.6203
1025.5,Agni_Class,MIDCOURSE,2870097.26,2870.0973,1706769.23,1706.7692,2690.8444,9687.0398,2690.8444,1693.6414,-2090.986,-0.0,-9.81,9.81,14.9491,0.0,0.0,0.0,0.0,0.0,0.0,8000.0,28962574353.97,28962.5744
1026.0,Agni_Class,MIDCOURSE,2869049.31,2869.0493,1707616.05,1707.6161,2694.6577,9700.7678,2694.6577,1693.6414,-2095.891,-0.0,-9.81,9.81,14.9703,0.0,0.0,0.0,0.0,0.0,0.0,8000.0,29044720879.69,29044.7209
1026.5,Agni_Class,MIDCOURSE,2867998.92,2867.9989,1708462.87,1708.4629,2698.4746,9714.5084,2698.4746,1693.6414,-2100.796,-0.0,-9.81,9.81,14.9915,0.0,0.0,0.0,0.0,0.0,0.0,8000.0,29127059877.61,29127.0599
1027.0,Agni_Class,MIDCOURSE,2866946.07,2866.9461,1709309.69,1709.3097,2702.2949,9728.2617,2702.2949,1693.6414,-2105.701,-0.0,-9.81,9.81,15.0127,0.0,0.0,0.0,0.0,0.0,0.0,8000.0,29209591347.73,29209.5913
1027.5,Agni_Class,MIDCOURSE,2865890.76,2865.8908,1710156.51,1710.1565,2706.1188,9742.0276,2706.1188,1693.6414,-2110.606,-0.0,-9.81,9.81,15.034,0.0,0.0,0.0,0.0,0.0,0.0,8000.0,29292315290.04,29292.3153
1028.0,Agni_Class,MIDCOURSE,2864833.01,2864.833,1711003.33,1711.0033,2709.9461,9755.806,2709.9461,1693.6414,-2115.511,-0.0,-9.81,9.81,15.0553,0.0,0.0,0.0,0.0,0.0,0.0,8000.0,29375231704.56,29375.2317
1028.5,Agni_Class,MIDCOURSE,2863772.8,2863.7728,1711850.15,1711.8502,2713.7769,9769.5969,2713.7769,1693.6414,-2120.416,-0.0,-9.81,9.81,15.0765,0.0,0.0,0.0,0.0,0.0,0.0,8000.0,29458340591.28,29458.3406
1029.0,Agni_Class,MIDCOURSE,2862710.14,2862.7101,1712696.98,1712.697,2717.6112,9783.4002,2717.6112,1693.6414,-2125.321,-0.0,-9.81,9.81,15.0978,0.0,0.0,0.0,0.0,0.0,0.0,8000.0,29541641950.19,29541.642
1029.5,Agni_Class,MIDCOURSE,2861645.03,2861.645,1713543.8,1713.5438,2721.4489,9797.2159,2721.4489,1693.6414,-2130.226,-0.0,-9.81,9.81,15.1192,0.0,0.0,0.0,0.0,0.0,0.0,8000.0,29625135781.31,29625.1358
1030.0,Agni_Class,MIDCOURSE,2860577.46,2860.5775,1714390.62,1714.3906,2725.29,9811.044,2725.29,1693.6414,-2135.131,-0.0,-9.81,9.81,15.1405,0.0,0.0,0.0,0.0,0.0,0.0,8000.0,29708822084.63,29708.8221
1030.5,Agni_Class,MIDCOURSE,2859507.44,2859.5074,1715237.44,1715.2374,2729.1345,9824.8843,2729.1345,1693.6414,-2140.036,-0.0,-9.81,9.81,15.1619,0.0,0.0,0.0,0.0,0.0,0.0,8000.0,29792700860.15,29792.7009
1031.0,Agni_Class,MIDCOURSE,2858434.97,2858.435,1716084.26,1716.0843,2732.9824,9838.7368,2732.9824,1693.6414,-2144.941,-0.0,-9.81,9.81,15.1832,0.0,0.0,0.0,0.0,0.0,0.0,8000.0,29876772107.86,29876.7721
1031.5,Agni_Class,MIDCOURSE,2857360.05,2857.36,1716931.08,1716.9311,2736.8337,9852.6015,2736.8337,1693.6414,-2149.846,-0.0,-9.81,9.81,15.2046,0.0,0.0,0.0,0.0,0.0,0.0,8000.0,29961035827.78,29961.0358
1032.0,Agni_Class,MIDCOURSE,2856282.67,2856.2827,1717777.9,1717.7779,2740.6884,9866.4783,2740.6884,1693.6414,-2154.751,-0.0,-9.81,9.81,15.226,0.0,0.0,0.0,0.0,0.0,0.0,8000.0,30045492019.9,30045.492
1032.5,Agni_Class,MIDCOURSE,2855202.84,2855.2028,1718624.72,1718.6247,2744.5464,9880.3672,2744.5464,1693.6414,-2159.656,-0.0,-9.81,9.81,15.2475,0.0,0.0,0.0,0.0,0.0,0.0,8000.0,30130140684.22,30130.1407
1033.0,Agni_Class,MIDCOURSE,2854120.56,2854.1206,1719471.54,1719.4715,2748.4078,9894.2681,2748.4078,1693.6414,-2164.561,-0.0,-9.81,9.81,15.2689,0.0,0.0,0.0,0.0,0.0,0.0,8000.0,30214981820.73,30214.9818
1033.5,Agni_Class,MIDCOURSE,2853035.83,2853.0358,1720318.36,1720.3184,2752.2725,9908.181,2752.2725,1693.6414,-2169.466,-0.0,-9.81,9.81,15.2904,0.0,0.0,0.0,0.0,0.0,0.0,8000.0,30300015429.45,30300.0154
1034.0,Agni_Class,MIDCOURSE,2851948.65,2851.9486,1721165.18,1721.1652,2756.1405,9922.1057,2756.1405,1693.6414,-2174.371,-0.0,-9.81,9.81,15.3119,0.0,0.0,0.0,0.0,0.0,0.0,8000.0,30385241510.37,30385.2415
1034.5,Agni_Class,MIDCOURSE,2850859.01,2850.859,1722012.0,1722.012,2760.0118,9936.0424,2760.0118,1693.6414,-2179.276,-0.0,-9.81,9.81,15.3334,0.0,0.0,0.0,0.0,0.0,0.0,8000.0,30470660063.49,30470.6601
1035.0,Agni_Class,MIDCOURSE,2849766.92,2849.7669,1722858.82,1722.8588,2763.8864,9949.9909,2763.8864,1693.6414,-2184.181,-0.0,-9.81,9.81,15.3549,0.0,0.0,0.0,0.0,0.0,0.0,8000.0,30556271088.8,30556.2711
1035.5,Agni_Class,MIDCOURSE,2848672.37,2848.6724,1723705.64,1723.7056,2767.7642,9963.9511,2767.7642,1693.6414,-2189.086,-0.0,-9.81,9.81,15.3765,0.0,0.0,0.0,0.0,0.0,0.0,8000.0,30642074586.32,30642.0746
1036.0,Agni_Class,MIDCOURSE,2847575.38,2847.5754,1724552.47,1724.5525,2771.6453,9977.9231,2771.6453,1693.6414,-2193.991,-0.0,-9.81,9.81,15.398,0.0,0.0,0.0,0.0,0.0,0.0,8000.0,30728070556.04,30728.0706
1036.5,Agni_Class,MIDCOURSE,2846475.93,2846.4759,1725399.29,1725.3993,2775.5296,9991.9067,2775.5296,1693.6414,-2198.896,-0.0,-9.81,9.81,15.4196,0.0,0.0,0.0,0.0,0.0,0.0,8000.0,30814258997.96,30814.259
1037.0,Agni_Class,MIDCOURSE,2845374.03,2845.374,1726246.11,1726.2461,2779.4172,10005.9019,2779.4172,1693.6414,-2203.801,-0.0,-9.81,9.81,15.4412,0.0,0.0,0.0,0.0,0.0,0.0,8000.0,30900639912.07,30900.6399
1037.5,Agni_Class,MIDCOURSE,2844269.68,2844.2697,1727092.93,1727.0929,2783.308,10019.9087,2783.308,1693.6414,-2208.706,-0.0,-9.81,9.81,15.4628,0.0,0.0,0.0,0.0,0.0,0.0,8000.0,30987213298.39,30987.2133
1038.0,Agni_Class,MIDCOURSE,2843162.87,2843.1629,1727939.75,1727.9397,2787.202,10033.9271,2787.202,1693.6414,-2213.611,-0.0,-9.81,9.81,15.4845,0.0,0.0,0.0,0.0,0.0,0.0,8000.0,31073979156.91,31073.9792
1038.5,Agni_Class,MIDCOURSE,2842053.61,2842.0536,1728786.57,1728.7866,2791.0991,10047.9569,2791.0991,1693.6414,-2218.516,-0.0,-9.81,9.81,15.5061,0.0,0.0,0.0,0.0,0.0,0.0,8000.0,31160937487.62,31160.9375
1039.0,Agni_Class,MIDCOURSE,2840941.9,2840.9419,1729633.39,1729.6334,2794.9995,10061.9981,2794.9995,1693.6414,-2223.421,-0.0,-9.81,9.81,15.5278,0.0,0.0,0.0,0.0,0.0,0.0,8000.0,31248088290.54,31248.0883
1039.5,Agni_Class,MIDCOURSE,2839827.74,2839.8277,1730480.21,1730.4802,2798.903,10076.0507,2798.903,1693.6414,-2228.326,-0.0,-9.81,9.81,15.5495,0.0,0.0,0.0,0.0,0.0,0.0,8000.0,31335431565.66,31335.4316
1040.0,Agni_Class,MIDCOURSE,2838711.13,2838.7111,1731327.03,1731.327,2802.8096,10090.1147,2802.8096,1693.6414,-2233.231,-0.0,-9.81,9.81,15.5712,0.0,0.0,0.0,0.0,0.0,0.0,8000.0,31422967312.98,31422.9673
1040.5,Agni_Class,MIDCOURSE,2837592.06,2837.5921,1732173.85,1732.1739,2806.7194,10104.1899,2806.7194,1693.6414,-2238.136,-0.0,-9.81,9.81,15.5929,0.0,0.0,0.0,0.0,0.0,0.0,8000.0,31510695532.49,31510.6955
1041.0,Agni_Class,MIDCOURSE,2836470.54,2836.4705,1733020.67,1733.0207,2810.6323,10118.2764,2810.6323,1693.6414,-2243.041,-0.0,-9.81,9.81,15.6146,0.0,0.0,0.0,0.0,0.0,0.0,8000.0,31598616224.21,31598.6162
1041.5,Agni_Class,MIDCOURSE,2835346.56,2835.3466,1733867.49,1733.8675,2814.5483,10132.374,2814.5483,1693.6414,-2247.946,-0.0,-9.81,9.81,15.6364,0.0,0.0,0.0,0.0,0.0,0.0,8000.0,31686729388.13,31686.7294
1042.0,Agni_Class,MIDCOURSE,2834220.14,2834.2201,1734714.31,1734.7143,2818.4674,10146.4828,2818.4674,1693.6414,-2252.851,-0.0,-9.81,9.81,15.6582,0.0,0.0,0.0,0.0,0.0,0.0,8000.0,31775035024.25,31775.035
1042.5,Agni_Class,MIDCOURSE,2833091.26,2833.0913,1735561.13,1735.5611,2822.3896,10160.6027,2822.3896,1693.6414,-2257.756,-0.0,-9.81,9.81,15.6799,0.0,0.0,0.0,0.0,0.0,0.0,8000.0,31863533132.56,31863.5331
1043.0,Agni_Class,MIDCOURSE,2831959.93,2831.9599,1736407.96,1736.408,2826.3149,10174.7336,2826.3149,1693.6414,-2262.661,-0.0,-9.81,9.81,15.7017,0.0,0.0,0.0,0.0,0.0,0.0,8000.0,31952223713.08,31952.2237
1043.5,Agni_Class,MIDCOURSE,2830826.15,2830.8261,1737254.78,1737.2548,2830.2432,10188.8756,2830.2432,1693.6414,-2267.566,-0.0,-9.81,9.81,15.7236,0.0,0.0,0.0,0.0,0.0,0.0,8000.0,32041106765.8,32041.1068
1044.0,Agni_Class,MIDCOURSE,2829689.91,2829.6899,1738101.6,1738.1016,2834.1746,10203.0285,2834.1746,1693.6414,-2272.471,-0.0,-9.81,9.81,15.7454,0.0,0.0,0.0,0.0,0.0,0.0,8000.0,32130182290.72,32130.1823
1044.5,Agni_Class,MIDCOURSE,2828551.22,2828.5512,1738948.42,1738.9484,2838.109,10217.1923,2838.109,1693.6414,-2277.376,-0.0,-9.81,9.81,15.7673,0.0,0.0,0.0,0.0,0.0,0.0,8000.0,32219450287.83,32219.4503
1045.0,Agni_Class,MIDCOURSE,2827410.08,2827.4101,1739795.24,1739.7952,2842.0464,10231.367,2842.0464,1693.6414,-2282.281,-0.0,-9.81,9.81,15.7891,0.0,0.0,0.0,0.0,0.0,0.0,8000.0,32308910757.15,32308.9108
1045.5,Agni_Class,MIDCOURSE,2826266.49,2826.2665,1740642.06,1740.6421,2845.9868,10245.5525,2845.9868,1693.6414,-2287.186,-0.0,-9.81,9.81,15.811,0.0,0.0,0.0,0.0,0.0,0.0,8000.0,32398563698.67,32398.5637
1046.0,Agni_Class,MIDCOURSE,2825120.44,2825.1204,1741488.88,1741.4889,2849.9302,10259.7488,2849.9302,1693.6414,-2292.091,-0.0,-9.81,9.81,15.8329,0.0,0.0,0.0,0.0,0.0,0.0,8000.0,32488409112.39,32488.4091
1046.5,Agni_Class,MIDCOURSE,2823971.95,2823.9719,1742335.7,1742.3357,2853.8766,10273.9558,2853.8766,1693.6414,-2296.996,-0.0,-9.81,9.81,15.8549,0.0,0.0,0.0,0.0,0.0,0.0,8000.0,32578446998.3,32578.447
1047.0,Agni_Class,MIDCOURSE,2822821.0,2822.821,1743182.52,1743.1825,2857.826,10288.1735,2857.826,1693.6414,-2301.901,-0.0,-9.81,9.81,15.8768,0.0,0.0,0.0,0.0,0.0,0.0,8000.0,32668677356.42,32668.6774
1047.5,Agni_Class,MIDCOURSE,2821667.59,2821.6676,1744029.34,1744.0293,2861.7783,10302.4019,2861.7783,1693.6414,-2306.806,-0.0,-9.81,9.81,15.8988,0.0,0.0,0.0,0.0,0.0,0.0,8000.0,32759100186.74,32759.1002
1048.0,Agni_Class,MIDCOURSE,2820511.74,2820.5117,1744876.16,1744.8762,2865.7336,10316.6408,2865.7336,1693.6414,-2311.711,-0.0,-9.81,9.81,15.9207,0.0,0.0,0.0,0.0,0.0,0.0,8000.0,32849715489.26,32849.7155
1048.5,Agni_Class,MIDCOURSE,2819353.43,2819.3534,1745722.98,1745.723,2869.6918,10330.8903,2869.6918,1693.6414,-2316.616,-0.0,-9.81,9.81,15.9427,0.0,0.0,0.0,0.0,0.0,0.0,8000.0,32940523263.97,32940.5233
1049.0,Agni_Class,MIDCOURSE,2818192.67,2818.1927,1746569.8,1746.5698,2873.6529,10345.1504,2873.6529,1693.6414,-2321.521,-0.0,-9.81,9.81,15.9647,0.0,0.0,0.0,0.0,0.0,0.0,8000.0,33031523510.89,33031.5235
1049.5,Agni_Class,MIDCOURSE,2817029.46,2817.0295,1747416.62,1747.4166,2877.6169,10359.4209,2877.6169,1693.6414,-2326.426,-0.0,-9.81,9.81,15.9868,0.0,0.0,0.0,0.0,0.0,0.0,8000.0,33122716230.01,33122.7162
1050.0,Agni_Class,MIDCOURSE,2815863.79,2815.8638,1748263.45,1748.2634,2881.5838,10373.7018,2881.5838,1693.6414,-2331.331,-0.0,-9.81,9.81,16.0088,0.0,0.0,0.0,0.0,0.0,0.0,8000.0,33214101421.32,33214.1014
1050.5,Agni_Class,MIDCOURSE,2814695.67,2814.6957,1749110.27,1749.1103,2885.5536,10387.9931,2885.5536,1693.6414,-2336.236,-0.0,-9.81,9.81,16.0309,0.0,0.0,0.0,0.0,0.0,0.0,8000.0,33305679084.84,33305.6791
1051.0,Agni_Class,MIDCOURSE,2813525.1,2813.5251,1749957.09,1749.9571,2889.5263,10402.2947,2889.5263,1693.6414,-2341.141,-0.0,-9.81,9.81,16.0529,0.0,0.0,0.0,0.0,0.0,0.0,8000.0,33397449220.56,33397.4492
1051.5,Agni_Class,MIDCOURSE,2812352.08,2812.3521,1750803.91,1750.8039,2893.5019,10416.6067,2893.5019,1693.6414,-2346.046,-0.0,-9.81,9.81,16.075,0.0,0.0,0.0,0.0,0.0,0.0,8000.0,33489411828.48,33489.4118
1052.0,Agni_Class,MIDCOURSE,2811176.6,2811.1766,1751650.73,1751.6507,2897.4802,10430.9289,2897.4802,1693.6414,-2350.951,-0.0,-9.81,9.81,16.0971,0.0,0.0,0.0,0.0,0.0,0.0,8000.0,33581566908.59,33581.5669
1052.5,Agni_Class,MIDCOURSE,2809998.68,2809.9987,1752497.55,1752.4975,2901.4615,10445.2613,2901.4615,1693.6414,-2355.856,-0.0,-9.81,9.81,16.1192,0.0,0.0,0.0,0.0,0.0,0.0,8000.0,33673914460.91,33673.9145
1053.0,Agni_Class,MIDCOURSE,2808818.29,2808.8183,1753344.37,1753.3444,2905.4455,10459.6038,2905.4455,1693.6414,-2360.761,-0.0,-9.81,9.81,16.1414,0.0,0.0,0.0,0.0,0.0,0.0,8000.0,33766454485.43,33766.4545
1053.5,Agni_Class,MIDCOURSE,2807635.46,2807.6355,1754191.19,1754.1912,2909.4324,10473.9566,2909.4324,1693.6414,-2365.666,-0.0,-9.81,9.81,16.1635,0.0,0.0,0.0,0.0,0.0,0.0,8000.0,33859186982.15,33859.187
1054.0,Agni_Class,MIDCOURSE,2806450.18,2806.4502,1755038.01,1755.038,2913.422,10488.3193,2913.422,1693.6414,-2370.571,-0.0,-9.81,9.81,16.1857,0.0,0.0,0.0,0.0,0.0,0.0,8000.0,33952111951.06,33952.112
1054.5,Agni_Class,MIDCOURSE,2805262.44,2805.2624,1755884.83,1755.8848,2917.4145,10502.6922,2917.4145,1693.6414,-2375.476,-0.0,-9.81,9.81,16.2079,0.0,0.0,0.0,0.0,0.0,0.0,8000.0,34045229392.18,34045.2294
1055.0,Agni_Class,MIDCOURSE,2804072.25,2804.0722,1756731.65,1756.7317,2921.4097,10517.075,2921.4097,1693.6414,-2380.381,-0.0,-9.81,9.81,16.2301,0.0,0.0,0.0,0.0,0.0,0.0,8000.0,34138539305.5,34138.5393
1055.5,Agni_Class,MIDCOURSE,2802879.61,2802.8796,1757578.47,1757.5785,2925.4077,10531.4679,2925.4077,1693.6414,-2385.286,-0.0,-9.81,9.81,16.2523,0.0,0.0,0.0,0.0,0.0,0.0,8000.0,34232041691.02,34232.0417
1056.0,Agni_Class,MIDCOURSE,2801684.51,2801.6845,1758425.29,1758.4253,2929.4085,10545.8706,2929.4085,1693.6414,-2390.191,-0.0,-9.81,9.81,16.2745,0.0,0.0,0.0,0.0,0.0,0.0,8000.0,34325736548.73,34325.7365
1056.5,Agni_Class,MIDCOURSE,2800486.96,2800.487,1759272.11,1759.2721,2933.412,10560.2832,2933.412,1693.6414,-2395.096,-0.0,-9.81,9.81,16.2967,0.0,0.0,0.0,0.0,0.0,0.0,8000.0,34419623878.65,34419.6239
1057.0,Agni_Class,MIDCOURSE,2799286.96,2799.287,1760118.94,1760.1189,2937.4182,10574.7057,2937.4182,1693.6414,-2400.001,-0.0,-9.81,9.81,16.319,0.0,0.0,0.0,0.0,0.0,0.0,8000.0,34513703680.77,34513.7037
1057.5,Agni_Class,MIDCOURSE,2798084.51,2798.0845,1760965.76,1760.9658,2941.4272,10589.1379,2941.4272,1693.6414,-2404.906,-0.0,-9.81,9.81,16.3413,0.0,0.0,0.0,0.0,0.0,0.0,8000.0,34607975955.09,34607.976
1058.0,Agni_Class,MIDCOURSE,2796879.6,2796.8796,1761812.58,1761.8126,2945.4389,10603.58,2945.4389,1693.6414,-2409.811,-0.0,-9.81,9.81,16.3635,0.0,0.0,0.0,0.0,0.0,0.0,8000.0,34702440701.6,34702.4407
1058.5,Agni_Class,MIDCOURSE,2795672.24,2795.6722,1762659.4,1762.6594,2949.4533,10618.0317,2949.4533,1693.6414,-2414.716,-0.0,-9.81,9.81,16.3859,0.0,0.0,0.0,0.0,0.0,0.0,8000.0,34797097920.32,34797.0979
1059.0,Agni_Class,MIDCOURSE,2794462.43,2794.4624,1763506.22,1763.5062,2953.4703,10632.4931,2953.4703,1693.6414,-2419.621,-0.0,-9.81,9.81,16.4082,0.0,0.0,0.0,0.0,0.0,0.0,8000.0,34891947611.24,34891.9476
1059.5,Agni_Class,MIDCOURSE,2793250.17,2793.2502,1764353.04,1764.353,2957.4901,10646.9642,2957.4901,1693.6414,-2424.526,-0.0,-9.81,9.81,16.4305,0.0,0.0,0.0,0.0,0.0,0.0,8000.0,34986989774.35,34986.9898
1060.0,Agni_Class,MIDCOURSE,2792035.46,2792.0355,1765199.86,1765.1999,2961.5125,10661.4449,2961.5125,1693.6414,-2429.431,-0.0,-9.81,9.81,16.4528,0.0,0.0,0.0,0.0,0.0,0.0,8000.0,35082224409.67,35082.2244
1060.5,Agni_Class,MIDCOURSE,2790818.29,2790.8183,1766046.68,1766.0467,2965.5375,10675.9351,2965.5375,1693.6414,-2434.336,-0.0,-9.81,9.81,16.4752,0.0,0.0,0.0,0.0,0.0,0.0,8000.0,35177651517.19,35177.6515
1061.0,Agni_Class,MIDCOURSE,2789598.67,2789.5987,1766893.5,1766.8935,2969.5653,10690.4349,2969.5653,1693.6414,-2439.241,-0.0,-9.81,9.81,16.4976,0.0,0.0,0.0,0.0,0.0,0.0,8000.0,35273271096.91,35273.2711
1061.5,Agni_Class,MIDCOURSE,2788376.59,2788.3766,1767740.32,1767.7403,2973.5956,10704.9442,2973.5956,1693.6414,-2444.146,-0.0,-9.81,9.81,16.52,0.0,0.0,0.0,0.0,0.0,0.0,8000.0,35369083148.82,35369.0831
1062.0,Agni_Class,MIDCOURSE,2787152.07,2787.1521,1768587.14,1768.5871,2977.6286,10719.4629,2977.6286,1693.6414,-2449.051,-0.0,-9.81,9.81,16.5424,0.0,0.0,0.0,0.0,0.0,0.0,8000.0,35465087672.94,35465.0877
1062.5,Agni_Class,MIDCOURSE,2785925.09,2785.9251,1769433.96,1769.434,2981.6642,10733.991,2981.6642,1693.6414,-2453.956,-0.0,-9.81,9.81,16.5648,0.0,0.0,0.0,0.0,0.0,0.0,8000.0,35561284669.26,35561.2847
1063.0,Agni_Class,MIDCOURSE,2784695.66,2784.6957,1770280.78,1770.2808,2985.7024,10748.5285,2985.7024,1693.6414,-2458.861,-0.0,-9.81,9.81,16.5872,0.0,0.0,0.0,0.0,0.0,0.0,8000.0,35657674137.78,35657.6741
1063.5,Agni_Class,MIDCOURSE,2783463.78,2783.4638,1771127.6,1771.1276,2989.7431,10763.0753,2989.7431,1693.6414,-2463.766,-0.0,-9.81,9.81,16.6097,0.0,0.0,0.0,0.0,0.0,0.0,8000.0,35754256078.49,35754.2561
1064.0,Agni_Class,MIDCOURSE,2782229.44,2782.2294,1771974.43,1771.9744,2993.7865,10777.6314,2993.7865,1693.6414,-2468.671,-0.0,-9.81,9.81,16.6321,0.0,0.0,0.0,0.0,0.0,0.0,8000.0,35851030491.41,35851.0305
1064.5,Agni_Class,MIDCOURSE,2780992.65,2780.9927,1772821.25,1772.8212,2997.8324,10792.1968,2997.8324,1693.6414,-2473.576,-0.0,-9.81,9.81,16.6546,0.0,0.0,0.0,0.0,0.0,0.0,8000.0,35947997376.53,35947.9974
1065.0,Agni_Class,MIDCOURSE,2779753.41,2779.7534,1773668.07,1773.6681,3001.8809,10806.7714,3001.8809,1693.6414,-2478.481,-0.0,-9.81,9.81,16.6771,0.0,0.0,0.0,0.0,0.0,0.0,8000.0,36045156733.85,36045.1567
1065.5,Agni_Class,MIDCOURSE,2778511.72,2778.5117,1774514.89,1774.5149,3005.932,10821.3552,3005.932,1693.6414,-2483.386,-0.0,-9.81,9.81,16.6996,0.0,0.0,0.0,0.0,0.0,0.0,8000.0,36142508563.36,36142.5086
1066.0,Agni_Class,MIDCOURSE,2777267.57,2777.2676,1775361.71,1775.3617,3009.9856,10835.9481,3009.9856,1693.6414,-2488.291,-0.0,-9.81,9.81,16.7221,0.0,0.0,0.0,0.0,0.0,0.0,8000.0,36240052865.08,36240.0529
1066.5,Agni_Class,MIDCOURSE,2776020.98,2776.021,1776208.53,1776.2085,3014.0417,10850.5501,3014.0417,1693.6414,-2493.196,-0.0,-9.81,9.81,16.7447,0.0,0.0,0.0,0.0,0.0,0.0,8000.0,36337789639.0,36337.7896
1067.0,Agni_Class,MIDCOURSE,2774771.93,2774.7719,1777055.35,1777.0553,3018.1003,10865.1613,3018.1003,1693.6414,-2498.101,-0.0,-9.81,9.81,16.7672,0.0,0.0,0.0,0.0,0.0,0.0,8000.0,36435718885.12,36435.7189
1067.5,Agni_Class,MIDCOURSE,2773520.42,2773.5204,1777902.17,1777.9022,3022.1615,10879.7814,3022.1615,1693.6414,-2503.006,-0.0,-9.81,9.81,16.7898,0.0,0.0,0.0,0.0,0.0,0.0,8000.0,36533840603.43,36533.8406
1068.0,Agni_Class,MIDCOURSE,2772266.47,2772.2665,1778748.99,1778.749,3026.2252,10894.4106,3026.2252,1693.6414,-2507.911,-0.0,-9.81,9.81,16.8124,0.0,0.0,0.0,0.0,0.0,0.0,8000.0,36632154793.95,36632.1548
1068.5,Agni_Class,MIDCOURSE,2771010.06,2771.0101,1779595.81,1779.5958,3030.2913,10909.0487,3030.2913,1693.6414,-2512.816,-0.0,-9.81,9.81,16.835,0.0,0.0,0.0,0.0,0.0,0.0,8000.0,36730661456.67,36730.6615
1069.0,Agni_Class,MIDCOURSE,2769751.2,2769.7512,1780442.63,1780.4426,3034.3599,10923.6957,3034.3599,1693.6414,-2517.721,-0.0,-9.81,9.81,16.8576,0.0,0.0,0.0,0.0,0.0,0.0,8000.0,36829360591.58,36829.3606
1069.5,Agni_Class,MIDCOURSE,2768489.89,2768.4899,1781289.45,1781.2895,3038.431,10938.3517,3038.431,1693.6414,-2522.626,-0.0,-9.81,9.81,16.8802,0.0,0.0,0.0,0.0,0.0,0.0,8000.0,36928252198.7,36928.2522
1070.0,Agni_Class,MIDCOURSE,2767226.12,2767.2261,1782136.27,1782.1363,3042.5046,10953.0165,3042.5046,1693.6414,-2527.531,-0.0,-9.81,9.81,16.9028,0.0,0.0,0.0,0.0,0.0,0.0,8000.0,37027336278.02,37027.3363
1070.5,Agni_Class,MIDCOURSE,2765959.9,2765.9599,1782983.09,1782.9831,3046.5806,10967.6901,3046.5806,1693.6414,-2532.436,-0.0,-9.81,9.81,16.9254,0.0,0.0,0.0,0.0,0.0,0.0,8000.0,37126612829.54,37126.6128
1071.0,Agni_Class,MIDCOURSE,2764691.23,2764.6912,1783829.91,1783.8299,3050.659,10982.3725,3050.659,1693.6414,-2537.341,-0.0,-9.81,9.81,16.9481,0.0,0.0,0.0,0.0,0.0,0.0,8000.0,37226081853.25,37226.0819
1071.5,Agni_Class,MIDCOURSE,2763420.11,2763.4201,1784676.74,1784.6767,3054.7399,10997.0636,3054.7399,1693.6414,-2542.246,-0.0,-9.81,9.81,16.9708,0.0,0.0,0.0,0.0,0.0,0.0,8000.0,37325743349.17,37325.7433
1072.0,Agni_Class,MIDCOURSE,2762146.53,2762.1465,1785523.56,1785.5236,3058.8232,11011.7635,3058.8232,1693.6414,-2547.151,-0.0,-9.81,9.81,16.9935,0.0,0.0,0.0,0.0,0.0,0.0,8000.0,37425597317.29,37425.5973
1072.5,Agni_Class,MIDCOURSE,2760870.51,2760.8705,1786370.38,1786.3704,3062.9089,11026.472,3062.9089,1693.6414,-2552.056,-0.0,-9.81,9.81,17.0162,0.0,0.0,0.0,0.0,0.0,0.0,8000.0,37525643757.61,37525.6438
1073.0,Agni_Class,MIDCOURSE,2759592.03,2759.592,1787217.2,1787.2172,3066.997,11041.1892,3066.997,1693.6414,-2556.961,-0.0,-9.81,9.81,17.0389,0.0,0.0,0.0,0.0,0.0,0.0,8000.0,37625882670.12,37625.8827
1073.5,Agni_Class,MIDCOURSE,2758311.09,2758.3111,1788064.02,1788.064,3071.0875,11055.915,3071.0875,1693.6414,-2561.866,-0.0,-9.81,9.81,17.0616,0.0,0.0,0.0,0.0,0.0,0.0,8000.0,37726314054.84,37726.3141
1074.0,Agni_Class,MIDCOURSE,2757027.71,2757.0277,1788910.84,1788.9108,3075.1804,11070.6494,3075.1804,1693.6414,-2566.771,-0.0,-9.81,9.81,17.0843,0.0,0.0,0.0,0.0,0.0,0.0,8000.0,37826937911.76,37826.9379
1074.5,Agni_Class,MIDCOURSE,2755741.87,2755.7419,1789757.66,1789.7577,3079.2757,11085.3924,3079.2757,1693.6414,-2571.676,-0.0,-9.81,9.81,17.1071,0.0,0.0,0.0,0.0,0.0,0.0,8000.0,37927754240.88,37927.7542
1075.0,Agni_Class,MIDCOURSE,2754453.58,2754.4536,1790604.48,1790.6045,3083.3733,11100.1438,3083.3733,1693.6414,-2576.581,-0.0,-9.81,9.81,17.1299,0.0,0.0,0.0,0.0,0.0,0.0,8000.0,38028763042.19,38028.763
1075.5,Agni_Class,MIDCOURSE,2753162.84,2753.1628,1791451.3,1791.4513,3087.4733,11114.9037,3087.4733,1693.6414,-2581.486,-0.0,-9.81,9.81,17.1526,0.0,0.0,0.0,0.0,0.0,0.0,8000.0,38129964315.71,38129.9643
1076.0,Agni_Class,MIDCOURSE,2751869.64,2751.8696,1792298.12,1792.2981,3091.5756,11129.6721,3091.5756,1693.6414,-2586.391,-0.0,-9.81,9.81,17.1754,0.0,0.0,0.0,0.0,0.0,0.0,8000.0,38231358061.43,38231.3581
1076.5,Agni_Class,MIDCOURSE,2750573.99,2750.574,1793144.94,1793.1449,3095.6802,11144.4488,3095.6802,1693.6414,-2591.296,-0.0,-9.81,9.81,17.1982,0.0,0.0,0.0,0.0,0.0,0.0,8000.0,38332944279.35,38332.9443
1077.0,Agni_Class,MIDCOURSE,2749275.89,2749.2759,1793991.76,1793.9918,3099.7872,11159.234,3099.7872,1693.6414,-2596.201,-0.0,-9.81,9.81,17.221,0.0,0.0,0.0,0.0,0.0,0.0,8000.0,38434722969.46,38434.723
1077.5,Agni_Class,MIDCOURSE,2747975.34,2747.9753,1794838.58,1794.8386,3103.8965,11174.0274,3103.8965,1693.6414,-2601.106,-0.0,-9.81,9.81,17.2439,0.0,0.0,0.0,0.0,0.0,0.0,8000.0,38536694131.78,38536.6941
1078.0,Agni_Class,MIDCOURSE,2746672.33,2746.6723,1795685.4,1795.6854,3108.0081,11188.8292,3108.0081,1693.6414,-2606.011,-0.0,-9.81,9.81,17.2667,0.0,0.0,0.0,0.0,0.0,0.0,8000.0,38638857766.3,38638.8578
1078.5,Agni_Class,MIDCOURSE,2745366.88,2745.3669,1796532.23,1796.5322,3112.122,11203.6393,3112.122,1693.6414,-2610.916,-0.0,-9.81,9.81,17.2896,0.0,0.0,0.0,0.0,0.0,0.0,8000.0,38741213873.02,38741.2139
1079.0,Agni_Class,MIDCOURSE,2744058.96,2744.059,1797379.05,1797.379,3116.2382,11218.4576,3116.2382,1693.6414,-2615.821,-0.0,-9.81,9.81,17.3124,0.0,0.0,0.0,0.0,0.0,0.0,8000.0,38843762451.93,38843.7625
1079.5,Agni_Class,MIDCOURSE,2742748.6,2742.7486,1798225.87,1798.2259,3120.3567,11233.2841,3120.3567,1693.6414,-2620.726,-0.0,-9.81,9.81,17.3353,0.0,0.0,0.0,0.0,0.0,0.0,8000.0,38946503503.05,38946.5035
1080.0,Agni_Class,MIDCOURSE,2741435.79,2741.4358,1799072.69,1799.0727,3124.4774,11248.1188,3124.4774,1693.6414,-2625.631,-0.0,-9.81,9.81,17.3582,0.0,0.0,0.0,0.0,0.0,0.0,8000.0,39049437026.37,39049.437
1080.5,Agni_Class,MIDCOURSE,2740120.52,2740.1205,1799919.51,1799.9195,3128.6004,11262.9616,3128.6004,1693.6414,-2630.536,-0.0,-9.81,9.81,17.3811,0.0,0.0,0.0,0.0,0.0,0.0,8000.0,39152563021.88,39152.563
1081.0,Agni_Class,MIDCOURSE,2738802.8,2738.8028,1800766.33,1800.7663,3132.7257,11277.8126,3132.7257,1693.6414,-2635.441,-0.0,-9.81,9.81,17.404,0.0,0.0,0.0,0.0,0.0,0.0,8000.0,39255881489.6,39255.8815
1081.5,Agni_Class,MIDCOURSE,2737482.62,2737.4826,1801613.15,1801.6131,3136.8532,11292.6716,3136.8532,1693.6414,-2640.346,-0.0,-9.81,9.81,17.427,0.0,0.0,0.0,0.0,0.0,0.0,8000.0,39359392429.52,39359.3924
1082.0,Agni_Class,MIDCOURSE,2736160.0,2736.16,1802459.97,1802.46,3140.983,11307.5387,3140.983,1693.6414,-2645.251,-0.0,-9.81,9.81,17.4499,0.0,0.0,0.0,0.0,0.0,0.0,8000.0,39463095841.64,39463.0958
1082.5,Agni_Class,MIDCOURSE,2734834.92,2734.8349,1803306.79,1803.3068,3145.1149,11322.4138,3145.1149,1693.6414,-2650.156,-0.0,-9.81,9.81,17.4729,0.0,0.0,0.0,0.0,0.0,0.0,8000.0,39566991725.95,39566.9917
1083.0,Agni_Class,MIDCOURSE,2733507.39,2733.5074,1804153.61,1804.1536,3149.2491,11337.2968,3149.2491,1693.6414,-2655.061,-0.0,-9.81,9.81,17.4958,0.0,0.0,0.0,0.0,0.0,0.0,8000.0,39671080082.47,39671.0801
1083.5,Agni_Class,MIDCOURSE,2732177.41,2732.1774,1805000.43,1805.0004,3153.3855,11352.1879,3153.3855,1693.6414,-2659.966,-0.0,-9.81,9.81,17.5188,0.0,0.0,0.0,0.0,0.0,0.0,8000.0,39775360911.19,39775.3609
1084.0,Agni_Class,MIDCOURSE,2730844.97,2730.845,1805847.25,1805.8473,3157.5241,11367.0868,3157.5241,1693.6414,-2664.871,-0.0,-9.81,9.81,17.5418,0.0,0.0,0.0,0.0,0.0,0.0,8000.0,39879834212.11,39879.8342
1084.5,Agni_Class,MIDCOURSE,2729510.08,2729.5101,1806694.07,1806.6941,3161.6649,11381.9937,3161.6649,1693.6414,-2669.776,-0.0,-9.81,9.81,17.5648,0.0,0.0,0.0,0.0,0.0,0.0,8000.0,39984499985.22,39984.5
1085.0,Agni_Class,MIDCOURSE,2728172.74,2728.1727,1807540.89,1807.5409,3165.8079,11396.9084,3165.8079,1693.6414,-2674.681,-0.0,-9.81,9.81,17.5878,0.0,0.0,0.0,0.0,0.0,0.0,8000.0,40089358230.54,40089.3582
1085.5,Agni_Class,MIDCOURSE,2726832.95,2726.833,1808387.72,1808.3877,3169.953,11411.8309,3169.953,1693.6414,-2679.586,-0.0,-9.81,9.81,17.6109,0.0,0.0,0.0,0.0,0.0,0.0,8000.0,40194408948.06,40194.4089
1086.0,Agni_Class,MIDCOURSE,2725490.71,2725.4907,1809234.54,1809.2345,3174.1004,11426.7613,3174.1004,1693.6414,-2684.491,-0.0,-9.81,9.81,17.6339,0.0,0.0,0.0,0.0,0.0,0.0,8000.0,40299652137.78,40299.6521
1086.5,Agni_Class,MIDCOURSE,2724146.01,2724.146,1810081.36,1810.0814,3178.2498,11441.6994,3178.2498,1693.6414,-2689.396,-0.0,-9.81,9.81,17.6569,0.0,0.0,0.0,0.0,0.0,0.0,8000.0,40405087799.69,40405.0878
1087.0,Agni_Class,MIDCOURSE,2722798.86,2722.7989,1810928.18,1810.9282,3182.4014,11456.6452,3182.4014,1693.6414,-2694.301,-0.0,-9.81,9.81,17.68,0.0,0.0,0.0,0.0,0.0,0.0,8000.0,40510715933.81,40510.7159
1087.5,Agni_Class,MIDCOURSE,2721449.25,2721.4493,1811775.0,1811.775,3186.5552,11471.5988,3186.5552,1693.6414,-2699.206,-0.0,-9.81,9.81,17.7031,0.0,0.0,0.0,0.0,0.0,0.0,8000.0,40616536540.13,40616.5365
1088.0,Agni_Class,MIDCOURSE,2720097.2,2720.0972,1812621.82,1812.6218,3190.7111,11486.56,3190.7111,1693.6414,-2704.111,-0.0,-9.81,9.81,17.7262,0.0,0.0,0.0,0.0,0.0,0.0,8000.0,40722549618.65,40722.5496
1088.5,Agni_Class,MIDCOURSE,2718742.69,2718.7427,1813468.64,1813.4686,3194.8691,11501.5289,3194.8691,1693.6414,-2709.016,-0.0,-9.81,9.81,17.7493,0.0,0.0,0.0,0.0,0.0,0.0,8000.0,40828755169.36,40828.7552
1089.0,Agni_Class,MIDCOURSE,2717385.73,2717.3857,1814315.46,1814.3155,3199.0293,11516.5054,3199.0293,1693.6414,-2713.921,-0.0,-9.81,9.81,17.7724,0.0,0.0,0.0,0.0,0.0,0.0,8000.0,40935153192.28,40935.1532
1089.5,Agni_Class,MIDCOURSE,2716026.32,2716.0263,1815162.28,1815.1623,3203.1915,11531.4895,3203.1915,1693.6414,-2718.826,-0.0,-9.81,9.81,17.7955,0.0,0.0,0.0,0.0,0.0,0.0,8000.0,41041743687.4,41041.7437
1090.0,Agni_Class,MIDCOURSE,2714664.45,2714.6645,1816009.1,1816.0091,3207.3559,11546.4811,3207.3559,1693.6414,-2723.731,-0.0,-9.81,9.81,17.8186,0.0,0.0,0.0,0.0,0.0,0.0,8000.0,41148526654.71,41148.5267
1090.5,Agni_Class,MIDCOURSE,2713300.13,2713.3001,1816855.92,1816.8559,3211.5223,11561.4803,3211.5223,1693.6414,-2728.636,-0.0,-9.81,9.81,17.8418,0.0,0.0,0.0,0.0,0.0,0.0,8000.0,41255502094.23,41255.5021
1091.0,Agni_Class,MIDCOURSE,2711933.36,2711.9334,1817702.74,1817.7027,3215.6908,11576.487,3215.6908,1693.6414,-2733.541,-0.0,-9.81,9.81,17.8649,0.0,0.0,0.0,0.0,0.0,0.0,8000.0,41362670005.95,41362.67
1091.5,Agni_Class,MIDCOURSE,2710564.14,2710.5641,1818549.56,1818.5496,3219.8614,11591.5011,3219.8614,1693.6414,-2738.446,-0.0,-9.81,9.81,17.8881,0.0,0.0,0.0,0.0,0.0,0.0,8000.0,41470030389.87,41470.0304
1092.0,Agni_Class,MIDCOURSE,2709192.46,2709.1925,1819396.38,1819.3964,3224.0341,11606.5227,3224.0341,1693.6414,-2743.351,-0.0,-9.81,9.81,17.9113,0.0,0.0,0.0,0.0,0.0,0.0,8000.0,41577583245.98,41577.5832
1092.5,Agni_Class,MIDCOURSE,2707818.34,2707.8183,1820243.21,1820.2432,3228.2088,11621.5517,3228.2088,1693.6414,-2748.256,-0.0,-9.81,9.81,17.9345,0.0,0.0,0.0,0.0,0.0,0.0,8000.0,41685328574.3,41685.3286
1093.0,Agni_Class,MIDCOURSE,2706441.76,2706.4418,1821090.03,1821.09,3232.3856,11636.5881,3232.3856,1693.6414,-2753.161,-0.0,-9.81,9.81,17.9577,0.0,0.0,0.0,0.0,0.0,0.0,8000.0,41793266374.82,41793.2664
1093.5,Agni_Class,MIDCOURSE,2705062.72,2705.0627,1821936.85,1821.9368,3236.5644,11651.6319,3236.5644,1693.6414,-2758.066,-0.0,-9.81,9.81,17.9809,0.0,0.0,0.0,0.0,0.0,0.0,8000.0,41901396647.54,41901.3966
1094.0,Agni_Class,MIDCOURSE,2703681.24,2703.6812,1822783.67,1822.7837,3240.7453,11666.6829,3240.7453,1693.6414,-2762.971,-0.0,-9.81,9.81,18.0041,0.0,0.0,0.0,0.0,0.0,0.0,8000.0,42009719392.45,42009.7194
1094.5,Agni_Class,MIDCOURSE,2702297.3,2702.2973,1823630.49,1823.6305,3244.9281,11681.7413,3244.9281,1693.6414,-2767.876,-0.0,-9.81,9.81,18.0274,0.0,0.0,0.0,0.0,0.0,0.0,8000.0,42118234609.57,42118.2346
1095.0,Agni_Class,MIDCOURSE,2700910.91,2700.9109,1824477.31,1824.4773,3249.113,11696.807,3249.113,1693.6414,-2772.781,-0.0,-9.81,9.81,18.0506,0.0,0.0,0.0,0.0,0.0,0.0,8000.0,42226942298.89,42226.9423
1095.5,Agni_Class,MIDCOURSE,2699522.07,2699.5221,1825324.13,1825.3241,3253.3,11711.8798,3253.3,1693.6414,-2777.686,-0.0,-9.81,9.81,18.0739,0.0,0.0,0.0,0.0,0.0,0.0,8000.0,42335842460.41,42335.8425
1096.0,Agni_Class,MIDCOURSE,2698130.77,2698.1308,1826170.95,1826.171,3257.4889,11726.96,3257.4889,1693.6414,-2782.591,-0.0,-9.81,9.81,18.0972,0.0,0.0,0.0,0.0,0.0,0.0,8000.0,42444935094.12,42444.9351
1096.5,Agni_Class,MIDCOURSE,2696737.02,2696.737,1827017.77,1827.0178,3261.6798,11742.0472,3261.6798,1693.6414,-2787.496,-0.0,-9.81,9.81,18.1204,0.0,0.0,0.0,0.0,0.0,0.0,8000.0,42554220200.04,42554.2202
1097.0,Agni_Class,MIDCOURSE,2695340.82,2695.3408,1827864.59,1827.8646,3265.8727,11757.1417,3265.8727,1693.6414,-2792.401,-0.0,-9.81,9.81,18.1437,0.0,0.0,0.0,0.0,0.0,0.0,8000.0,42663697778.16,42663.6978
1097.5,Agni_Class,MIDCOURSE,2693942.17,2693.9422,1828711.41,1828.7114,3270.0676,11772.2433,3270.0676,1693.6414,-2797.306,-0.0,-9.81,9.81,18.167,0.0,0.0,0.0,0.0,0.0,0.0,8000.0,42773367828.48,42773.3678
1098.0,Agni_Class,MIDCOURSE,2692541.06,2692.5411,1829558.23,1829.5582,3274.2644,11787.352,3274.2644,1693.6414,-2802.211,-0.0,-9.81,9.81,18.1904,0.0,0.0,0.0,0.0,0.0,0.0,8000.0,42883230350.99,42883.2304
1098.5,Agni_Class,MIDCOURSE,2691137.51,2691.1375,1830405.05,1830.4051,3278.4633,11802.4677,3278.4633,1693.6414,-2807.116,-0.0,-9.81,9.81,18.2137,0.0,0.0,0.0,0.0,0.0,0.0,8000.0,42993285345.71,42993.2853
1099.0,Agni_Class,MIDCOURSE,2689731.5,2689.7315,1831251.87,1831.2519,3282.664,11817.5905,3282.664,1693.6414,-2812.021,-0.0,-9.81,9.81,18.237,0.0,0.0,0.0,0.0,0.0,0.0,8000.0,43103532812.63,43103.5328
1099.5,Agni_Class,MIDCOURSE,2688323.03,2688.323,1832098.7,1832.0987,3286.8668,11832.7204,3286.8668,1693.6414,-2816.926,-0.0,-9.81,9.81,18.2604,0.0,0.0,0.0,0.0,0.0,0.0,8000.0,43213972751.75,43213.9728
1100.0,Agni_Class,MIDCOURSE,2686912.12,2686.9121,1832945.52,1832.9455,3291.0715,11847.8572,3291.0715,1693.6414,-2821.831,-0.0,-9.81,9.81,18.2837,0.0,0.0,0.0,0.0,0.0,0.0,8000.0,43324605163.06,43324.6052
1100.5,Agni_Class,MIDCOURSE,2685498.75,2685.4987,1833792.34,1833.7923,3295.2781,11863.001,3295.2781,1693.6414,-2826.736,-0.0,-9.81,9.81,18.3071,0.0,0.0,0.0,0.0,0.0,0.0,8000.0,43435430046.58,43435.43
1101.0,Agni_Class,MIDCOURSE,2684082.93,2684.0829,1834639.16,1834.6392,3299.4866,11878.1518,3299.4866,1693.6414,-2831.641,-0.0,-9.81,9.81,18.3305,0.0,0.0,0.0,0.0,0.0,0.0,8000.0,43546447402.3,43546.4474
1101.5,Agni_Class,MIDCOURSE,2682664.66,2682.6647,1835485.98,1835.486,3303.6971,11893.3094,3303.6971,1693.6414,-2836.546,-0.0,-9.81,9.81,18.3539,0.0,0.0,0.0,0.0,0.0,0.0,8000.0,43657657230.21,43657.6572
1102.0,Agni_Class,MIDCOURSE,2681243.93,2681.2439,1836332.8,1836.3328,3307.9094,11908.474,3307.9094,1693.6414,-2841.451,-0.0,-9.81,9.81,18.3773,0.0,0.0,0.0,0.0,0.0,0.0,8000.0,43769059530.33,43769.0595
1102.5,Agni_Class,MIDCOURSE,2679820.75,2679.8208,1837179.62,1837.1796,3312.1237,11923.6454,3312.1237,1693.6414,-2846.356,-0.0,-9.81,9.81,18.4007,0.0,0.0,0.0,0.0,0.0,0.0,8000.0,43880654302.65,43880.6543
1103.0,Agni_Class,MIDCOURSE,2678395.12,2678.3951,1838026.44,1838.0264,3316.3399,11938.8237,3316.3399,1693.6414,-2851.261,-0.0,-9.81,9.81,18.4241,0.0,0.0,0.0,0.0,0.0,0.0,8000.0,43992441547.17,43992.4415
1103.5,Agni_Class,MIDCOURSE,2676967.04,2676.967,1838873.26,1838.8733,3320.558,11954.0087,3320.558,1693.6414,-2856.166,-0.0,-9.81,9.81,18.4475,0.0,0.0,0.0,0.0,0.0,0.0,8000.0,44104421263.88,44104.4213
1104.0,Agni_Class,MIDCOURSE,2675536.5,2675.5365,1839720.08,1839.7201,3324.7779,11969.2006,3324.7779,1693.6414,-2861.071,-0.0,-9.81,9.81,18.471,0.0,0.0,0.0,0.0,0.0,0.0,8000.0,44216593452.8,44216.5935
1104.5,Agni_Class,MIDCOURSE,2674103.51,2674.1035,1840566.9,1840.5669,3328.9998,11984.3992,3328.9998,1693.6414,-2865.976,-0.0,-9.81,9.81,18.4944,0.0,0.0,0.0,0.0,0.0,0.0,8000.0,44328958113.92,44328.9581
1105.0,Agni_Class,MIDCOURSE,2672668.07,2672.6681,1841413.72,1841.4137,3333.2235,11999.6046,3333.2235,1693.6414,-2870.881,-0.0,-9.81,9.81,18.5179,0.0,0.0,0.0,0.0,0.0,0.0,8000.0,44441515247.24,44441.5152
1105.5,Agni_Class,MIDCOURSE,2671230.18,2671.2302,1842260.54,1842.2605,3337.4491,12014.8166,3337.4491,1693.6414,-2875.786,-0.0,-9.81,9.81,18.5414,0.0,0.0,0.0,0.0,0.0,0.0,8000.0,44554264852.75,44554.2649
1106.0,Agni_Class,MIDCOURSE,2669789.84,2669.7898,1843107.36,1843.1074,3341.6765,12030.0353,3341.6765,1693.6414,-2880.691,-0.0,-9.81,9.81,18.5649,0.0,0.0,0.0,0.0,0.0,0.0,8000.0,44667206930.47,44667.2069
1106.5,Agni_Class,MIDCOURSE,2668347.04,2668.347,1843954.19,1843.9542,3345.9058,12045.2607,3345.9058,1693.6414,-2885.596,-0.0,-9.81,9.81,18.5884,0.0,0.0,0.0,0.0,0.0,0.0,8000.0,44780341480.39,44780.3415
1107.0,Agni_Class,MIDCOURSE,2666901.79,2666.9018,1844801.01,1844.801,3350.1369,12060.4928,3350.1369,1693.6414,-2890.501,-0.0,-9.81,9.81,18.6119,0.0,0.0,0.0,0.0,0.0,0.0,8000.0,44893668502.51,44893.6685
1107.5,Agni_Class,MIDCOURSE,2665454.08,2665.4541,1845647.83,1845.6478,3354.3698,12075.7314,3354.3698,1693.6414,-2895.406,-0.0,-9.81,9.81,18.6354,0.0,0.0,0.0,0.0,0.0,0.0,8000.0,45007187996.82,45007.188
1108.0,Agni_Class,MIDCOURSE,2664003.93,2664.0039,1846494.65,1846.4946,3358.6046,12090.9766,3358.6046,1693.6414,-2900.311,-0.0,-9.81,9.81,18.6589,0.0,0.0,0.0,0.0,0.0,0.0,8000.0,45120899963.34,45120.9
1108.5,Agni_Class,MIDCOURSE,2662551.32,2662.5513,1847341.47,1847.3415,3362.8412,12106.2284,3362.8412,1693.6414,-2905.216,-0.0,-9.81,9.81,18.6825,0.0,0.0,0.0,0.0,0.0,0.0,8000.0,45234804402.06,45234.8044
1109.0,Agni_Class,MIDCOURSE,2661096.26,2661.0963,1848188.29,1848.1883,3367.0796,12121.4867,3367.0796,1693.6414,-2910.121,-0.0,-9.81,9.81,18.706,0.0,0.0,0.0,0.0,0.0,0.0,8000.0,45348901312.98,45348.9013
1109.5,Agni_Class,MIDCOURSE,2659638.75,2659.6387,1849035.11,1849.0351,3371.3199,12136.7515,3371.3199,1693.6414,-2915.026,-0.0,-9.81,9.81,18.7296,0.0,0.0,0.0,0.0,0.0,0.0,8000.0,45463190696.09,45463.1907
1110.0,Agni_Class,MIDCOURSE,2658178.78,2658.1788,1849881.93,1849.8819,3375.5619,12152.0228,3375.5619,1693.6414,-2919.931,-0.0,-9.81,9.81,18.7531,0.0,0.0,0.0,0.0,0.0,0.0,8000.0,45577672551.41,45577.6726
1110.5,Agni_Class,MIDCOURSE,2656716.36,2656.7164,1850728.75,1850.7288,3379.8057,12167.3006,3379.8057,1693.6414,-2924.836,-0.0,-9.81,9.81,18.7767,0.0,0.0,0.0,0.0,0.0,0.0,8000.0,45692346878.93,45692.3469
1111.0,Agni_Class,MIDCOURSE,2655251.49,2655.2515,1851575.57,1851.5756,3384.0513,12182.5848,3384.0513,1693.6414,-2929.741,-0.0,-9.81,9.81,18.8003,0.0,0.0,0.0,0.0,0.0,0.0,8000.0,45807213678.64,45807.2137
1111.5,Agni_Class,MIDCOURSE,2653784.17,2653.7842,1852422.39,1852.4224,3388.2987,12197.8754,3388.2987,1693.6414,-2934.646,-0.0,-9.81,9.81,18.8239,0.0,0.0,0.0,0.0,0.0,0.0,8000.0,45922272950.56,45922.273
1112.0,Agni_Class,MIDCOURSE,2652314.39,2652.3144,1853269.21,1853.2692,3392.5479,12213.1724,3392.5479,1693.6414,-2939.551,-0.0,-9.81,9.81,18.8475,0.0,0.0,0.0,0.0,0.0,0.0,8000.0,46037524694.68,46037.5247
1112.5,Agni_Class,MIDCOURSE,2650842.17,2650.8422,1854116.03,1854.116,3396.7988,12228.4758,3396.7988,1693.6414,-2944.456,-0.0,-9.81,9.81,18.8711,0.0,0.0,0.0,0.0,0.0,0.0,8000.0,46152968911.0,46152.9689
1113.0,Agni_Class,MIDCOURSE,2649367.49,2649.3675,1854962.85,1854.9629,3401.0515,12243.7854,3401.0515,1693.6414,-2949.361,-0.0,-9.81,9.81,18.8947,0.0,0.0,0.0,0.0,0.0,0.0,8000.0,46268605599.51,46268.6056
1113.5,Agni_Class,MIDCOURSE,2647890.35,2647.8904,1855809.68,1855.8097,3405.306,12259.1015,3405.306,1693.6414,-2954.266,-0.0,-9.81,9.81,18.9184,0.0,0.0,0.0,0.0,0.0,0.0,8000.0,46384434760.23,46384.4348
1114.0,Agni_Class,MIDCOURSE,2646410.77,2646.4108,1856656.5,1856.6565,3409.5622,12274.4238,3409.5622,1693.6414,-2959.171,-0.0,-9.81,9.81,18.942,0.0,0.0,0.0,0.0,0.0,0.0,8000.0,46500456393.15,46500.4564
1114.5,Agni_Class,MIDCOURSE,2644928.73,2644.9287,1857503.32,1857.5033,3413.8201,12289.7523,3413.8201,1693.6414,-2964.076,-0.0,-9.81,9.81,18.9657,0.0,0.0,0.0,0.0,0.0,0.0,8000.0,46616670498.27,46616.6705
1115.0,Agni_Class,MIDCOURSE,2643444.24,2643.4442,1858350.14,1858.3501,3418.0798,12305.0871,3418.0798,1693.6414,-2968.981,-0.0,-9.81,9.81,18.9893,0.0,0.0,0.0,0.0,0.0,0.0,8000.0,46733077075.58,46733.0771
1115.5,Agni_Class,MIDCOURSE,2641957.3,2641.9573,1859196.96,1859.197,3422.3412,12320.4282,3422.3412,1693.6414,-2973.886,-0.0,-9.81,9.81,19.013,0.0,0.0,0.0,0.0,0.0,0.0,8000.0,46849676125.1,46849.6761
1116.0,Agni_Class,MIDCOURSE,2640467.9,2640.4679,1860043.78,1860.0438,3426.6043,12335.7754,3426.6043,1693.6414,-2978.791,-0.0,-9.81,9.81,19.0367,0.0,0.0,0.0,0.0,0.0,0.0,8000.0,46966467646.82,46966.4676
1116.5,Agni_Class,MIDCOURSE,2638976.05,2638.9761,1860890.6,1860.8906,3430.8691,12351.1288,3430.8691,1693.6414,-2983.696,-0.0,-9.81,9.81,19.0604,0.0,0.0,0.0,0.0,0.0,0.0,8000.0,47083451640.74,47083.4516
1117.0,Agni_Class,MIDCOURSE,2637481.75,2637.4818,1861737.42,1861.7374,3435.1357,12366.4884,3435.1357,1693.6414,-2988.601,-0.0,-9.81,9.81,19.0841,0.0,0.0,0.0,0.0,0.0,0.0,8000.0,47200628106.85,47200.6281
1117.5,Agni_Class,MIDCOURSE,2635985.0,2635.985,1862584.24,1862.5842,3439.4039,12381.8541,3439.4039,1693.6414,-2993.506,-0.0,-9.81,9.81,19.1078,0.0,0.0,0.0,0.0,0.0,0.0,8000.0,47317997045.17,47317.997
1118.0,Agni_Class,MIDCOURSE,2634485.79,2634.4858,1863431.06,1863.4311,3443.6739,12397.2259,3443.6739,1693.6414,-2998.411,-0.0,-9.81,9.81,19.1315,0.0,0.0,0.0,0.0,0.0,0.0,8000.0,47435558455.69,47435.5585
1118.5,Agni_Class,MIDCOURSE,2632984.14,2632.9841,1864277.88,1864.2779,3447.9455,12412.6038,3447.9455,1693.6414,-3003.316,-0.0,-9.81,9.81,19.1553,0.0,0.0,0.0,0.0,0.0,0.0,8000.0,47553312338.41,47553.3123
1119.0,Agni_Class,MIDCOURSE,2631480.03,2631.48,1865124.7,1865.1247,3452.2188,12427.9877,3452.2188,1693.6414,-3008.221,-0.0,-9.81,9.81,19.179,0.0,0.0,0.0,0.0,0.0,0.0,8000.0,47671258693.32,47671.2587
1119.5,Agni_Class,MIDCOURSE,2629973.46,2629.9735,1865971.52,1865.9715,3456.4938,12443.3777,3456.4938,1693.6414,-3013.126,-0.0,-9.81,9.81,19.2027,0.0,0.0,0.0,0.0,0.0,0.0,8000.0,47789397520.44,47789.3975
1120.0,Agni_Class,MIDCOURSE,2628464.45,2628.4644,1866818.34,1866.8183,3460.7705,12458.7737,3460.7705,1693.6414,-3018.031,-0.0,-9.81,9.81,19.2265,0.0,0.0,0.0,0.0,0.0,0.0,8000.0,47907728819.76,47907.7288
1120.5,Agni_Class,MIDCOURSE,2626952.98,2626.953,1867665.17,1867.6652,3465.0488,12474.1757,3465.0488,1693.6414,-3022.936,-0.0,-9.81,9.81,19.2503,0.0,0.0,0.0,0.0,0.0,0.0,8000.0,48026252591.27,48026.2526
1121.0,Agni_Class,MIDCOURSE,2625439.06,2625.4391,1868511.99,1868.512,3469.3288,12489.5836,3469.3288,1693.6414,-3027.841,-0.0,-9.81,9.81,19.274,0.0,0.0,0.0,0.0,0.0,0.0,8000.0,48144968834.99,48144.9688
1121.5,Agni_Class,MIDCOURSE,2623922.69,2623.9227,1869358.81,1869.3588,3473.6104,12504.9975,3473.6104,1693.6414,-3032.746,-0.0,-9.81,9.81,19.2978,0.0,0.0,0.0,0.0,0.0,0.0,8000.0,48263877550.91,48263.8776
1122.0,Agni_Class,MIDCOURSE,2622403.86,2622.4039,1870205.63,1870.2056,3477.8937,12520.4174,3477.8937,1693.6414,-3037.651,-0.0,-9.81,9.81,19.3216,0.0,0.0,0.0,0.0,0.0,0.0,8000.0,48382978739.03,48382.9787
1122.5,Agni_Class,MIDCOURSE,2620882.58,2620.8826,1871052.45,1871.0524,3482.1786,12535.8431,3482.1786,1693.6414,-3042.556,-0.0,-9.81,9.81,19.3454,0.0,0.0,0.0,0.0,0.0,0.0,8000.0,48502272399.34,48502.2724
1123.0,Agni_Class,MIDCOURSE,2619358.85,2619.3589,1871899.27,1871.8993,3486.4652,12551.2747,3486.4652,1693.6414,-3047.461,-0.0,-9.81,9.81,19.3693,0.0,0.0,0.0,0.0,0.0,0.0,8000.0,48621758531.86,48621.7585
1123.5,Agni_Class,MIDCOURSE,2617832.67,2617.8327,1872746.09,1872.7461,3490.7534,12566.7122,3490.7534,1693.6414,-3052.366,-0.0,-9.81,9.81,19.3931,0.0,0.0,0.0,0.0,0.0,0.0,8000.0,48741437136.58,48741.4371
1124.0,Agni_Class,MIDCOURSE,2616304.03,2616.304,1873592.91,1873.5929,3495.0432,12582.1556,3495.0432,1693.6414,-3057.271,-0.0,-9.81,9.81,19.4169,0.0,0.0,0.0,0.0,0.0,0.0,8000.0,48861308213.5,48861.3082
1124.5,Agni_Class,MIDCOURSE,2614772.95,2614.7729,1874439.73,1874.4397,3499.3346,12597.6047,3499.3346,1693.6414,-3062.176,-0.0,-9.81,9.81,19.4407,0.0,0.0,0.0,0.0,0.0,0.0,8000.0,48981371762.61,48981.3718
1125.0,Agni_Class,MIDCOURSE,2613239.4,2613.2394,1875286.55,1875.2866,3503.6277,12613.0597,3503.6277,1693.6414,-3067.081,-0.0,-9.81,9.81,19.4646,0.0,0.0,0.0,0.0,0.0,0.0,8000.0,49101627783.93,49101.6278
1125.5,Agni_Class,MIDCOURSE,2611703.41,2611.7034,1876133.37,1876.1334,3507.9223,12628.5204,3507.9223,1693.6414,-3071.986,-0.0,-9.81,9.81,19.4885,0.0,0.0,0.0,0.0,0.0,0.0,8000.0,49222076277.45,49222.0763
1126.0,Agni_Class,MIDCOURSE,2610164.97,2610.165,1876980.19,1876.9802,3512.2186,12643.9869,3512.2186,1693.6414,-3076.891,-0.0,-9.81,9.81,19.5123,0.0,0.0,0.0,0.0,0.0,0.0,8000.0,49342717243.17,49342.7172
1126.5,Agni_Class,MIDCOURSE,2608624.07,2608.6241,1877827.01,1877.827,3516.5164,12659.4591,3516.5164,1693.6414,-3081.796,-0.0,-9.81,9.81,19.5362,0.0,0.0,0.0,0.0,0.0,0.0,8000.0,49463550681.08,49463.5507
1127.0,Agni_Class,MIDCOURSE,2607080.72,2607.0807,1878673.83,1878.6738,3520.8158,12674.937,3520.8158,1693.6414,-3086.701,-0.0,-9.81,9.81,19.5601,0.0,0.0,0.0,0.0,0.0,0.0,8000.0,49584576591.2,49584.5766
1127.5,Agni_Class,MIDCOURSE,2605534.91,2605.5349,1879520.65,1879.5207,3525.1168,12690.4206,3525.1168,1693.6414,-3091.606,-0.0,-9.81,9.81,19.584,0.0,0.0,0.0,0.0,0.0,0.0,8000.0,49705794973.52,49705.795
1128.0,Agni_Class,MIDCOURSE,2603986.66,2603.9867,1880367.48,1880.3675,3529.4194,12705.9099,3529.4194,1693.6414,-3096.511,-0.0,-9.81,9.81,19.6079,0.0,0.0,0.0,0.0,0.0,0.0,8000.0,49827205828.04,49827.2058
1128.5,Agni_Class,MIDCOURSE,2602435.95,2602.436,1881214.3,1881.2143,3533.7236,12721.4049,3533.7236,1693.6414,-3101.416,-0.0,-9.81,9.81,19.6318,0.0,0.0,0.0,0.0,0.0,0.0,8000.0,49948809154.75,49948.8092
1129.0,Agni_Class,MIDCOURSE,2600882.79,2600.8828,1882061.12,1882.0611,3538.0293,12736.9054,3538.0293,1693.6414,-3106.321,-0.0,-9.81,9.81,19.6557,0.0,0.0,0.0,0.0,0.0,0.0,8000.0,50070604953.67,50070.605
1129.5,Agni_Class,MIDCOURSE,2599327.18,2599.3272,1882907.94,1882.9079,3542.3366,12752.4116,3542.3366,1693.6414,-3111.226,-0.0,-9.81,9.81,19.6796,0.0,0.0,0.0,0.0,0.0,0.0,8000.0,50192593224.79,50192.5932
1130.0,Agni_Class,MIDCOURSE,2597769.11,2597.7691,1883754.76,1883.7548,3546.6454,12767.9234,3546.6454,1693.6414,-3116.131,-0.0,-9.81,9.81,19.7036,0.0,0.0,0.0,0.0,0.0,0.0,8000.0,50314773968.11,50314.774
1130.5,Agni_Class,MIDCOURSE,2596208.59,2596.2086,1884601.58,1884.6016,3550.9558,12783.4407,3550.9558,1693.6414,-3121.036,-0.0,-9.81,9.81,19.7275,0.0,0.0,0.0,0.0,0.0,0.0,8000.0,50437147183.62,50437.1472
1131.0,Agni_Class,MIDCOURSE,2594645.62,2594.6456,1885448.4,1885.4484,3555.2677,12798.9636,3555.2677,1693.6414,-3125.941,-0.0,-9.81,9.81,19.7515,0.0,0.0,0.0,0.0,0.0,0.0,8000.0,50559712871.34,50559.7129
1131.5,Agni_Class,MIDCOURSE,2593080.2,2593.0802,1886295.22,1886.2952,3559.5811,12814.492,3559.5811,1693.6414,-3130.846,-0.0,-9.81,9.81,19.7755,0.0,0.0,0.0,0.0,0.0,0.0,8000.0,50682471031.26,50682.471
1132.0,Agni_Class,MIDCOURSE,2591512.33,2591.5123,1887142.04,1887.142,3563.8961,12830.026,3563.8961,1693.6414,-3135.751,-0.0,-9.81,9.81,19.7994,0.0,0.0,0.0,0.0,0.0,0.0,8000.0,50805421663.37,50805.4217
1132.5,Agni_Class,MIDCOURSE,2589942.0,2589.942,1887988.86,1887.9889,3568.2126,12845.5654,3568.2126,1693.6414,-3140.656,-0.0,-9.81,9.81,19.8234,0.0,0.0,0.0,0.0,0.0,0.0,8000.0,50928564767.69,50928.5648
1133.0,Agni_Class,MIDCOURSE,2588369.22,2588.3692,1888835.68,1888.8357,3572.5306,12861.1103,3572.5306,1693.6414,-3145.561,-0.0,-9.81,9.81,19.8474,0.0,0.0,0.0,0.0,0.0,0.0,8000.0,51051900344.21,51051.9003
1133.5,Agni_Class,MIDCOURSE,2586793.98,2586.794,1889682.5,1889.6825,3576.8502,12876.6606,3576.8502,1693.6414,-3150.466,-0.0,-9.81,9.81,19.8714,0.0,0.0,0.0,0.0,0.0,0.0,8000.0,51175428392.93,51175.4284
1134.0,Agni_Class,MIDCOURSE,2585216.3,2585.2163,1890529.32,1890.5293,3581.1712,12892.2164,3581.1712,1693.6414,-3155.371,-0.0,-9.81,9.81,19.8954,0.0,0.0,0.0,0.0,0.0,0.0,8000.0,51299148913.84,51299.1489
1134.5,Agni_Class,MIDCOURSE,2583636.16,2583.6362,1891376.14,1891.3761,3585.4938,12907.7775,3585.4938,1693.6414,-3160.276,-0.0,-9.81,9.81,19.9194,0.0,0.0,0.0,0.0,0.0,0.0,8000.0,51423061906.96,51423.0619
1135.0,Agni_Class,MIDCOURSE,2582053.57,2582.0536,1892222.97,1892.223,3589.8178,12923.3441,3589.8178,1693.6414,-3165.181,-0.0,-9.81,9.81,19.9434,0.0,0.0,0.0,0.0,0.0,0.0,8000.0,51547167372.28,51547.1674
1135.5,Agni_Class,MIDCOURSE,2580468.53,2580.4685,1893069.79,1893.0698,3594.1433,12938.916,3594.1433,1693.6414,-3170.086,-0.0,-9.81,9.81,19.9675,0.0,0.0,0.0,0.0,0.0,0.0,8000.0,51671465309.8,51671.4653
1136.0,Agni_Class,MIDCOURSE,2578881.03,2578.881,1893916.61,1893.9166,3598.4704,12954.4933,3598.4704,1693.6414,-3174.991,-0.0,-9.81,9.81,19.9915,0.0,0.0,0.0,0.0,0.0,0.0,8000.0,51795955719.51,51795.9557
1136.5,Agni_Class,MIDCOURSE,2577291.08,2577.2911,1894763.43,1894.7634,3602.7989,12970.0759,3602.7989,1693.6414,-3179.896,-0.0,-9.81,9.81,20.0155,0.0,0.0,0.0,0.0,0.0,0.0,8000.0,51920638601.43,51920.6386
1137.0,Agni_Class,MIDCOURSE,2575698.68,2575.6987,1895610.25,1895.6102,3607.1288,12985.6638,3607.1288,1693.6414,-3184.801,-0.0,-9.81,9.81,20.0396,0.0,0.0,0.0,0.0,0.0,0.0,8000.0,52045513955.55,52045.514
1137.5,Agni_Class,MIDCOURSE,2574103.83,2574.1038,1896457.07,1896.4571,3611.4603,13001.2571,3611.4603,1693.6414,-3189.706,-0.0,-9.81,9.81,20.0637,0.0,0.0,0.0,0.0,0.0,0.0,8000.0,52170581781.87,52170.5818
1138.0,Agni_Class,MIDCOURSE,2572506.52,2572.5065,1897303.89,1897.3039,3615.7932,13016.8555,3615.7932,1693.6414,-3194.611,-0.0,-9.81,9.81,20.0877,0.0,0.0,0.0,0.0,0.0,0.0,8000.0,52295842080.38,52295.8421
1138.5,Agni_Class,MIDCOURSE,2570906.77,2570.9068,1898150.71,1898.1507,3620.1276,13032.4593,3620.1276,1693.6414,-3199.516,-0.0,-9.81,9.81,20.1118,0.0,0.0,0.0,0.0,0.0,0.0,8000.0,52421294851.1,52421.2949
1139.0,Agni_Class,MIDCOURSE,2569304.56,2569.3046,1898997.53,1898.9975,3624.4634,13048.0683,3624.4634,1693.6414,-3204.421,-0.0,-9.81,9.81,20.1359,0.0,0.0,0.0,0.0,0.0,0.0,8000.0,52546940094.02,52546.9401
1139.5,Agni_Class,MIDCOURSE,2567699.89,2567.6999,1899844.35,1899.8444,3628.8007,13063.6825,3628.8007,1693.6414,-3209.326,-0.0,-9.81,9.81,20.16,0.0,0.0,0.0,0.0,0.0,0.0,8000.0,52672777809.14,52672.7778
1140.0,Agni_Class,MIDCOURSE,2566092.78,2566.0928,1900691.17,1900.6912,3633.1394,13079.3019,3633.1394,1693.6414,-3214.231,-0.0,-9.81,9.81,20.1841,0.0,0.0,0.0,0.0,0.0,0.0,8000.0,52798807996.45,52798.808
1140.5,Agni_Class,MIDCOURSE,2564483.21,2564.4832,1901537.99,1901.538,3637.4796,13094.9265,3637.4796,1693.6414,-3219.136,-0.0,-9.81,9.81,20.2082,0.0,0.0,0.0,0.0,0.0,0.0,8000.0,52925030655.97,52925.0307
1141.0,Agni_Class,MIDCOURSE,2562871.19,2562.8712,1902384.81,1902.3848,3641.8212,13110.5562,3641.8212,1693.6414,-3224.041,-0.0,-9.81,9.81,20.2323,0.0,0.0,0.0,0.0,0.0,0.0,8000.0,53051445787.69,53051.4458
1141.5,Agni_Class,MIDCOURSE,2561256.72,2561.2567,1903231.63,1903.2316,3646.1642,13126.1911,3646.1642,1693.6414,-3228.946,-0.0,-9.81,9.81,20.2565,0.0,0.0,0.0,0.0,0.0,0.0,8000.0,53178053391.6,53178.0534
1142.0,Agni_Class,MIDCOURSE,2559639.79,2559.6398,1904078.46,1904.0785,3650.5086,13141.8311,3650.5086,1693.6414,-3233.851,-0.0,-9.81,9.81,20.2806,0.0,0.0,0.0,0.0,0.0,0.0,8000.0,53304853467.72,53304.8535
1142.5,Agni_Class,MIDCOURSE,2558020.41,2558.0204,1904925.28,1904.9253,3654.8545,13157.4762,3654.8545,1693.6414,-3238.756,-0.0,-9.81,9.81,20.3047,0.0,0.0,0.0,0.0,0.0,0.0,8000.0,53431846016.04,53431.846
1143.0,Agni_Class,MIDCOURSE,2556398.58,2556.3986,1905772.1,1905.7721,3659.2018,13173.1265,3659.2018,1693.6414,-3243.661,-0.0,-9.81,9.81,20.3289,0.0,0.0,0.0,0.0,0.0,0.0,8000.0,53559031036.56,53559.031
1143.5,Agni_Class,MIDCOURSE,2554774.3,2554.7743,1906618.92,1906.6189,3663.5505,13188.7817,3663.5505,1693.6414,-3248.566,-0.0,-9.81,9.81,20.3531,0.0,0.0,0.0,0.0,0.0,0.0,8000.0,53686408529.27,53686.4085
1144.0,Agni_Class,MIDCOURSE,2553147.56,2553.1476,1907465.74,1907.4657,3667.9006,13204.4421,3667.9006,1693.6414,-3253.471,-0.0,-9.81,9.81,20.3772,0.0,0.0,0.0,0.0,0.0,0.0,8000.0,53813978494.19,53813.9785
1144.5,Agni_Class,MIDCOURSE,2551518.38,2551.5184,1908312.56,1908.3126,3672.2521,13220.1074,3672.2521,1693.6414,-3258.376,-0.0,-9.81,9.81,20.4014,0.0,0.0,0.0,0.0,0.0,0.0,8000.0,53941740931.31,53941.7409
1145.0,Agni_Class,MIDCOURSE,2549886.74,2549.8867,1909159.38,1909.1594,3676.605,13235.7778,3676.605,1693.6414,-3263.281,-0.0,-9.81,9.81,20.4256,0.0,0.0,0.0,0.0,0.0,0.0,8000.0,54069695840.63,54069.6958
1145.5,Agni_Class,MIDCOURSE,2548252.64,2548.2526,1910006.2,1910.0062,3680.9592,13251.4532,3680.9592,1693.6414,-3268.186,-0.0,-9.81,9.81,20.4498,0.0,0.0,0.0,0.0,0.0,0.0,8000.0,54197843222.14,54197.8432
1146.0,Agni_Class,MIDCOURSE,2546616.1,2546.6161,1910853.02,1910.853,3685.3149,13267.1336,3685.3149,1693.6414,-3273.091,-0.0,-9.81,9.81,20.474,0.0,0.0,0.0,0.0,0.0,0.0,8000.0,54326183075.86,54326.1831
1146.5,Agni_Class,MIDCOURSE,2544977.1,2544.9771,1911699.84,1911.6998,3689.6719,13282.8189,3689.6719,1693.6414,-3277.996,-0.0,-9.81,9.81,20.4982,0.0,0.0,0.0,0.0,0.0,0.0,8000.0,54454715401.78,54454.7154
1147.0,Agni_Class,MIDCOURSE,2543335.65,2543.3356,1912546.66,1912.5467,3694.0303,13298.5092,3694.0303,1693.6414,-3282.901,-0.0,-9.81,9.81,20.5224,0.0,0.0,0.0,0.0,0.0,0.0,8000.0,54583440199.9,54583.4402
1147.5,Agni_Class,MIDCOURSE,2541691.75,2541.6917,1913393.48,1913.3935,3698.3901,13314.2044,3698.3901,1693.6414,-3287.806,-0.0,-9.81,9.81,20.5466,0.0,0.0,0.0,0.0,0.0,0.0,8000.0,54712357470.21,54712.3575
1148.0,Agni_Class,MIDCOURSE,2540045.39,2540.0454,1914240.3,1914.2403,3702.7512,13329.9045,3702.7512,1693.6414,-3292.711,-0.0,-9.81,9.81,20.5708,0.0,0.0,0.0,0.0,0.0,0.0,8000.0,54841467212.73,54841.4672
1148.5,Agni_Class,MIDCOURSE,2538396.58,2538.3966,1915087.12,1915.0871,3707.1138,13345.6095,3707.1138,1693.6414,-3297.616,-0.0,-9.81,9.81,20.5951,0.0,0.0,0.0,0.0,0.0,0.0,8000.0,54970769427.45,54970.7694
1149.0,Agni_Class,MIDCOURSE,2536745.32,2536.7453,1915933.95,1915.9339,3711.4776,13361.3194,3711.4776,1693.6414,-3302.521,-0.0,-9.81,9.81,20.6193,0.0,0.0,0.0,0.0,0.0,0.0,8000.0,55100264114.37,55100.2641
1149.5,Agni_Class,MIDCOURSE,2535091.61,2535.0916,1916780.77,1916.7808,3715.8428,13377.0341,3715.8428,1693.6414,-3307.426,-0.0,-9.81,9.81,20.6436,0.0,0.0,0.0,0.0,0.0,0.0,8000.0,55229951273.48,55229.9513
1150.0,Agni_Class,MIDCOURSE,2533435.44,2533.4354,1917627.59,1917.6276,3720.2094,13392.7537,3720.2094,1693.6414,-3312.331,-0.0,-9.81,9.81,20.6678,0.0,0.0,0.0,0.0,0.0,0.0,8000.0,55359830904.8,55359.8309
1150.5,Agni_Class,MIDCOURSE,2531776.82,2531.7768,1918474.41,1918.4744,3724.5773,13408.4781,3724.5773,1693.6414,-3317.236,-0.0,-9.81,9.81,20.6921,0.0,0.0,0.0,0.0,0.0,0.0,8000.0,55489903008.32,55489.903
1151.0,Agni_Class,MIDCOURSE,2530115.75,2530.1158,1919321.23,1919.3212,3728.9465,13424.2073,3728.9465,1693.6414,-3322.141,-0.0,-9.81,9.81,20.7164,0.0,0.0,0.0,0.0,0.0,0.0,8000.0,55620167584.04,55620.1676
1151.5,Agni_Class,MIDCOURSE,2528452.23,2528.4522,1920168.05,1920.168,3733.317,13439.9414,3733.317,1693.6414,-3327.046,-0.0,-9.81,9.81,20.7407,0.0,0.0,0.0,0.0,0.0,0.0,8000.0,55750624631.95,55750.6246
1152.0,Agni_Class,MIDCOURSE,2526786.26,2526.7863,1921014.87,1921.0149,3737.6889,13455.6801,3737.6889,1693.6414,-3331.951,-0.0,-9.81,9.81,20.7649,0.0,0.0,0.0,0.0,0.0,0.0,8000.0,55881274152.07,55881.2742
1152.5,Agni_Class,MIDCOURSE,2525117.83,2525.1178,1921861.69,1921.8617,3742.0621,13471.4237,3742.0621,1693.6414,-3336.856,-0.0,-9.81,9.81,20.7892,0.0,0.0,0.0,0.0,0.0,0.0,8000.0,56012116144.39,56012.1161
1153.0,Agni_Class,MIDCOURSE,2523446.95,2523.4469,1922708.51,1922.7085,3746.4367,13487.172,3746.4367,1693.6414,-3341.761,-0.0,-9.81,9.81,20.8135,0.0,0.0,0.0,0.0,0.0,0.0,8000.0,56143150608.9,56143.1506
1153.5,Agni_Class,MIDCOURSE,2521773.61,2521.7736,1923555.33,1923.5553,3750.8125,13502.925,3750.8125,1693.6414,-3346.666,-0.0,-9.81,9.81,20.8378,0.0,0.0,0.0,0.0,0.0,0.0,8000.0,56274377545.62,56274.3775
1154.0,Agni_Class,MIDCOURSE,2520097.83,2520.0978,1924402.15,1924.4022,3755.1896,13518.6827,3755.1896,1693.6414,-3351.571,-0.0,-9.81,9.81,20.8622,0.0,0.0,0.0,0.0,0.0,0.0,8000.0,56405796954.54,56405.797
1154.5,Agni_Class,MIDCOURSE,2518419.59,2518.4196,1925248.97,1925.249,3759.5681,13534.4451,3759.5681,1693.6414,-3356.476,-0.0,-9.81,9.81,20.8865,0.0,0.0,0.0,0.0,0.0,0.0,8000.0,56537408835.66,56537.4088
1155.0,Agni_Class,MIDCOURSE,2516738.9,2516.7389,1926095.79,1926.0958,3763.9478,13550.2122,3763.9478,1693.6414,-3361.381,-0.0,-9.81,9.81,20.9108,0.0,0.0,0.0,0.0,0.0,0.0,8000.0,56669213188.97,56669.2132
1155.5,Agni_Class,MIDCOURSE,2515055.76,2515.0558,1926942.61,1926.9426,3768.3289,13565.9839,3768.3289,1693.6414,-3366.286,-0.0,-9.81,9.81,20.9352,0.0,0.0,0.0,0.0,0.0,0.0,8000.0,56801210014.49,56801.21
1156.0,Agni_Class,MIDCOURSE,2513370.16,2513.3702,1927789.44,1927.7894,3772.7112,13581.7603,3772.7112,1693.6414,-3371.191,-0.0,-9.81,9.81,20.9595,0.0,0.0,0.0,0.0,0.0,0.0,8000.0,56933399312.21,56933.3993
1156.5,Agni_Class,MIDCOURSE,2511682.11,2511.6821,1928636.26,1928.6363,3777.0948,13597.5413,3777.0948,1693.6414,-3376.096,-0.0,-9.81,9.81,20.9839,0.0,0.0,0.0,0.0,0.0,0.0,8000.0,57065781082.13,57065.7811
1157.0,Agni_Class,MIDCOURSE,2509991.61,2509.9916,1929483.08,1929.4831,3781.4797,13613.327,3781.4797,1693.6414,-3381.001,-0.0,-9.81,9.81,21.0082,0.0,0.0,0.0,0.0,0.0,0.0,8000.0,57198355324.24,57198.3553
1157.5,Agni_Class,MIDCOURSE,2508298.66,2508.2987,1930329.9,1930.3299,3785.8659,13629.1172,3785.8659,1693.6414,-3385.906,-0.0,-9.81,9.81,21.0326,0.0,0.0,0.0,0.0,0.0,0.0,8000.0,57331122038.56,57331.122
1158.0,Agni_Class,MIDCOURSE,2506603.26,2506.6033,1931176.72,1931.1767,3790.2533,13644.912,3790.2533,1693.6414,-3390.811,-0.0,-9.81,9.81,21.057,0.0,0.0,0.0,0.0,0.0,0.0,8000.0,57464081225.08,57464.0812
1158.5,Agni_Class,MIDCOURSE,2504905.4,2504.9054,1932023.54,1932.0235,3794.642,13660.7113,3794.642,1693.6414,-3395.716,-0.0,-9.81,9.81,21.0813,0.0,0.0,0.0,0.0,0.0,0.0,8000.0,57597232883.8,57597.2329
1159.0,Agni_Class,MIDCOURSE,2503205.09,2503.2051,1932870.36,1932.8704,3799.032,13676.5153,3799.032,1693.6414,-3400.621,-0.0,-9.81,9.81,21.1057,0.0,0.0,0.0,0.0,0.0,0.0,8000.0,57730577014.71,57730.577
1159.5,Agni_Class,MIDCOURSE,2501502.32,2501.5023,1933717.18,1933.7172,3803.4232,13692.3237,3803.4232,1693.6414,-3405.526,-0.0,-9.81,9.81,21.1301,0.0,0.0,0.0,0.0,0.0,0.0,8000.0,57864113617.83,57864.1136
1160.0,Agni_Class,MIDCOURSE,2499797.11,2499.7971,1934564.0,1934.564,3807.8157,13708.1366,3807.8157,1693.6414,-3410.431,-0.0,-9.81,9.81,21.1545,0.0,0.0,0.0,0.0,0.0,0.0,8000.0,57997842693.15,57997.8427
1160.5,Agni_Class,MIDCOURSE,2498089.44,2498.0894,1935410.82,1935.4108,3812.2095,13723.9541,3812.2095,1693.6414,-3415.336,-0.0,-9.81,9.81,21.1789,0.0,0.0,0.0,0.0,0.0,0.0,8000.0,58131764240.67,58131.7642
1161.0,Agni_Class,MIDCOURSE,2496379.32,2496.3793,1936257.64,1936.2576,3816.6045,13739.776,3816.6045,1693.6414,-3420.241,-0.0,-9.81,9.81,21.2034,0.0,0.0,0.0,0.0,0.0,0.0,8000.0,58265878260.38,58265.8783
1161.5,Agni_Class,MIDCOURSE,2494666.75,2494.6667,1937104.46,1937.1045,3821.0007,13755.6024,3821.0007,1693.6414,-3425.146,-0.0,-9.81,9.81,21.2278,0.0,0.0,0.0,0.0,0.0,0.0,8000.0,58400184752.3,58400.1848
1162.0,Agni_Class,MIDCOURSE,2492951.72,2492.9517,1937951.28,1937.9513,3825.3981,13771.4333,3825.3981,1693.6414,-3430.051,-0.0,-9.81,9.81,21.2522,0.0,0.0,0.0,0.0,0.0,0.0,8000.0,58534683716.42,58534.6837
1162.5,Agni_Class,MIDCOURSE,2491234.24,2491.2342,1938798.1,1938.7981,3829.7968,13787.2686,3829.7968,1693.6414,-3434.956,-0.0,-9.81,9.81,21.2766,0.0,0.0,0.0,0.0,0.0,0.0,8000.0,58669375152.73,58669.3752
1163.0,Agni_Class,MIDCOURSE,2489514.31,2489.5143,1939644.93,1939.6449,3834.1968,13803.1083,3834.1968,1693.6414,-3439.861,-0.0,-9.81,9.81,21.3011,0.0,0.0,0.0,0.0,0.0,0.0,8000.0,58804259061.25,58804.2591
1163.5,Agni_Class,MIDCOURSE,2487791.93,2487.7919,1940491.75,1940.4917,3838.5979,13818.9525,3838.5979,1693.6414,-3444.766,-0.0,-9.81,9.81,21.3255,0.0,0.0,0.0,0.0,0.0,0.0,8000.0,58939335441.97,58939.3354
1164.0,Agni_Class,MIDCOURSE,2486067.09,2486.0671,1941338.57,1941.3386,3843.0003,13834.801,3843.0003,1693.6414,-3449.671,-0.0,-9.81,9.81,21.35,0.0,0.0,0.0,0.0,0.0,0.0,8000.0,59074604294.89,59074.6043
1164.5,Agni_Class,MIDCOURSE,2484339.81,2484.3398,1942185.39,1942.1854,3847.4039,13850.6539,3847.4039,1693.6414,-3454.576,-0.0,-9.81,9.81,21.3745,0.0,0.0,0.0,0.0,0.0,0.0,8000.0,59210065620.0,59210.0656
1165.0,Agni_Class,MIDCOURSE,2482610.07,2482.6101,1943032.21,1943.0322,3851.8086,13866.5111,3851.8086,1693.6414,-3459.481,-0.0,-9.81,9.81,21.3989,0.0,0.0,0.0,0.0,0.0,0.0,8000.0,59345719417.32,59345.7194
1165.5,Agni_Class,MIDCOURSE,2480877.87,2480.8779,1943879.03,1943.879,3856.2146,13882.3727,3856.2146,1693.6414,-3464.386,-0.0,-9.81,9.81,21.4234,0.0,0.0,0.0,0.0,0.0,0.0,8000.0,59481565686.84,59481.5657
1166.0,Agni_Class,MIDCOURSE,2479143.23,2479.1432,1944725.85,1944.7258,3860.6219,13898.2387,3860.6219,1693.6414,-3469.291,-0.0,-9.81,9.81,21.4479,0.0,0.0,0.0,0.0,0.0,0.0,8000.0,59617604428.56,59617.6044
1166.5,Agni_Class,MIDCOURSE,2477406.13,2477.4061,1945572.67,1945.5727,3865.0303,13914.1089,3865.0303,1693.6414,-3474.196,-0.0,-9.81,9.81,21.4724,0.0,0.0,0.0,0.0,0.0,0.0,8000.0,59753835642.47,59753.8356
1167.0,Agni_Class,MIDCOURSE,2475666.58,2475.6666,1946419.49,1946.4195,3869.4399,13929.9835,3869.4399,1693.6414,-3479.101,-0.0,-9.81,9.81,21.4969,0.0,0.0,0.0,0.0,0.0,0.0,8000.0,59890259328.59,59890.2593
1167.5,Agni_Class,MIDCOURSE,2473924.58,2473.9246,1947266.31,1947.2663,3873.8507,13945.8623,3873.8507,1693.6414,-3484.006,-0.0,-9.81,9.81,21.5214,0.0,0.0,0.0,0.0,0.0,0.0,8000.0,60026875486.91,60026.8755
1168.0,Agni_Class,MIDCOURSE,2472180.12,2472.1801,1948113.13,1948.1131,3878.2626,13961.7455,3878.2626,1693.6414,-3488.911,-0.0,-9.81,9.81,21.5459,0.0,0.0,0.0,0.0,0.0,0.0,8000.0,60163684117.43,60163.6841
1168.5,Agni_Class,MIDCOURSE,2470433.21,2470.4332,1948959.95,1948.96,3882.6758,13977.6329,3882.6758,1693.6414,-3493.816,-0.0,-9.81,9.81,21.5704,0.0,0.0,0.0,0.0,0.0,0.0,8000.0,60300685220.14,60300.6852
1169.0,Agni_Class,MIDCOURSE,2468683.85,2468.6839,1949806.77,1949.8068,3887.0901,13993.5245,3887.0901,1693.6414,-3498.721,-0.0,-9.81,9.81,21.5949,0.0,0.0,0.0,0.0,0.0,0.0,8000.0,60437878795.06,60437.8788
1169.5,Agni_Class,MIDCOURSE,2466932.04,2466.932,1950653.59,1950.6536,3891.5056,14009.4203,3891.5056,1693.6414,-3503.626,-0.0,-9.81,9.81,21.6195,0.0,0.0,0.0,0.0,0.0,0.0,8000.0,60575264842.18,60575.2648
1170.0,Agni_Class,MIDCOURSE,2465177.77,2465.1778,1951500.42,1951.5004,3895.9223,14025.3204,3895.9223,1693.6414,-3508.531,-0.0,-9.81,9.81,21.644,0.0,0.0,0.0,0.0,0.0,0.0,8000.0,60712843361.5,60712.8434
1170.5,Agni_Class,MIDCOURSE,2463421.06,2463.4211,1952347.24,1952.3472,3900.3402,14041.2247,3900.3402,1693.6414,-3513.436,-0.0,-9.81,9.81,21.6686,0.0,0.0,0.0,0.0,0.0,0.0,8000.0,60850614353.01,60850.6144
1171.0,Agni_Class,MIDCOURSE,2461661.89,2461.6619,1953194.06,1953.1941,3904.7592,14057.1331,3904.7592,1693.6414,-3518.341,-0.0,-9.81,9.81,21.6931,0.0,0.0,0.0,0.0,0.0,0.0,8000.0,60988577816.73,60988.5778
1171.5,Agni_Class,MIDCOURSE,2459900.26,2459.9003,1954040.88,1954.0409,3909.1794,14073.0458,3909.1794,1693.6414,-3523.246,-0.0,-9.81,9.81,21.7177,0.0,0.0,0.0,0.0,0.0,0.0,8000.0,61126733752.65,61126.7338
1172.0,Agni_Class,MIDCOURSE,2458136.19,2458.1362,1954887.7,1954.8877,3913.6007,14088.9626,3913.6007,1693.6414,-3528.151,-0.0,-9.81,9.81,21.7422,0.0,0.0,0.0,0.0,0.0,0.0,8000.0,61265082160.77,61265.0822
1172.5,Agni_Class,MIDCOURSE,2456369.66,2456.3697,1955734.52,1955.7345,3918.0232,14104.8835,3918.0232,1693.6414,-3533.056,-0.0,-9.81,9.81,21.7668,0.0,0.0,0.0,0.0,0.0,0.0,8000.0,61403623041.08,61403.623
1173.0,Agni_Class,MIDCOURSE,2454600.68,2454.6007,1956581.34,1956.5813,3922.4468,14120.8086,3922.4468,1693.6414,-3537.961,-0.0,-9.81,9.81,21.7914,0.0,0.0,0.0,0.0,0.0,0.0,8000.0,61542356393.6,61542.3564
1173.5,Agni_Class,MIDCOURSE,2452829.25,2452.8292,1957428.16,1957.4282,3926.8716,14136.7378,3926.8716,1693.6414,-3542.866,-0.0,-9.81,9.81,21.816,0.0,0.0,0.0,0.0,0.0,0.0,8000.0,61681282218.32,61681.2822
1174.0,Agni_Class,MIDCOURSE,2451055.36,2451.0554,1958274.98,1958.275,3931.2975,14152.671,3931.2975,1693.6414,-3547.771,-0.0,-9.81,9.81,21.8405,0.0,0.0,0.0,0.0,0.0,0.0,8000.0,61820400515.23,61820.4005
1174.5,Agni_Class,MIDCOURSE,2449279.02,2449.279,1959121.8,1959.1218,3935.7246,14168.6084,3935.7246,1693.6414,-3552.676,-0.0,-9.81,9.81,21.8651,0.0,0.0,0.0,0.0,0.0,0.0,8000.0,61959711284.35,61959.7113
1175.0,Agni_Class,MIDCOURSE,2447500.23,2447.5002,1959968.62,1959.9686,3940.1527,14184.5499,3940.1527,1693.6414,-3557.581,-0.0,-9.81,9.81,21.8897,0.0,0.0,0.0,0.0,0.0,0.0,8000.0,62099214525.67,62099.2145
1175.5,Agni_Class,MIDCOURSE,2445718.99,2445.719,1960815.44,1960.8154,3944.5821,14200.4954,3944.5821,1693.6414,-3562.486,-0.0,-9.81,9.81,21.9143,0.0,0.0,0.0,0.0,0.0,0.0,8000.0,62238910239.19,62238.9102
1176.0,Agni_Class,MIDCOURSE,2443935.29,2443.9353,1961662.26,1961.6623,3949.0125,14216.4449,3949.0125,1693.6414,-3567.391,-0.0,-9.81,9.81,21.939,0.0,0.0,0.0,0.0,0.0,0.0,8000.0,62378798424.9,62378.7984
1176.5,Agni_Class,MIDCOURSE,2442149.14,2442.1491,1962509.08,1962.5091,3953.444,14232.3985,3953.444,1693.6414,-3572.296,-0.0,-9.81,9.81,21.9636,0.0,0.0,0.0,0.0,0.0,0.0,8000.0,62518879082.82,62518.8791
1177.0,Agni_Class,MIDCOURSE,2440360.54,2440.3605,1963355.91,1963.3559,3957.8767,14248.3562,3957.8767,1693.6414,-3577.201,-0.0,-9.81,9.81,21.9882,0.0,0.0,0.0,0.0,0.0,0.0,8000.0,62659152212.94,62659.1522
1177.5,Agni_Class,MIDCOURSE,2438569.49,2438.5695,1964202.73,1964.2027,3962.3105,14264.3178,3962.3105,1693.6414,-3582.106,-0.0,-9.81,9.81,22.0128,0.0,0.0,0.0,0.0,0.0,0.0,8000.0,62799617815.26,62799.6178
1178.0,Agni_Class,MIDCOURSE,2436775.99,2436.776,1965049.55,1965.0495,3966.7454,14280.2834,3966.7454,1693.6414,-3587.011,-0.0,-9.81,9.81,22.0375,0.0,0.0,0.0,0.0,0.0,0.0,8000.0,62940275889.77,62940.2759
1178.5,Agni_Class,MIDCOURSE,2434980.03,2434.98,1965896.37,1965.8964,3971.1814,14296.253,3971.1814,1693.6414,-3591.916,-0.0,-9.81,9.81,22.0621,0.0,0.0,0.0,0.0,0.0,0.0,8000.0,63081126436.49,63081.1264
1179.0,Agni_Class,MIDCOURSE,2433181.62,2433.1816,1966743.19,1966.7432,3975.6185,14312.2266,3975.6185,1693.6414,-3596.821,-0.0,-9.81,9.81,22.0868,0.0,0.0,0.0,0.0,0.0,0.0,8000.0,63222169455.41,63222.1695
1179.5,Agni_Class,MIDCOURSE,2431380.75,2431.3808,1967590.01,1967.59,3980.0567,14328.2041,3980.0567,1693.6414,-3601.726,-0.0,-9.81,9.81,22.1114,0.0,0.0,0.0,0.0,0.0,0.0,8000.0,63363404946.53,63363.4049
1180.0,Agni_Class,MIDCOURSE,2429577.44,2429.5774,1968436.83,1968.4368,3984.496,14344.1855,3984.496,1693.6414,-3606.631,-0.0,-9.81,9.81,22.1361,0.0,0.0,0.0,0.0,0.0,0.0,8000.0,63504832909.84,63504.8329
1180.5,Agni_Class,MIDCOURSE,2427771.67,2427.7717,1969283.65,1969.2836,3988.9364,14360.1709,3988.9364,1693.6414,-3611.536,-0.0,-9.81,9.81,22.1608,0.0,0.0,0.0,0.0,0.0,0.0,8000.0,63646453345.36,63646.4533
1181.0,Agni_Class,MIDCOURSE,2425963.45,2425.9635,1970130.47,1970.1305,3993.3778,14376.1602,3993.3778,1693.6414,-3616.441,-0.0,-9.81,9.81,22.1854,0.0,0.0,0.0,0.0,0.0,0.0,8000.0,63788266253.08,63788.2663
1181.5,Agni_Class,MIDCOURSE,2424152.78,2424.1528,1970977.29,1970.9773,3997.8204,14392.1534,3997.8204,1693.6414,-3621.346,-0.0,-9.81,9.81,22.2101,0.0,0.0,0.0,0.0,0.0,0.0,8000.0,63930271633.0,63930.2716
1182.0,Agni_Class,MIDCOURSE,2422339.65,2422.3397,1971824.11,1971.8241,4002.264,14408.1505,4002.264,1693.6414,-3626.251,-0.0,-9.81,9.81,22.2348,0.0,0.0,0.0,0.0,0.0,0.0,8000.0,64072469485.11,64072.4695
1182.5,Agni_Class,MIDCOURSE,2420524.07,2420.5241,1972670.93,1972.6709,4006.7087,14424.1515,4006.7087,1693.6414,-3631.156,-0.0,-9.81,9.81,22.2595,0.0,0.0,0.0,0.0,0.0,0.0,8000.0,64214859809.43,64214.8598
1183.0,Agni_Class,MIDCOURSE,2418706.04,2418.706,1973517.75,1973.5178,4011.1545,14440.1563,4011.1545,1693.6414,-3636.061,-0.0,-9.81,9.81,22.2842,0.0,0.0,0.0,0.0,0.0,0.0,8000.0,64357442605.95,64357.4426
1183.5,Agni_Class,MIDCOURSE,2416885.56,2416.8856,1974364.57,1974.3646,4015.6014,14456.165,4015.6014,1693.6414,-3640.966,-0.0,-9.81,9.81,22.3089,0.0,0.0,0.0,0.0,0.0,0.0,8000.0,64500217874.66,64500.2179
1184.0,Agni_Class,MIDCOURSE,2415062.62,2415.0626,1975211.39,1975.2114,4020.0493,14472.1775,4020.0493,1693.6414,-3645.871,-0.0,-9.81,9.81,22.3336,0.0,0.0,0.0,0.0,0.0,0.0,8000.0,64643185615.58,64643.1856
1184.5,Agni_Class,MIDCOURSE,2413237.24,2413.2372,1976058.22,1976.0582,4024.4983,14488.1938,4024.4983,1693.6414,-3650.776,-0.0,-9.81,9.81,22.3583,0.0,0.0,0.0,0.0,0.0,0.0,8000.0,64786345828.7,64786.3458
1185.0,Agni_Class,MIDCOURSE,2411409.4,2411.4094,1976905.04,1976.905,4028.9483,14504.214,4028.9483,1693.6414,-3655.681,-0.0,-9.81,9.81,22.383,0.0,0.0,0.0,0.0,0.0,0.0,8000.0,64929698514.02,64929.6985
1185.5,Agni_Class,MIDCOURSE,2409579.1,2409.5791,1977751.86,1977.7519,4033.3994,14520.2379,4033.3994,1693.6414,-3660.586,-0.0,-9.81,9.81,22.4078,0.0,0.0,0.0,0.0,0.0,0.0,8000.0,65073243671.53,65073.2437
1186.0,Agni_Class,MIDCOURSE,2407746.36,2407.7464,1978598.68,1978.5987,4037.8516,14536.2657,4037.8516,1693.6414,-3665.491,-0.0,-9.81,9.81,22.4325,0.0,0.0,0.0,0.0,0.0,0.0,8000.0,65216981301.25,65216.9813
1186.5,Agni_Class,MIDCOURSE,2405911.16,2405.9112,1979445.5,1979.4455,4042.3048,14552.2972,4042.3048,1693.6414,-3670.396,-0.0,-9.81,9.81,22.4572,0.0,0.0,0.0,0.0,0.0,0.0,8000.0,65360911403.17,65360.9114
1187.0,Agni_Class,MIDCOURSE,2404073.51,2404.0735,1980292.32,1980.2923,4046.759,14568.3324,4046.759,1693.6414,-3675.301,-0.0,-9.81,9.81,22.482,0.0,0.0,0.0,0.0,0.0,0.0,8000.0,65505033977.29,65505.034
1187.5,Agni_Class,MIDCOURSE,2402233.41,2402.2334,1981139.14,1981.1391,4051.2143,14584.3715,4051.2143,1693.6414,-3680.206,-0.0,-9.81,9.81,22.5067,0.0,0.0,0.0,0.0,0.0,0.0,8000.0,65649349023.6,65649.349
1188.0,Agni_Class,MIDCOURSE,2400390.85,2400.3909,1981985.96,1981.986,4055.6706,14600.4142,4055.6706,1693.6414,-3685.111,-0.0,-9.81,9.81,22.5315,0.0,0.0,0.0,0.0,0.0,0.0,8000.0,65793856542.12,65793.8565
1188.5,Agni_Class,MIDCOURSE,2398545.84,2398.5458,1982832.78,1982.8328,4060.128,14616.4607,4060.128,1693.6414,-3690.016,-0.0,-9.81,9.81,22.5563,0.0,0.0,0.0,0.0,0.0,0.0,8000.0,65938556532.84,65938.5565
1189.0,Agni_Class,MIDCOURSE,2396698.38,2396.6984,1983679.6,1983.6796,4064.5864,14632.5109,4064.5864,1693.6414,-3694.921,-0.0,-9.81,9.81,22.581,0.0,0.0,0.0,0.0,0.0,0.0,8000.0,66083448995.76,66083.449
1189.5,Agni_Class,MIDCOURSE,2394848.47,2394.8485,1984526.42,1984.5264,4069.0458,14648.5648,4069.0458,1693.6414,-3699.826,-0.0,-9.81,9.81,22.6058,0.0,0.0,0.0,0.0,0.0,0.0,8000.0,66228533930.87,66228.5339
1190.0,Agni_Class,MIDCOURSE,2392996.1,2392.9961,1985373.24,1985.3732,4073.5062,14664.6224,4073.5062,1693.6414,-3704.731,-0.0,-9.81,9.81,22.6306,0.0,0.0,0.0,0.0,0.0,0.0,8000.0,66373811338.19,66373.8113
1190.5,Agni_Class,MIDCOURSE,2391141.29,2391.1413,1986220.06,1986.2201,4077.9677,14680.6836,4077.9677,1693.6414,-3709.636,-0.0,-9.81,9.81,22.6554,0.0,0.0,0.0,0.0,0.0,0.0,8000.0,66519281217.71,66519.2812
1191.0,Agni_Class,MIDCOURSE,2389284.02,2389.284,1987066.88,1987.0669,4082.4301,14696.7485,4082.4301,1693.6414,-3714.541,-0.0,-9.81,9.81,22.6802,0.0,0.0,0.0,0.0,0.0,0.0,8000.0,66664943569.43,66664.9436
1191.5,Agni_Class,MIDCOURSE,2387424.29,2387.4243,1987913.71,1987.9137,4086.8936,14712.8171,4086.8936,1693.6414,-3719.446,-0.0,-9.81,9.81,22.705,0.0,0.0,0.0,0.0,0.0,0.0,8000.0,66810798393.34,66810.7984
1192.0,Agni_Class,MIDCOURSE,2385562.12,2385.5621,1988760.53,1988.7605,4091.3581,14728.8893,4091.3581,1693.6414,-3724.351,-0.0,-9.81,9.81,22.7298,0.0,0.0,0.0,0.0,0.0,0.0,8000.0,66956845689.46,66956.8457
1192.5,Agni_Class,MIDCOURSE,2383697.49,2383.6975,1989607.35,1989.6073,4095.8236,14744.9651,4095.8236,1693.6414,-3729.256,-0.0,-9.81,9.81,22.7546,0.0,0.0,0.0,0.0,0.0,0.0,8000.0,67103085457.78,67103.0855
1193.0,Agni_Class,MIDCOURSE,2381830.41,2381.8304,1990454.17,1990.4542,4100.2902,14761.0446,4100.2902,1693.6414,-3734.161,-0.0,-9.81,9.81,22.7794,0.0,0.0,0.0,0.0,0.0,0.0,8000.0,67249517698.3,67249.5177
1193.5,Agni_Class,MIDCOURSE,2379960.88,2379.9609,1991300.99,1991.301,4104.7577,14777.1276,4104.7577,1693.6414,-3739.066,-0.0,-9.81,9.81,22.8042,0.0,0.0,0.0,0.0,0.0,0.0,8000.0,67396142411.01,67396.1424
1194.0,Agni_Class,MIDCOURSE,2378088.89,2378.0889,1992147.81,1992.1478,4109.2262,14793.2143,4109.2262,1693.6414,-3743.971,-0.0,-9.81,9.81,22.829,0.0,0.0,0.0,0.0,0.0,0.0,8000.0,67542959595.93,67542.9596
1194.5,Agni_Class,MIDCOURSE,2376214.45,2376.2145,1992994.63,1992.9946,4113.6957,14809.3045,4113.6957,1693.6414,-3748.876,-0.0,-9.81,9.81,22.8539,0.0,0.0,0.0,0.0,0.0,0.0,8000.0,67689969253.05,67689.9693
1195.0,Agni_Class,MIDCOURSE,2374337.56,2374.3376,1993841.45,1993.8415,4118.1662,14825.3983,4118.1662,1693.6414,-3753.781,-0.0,-9.81,9.81,22.8787,0.0,0.0,0.0,0.0,0.0,0.0,8000.0,67837171382.36,67837.1714
1195.5,Agni_Class,MIDCOURSE,2372458.22,2372.4582,1994688.27,1994.6883,4122.6377,14841.4957,4122.6377,1693.6414,-3758.686,-0.0,-9.81,9.81,22.9035,0.0,0.0,0.0,0.0,0.0,0.0,8000.0,67984565983.88,67984.566
1196.0,Agni_Class,MIDCOURSE,2370576.42,2370.5764,1995535.09,1995.5351,4127.1102,14857.5966,4127.1102,1693.6414,-3763.591,-0.0,-9.81,9.81,22.9284,0.0,0.0,0.0,0.0,0.0,0.0,8000.0,68132153057.6,68132.1531
1196.5,Agni_Class,MIDCOURSE,2368692.18,2368.6922,1996381.91,1996.3819,4131.5836,14873.701,4131.5836,1693.6414,-3768.496,-0.0,-9.81,9.81,22.9532,0.0,0.0,0.0,0.0,0.0,0.0,8000.0,68279932603.52,68279.9326
1197.0,Agni_Class,MIDCOURSE,2366805.47,2366.8055,1997228.73,1997.2287,4136.058,14889.809,4136.058,1693.6414,-3773.401,-0.0,-9.81,9.81,22.9781,0.0,0.0,0.0,0.0,0.0,0.0,8000.0,68427904621.63,68427.9046
1197.5,Agni_Class,MIDCOURSE,2364916.32,2364.9163,1998075.55,1998.0756,4140.5335,14905.9204,4140.5335,1693.6414,-3778.306,-0.0,-9.81,9.81,23.003,0.0,0.0,0.0,0.0,0.0,0.0,8000.0,68576069111.95,68576.0691
1198.0,Agni_Class,MIDCOURSE,2363024.72,2363.0247,1998922.37,1998.9224,4145.0098,14922.0354,4145.0098,1693.6414,-3783.211,-0.0,-9.81,9.81,23.0278,0.0,0.0,0.0,0.0,0.0,0.0,8000.0,68724426074.47,68724.4261
1198.5,Agni_Class,MIDCOURSE,2361130.66,2361.1307,1999769.2,1999.7692,4149.4872,14938.1539,4149.4872,1693.6414,-3788.116,-0.0,-9.81,9.81,23.0527,0.0,0.0,0.0,0.0,0.0,0.0,8000.0,68872975509.19,68872.9755
1199.0,Agni_Class,MIDCOURSE,2359234.15,2359.2341,2000616.02,2000.616,4153.9655,14954.2758,4153.9655,1693.6414,-3793.021,-0.0,-9.81,9.81,23.0776,0.0,0.0,0.0,0.0,0.0,0.0,8000.0,69021717416.1,69021.7174
1199.5,Agni_Class,MIDCOURSE,2357335.18,2357.3352,2001462.84,2001.4628,4158.4448,14970.4012,4158.4448,1693.6414,-3797.926,-0.0,-9.81,9.81,23.1025,0.0,0.0,0.0,0.0,0.0,0.0,8000.0,69170651795.22,69170.6518
1200.0,Agni_Class,MIDCOURSE,2355433.77,2355.4338,2002309.66,2002.3097,4162.925,14986.53,4162.925,1693.6414,-3802.831,-0.0,-9.81,9.81,23.1274,0.0,0.0,0.0,0.0,0.0,0.0,8000.0,69319778646.54,69319.7786
1200.5,Agni_Class,MIDCOURSE,2353529.9,2353.5299,2003156.48,2003.1565,4167.4062,15002.6623,4167.4062,1693.6414,-3807.736,-0.0,-9.81,9.81,23.1523,0.0,0.0,0.0,0.0,0.0,0.0,8000.0,69469097970.06,69469.098
1201.0,Agni_Class,MIDCOURSE,2351623.58,2351.6236,2004003.3,2004.0033,4171.8884,15018.7981,4171.8884,1693.6414,-3812.641,-0.0,-9.81,9.81,23.1772,0.0,0.0,0.0,0.0,0.0,0.0,8000.0,69618609765.77,69618.6098
1201.5,Agni_Class,MIDCOURSE,2349714.81,2349.7148,2004850.12,2004.8501,4176.3715,15034.9372,4176.3715,1693.6414,-3817.546,-0.0,-9.81,9.81,23.2021,0.0,0.0,0.0,0.0,0.0,0.0,8000.0,69768314033.69,69768.314
1202.0,Agni_Class,MIDCOURSE,2347803.58,2347.8036,2005696.94,2005.6969,4180.8555,15051.0798,4180.8555,1693.6414,-3822.451,-0.0,-9.81,9.81,23.227,0.0,0.0,0.0,0.0,0.0,0.0,8000.0,69918210773.81,69918.2108
1202.5,Agni_Class,MIDCOURSE,2345889.9,2345.8899,2006543.76,2006.5438,4185.3405,15067.2258,4185.3405,1693.6414,-3827.356,-0.0,-9.81,9.81,23.2519,0.0,0.0,0.0,0.0,0.0,0.0,8000.0,70068299986.13,70068.3
1203.0,Agni_Class,MIDCOURSE,2343973.77,2343.9738,2007390.58,2007.3906,4189.8264,15083.3751,4189.8264,1693.6414,-3832.261,-0.0,-9.81,9.81,23.2768,0.0,0.0,0.0,0.0,0.0,0.0,8000.0,70218581670.64,70218.5817
1203.5,Agni_Class,MIDCOURSE,2342055.19,2342.0552,2008237.4,2008.2374,4194.3133,15099.5278,4194.3133,1693.6414,-3837.166,-0.0,-9.81,9.81,23.3017,0.0,0.0,0.0,0.0,0.0,0.0,8000.0,70369055827.36,70369.0558
1204.0,Agni_Class,MIDCOURSE,2340134.16,2340.1342,2009084.22,2009.0842,4198.8011,15115.6839,4198.8011,1693.6414,-3842.071,-0.0,-9.81,9.81,23.3267,0.0,0.0,0.0,0.0,0.0,0.0,8000.0,70519722456.28,70519.7225
1204.5,Agni_Class,MIDCOURSE,2338210.67,2338.2107,2009931.04,2009.931,4203.2898,15131.8434,4203.2898,1693.6414,-3846.976,-0.0,-9.81,9.81,23.3516,0.0,0.0,0.0,0.0,0.0,0.0,8000.0,70670581557.39,70670.5816
1205.0,Agni_Class,MIDCOURSE,2336284.73,2336.2847,2010777.86,2010.7779,4207.7795,15148.0062,4207.7795,1693.6414,-3851.881,-0.0,-9.81,9.81,23.3766,0.0,0.0,0.0,0.0,0.0,0.0,8000.0,70821633130.71,70821.6331
1205.5,Agni_Class,MIDCOURSE,2334356.33,2334.3563,2011624.69,2011.6247,4212.2701,15164.1723,4212.2701,1693.6414,-3856.786,-0.0,-9.81,9.81,23.4015,0.0,0.0,0.0,0.0,0.0,0.0,8000.0,70972877176.23,70972.8772
1206.0,Agni_Class,MIDCOURSE,2332425.49,2332.4255,2012471.51,2012.4715,4216.7616,15180.3418,4216.7616,1693.6414,-3861.691,-0.0,-9.81,9.81,23.4265,0.0,0.0,0.0,0.0,0.0,0.0,8000.0,71124313693.95,71124.3137
1206.5,Agni_Class,MIDCOURSE,2330492.19,2330.4922,2013318.33,2013.3183,4221.254,15196.5145,4221.254,1693.6414,-3866.596,-0.0,-9.81,9.81,23.4514,0.0,0.0,0.0,0.0,0.0,0.0,8000.0,71275942683.86,71275.9427
1207.0,Agni_Class,MIDCOURSE,2328556.44,2328.5564,2014165.15,2014.1651,4225.7474,15212.6906,4225.7474,1693.6414,-3871.501,-0.0,-9.81,9.81,23.4764,0.0,0.0,0.0,0.0,0.0,0.0,8000.0,71427764145.98,71427.7641
1207.5,Agni_Class,MIDCOURSE,2326618.24,2326.6182,2015011.97,2015.012,4230.2417,15228.87,4230.2417,1693.6414,-3876.406,-0.0,-9.81,9.81,23.5013,0.0,0.0,0.0,0.0,0.0,0.0,8000.0,71579778080.3,71579.7781
1208.0,Agni_Class,MIDCOURSE,2324677.58,2324.6776,2015858.79,2015.8588,4234.7368,15245.0526,4234.7368,1693.6414,-3881.311,-0.0,-9.81,9.81,23.5263,0.0,0.0,0.0,0.0,0.0,0.0,8000.0,71731984486.82,71731.9845
1208.5,Agni_Class,MIDCOURSE,2322734.47,2322.7345,2016705.61,2016.7056,4239.2329,15261.2386,4239.2329,1693.6414,-3886.216,-0.0,-9.81,9.81,23.5513,0.0,0.0,0.0,0.0,0.0,0.0,8000.0,71884383365.53,71884.3834
1209.0,Agni_Class,MIDCOURSE,2320788.91,2320.7889,2017552.43,2017.5524,4243.7299,15277.4277,4243.7299,1693.6414,-3891.121,-0.0,-9.81,9.81,23.5763,0.0,0.0,0.0,0.0,0.0,0.0,8000.0,72036974716.45,72036.9747
1209.5,Agni_Class,MIDCOURSE,2318840.9,2318.8409,2018399.25,2018.3993,4248.2278,15293.6202,4248.2278,1693.6414,-3896.026,-0.0,-9.81,9.81,23.6013,0.0,0.0,0.0,0.0,0.0,0.0,8000.0,72189758539.57,72189.7585
1210.0,Agni_Class,MIDCOURSE,2316890.43,2316.8904,2019246.07,2019.2461,4252.7266,15309.8158,4252.7266,1693.6414,-3900.931,-0.0,-9.81,9.81,23.6263,0.0,0.0,0.0,0.0,0.0,0.0,8000.0,72342734834.89,72342.7348
1210.5,Agni_Class,MIDCOURSE,2314937.52,2314.9375,2020092.89,2020.0929,4257.2263,15326.0147,4257.2263,1693.6414,-3905.836,-0.0,-9.81,9.81,23.6513,0.0,0.0,0.0,0.0,0.0,0.0,8000.0,72495903602.4,72495.9036
1211.0,Agni_Class,MIDCOURSE,2312982.15,2312.9821,2020939.71,2020.9397,4261.7269,15342.2169,4261.7269,1693.6414,-3910.741,-0.0,-9.81,9.81,23.6763,0.0,0.0,0.0,0.0,0.0,0.0,8000.0,72649264842.12,72649.2648
1211.5,Agni_Class,MIDCOURSE,2311024.32,2311.0243,2021786.53,2021.7865,4266.2284,15358.4222,4266.2284,1693.6414,-3915.646,-0.0,-9.81,9.81,23.7013,0.0,0.0,0.0,0.0,0.0,0.0,8000.0,72802818554.04,72802.8186
1212.0,Agni_Class,MIDCOURSE,2309064.05,2309.064,2022633.35,2022.6334,4270.7308,15374.6307,4270.7308,1693.6414,-3920.551,-0.0,-9.81,9.81,23.7263,0.0,0.0,0.0,0.0,0.0,0.0,8000.0,72956564738.16,72956.5647
1212.5,Agni_Class,MIDCOURSE,2307101.32,2307.1013,2023480.18,2023.4802,4275.234,15390.8424,4275.234,1693.6414,-3925.456,-0.0,-9.81,9.81,23.7513,0.0,0.0,0.0,0.0,0.0,0.0,8000.0,73110503394.47,73110.5034
1213.0,Agni_Class,MIDCOURSE,2305136.14,2305.1361,2024327.0,2024.327,4279.7381,15407.0573,4279.7381,1693.6414,-3930.361,-0.0,-9.81,9.81,23.7763,0.0,0.0,0.0,0.0,0.0,0.0,8000.0,73264634522.99,73264.6345
1213.5,Agni_Class,MIDCOURSE,2303168.51,2303.1685,2025173.82,2025.1738,4284.2432,15423.2754,4284.2432,1693.6414,-3935.266,-0.0,-9.81,9.81,23.8014,0.0,0.0,0.0,0.0,0.0,0.0,8000.0,73418958123.71,73418.9581
1214.0,Agni_Class,MIDCOURSE,2301198.42,2301.1984,2026020.64,2026.0206,4288.7491,15439.4966,4288.7491,1693.6414,-3940.171,-0.0,-9.81,9.81,23.8264,0.0,0.0,0.0,0.0,0.0,0.0,8000.0,73573474196.63,73573.4742
1214.5,Agni_Class,MIDCOURSE,2299225.88,2299.2259,2026867.46,2026.8675,4293.2558,15455.721,4293.2558,1693.6414,-3945.076,-0.0,-9.81,9.81,23.8514,0.0,0.0,0.0,0.0,0.0,0.0,8000.0,73728182741.74,73728.1827
1215.0,Agni_Class,MIDCOURSE,2297250.89,2297.2509,2027714.28,2027.7143,4297.7635,15471.9485,4297.7635,1693.6414,-3949.981,-0.0,-9.81,9.81,23.8765,0.0,0.0,0.0,0.0,0.0,0.0,8000.0,73883083759.06,73883.0838
1215.5,Agni_Class,MIDCOURSE,2295273.45,2295.2734,2028561.1,2028.5611,4302.272,15488.1792,4302.272,1693.6414,-3954.886,-0.0,-9.81,9.81,23.9015,0.0,0.0,0.0,0.0,0.0,0.0,8000.0,74038177248.58,74038.1772
1216.0,Agni_Class,MIDCOURSE,2293293.55,2293.2936,2029407.92,2029.4079,4306.7814,15504.4129,4306.7814,1693.6414,-3959.791,-0.0,-9.81,9.81,23.9266,0.0,0.0,0.0,0.0,0.0,0.0,8000.0,74193463210.29,74193.4632
1216.5,Agni_Class,MIDCOURSE,2291311.21,2291.3112,2030254.74,2030.2547,4311.2916,15520.6498,4311.2916,1693.6414,-3964.696,-0.0,-9.81,9.81,23.9516,0.0,0.0,0.0,0.0,0.0,0.0,8000.0,74348941644.21,74348.9416
1217.0,Agni_Class,MIDCOURSE,2289326.41,2289.3264,2031101.56,2031.1016,4315.8027,15536.8898,4315.8027,1693.6414,-3969.601,-0.0,-9.81,9.81,23.9767,0.0,0.0,0.0,0.0,0.0,0.0,8000.0,74504612550.33,74504.6126
1217.5,Agni_Class,MIDCOURSE,2287339.15,2287.3392,2031948.38,2031.9484,4320.3147,15553.1329,4320.3147,1693.6414,-3974.506,-0.0,-9.81,9.81,24.0017,0.0,0.0,0.0,0.0,0.0,0.0,8000.0,74660475928.65,74660.4759
1218.0,Agni_Class,MIDCOURSE,2285349.45,2285.3494,2032795.2,2032.7952,4324.8275,15569.379,4324.8275,1693.6414,-3979.411,-0.0,-9.81,9.81,24.0268,0.0,0.0,0.0,0.0,0.0,0.0,8000.0,74816531779.16,74816.5318
1218.5,Agni_Class,MIDCOURSE,2283357.29,2283.3573,2033642.02,2033.642,4329.3412,15585.6282,4329.3412,1693.6414,-3984.316,-0.0,-9.81,9.81,24.0519,0.0,0.0,0.0,0.0,0.0,0.0,8000.0,74972780101.88,74972.7801
1219.0,Agni_Class,MIDCOURSE,2281362.68,2281.3627,2034488.84,2034.4888,4333.8557,15601.8805,4333.8557,1693.6414,-3989.221,-0.0,-9.81,9.81,24.077,0.0,0.0,0.0,0.0,0.0,0.0,8000.0,75129220896.8,75129.2209
1219.5,Agni_Class,MIDCOURSE,2279365.62,2279.3656,2035335.67,2035.3357,4338.3711,15618.1359,4338.3711,1693.6414,-3994.126,-0.0,-9.81,9.81,24.1021,0.0,0.0,0.0,0.0,0.0,0.0,8000.0,75285854163.92,75285.8542
1220.0,Agni_Class,MIDCOURSE,2277366.1,2277.3661,2036182.49,2036.1825,4342.8873,15634.3942,4342.8873,1693.6414,-3999.031,-0.0,-9.81,9.81,24.1272,0.0,0.0,0.0,0.0,0.0,0.0,8000.0,75442679903.23,75442.6799
1220.5,Agni_Class,MIDCOURSE,2275364.13,2275.3641,2037029.31,2037.0293,4347.4043,15650.6556,4347.4043,1693.6414,-4003.936,-0.0,-9.81,9.81,24.1522,0.0,0.0,0.0,0.0,0.0,0.0,8000.0,75599698114.75,75599.6981
1221.0,Agni_Class,MIDCOURSE,2273359.71,2273.3597,2037876.13,2037.8761,4351.9222,15666.9201,4351.9222,1693.6414,-4008.841,-0.0,-9.81,9.81,24.1773,0.0,0.0,0.0,0.0,0.0,0.0,8000.0,75756908798.47,75756.9088
1221.5,Agni_Class,MIDCOURSE,2271352.84,2271.3528,2038722.95,2038.7229,4356.441,15683.1875,4356.441,1693.6414,-4013.746,-0.0,-9.81,9.81,24.2024,0.0,0.0,0.0,0.0,0.0,0.0,8000.0,75914311954.39,75914.312
1222.0,Agni_Class,MIDCOURSE,2269343.51,2269.3435,2039569.77,2039.5698,4360.9605,15699.458,4360.9605,1693.6414,-4018.651,-0.0,-9.81,9.81,24.2276,0.0,0.0,0.0,0.0,0.0,0.0,8000.0,76071907582.5,76071.9076
1222.5,Agni_Class,MIDCOURSE,2267331.73,2267.3317,2040416.59,2040.4166,4365.4809,15715.7314,4365.4809,1693.6414,-4023.556,-0.0,-9.81,9.81,24.2527,0.0,0.0,0.0,0.0,0.0,0.0,8000.0,76229695682.82,76229.6957
1223.0,Agni_Class,MIDCOURSE,2265317.5,2265.3175,2041263.41,2041.2634,4370.0022,15732.0079,4370.0022,1693.6414,-4028.461,-0.0,-9.81,9.81,24.2778,0.0,0.0,0.0,0.0,0.0,0.0,8000.0,76387676255.34,76387.6763
1223.5,Agni_Class,MIDCOURSE,2263300.82,2263.3008,2042110.23,2042.1102,4374.5242,15748.2873,4374.5242,1693.6414,-4033.366,-0.0,-9.81,9.81,24.3029,0.0,0.0,0.0,0.0,0.0,0.0,8000.0,76545849300.06,76545.8493
1224.0,Agni_Class,MIDCOURSE,2261281.69,2261.2817,2042957.05,2042.9571,4379.0471,15764.5696,4379.0471,1693.6414,-4038.271,-0.0,-9.81,9.81,24.328,0.0,0.0,0.0,0.0,0.0,0.0,8000.0,76704214816.97,76704.2148
1224.5,Agni_Class,MIDCOURSE,2259260.1,2259.2601,2043803.87,2043.8039,4383.5708,15780.855,4383.5708,1693.6414,-4043.176,-0.0,-9.81,9.81,24.3532,0.0,0.0,0.0,0.0,0.0,0.0,8000.0,76862772806.09,76862.7728
1225.0,Agni_Class,MIDCOURSE,2257236.06,2257.2361,2044650.69,2044.6507,4388.0954,15797.1433,4388.0954,1693.6414,-4048.081,-0.0,-9.81,9.81,24.3783,0.0,0.0,0.0,0.0,0.0,0.0,8000.0,77021523267.41,77021.5233
1225.5,Agni_Class,MIDCOURSE,2255209.56,2255.2096,2045497.51,2045.4975,4392.6207,15813.4345,4392.6207,1693.6414,-4052.986,-0.0,-9.81,9.81,24.4034,0.0,0.0,0.0,0.0,0.0,0.0,8000.0,77180466200.92,77180.4662
1226.0,Agni_Class,MIDCOURSE,2253180.62,2253.1806,2046344.33,2046.3443,4397.1468,15829.7287,4397.1468,1693.6414,-4057.891,-0.0,-9.81,9.81,24.4286,0.0,0.0,0.0,0.0,0.0,0.0,8000.0,77339601606.64,77339.6016
1226.5,Agni_Class,MIDCOURSE,2251149.22,2251.1492,2047191.16,2047.1912,4401.6738,15846.0257,4401.6738,1693.6414,-4062.796,-0.0,-9.81,9.81,24.4537,0.0,0.0,0.0,0.0,0.0,0.0,8000.0,77498929484.56,77498.9295
1227.0,Agni_Class,MIDCOURSE,2249115.37,2249.1154,2048037.98,2048.038,4406.2016,15862.3257,4406.2016,1693.6414,-4067.701,-0.0,-9.81,9.81,24.4789,0.0,0.0,0.0,0.0,0.0,0.0,8000.0,77658449834.68,77658.4498
1227.5,Agni_Class,MIDCOURSE,2247079.07,2247.0791,2048884.8,2048.8848,4410.7302,15878.6286,4410.7302,1693.6414,-4072.606,-0.0,-9.81,9.81,24.5041,0.0,0.0,0.0,0.0,0.0,0.0,8000.0,77818162656.99,77818.1627
1228.0,Agni_Class,MIDCOURSE,2245040.31,2245.0403,2049731.62,2049.7316,4415.2596,15894.9344,4415.2596,1693.6414,-4077.511,-0.0,-9.81,9.81,24.5292,0.0,0.0,0.0,0.0,0.0,0.0,8000.0,77978067951.51,77978.068
1228.5,Agni_Class,MIDCOURSE,2242999.1,2242.9991,2050578.44,2050.5784,4419.7897,15911.2431,4419.7897,1693.6414,-4082.416,-0.0,-9.81,9.81,24.5544,0.0,0.0,0.0,0.0,0.0,0.0,8000.0,78138165718.23,78138.1657
1229.0,Agni_Class,MIDCOURSE,2240955.44,2240.9554,2051425.26,2051.4253,4424.3207,15927.5547,4424.3207,1693.6414,-4087.321,-0.0,-9.81,9.81,24.5796,0.0,0.0,0.0,0.0,0.0,0.0,8000.0,78298455957.15,78298.456
1229.5,Agni_Class,MIDCOURSE,2238909.33,2238.9093,2052272.08,2052.2721,4428.8525,15943.8691,4428.8525,1693.6414,-4092.226,-0.0,-9.81,9.81,24.6047,0.0,0.0,0.0,0.0,0.0,0.0,8000.0,78458938668.26,78458.9387
1230.0,Agni_Class,MIDCOURSE,2236860.77,2236.8608,2053118.9,2053.1189,4433.3851,15960.1864,4433.3851,1693.6414,-4097.131,-0.0,-9.81,9.81,24.6299,0.0,0.0,0.0,0.0,0.0,0.0,8000.0,78619613851.58,78619.6139
1230.5,Agni_Class,MIDCOURSE,2234809.75,2234.8097,2053965.72,2053.9657,4437.9185,15976.5065,4437.9185,1693.6414,-4102.036,-0.0,-9.81,9.81,24.6551,0.0,0.0,0.0,0.0,0.0,0.0,8000.0,78780481507.1,78780.4815
1231.0,Agni_Class,MIDCOURSE,2232756.28,2232.7563,2054812.54,2054.8125,4442.4526,15992.8295,4442.4526,1693.6414,-4106.941,-0.0,-9.81,9.81,24.6803,0.0,0.0,0.0,0.0,0.0,0.0,8000.0,78941541634.82,78941.5416
1231.5,Agni_Class,MIDCOURSE,2230700.35,2230.7004,2055659.36,2055.6594,4446.9876,16009.1553,4446.9876,1693.6414,-4111.846,-0.0,-9.81,9.81,24.7055,0.0,0.0,0.0,0.0,0.0,0.0,8000.0,79102794234.73,79102.7942
1232.0,Agni_Class,MIDCOURSE,2228641.98,2228.642,2056506.18,2056.5062,4451.5233,16025.4839,4451.5233,1693.6414,-4116.751,-0.0,-9.81,9.81,24.7307,0.0,0.0,0.0,0.0,0.0,0.0,8000.0,79264239306.85,79264.2393
1232.5,Agni_Class,MIDCOURSE,2226581.15,2226.5812,2057353.0,2057.353,4456.0598,16041.8154,4456.0598,1693.6414,-4121.656,-0.0,-9.81,9.81,24.7559,0.0,0.0,0.0,0.0,0.0,0.0,8000.0,79425876851.17,79425.8769
1233.0,Agni_Class,MIDCOURSE,2224517.87,2224.5179,2058199.82,2058.1998,4460.5971,16058.1497,4460.5971,1693.6414,-4126.561,-0.0,-9.81,9.81,24.7811,0.0,0.0,0.0,0.0,0.0,0.0,8000.0,79587706867.69,79587.7069
1233.5,Agni_Class,MIDCOURSE,2222452.14,2222.4521,2059046.65,2059.0466,4465.1352,16074.4867,4465.1352,1693.6414,-4131.466,-0.0,-9.81,9.81,24.8063,0.0,0.0,0.0,0.0,0.0,0.0,8000.0,79749729356.4,79749.7294
1234.0,Agni_Class,MIDCOURSE,2220383.95,2220.384,2059893.47,2059.8935,4469.674,16090.8266,4469.674,1693.6414,-4136.371,-0.0,-9.81,9.81,24.8315,0.0,0.0,0.0,0.0,0.0,0.0,8000.0,79911944317.32,79911.9443
1234.5,Agni_Class,MIDCOURSE,2218313.31,2218.3133,2060740.29,2060.7403,4474.2137,16107.1692,4474.2137,1693.6414,-4141.276,-0.0,-9.81,9.81,24.8567,0.0,0.0,0.0,0.0,0.0,0.0,8000.0,80074351750.44,80074.3518
1235.0,Agni_Class,MIDCOURSE,2216240.22,2216.2402,2061587.11,2061.5871,4478.7541,16123.5146,4478.7541,1693.6414,-4146.181,-0.0,-9.81,9.81,24.882,0.0,0.0,0.0,0.0,0.0,0.0,8000.0,80236951655.76,80236.9517
1235.5,Agni_Class,MIDCOURSE,2214164.68,2214.1647,2062433.93,2062.4339,4483.2952,16139.8628,4483.2952,1693.6414,-4151.086,-0.0,-9.81,9.81,24.9072,0.0,0.0,0.0,0.0,0.0,0.0,8000.0,80399744033.27,80399.744
1236.0,Agni_Class,MIDCOURSE,2212086.68,2212.0867,2063280.75,2063.2807,4487.8371,16156.2137,4487.8371,1693.6414,-4155.991,-0.0,-9.81,9.81,24.9324,0.0,0.0,0.0,0.0,0.0,0.0,8000.0,80562728882.99,80562.7289
1236.5,Agni_Class,MIDCOURSE,2210006.24,2210.0062,2064127.57,2064.1276,4492.3798,16172.5674,4492.3798,1693.6414,-4160.896,-0.0,-9.81,9.81,24.9577,0.0,0.0,0.0,0.0,0.0,0.0,8000.0,80725906204.91,80725.9062
1237.0,Agni_Class,MIDCOURSE,2207923.34,2207.9233,2064974.39,2064.9744,4496.9233,16188.9238,4496.9233,1693.6414,-4165.801,-0.0,-9.81,9.81,24.9829,0.0,0.0,0.0,0.0,0.0,0.0,8000.0,80889275999.02,80889.276
1237.5,Agni_Class,MIDCOURSE,2205837.98,2205.838,2065821.21,2065.8212,4501.4675,16205.283,4501.4675,1693.6414,-4170.706,-0.0,-9.81,9.81,25.0082,0.0,0.0,0.0,0.0,0.0,0.0,8000.0,81052838265.34,81052.8383
1238.0,Agni_Class,MIDCOURSE,2203750.18,2203.7502,2066668.03,2066.668,4506.0125,16221.6448,4506.0125,1693.6414,-4175.611,-0.0,-9.81,9.81,25.0334,0.0,0.0,0.0,0.0,0.0,0.0,8000.0,81216593003.86,81216.593
1238.5,Agni_Class,MIDCOURSE,2201659.92,2201.6599,2067514.85,2067.5149,4510.5582,16238.0094,4510.5582,1693.6414,-4180.516,-0.0,-9.81,9.81,25.0587,0.0,0.0,0.0,0.0,0.0,0.0,8000.0,81380540214.58,81380.5402
1239.0,Agni_Class,MIDCOURSE,2199567.21,2199.5672,2068361.67,2068.3617,4515.1046,16254.3767,4515.1046,1693.6414,-4185.421,-0.0,-9.81,9.81,25.0839,0.0,0.0,0.0,0.0,0.0,0.0,8000.0,81544679897.49,81544.6799
1239.5,Agni_Class,MIDCOURSE,2197472.05,2197.472,2069208.49,2069.2085,4519.6519,16270.7467,4519.6519,1693.6414,-4190.326,-0.0,-9.81,9.81,25.1092,0.0,0.0,0.0,0.0,0.0,0.0,8000.0,81709012052.61,81709.0121
1240.0,Agni_Class,MIDCOURSE,2195374.43,2195.3744,2070055.31,2070.0553,4524.1998,16287.1194,4524.1998,1693.6414,-4195.231,-0.0,-9.81,9.81,25.1344,0.0,0.0,0.0,0.0,0.0,0.0,8000.0,81873536679.93,81873.5367
1240.5,Agni_Class,MIDCOURSE,2193274.36,2193.2744,2070902.13,2070.9021,4528.7486,16303.4948,4528.7486,1693.6414,-4200.136,-0.0,-9.81,9.81,25.1597,0.0,0.0,0.0,0.0,0.0,0.0,8000.0,82038253779.45,82038.2538
1241.0,Agni_Class,MIDCOURSE,2191171.84,2191.1718,2071748.96,2071.749,4533.298,16319.8728,4533.298,1693.6414,-4205.041,-0.0,-9.81,9.81,25.185,0.0,0.0,0.0,0.0,0.0,0.0,8000.0,82203163351.16,82203.1634
1241.5,Agni_Class,MIDCOURSE,2189066.87,2189.0669,2072595.78,2072.5958,4537.8482,16336.2535,4537.8482,1693.6414,-4209.946,-0.0,-9.81,9.81,25.2103,0.0,0.0,0.0,0.0,0.0,0.0,8000.0,82368265395.08,82368.2654
1242.0,Agni_Class,MIDCOURSE,2186959.44,2186.9594,2073442.6,2073.4426,4542.3991,16352.6369,4542.3991,1693.6414,-4214.851,-0.0,-9.81,9.81,25.2356,0.0,0.0,0.0,0.0,0.0,0.0,8000.0,82533559911.2,82533.5599
1242.5,Agni_Class,MIDCOURSE,2184849.57,2184.8496,2074289.42,2074.2894,4546.9508,16369.0229,4546.9508,1693.6414,-4219.756,-0.0,-9.81,9.81,25.2608,0.0,0.0,0.0,0.0,0.0,0.0,8000.0,82699046899.52,82699.0469
1243.0,Agni_Class,MIDCOURSE,2182737.23,2182.7372,2075136.24,2075.1362,4551.5032,16385.4116,4551.5032,1693.6414,-4224.661,-0.0,-9.81,9.81,25.2861,0.0,0.0,0.0,0.0,0.0,0.0,8000.0,82864726360.03,82864.7264
1243.5,Agni_Class,MIDCOURSE,2180622.45,2180.6225,2075983.06,2075.9831,4556.0564,16401.8029,4556.0564,1693.6414,-4229.566,-0.0,-9.81,9.81,25.3114,0.0,0.0,0.0,0.0,0.0,0.0,8000.0,83030598292.75,83030.5983
1244.0,Agni_Class,MIDCOURSE,2178505.22,2178.5052,2076829.88,2076.8299,4560.6102,16418.1968,4560.6102,1693.6414,-4234.471,-0.0,-9.81,9.81,25.3367,0.0,0.0,0.0,0.0,0.0,0.0,8000.0,83196662697.67,83196.6627
1244.5,Agni_Class,MIDCOURSE,2176385.53,2176.3855,2077676.7,2077.6767,4565.1648,16434.5934,4565.1648,1693.6414,-4239.376,-0.0,-9.81,9.81,25.362,0.0,0.0,0.0,0.0,0.0,0.0,8000.0,83362919574.79,83362.9196
1245.0,Agni_Class,MIDCOURSE,2174263.39,2174.2634,2078523.52,2078.5235,4569.7201,16450.9925,4569.7201,1693.6414,-4244.281,-0.0,-9.81,9.81,25.3873,0.0,0.0,0.0,0.0,0.0,0.0,8000.0,83529368924.1,83529.3689
1245.5,Agni_Class,MIDCOURSE,2172138.79,2172.1388,2079370.34,2079.3703,4574.2762,16467.3943,4574.2762,1693.6414,-4249.186,-0.0,-9.81,9.81,25.4126,0.0,0.0,0.0,0.0,0.0,0.0,8000.0,83696010745.62,83696.0107
1246.0,Agni_Class,MIDCOURSE,2170011.75,2170.0117,2080217.16,2080.2172,4578.833,16483.7986,4578.833,1693.6414,-4254.091,-0.0,-9.81,9.81,25.438,0.0,0.0,0.0,0.0,0.0,0.0,8000.0,83862845039.34,83862.845
1246.5,Agni_Class,MIDCOURSE,2167882.25,2167.8823,2081063.98,2081.064,4583.3904,16500.2056,4583.3904,1693.6414,-4258.996,-0.0,-9.81,9.81,25.4633,0.0,0.0,0.0,0.0,0.0,0.0,8000.0,84029871805.25,84029.8718
1247.0,Agni_Class,MIDCOURSE,2165750.3,2165.7503,2081910.8,2081.9108,4587.9486,16516.6151,4587.9486,1693.6414,-4263.901,-0.0,-9.81,9.81,25.4886,0.0,0.0,0.0,0.0,0.0,0.0,8000.0,84197091043.37,84197.091
1247.5,Agni_Class,MIDCOURSE,2163615.9,2163.6159,2082757.62,2082.7576,4592.5076,16533.0272,4592.5076,1693.6414,-4268.806,-0.0,-9.81,9.81,25.5139,0.0,0.0,0.0,0.0,0.0,0.0,8000.0,84364502753.69,84364.5028
1248.0,Agni_Class,MIDCOURSE,2161479.04,2161.479,2083604.45,2083.6044,4597.0672,16549.4419,4597.0672,1693.6414,-4273.711,-0.0,-9.81,9.81,25.5393,0.0,0.0,0.0,0.0,0.0,0.0,8000.0,84532106936.21,84532.1069
1248.5,Agni_Class,MIDCOURSE,2159339.73,2159.3397,2084451.27,2084.4513,4601.6275,16565.8591,4601.6275,1693.6414,-4278.616,-0.0,-9.81,9.81,25.5646,0.0,0.0,0.0,0.0,0.0,0.0,8000.0,84699903590.92,84699.9036
1249.0,Agni_Class,MIDCOURSE,2157197.97,2157.198,2085298.09,2085.2981,4606.1886,16582.2789,4606.1886,1693.6414,-4283.521,-0.0,-9.81,9.81,25.5899,0.0,0.0,0.0,0.0,0.0,0.0,8000.0,84867892717.84,84867.8927
1249.5,Agni_Class,MIDCOURSE,2155053.76,2155.0538,2086144.91,2086.1449,4610.7503,16598.7012,4610.7503,1693.6414,-4288.426,-0.0,-9.81,9.81,25.6153,0.0,0.0,0.0,0.0,0.0,0.0,8000.0,85036074316.96,85036.0743
1250.0,Agni_Class,MIDCOURSE,2152907.1,2152.9071,2086991.73,2086.9917,4615.3128,16615.126,4615.3128,1693.6414,-4293.331,-0.0,-9.81,9.81,25.6406,0.0,0.0,0.0,0.0,0.0,0.0,8000.0,85204448388.28,85204.4484
1250.5,Agni_Class,MIDCOURSE,2150757.98,2150.758,2087838.55,2087.8385,4619.8759,16631.5534,4619.8759,1693.6414,-4298.236,-0.0,-9.81,9.81,25.666,0.0,0.0,0.0,0.0,0.0,0.0,8000.0,85373014931.79,85373.0149
1251.0,Agni_Class,MIDCOURSE,2148606.41,2148.6064,2088685.37,2088.6854,4624.4398,16647.9833,4624.4398,1693.6414,-4303.141,-0.0,-9.81,9.81,25.6913,0.0,0.0,0.0,0.0,0.0,0.0,8000.0,85541773947.51,85541.7739
1251.5,Agni_Class,MIDCOURSE,2146452.38,2146.4524,2089532.19,2089.5322,4629.0044,16664.4157,4629.0044,1693.6414,-4308.046,-0.0,-9.81,9.81,25.7167,0.0,0.0,0.0,0.0,0.0,0.0,8000.0,85710725435.43,85710.7254
1252.0,Agni_Class,MIDCOURSE,2144295.91,2144.2959,2090379.01,2090.379,4633.5696,16680.8506,4633.5696,1693.6414,-4312.951,-0.0,-9.81,9.81,25.7421,0.0,0.0,0.0,0.0,0.0,0.0,8000.0,85879869395.55,85879.8694
1252.5,Agni_Class,MIDCOURSE,2142136.98,2142.137,2091225.83,2091.2258,4638.1356,16697.288,4638.1356,1693.6414,-4317.856,-0.0,-9.81,9.81,25.7674,0.0,0.0,0.0,0.0,0.0,0.0,8000.0,86049205827.86,86049.2058
1253.0,Agni_Class,MIDCOURSE,2139975.6,2139.9756,2092072.65,2092.0727,4642.7022,16713.7279,4642.7022,1693.6414,-4322.761,-0.0,-9.81,9.81,25.7928,0.0,0.0,0.0,0.0,0.0,0.0,8000.0,86218734732.38,86218.7347
1253.5,Agni_Class,MIDCOURSE,2137811.77,2137.8118,2092919.47,2092.9195,4647.2695,16730.1703,4647.2695,1693.6414,-4327.666,-0.0,-9.81,9.81,25.8182,0.0,0.0,0.0,0.0,0.0,0.0,8000.0,86388456109.1,86388.4561
1254.0,Agni_Class,MIDCOURSE,2135645.48,2135.6455,2093766.29,2093.7663,4651.8375,16746.6151,4651.8375,1693.6414,-4332.571,-0.0,-9.81,9.81,25.8435,0.0,0.0,0.0,0.0,0.0,0.0,8000.0,86558369958.02,86558.37
1254.5,Agni_Class,MIDCOURSE,2133476.74,2133.4767,2094613.11,2094.6131,4656.4062,16763.0625,4656.4062,1693.6414,-4337.476,-0.0,-9.81,9.81,25.8689,0.0,0.0,0.0,0.0,0.0,0.0,8000.0,86728476279.13,86728.4763
1255.0,Agni_Class,MIDCOURSE,2131305.55,2131.3056,2095459.94,2095.4599,4660.9756,16779.5122,4660.9756,1693.6414,-4342.381,-0.0,-9.81,9.81,25.8943,0.0,0.0,0.0,0.0,0.0,0.0,8000.0,86898775072.45,86898.7751
1255.5,Agni_Class,MIDCOURSE,2129131.91,2129.1319,2096306.76,2096.3068,4665.5457,16795.9645,4665.5457,1693.6414,-4347.286,-0.0,-9.81,9.81,25.9197,0.0,0.0,0.0,0.0,0.0,0.0,8000.0,87069266337.97,87069.2663
1256.0,Agni_Class,MIDCOURSE,2126955.81,2126.9558,2097153.58,2097.1536,4670.1164,16812.4192,4670.1164,1693.6414,-4352.191,-0.0,-9.81,9.81,25.9451,0.0,0.0,0.0,0.0,0.0,0.0,8000.0,87239950075.68,87239.9501
1256.5,Agni_Class,MIDCOURSE,2124777.27,2124.7773,2098000.4,2098.0004,4674.6879,16828.8763,4674.6879,1693.6414,-4357.096,-0.0,-9.81,9.81,25.9705,0.0,0.0,0.0,0.0,0.0,0.0,8000.0,87410826285.6,87410.8263
1257.0,Agni_Class,MIDCOURSE,2122596.27,2122.5963,2098847.22,2098.8472,4679.26,16845.3358,4679.26,1693.6414,-4362.001,-0.0,-9.81,9.81,25.9959,0.0,0.0,0.0,0.0,0.0,0.0,8000.0,87581894967.72,87581.895
1257.5,Agni_Class,MIDCOURSE,2120412.81,2120.4128,2099694.04,2099.694,4683.8327,16861.7978,4683.8327,1693.6414,-4366.906,-0.0,-9.81,9.81,26.0213,0.0,0.0,0.0,0.0,0.0,0.0,8000.0,87753156122.04,87753.1561
1258.0,Agni_Class,MIDCOURSE,2118226.91,2118.2269,2100540.86,2100.5409,4688.4062,16878.2622,4688.4062,1693.6414,-4371.811,-0.0,-9.81,9.81,26.0467,0.0,0.0,0.0,0.0,0.0,0.0,8000.0,87924609748.55,87924.6097
1258.5,Agni_Class,MIDCOURSE,2116038.55,2116.0385,2101387.68,2101.3877,4692.9803,16894.729,4692.9803,1693.6414,-4376.716,-0.0,-9.81,9.81,26.0721,0.0,0.0,0.0,0.0,0.0,0.0,8000.0,88096255847.27,88096.2558
1259.0,Agni_Class,MIDCOURSE,2113847.74,2113.8477,2102234.5,2102.2345,4697.5551,16911.1982,4697.5551,1693.6414,-4381.621,-0.0,-9.81,9.81,26.0975,0.0,0.0,0.0,0.0,0.0,0.0,8000.0,88268094418.19,88268.0944
1259.5,Agni_Class,MIDCOURSE,2111654.48,2111.6545,2103081.32,2103.0813,4702.1305,16927.6698,4702.1305,1693.6414,-4386.526,-0.0,-9.81,9.81,26.1229,0.0,0.0,0.0,0.0,0.0,0.0,8000.0,88440125461.31,88440.1255
1260.0,Agni_Class,MIDCOURSE,2109458.76,2109.4588,2103928.14,2103.9281,4706.7066,16944.1438,4706.7066,1693.6414,-4391.431,-0.0,-9.81,9.81,26.1484,0.0,0.0,0.0,0.0,0.0,0.0,8000.0,88612348976.62,88612.349
1260.5,Agni_Class,MIDCOURSE,2107260.59,2107.2606,2104774.96,2104.775,4711.2834,16960.6202,4711.2834,1693.6414,-4396.336,-0.0,-9.81,9.81,26.1738,0.0,0.0,0.0,0.0,0.0,0.0,8000.0,88784764964.14,88784.765
1261.0,Agni_Class,MIDCOURSE,2105059.97,2105.06,2105621.78,2105.6218,4715.8608,16977.099,4715.8608,1693.6414,-4401.241,-0.0,-9.81,9.81,26.1992,0.0,0.0,0.0,0.0,0.0,0.0,8000.0,88957373423.86,88957.3734
1261.5,Agni_Class,MIDCOURSE,2102856.9,2102.8569,2106468.6,2106.4686,4720.4389,16993.5801,4720.4389,1693.6414,-4406.146,-0.0,-9.81,9.81,26.2247,0.0,0.0,0.0,0.0,0.0,0.0,8000.0,89130174355.78,89130.1744
1262.0,Agni_Class,MIDCOURSE,2100651.37,2100.6514,2107315.43,2107.3154,4725.0177,17010.0636,4725.0177,1693.6414,-4411.051,-0.0,-9.81,9.81,26.2501,0.0,0.0,0.0,0.0,0.0,0.0,8000.0,89303167759.89,89303.1678
1262.5,Agni_Class,MIDCOURSE,2098443.4,2098.4434,2108162.25,2108.1622,4729.5971,17026.5494,4729.5971,1693.6414,-4415.956,-0.0,-9.81,9.81,26.2755,0.0,0.0,0.0,0.0,0.0,0.0,8000.0,89476353636.21,89476.3536
1263.0,Agni_Class,MIDCOURSE,2096232.97,2096.233,2109009.07,2109.0091,4734.1771,17043.0376,4734.1771,1693.6414,-4420.861,-0.0,-9.81,9.81,26.301,0.0,0.0,0.0,0.0,0.0,0.0,8000.0,89649731984.73,89649.732
1263.5,Agni_Class,MIDCOURSE,2094020.08,2094.0201,2109855.89,2109.8559,4738.7578,17059.5282,4738.7578,1693.6414,-4425.766,-0.0,-9.81,9.81,26.3264,0.0,0.0,0.0,0.0,0.0,0.0,8000.0,89823302805.45,89823.3028
1264.0,Agni_Class,MIDCOURSE,2091804.75,2091.8047,2110702.71,2110.7027,4743.3392,17076.021,4743.3392,1693.6414,-4430.671,-0.0,-9.81,9.81,26.3519,0.0,0.0,0.0,0.0,0.0,0.0,8000.0,89997066098.36,89997.0661
1264.5,Agni_Class,MIDCOURSE,2089586.96,2089.587,2111549.53,2111.5495,4747.9212,17092.5162,4747.9212,1693.6414,-4435.576,-0.0,-9.81,9.81,26.3773,0.0,0.0,0.0,0.0,0.0,0.0,8000.0,90171021863.48,90171.0219
1265.0,Agni_Class,MIDCOURSE,2087366.72,2087.3667,2112396.35,2112.3963,4752.5038,17109.0137,4752.5038,1693.6414,-4440.481,-0.0,-9.81,9.81,26.4028,0.0,0.0,0.0,0.0,0.0,0.0,8000.0,90345170100.8,90345.1701
1265.5,Agni_Class,MIDCOURSE,2085144.03,2085.144,2113243.17,2113.2432,4757.0871,17125.5136,4757.0871,1693.6414,-4445.386,-0.0,-9.81,9.81,26.4283,0.0,0.0,0.0,0.0,0.0,0.0,8000.0,90519510810.31,90519.5108
1266.0,Agni_Class,MIDCOURSE,2082918.88,2082.9189,2114089.99,2114.09,4761.671,17142.0157,4761.671,1693.6414,-4450.291,-0.0,-9.81,9.81,26.4537,0.0,0.0,0.0,0.0,0.0,0.0,8000.0,90694043992.03,90694.044
1266.5,Agni_Class,MIDCOURSE,2080691.28,2080.6913,2114936.81,2114.9368,4766.2556,17158.5201,4766.2556,1693.6414,-4455.196,-0.0,-9.81,9.81,26.4792,0.0,0.0,0.0,0.0,0.0,0.0,8000.0,90868769645.95,90868.7696
1267.0,Agni_Class,MIDCOURSE,2078461.23,2078.4612,2115783.63,2115.7836,4770.8408,17175.0269,4770.8408,1693.6414,-4460.101,-0.0,-9.81,9.81,26.5047,0.0,0.0,0.0,0.0,0.0,0.0,8000.0,91043687772.07,91043.6878
1267.5,Agni_Class,MIDCOURSE,2076228.73,2076.2287,2116630.45,2116.6305,4775.4266,17191.5359,4775.4266,1693.6414,-4465.006,-0.0,-9.81,9.81,26.5301,0.0,0.0,0.0,0.0,0.0,0.0,8000.0,91218798370.38,91218.7984
1268.0,Agni_Class,MIDCOURSE,2073993.77,2073.9938,2117477.27,2117.4773,4780.0131,17208.0472,4780.0131,1693.6414,-4469.911,-0.0,-9.81,9.81,26.5556,0.0,0.0,0.0,0.0,0.0,0.0,8000.0,91394101440.9,91394.1014
1268.5,Agni_Class,MIDCOURSE,2071756.37,2071.7564,2118324.09,2118.3241,4784.6002,17224.5608,4784.6002,1693.6414,-4474.816,-0.0,-9.81,9.81,26.5811,0.0,0.0,0.0,0.0,0.0,0.0,8000.0,91569596983.62,91569.597
1269.0,Agni_Class,MIDCOURSE,2069516.5,2069.5165,2119170.92,2119.1709,4789.188,17241.0766,4789.188,1693.6414,-4479.721,-0.0,-9.81,9.81,26.6066,0.0,0.0,0.0,0.0,0.0,0.0,8000.0,91745284998.54,91745.285
1269.5,Agni_Class,MIDCOURSE,2067274.19,2067.2742,2120017.74,2120.0177,4793.7763,17257.5947,4793.7763,1693.6414,-4484.626,-0.0,-9.81,9.81,26.6321,0.0,0.0,0.0,0.0,0.0,0.0,8000.0,91921165485.65,91921.1655
1270.0,Agni_Class,MIDCOURSE,2065029.43,2065.0294,2120864.56,2120.8646,4798.3653,17274.1151,4798.3653,1693.6414,-4489.531,-0.0,-9.81,9.81,26.6576,0.0,0.0,0.0,0.0,0.0,0.0,8000.0,92097238444.97,92097.2384
1270.5,Agni_Class,MIDCOURSE,2062782.21,2062.7822,2121711.38,2121.7114,4802.9549,17290.6377,4802.9549,1693.6414,-4494.436,-0.0,-9.81,9.81,26.6831,0.0,0.0,0.0,0.0,0.0,0.0,8000.0,92273503876.49,92273.5039
1271.0,Agni_Class,MIDCOURSE,2060532.54,2060.5325,2122558.2,2122.5582,4807.5452,17307.1626,4807.5452,1693.6414,-4499.341,-0.0,-9.81,9.81,26.7086,0.0,0.0,0.0,0.0,0.0,0.0,8000.0,92449961780.21,92449.9618
1271.5,Agni_Class,MIDCOURSE,2058280.41,2058.2804,2123405.02,2123.405,4812.136,17323.6897,4812.136,1693.6414,-4504.246,-0.0,-9.81,9.81,26.7341,0.0,0.0,0.0,0.0,0.0,0.0,8000.0,92626612156.12,92626.6122
1272.0,Agni_Class,MIDCOURSE,2056025.84,2056.0258,2124251.84,2124.2518,4816.7275,17340.219,4816.7275,1693.6414,-4509.151,-0.0,-9.81,9.81,26.7596,0.0,0.0,0.0,0.0,0.0,0.0,8000.0,92803455004.24,92803.455
1272.5,Agni_Class,MIDCOURSE,2053768.81,2053.7688,2125098.66,2125.0987,4821.3196,17356.7505,4821.3196,1693.6414,-4514.056,-0.0,-9.81,9.81,26.7851,0.0,0.0,0.0,0.0,0.0,0.0,8000.0,92980490324.56,92980.4903
1273.0,Agni_Class,MIDCOURSE,2051509.33,2051.5093,2125945.48,2125.9455,4825.9123,17373.2843,4825.9123,1693.6414,-4518.961,-0.0,-9.81,9.81,26.8106,0.0,0.0,0.0,0.0,0.0,0.0,8000.0,93157718117.07,93157.7181
1273.5,Agni_Class,MIDCOURSE,2049247.4,2049.2474,2126792.3,2126.7923,4830.5056,17389.8203,4830.5056,1693.6414,-4523.866,-0.0,-9.81,9.81,26.8361,0.0,0.0,0.0,0.0,0.0,0.0,8000.0,93335138381.79,93335.1384
1274.0,Agni_Class,MIDCOURSE,2046983.01,2046.983,2127639.12,2127.6391,4835.0996,17406.3584,4835.0996,1693.6414,-4528.771,-0.0,-9.81,9.81,26.8617,0.0,0.0,0.0,0.0,0.0,0.0,8000.0,93512751118.71,93512.7511
1274.5,Agni_Class,MIDCOURSE,2044716.17,2044.7162,2128485.94,2128.4859,4839.6941,17422.8988,4839.6941,1693.6414,-4533.676,-0.0,-9.81,9.81,26.8872,0.0,0.0,0.0,0.0,0.0,0.0,8000.0,93690556327.83,93690.5563
1275.0,Agni_Class,MIDCOURSE,2042446.88,2042.4469,2129332.76,2129.3328,4844.2893,17439.4414,4844.2893,1693.6414,-4538.581,-0.0,-9.81,9.81,26.9127,0.0,0.0,0.0,0.0,0.0,0.0,8000.0,93868554009.14,93868.554
1275.5,Agni_Class,MIDCOURSE,2040175.14,2040.1751,2130179.58,2130.1796,4848.885,17455.9861,4848.885,1693.6414,-4543.486,-0.0,-9.81,9.81,26.9383,0.0,0.0,0.0,0.0,0.0,0.0,8000.0,94046744162.66,94046.7442
1276.0,Agni_Class,MIDCOURSE,2037900.95,2037.9009,2131026.41,2131.0264,4853.4814,17472.533,4853.4814,1693.6414,-4548.391,-0.0,-9.81,9.81,26.9638,0.0,0.0,0.0,0.0,0.0,0.0,8000.0,94225126788.38,94225.1268
1276.5,Agni_Class,MIDCOURSE,2035624.3,2035.6243,2131873.23,2131.8732,4858.0784,17489.0821,4858.0784,1693.6414,-4553.296,-0.0,-9.81,9.81,26.9893,0.0,0.0,0.0,0.0,0.0,0.0,8000.0,94403701886.3,94403.7019
1277.0,Agni_Class,MIDCOURSE,2033345.2,2033.3452,2132720.05,2132.72,4862.6759,17505.6334,4862.6759,1693.6414,-4558.201,-0.0,-9.81,9.81,27.0149,0.0,0.0,0.0,0.0,0.0,0.0,8000.0,94582469456.41,94582.4695
1277.5,Agni_Class,MIDCOURSE,2031063.64,2031.0636,2133566.87,2133.5669,4867.2741,17522.1868,4867.2741,1693.6414,-4563.106,-0.0,-9.81,9.81,27.0404,0.0,0.0,0.0,0.0,0.0,0.0,8000.0,94761429498.73,94761.4295
1278.0,Agni_Class,MIDCOURSE,2028779.64,2028.7796,2134413.69,2134.4137,4871.8729,17538.7424,4871.8729,1693.6414,-4568.011,-0.0,-9.81,9.81,27.066,0.0,0.0,0.0,0.0,0.0,0.0,8000.0,94940582013.25,94940.582
1278.5,Agni_Class,MIDCOURSE,2026493.18,2026.4932,2135260.51,2135.2605,4876.4723,17555.3002,4876.4723,1693.6414,-4572.916,-0.0,-9.81,9.81,27.0915,0.0,0.0,0.0,0.0,0.0,0.0,8000.0,95119926999.97,95119.927
1279.0,Agni_Class,MIDCOURSE,2024204.27,2024.2043,2136107.33,2136.1073,4881.0722,17571.86,4881.0722,1693.6414,-4577.821,-0.0,-9.81,9.81,27.1171,0.0,0.0,0.0,0.0,0.0,0.0,8000.0,95299464458.88,95299.4645
1279.5,Agni_Class,MIDCOURSE,2021912.91,2021.9129,2136954.15,2136.9542,4885.6728,17588.422,4885.6728,1693.6414,-4582.726,-0.0,-9.81,9.81,27.1426,0.0,0.0,0.0,0.0,0.0,0.0,8000.0,95479194390.0,95479.1944
1280.0,Agni_Class,MIDCOURSE,2019619.09,2019.6191,2137800.97,2137.801,4890.2739,17604.9862,4890.2739,1693.6414,-4587.631,-0.0,-9.81,9.81,27.1682,0.0,0.0,0.0,0.0,0.0,0.0,8000.0,95659116793.32,95659.1168
1280.5,Agni_Class,MIDCOURSE,2017322.82,2017.3228,2138647.79,2138.6478,4894.8757,17621.5524,4894.8757,1693.6414,-4592.536,-0.0,-9.81,9.81,27.1938,0.0,0.0,0.0,0.0,0.0,0.0,8000.0,95839231668.84,95839.2317
1281.0,Agni_Class,MIDCOURSE,2015024.1,2015.0241,2139494.61,2139.4946,4899.478,17638.1208,4899.478,1693.6414,-4597.441,-0.0,-9.81,9.81,27.2193,0.0,0.0,0.0,0.0,0.0,0.0,8000.0,96019539016.55,96019.539
1281.5,Agni_Class,MIDCOURSE,2012722.93,2012.7229,2140341.43,2140.3414,4904.0809,17654.6913,4904.0809,1693.6414,-4602.346,-0.0,-9.81,9.81,27.2449,0.0,0.0,0.0,0.0,0.0,0.0,8000.0,96200038836.47,96200.0388
1282.0,Agni_Class,MIDCOURSE,2010419.3,2010.4193,2141188.25,2141.1883,4908.6844,17671.2639,4908.6844,1693.6414,-4607.251,-0.0,-9.81,9.81,27.2705,0.0,0.0,0.0,0.0,0.0,0.0,8000.0,96380731128.59,96380.7311
1282.5,Agni_Class,MIDCOURSE,2008113.23,2008.1132,2142035.07,2142.0351,4913.2885,17687.8386,4913.2885,1693.6414,-4612.156,-0.0,-9.81,9.81,27.296,0.0,0.0,0.0,0.0,0.0,0.0,8000.0,96561615892.9,96561.6159
1283.0,Agni_Class,MIDCOURSE,2005804.7,2005.8047,2142881.9,2142.8819,4917.8932,17704.4154,4917.8932,1693.6414,-4617.061,-0.0,-9.81,9.81,27.3216,0.0,0.0,0.0,0.0,0.0,0.0,8000.0,96742693129.42,96742.6931
1283.5,Agni_Class,MIDCOURSE,2003493.71,2003.4937,2143728.72,2143.7287,4922.4984,17720.9943,4922.4984,1693.6414,-4621.966,-0.0,-9.81,9.81,27.3472,0.0,0.0,0.0,0.0,0.0,0.0,8000.0,96923962838.14,96923.9628
1284.0,Agni_Class,MIDCOURSE,2001180.28,2001.1803,2144575.54,2144.5755,4927.1042,17737.5753,4927.1042,1693.6414,-4626.871,-0.0,-9.81,9.81,27.3728,0.0,0.0,0.0,0.0,0.0,0.0,8000.0,97105425019.06,97105.425
1284.5,Agni_Class,MIDCOURSE,1998864.39,1998.8644,2145422.36,2145.4224,4931.7106,17754.1583,4931.7106,1693.6414,-4631.776,-0.0,-9.81,9.81,27.3984,0.0,0.0,0.0,0.0,0.0,0.0,8000.0,97287079672.17,97287.0797
1285.0,Agni_Class,MIDCOURSE,1996546.05,1996.546,2146269.18,2146.2692,4936.3176,17770.7435,4936.3176,1693.6414,-4636.681,-0.0,-9.81,9.81,27.424,0.0,0.0,0.0,0.0,0.0,0.0,8000.0,97468926797.49,97468.9268
1285.5,Agni_Class,MIDCOURSE,1994225.26,1994.2253,2147116.0,2147.116,4940.9252,17787.3306,4940.9252,1693.6414,-4641.586,-0.0,-9.81,9.81,27.4496,0.0,0.0,0.0,0.0,0.0,0.0,8000.0,97650966395.01,97650.9664
1286.0,Agni_Class,MIDCOURSE,1991902.01,1991.902,2147962.82,2147.9628,4945.5333,17803.9199,4945.5333,1693.6414,-4646.491,-0.0,-9.81,9.81,27.4752,0.0,0.0,0.0,0.0,0.0,0.0,8000.0,97833198464.73,97833.1985
1286.5,Agni_Class,MIDCOURSE,1989576.31,1989.5763,2148809.64,2148.8096,4950.142,17820.5112,4950.142,1693.6414,-4651.396,-0.0,-9.81,9.81,27.5008,0.0,0.0,0.0,0.0,0.0,0.0,8000.0,98015623006.64,98015.623
1287.0,Agni_Class,MIDCOURSE,1987248.16,1987.2482,2149656.46,2149.6565,4954.7513,17837.1045,4954.7513,1693.6414,-4656.301,-0.0,-9.81,9.81,27.5264,0.0,0.0,0.0,0.0,0.0,0.0,8000.0,98198240020.76,98198.24
1287.5,Agni_Class,MIDCOURSE,1984917.56,1984.9176,2150503.28,2150.5033,4959.3611,17853.6999,4959.3611,1693.6414,-4661.206,-0.0,-9.81,9.81,27.552,0.0,0.0,0.0,0.0,0.0,0.0,8000.0,98381049507.08,98381.0495
1288.0,Agni_Class,MIDCOURSE,1982584.5,1982.5845,2151350.1,2151.3501,4963.9715,17870.2973,4963.9715,1693.6414,-4666.111,-0.0,-9.81,9.81,27.5776,0.0,0.0,0.0,0.0,0.0,0.0,8000.0,98564051465.6,98564.0515
1288.5,Agni_Class,MIDCOURSE,1980249.0,1980.249,2152196.92,2152.1969,4968.5824,17886.8968,4968.5824,1693.6414,-4671.016,-0.0,-9.81,9.81,27.6032,0.0,0.0,0.0,0.0,0.0,0.0,8000.0,98747245896.31,98747.2459
1289.0,Agni_Class,MIDCOURSE,1977911.04,1977.911,2153043.74,2153.0437,4973.194,17903.4983,4973.194,1693.6414,-4675.921,-0.0,-9.81,9.81,27.6289,0.0,0.0,0.0,0.0,0.0,0.0,8000.0,98930632799.23,98930.6328
1289.5,Agni_Class,MIDCOURSE,1975570.62,1975.5706,2153890.56,2153.8906,4977.806,17920.1018,4977.806,1693.6414,-4680.826,-0.0,-9.81,9.81,27.6545,0.0,0.0,0.0,0.0,0.0,0.0,8000.0,99114212174.35,99114.2122
1290.0,Agni_Class,MIDCOURSE,1973227.76,1973.2278,2154737.39,2154.7374,4982.4187,17936.7073,4982.4187,1693.6414,-4685.731,-0.0,-9.81,9.81,27.6801,0.0,0.0,0.0,0.0,0.0,0.0,8000.0,99297984021.67,99297.984
1290.5,Agni_Class,MIDCOURSE,1970882.44,1970.8824,2155584.21,2155.5842,4987.0319,17953.3148,4987.0319,1693.6414,-4690.636,-0.0,-9.81,9.81,27.7057,0.0,0.0,0.0,0.0,0.0,0.0,8000.0,99481948341.18,99481.9483
1291.0,Agni_Class,MIDCOURSE,1968534.67,1968.5347,2156431.03,2156.431,4991.6456,17969.9243,4991.6456,1693.6414,-4695.541,-0.0,-9.81,9.81,27.7314,0.0,0.0,0.0,0.0,0.0,0.0,8000.0,99666105132.9,99666.1051
1291.5,Agni_Class,MIDCOURSE,1966184.45,1966.1844,2157277.85,2157.2778,4996.26,17986.5359,4996.26,1693.6414,-4700.446,-0.0,-9.81,9.81,27.757,0.0,0.0,0.0,0.0,0.0,0.0,8000.0,99850454396.82,99850.4544
1292.0,Agni_Class,MIDCOURSE,1963831.77,1963.8318,2158124.67,2158.1247,5000.8748,18003.1494,5000.8748,1693.6414,-4705.351,-0.0,-9.81,9.81,27.7826,0.0,0.0,0.0,0.0,0.0,0.0,8000.0,100034996132.93,100034.9961
1292.5,Agni_Class,MIDCOURSE,1961476.64,1961.4766,2158971.49,2158.9715,5005.4902,18019.7649,5005.4902,1693.6414,-4710.256,-0.0,-9.81,9.81,27.8083,0.0,0.0,0.0,0.0,0.0,0.0,8000.0,100219730341.25,100219.7303
1293.0,Agni_Class,MIDCOURSE,1959119.06,1959.1191,2159818.31,2159.8183,5010.1062,18036.3824,5010.1062,1693.6414,-4715.161,-0.0,-9.81,9.81,27.8339,0.0,0.0,0.0,0.0,0.0,0.0,8000.0,100404657021.77,100404.657
1293.5,Agni_Class,MIDCOURSE,1956759.03,1956.759,2160665.13,2160.6651,5014.7227,18053.0018,5014.7227,1693.6414,-4720.066,-0.0,-9.81,9.81,27.8596,0.0,0.0,0.0,0.0,0.0,0.0,8000.0,100589776174.49,100589.7762
1294.0,Agni_Class,MIDCOURSE,1954396.54,1954.3965,2161511.95,2161.512,5019.3398,18069.6233,5019.3398,1693.6414,-4724.971,-0.0,-9.81,9.81,27.8852,0.0,0.0,0.0,0.0,0.0,0.0,8000.0,100775087799.4,100775.0878
1294.5,Agni_Class,MIDCOURSE,1952031.6,1952.0316,2162358.77,2162.3588,5023.9574,18086.2466,5023.9574,1693.6414,-4729.876,-0.0,-9.81,9.81,27.9109,0.0,0.0,0.0,0.0,0.0,0.0,8000.0,100960591896.52,100960.5919
1295.0,Agni_Class,MIDCOURSE,1949664.21,1949.6642,2163205.59,2163.2056,5028.5756,18102.872,5028.5756,1693.6414,-4734.781,-0.0,-9.81,9.81,27.9365,0.0,0.0,0.0,0.0,0.0,0.0,8000.0,101146288465.84,101146.2885
1295.5,Agni_Class,MIDCOURSE,1947294.37,1947.2944,2164052.41,2164.0524,5033.1943,18119.4993,5033.1943,1693.6414,-4739.686,-0.0,-9.81,9.81,27.9622,0.0,0.0,0.0,0.0,0.0,0.0,8000.0,101332177507.36,101332.1775
1296.0,Agni_Class,MIDCOURSE,1944922.08,1944.9221,2164899.23,2164.8992,5037.8135,18136.1286,5037.8135,1693.6414,-4744.591,-0.0,-9.81,9.81,27.9879,0.0,0.0,0.0,0.0,0.0,0.0,8000.0,101518259021.07,101518.259
1296.5,Agni_Class,MIDCOURSE,1942547.33,1942.5473,2165746.05,2165.7461,5042.4333,18152.7598,5042.4333,1693.6414,-4749.496,-0.0,-9.81,9.81,28.0135,0.0,0.0,0.0,0.0,0.0,0.0,8000.0,101704533006.99,101704.533
1297.0,Agni_Class,MIDCOURSE,1940170.13,1940.1701,2166592.87,2166.5929,5047.0536,18169.3929,5047.0536,1693.6414,-4754.401,-0.0,-9.81,9.81,28.0392,0.0,0.0,0.0,0.0,0.0,0.0,8000.0,101890999465.11,101890.9995
1297.5,Agni_Class,MIDCOURSE,1937790.47,1937.7905,2167439.7,2167.4397,5051.6744,18186.028,5051.6744,1693.6414,-4759.306,-0.0,-9.81,9.81,28.0649,0.0,0.0,0.0,0.0,0.0,0.0,8000.0,102077658395.43,102077.6584
1298.0,Agni_Class,MIDCOURSE,1935408.37,1935.4084,2168286.52,2168.2865,5056.2958,18202.665,5056.2958,1693.6414,-4764.211,-0.0,-9.81,9.81,28.0905,0.0,0.0,0.0,0.0,0.0,0.0,8000.0,102264509797.94,102264.5098
1298.5,Agni_Class,MIDCOURSE,1933023.81,1933.0238,2169133.34,2169.1333,5060.9177,18219.3039,5060.9177,1693.6414,-4769.116,-0.0,-9.81,9.81,28.1162,0.0,0.0,0.0,0.0,0.0,0.0,8000.0,102451553672.66,102451.5537
1299.0,Agni_Class,MIDCOURSE,1930636.8,1930.6368,2169980.16,2169.9802,5065.5402,18235.9447,5065.5402,1693.6414,-4774.021,-0.0,-9.81,9.81,28.1419,0.0,0.0,0.0,0.0,0.0,0.0,8000.0,102638790019.58,102638.79
1299.5,Agni_Class,MIDCOURSE,1928247.34,1928.2473,2170826.98,2170.827,5070.1632,18252.5875,5070.1632,1693.6414,-4778.926,-0.0,-9.81,9.81,28.1676,0.0,0.0,0.0,0.0,0.0,0.0,8000.0,102826218838.7,102826.2188
1300.0,Agni_Class,MIDCOURSE,1925855.42,1925.8554,2171673.8,2171.6738,5074.7867,18269.2321,5074.7867,1693.6414,-4783.831,-0.0,-9.81,9.81,28.1933,0.0,0.0,0.0,0.0,0.0,0.0,8000.0,103013840130.01,103013.8401
1300.5,Agni_Class,MIDCOURSE,1923461.05,1923.4611,2172520.62,2172.5206,5079.4107,18285.8787,5079.4107,1693.6414,-4788.736,-0.0,-9.81,9.81,28.2189,0.0,0.0,0.0,0.0,0.0,0.0,8000.0,103201653893.53,103201.6539
1301.0,Agni_Class,MIDCOURSE,1921064.23,1921.0642,2173367.44,2173.3674,5084.0353,18302.5271,5084.0353,1693.6414,-4793.641,-0.0,-9.81,9.81,28.2446,0.0,0.0,0.0,0.0,0.0,0.0,8000.0,103389660129.25,103389.6601
1301.5,Agni_Class,MIDCOURSE,1918664.96,1918.665,2174214.26,2174.2143,5088.6604,18319.1775,5088.6604,1693.6414,-4798.546,-0.0,-9.81,9.81,28.2703,0.0,0.0,0.0,0.0,0.0,0.0,8000.0,103577858837.16,103577.8588
1302.0,Agni_Class,MIDCOURSE,1916263.23,1916.2632,2175061.08,2175.0611,5093.286,18335.8297,5093.286,1693.6414,-4803.451,-0.0,-9.81,9.81,28.296,0.0,0.0,0.0,0.0,0.0,0.0,8000.0,103766250017.28,103766.25
1302.5,Agni_Class,MIDCOURSE,1913859.06,1913.8591,2175907.9,2175.9079,5097.9122,18352.4838,5097.9122,1693.6414,-4808.356,-0.0,-9.81,9.81,28.3217,0.0,0.0,0.0,0.0,0.0,0.0,8000.0,103954833669.6,103954.8337
1303.0,Agni_Class,MIDCOURSE,1911452.43,1911.4524,2176754.72,2176.7547,5102.5388,18369.1398,5102.5388,1693.6414,-4813.261,-0.0,-9.81,9.81,28.3474,0.0,0.0,0.0,0.0,0.0,0.0,8000.0,104143609794.12,104143.6098
1303.5,Agni_Class,MIDCOURSE,1909043.34,1909.0433,2177601.54,2177.6015,5107.166,18385.7976,5107.166,1693.6414,-4818.166,-0.0,-9.81,9.81,28.3731,0.0,0.0,0.0,0.0,0.0,0.0,8000.0,104332578390.83,104332.5784
1304.0,Agni_Class,MIDCOURSE,1906631.81,1906.6318,2178448.36,2178.4484,5111.7937,18402.4573,5111.7937,1693.6414,-4823.071,-0.0,-9.81,9.81,28.3989,0.0,0.0,0.0,0.0,0.0,0.0,8000.0,104521739459.75,104521.7395
1304.5,Agni_Class,MIDCOURSE,1904217.82,1904.2178,2179295.19,2179.2952,5116.4219,18419.1189,5116.4219,1693.6414,-4827.976,-0.0,-9.81,9.81,28.4246,0.0,0.0,0.0,0.0,0.0,0.0,8000.0,104711093000.87,104711.093
1305.0,Agni_Class,MIDCOURSE,1901801.38,1901.8014,2180142.01,2180.142,5121.0506,18435.7823,5121.0506,1693.6414,-4832.881,-0.0,-9.81,9.81,28.4503,0.0,0.0,0.0,0.0,0.0,0.0,8000.0,104900639014.19,104900.639
1305.5,Agni_Class,MIDCOURSE,1899382.49,1899.3825,2180988.83,2180.9888,5125.6799,18452.4476,5125.6799,1693.6414,-4837.786,-0.0,-9.81,9.81,28.476,0.0,0.0,0.0,0.0,0.0,0.0,8000.0,105090377499.7,105090.3775
1306.0,Agni_Class,MIDCOURSE,1896961.14,1896.9611,2181835.65,2181.8356,5130.3097,18469.1147,5130.3097,1693.6414,-4842.691,-0.0,-9.81,9.81,28.5017,0.0,0.0,0.0,0.0,0.0,0.0,8000.0,105280308457.42,105280.3085
1306.5,Agni_Class,MIDCOURSE,1894537.34,1894.5373,2182682.47,2182.6825,5134.9399,18485.7837,5134.9399,1693.6414,-4847.596,-0.0,-9.81,9.81,28.5274,0.0,0.0,0.0,0.0,0.0,0.0,8000.0,105470431887.34,105470.4319
1307.0,Agni_Class,MIDCOURSE,1892111.09,1892.1111,2183529.29,2183.5293,5139.5707,18502.4545,5139.5707,1693.6414,-4852.501,-0.0,-9.81,9.81,28.5532,0.0,0.0,0.0,0.0,0.0,0.0,8000.0,105660747789.46,105660.7478
1307.5,Agni_Class,MIDCOURSE,1889682.39,1889.6824,2184376.11,2184.3761,5144.202,18519.1271,5144.202,1693.6414,-4857.406,-0.0,-9.81,9.81,28.5789,0.0,0.0,0.0,0.0,0.0,0.0,8000.0,105851256163.77,105851.2562
1308.0,Agni_Class,MIDCOURSE,1887251.23,1887.2512,2185222.93,2185.2229,5148.8338,18535.8016,5148.8338,1693.6414,-4862.311,-0.0,-9.81,9.81,28.6046,0.0,0.0,0.0,0.0,0.0,0.0,8000.0,106041957010.29,106041.957
1308.5,Agni_Class,MIDCOURSE,1884817.63,1884.8176,2186069.75,2186.0698,5153.4661,18552.4779,5153.4661,1693.6414,-4867.216,-0.0,-9.81,9.81,28.6304,0.0,0.0,0.0,0.0,0.0,0.0,8000.0,106232850329.01,106232.8503
1309.0,Agni_Class,MIDCOURSE,1882381.57,1882.3816,2186916.57,2186.9166,5158.0989,18569.156,5158.0989,1693.6414,-4872.121,-0.0,-9.81,9.81,28.6561,0.0,0.0,0.0,0.0,0.0,0.0,8000.0,106423936119.93,106423.9361
1309.5,Agni_Class,MIDCOURSE,1879943.05,1879.9431,2187763.39,2187.7634,5162.7322,18585.8359,5162.7322,1693.6414,-4877.026,-0.0,-9.81,9.81,28.6818,0.0,0.0,0.0,0.0,0.0,0.0,8000.0,106615214383.04,106615.2144
1310.0,Agni_Class,MIDCOURSE,1877502.09,1877.5021,2188610.21,2188.6102,5167.366,18602.5176,5167.366,1693.6414,-4881.931,-0.0,-9.81,9.81,28.7076,0.0,0.0,0.0,0.0,0.0,0.0,8000.0,106806685118.36,106806.6851
1310.5,Agni_Class,MIDCOURSE,1875058.67,1875.0587,2189457.03,2189.457,5172.0003,18619.2011,5172.0003,1693.6414,-4886.836,-0.0,-9.81,9.81,28.7333,0.0,0.0,0.0,0.0,0.0,0.0,8000.0,106998348325.88,106998.3483
1311.0,Agni_Class,MIDCOURSE,1872612.8,1872.6128,2190303.85,2190.3039,5176.6351,18635.8864,5176.6351,1693.6414,-4891.741,-0.0,-9.81,9.81,28.7591,0.0,0.0,0.0,0.0,0.0,0.0,8000.0,107190204005.59,107190.204
1311.5,Agni_Class,MIDCOURSE,1870164.48,1870.1645,2191150.68,2191.1507,5181.2704,18652.5735,5181.2704,1693.6414,-4896.646,-0.0,-9.81,9.81,28.7848,0.0,0.0,0.0,0.0,0.0,0.0,8000.0,107382252157.51,107382.2522
1312.0,Agni_Class,MIDCOURSE,1867713.7,1867.7137,2191997.5,2191.9975,5185.9062,18669.2623,5185.9062,1693.6414,-4901.551,-0.0,-9.81,9.81,28.8106,0.0,0.0,0.0,0.0,0.0,0.0,8000.0,107574492781.63,107574.4928
1312.5,Agni_Class,MIDCOURSE,1865260.47,1865.2605,2192844.32,2192.8443,5190.5425,18685.953,5190.5425,1693.6414,-4906.456,-0.0,-9.81,9.81,28.8363,0.0,0.0,0.0,0.0,0.0,0.0,8000.0,107766925877.95,107766.9259
1313.0,Agni_Class,MIDCOURSE,1862804.79,1862.8048,2193691.14,2193.6911,5195.1793,18702.6454,5195.1793,1693.6414,-4911.361,-0.0,-9.81,9.81,28.8621,0.0,0.0,0.0,0.0,0.0,0.0,8000.0,107959551446.46,107959.5514
1313.5,Agni_Class,MIDCOURSE,1860346.66,1860.3467,2194537.96,2194.538,5199.8166,18719.3397,5199.8166,1693.6414,-4916.266,-0.0,-9.81,9.81,28.8879,0.0,0.0,0.0,0.0,0.0,0.0,8000.0,108152369487.18,108152.3695
1314.0,Agni_Class,MIDCOURSE,1857886.07,1857.8861,2195384.78,2195.3848,5204.4543,18736.0356,5204.4543,1693.6414,-4921.171,-0.0,-9.81,9.81,28.9136,0.0,0.0,0.0,0.0,0.0,0.0,8000.0,108345380000.1,108345.38
1314.5,Agni_Class,MIDCOURSE,1855423.04,1855.423,2196231.6,2196.2316,5209.0926,18752.7334,5209.0926,1693.6414,-4926.076,-0.0,-9.81,9.81,28.9394,0.0,0.0,0.0,0.0,0.0,0.0,8000.0,108538582985.22,108538.583
1315.0,Agni_Class,MIDCOURSE,1852957.54,1852.9575,2197078.42,2197.0784,5213.7314,18769.4329,5213.7314,1693.6414,-4930.981,-0.0,-9.81,9.81,28.9652,0.0,0.0,0.0,0.0,0.0,0.0,8000.0,108731978442.53,108731.9784
1315.5,Agni_Class,MIDCOURSE,1850489.6,1850.4896,2197925.24,2197.9252,5218.3706,18786.1341,5218.3706,1693.6414,-4935.886,-0.0,-9.81,9.81,28.9909,0.0,0.0,0.0,0.0,0.0,0.0,8000.0,108925566372.05,108925.5664
1316.0,Agni_Class,MIDCOURSE,1848019.21,1848.0192,2198772.06,2198.7721,5223.0103,18802.8371,5223.0103,1693.6414,-4940.791,-0.0,-9.81,9.81,29.0167,0.0,0.0,0.0,0.0,0.0,0.0,8000.0,109119346773.77,109119.3468
1316.5,Agni_Class,MIDCOURSE,1845546.36,1845.5464,2199618.88,2199.6189,5227.6505,18819.5419,5227.6505,1693.6414,-4945.696,-0.0,-9.81,9.81,29.0425,0.0,0.0,0.0,0.0,0.0,0.0,8000.0,109313319647.69,109313.3196
1317.0,Agni_Class,MIDCOURSE,1843071.06,1843.0711,2200465.7,2200.4657,5232.2912,18836.2483,5232.2912,1693.6414,-4950.601,-0.0,-9.81,9.81,29.0683,0.0,0.0,0.0,0.0,0.0,0.0,8000.0,109507484993.8,109507.485
1317.5,Agni_Class,MIDCOURSE,1840593.3,1840.5933,2201312.52,2201.3125,5236.9324,18852.9566,5236.9324,1693.6414,-4955.506,-0.0,-9.81,9.81,29.0941,0.0,0.0,0.0,0.0,0.0,0.0,8000.0,109701842812.12,109701.8428
1318.0,Agni_Class,MIDCOURSE,1838113.1,1838.1131,2202159.34,2202.1593,5241.574,18869.6665,5241.574,1693.6414,-4960.411,-0.0,-9.81,9.81,29.1199,0.0,0.0,0.0,0.0,0.0,0.0,8000.0,109896393102.64,109896.3931
1318.5,Agni_Class,MIDCOURSE,1835630.44,1835.6304,2203006.17,2203.0062,5246.2162,18886.3782,5246.2162,1693.6414,-4965.316,-0.0,-9.81,9.81,29.1456,0.0,0.0,0.0,0.0,0.0,0.0,8000.0,110091135865.36,110091.1359
1319.0,Agni_Class,MIDCOURSE,1833145.33,1833.1453,2203852.99,2203.853,5250.8588,18903.0916,5250.8588,1693.6414,-4970.221,-0.0,-9.81,9.81,29.1714,0.0,0.0,0.0,0.0,0.0,0.0,8000.0,110286071100.27,110286.0711
1319.5,Agni_Class,MIDCOURSE,1830657.77,1830.6578,2204699.81,2204.6998,5255.5019,18919.8067,5255.5019,1693.6414,-4975.126,-0.0,-9.81,9.81,29.1972,0.0,0.0,0.0,0.0,0.0,0.0,8000.0,110481198807.39,110481.1988
1320.0,Agni_Class,MIDCOURSE,1828167.75,1828.1678,2205546.63,2205.5466,5260.1454,18936.5235,5260.1454,1693.6414,-4980.031,-0.0,-9.81,9.81,29.223,0.0,0.0,0.0,0.0,0.0,0.0,8000.0,110676518986.71,110676.519
1320.5,Agni_Class,MIDCOURSE,1825675.28,1825.6753,2206393.45,2206.3934,5264.7894,18953.242,5264.7894,1693.6414,-4984.936,-0.0,-9.81,9.81,29.2488,0.0,0.0,0.0,0.0,0.0,0.0,8000.0,110872031638.22,110872.0316
1321.0,Agni_Class,MIDCOURSE,1823180.36,1823.1804,2207240.27,2207.2403,5269.434,18969.9622,5269.434,1693.6414,-4989.841,-0.0,-9.81,9.81,29.2746,0.0,0.0,0.0,0.0,0.0,0.0,8000.0,111067736761.94,111067.7368
1321.5,Agni_Class,MIDCOURSE,1820682.99,1820.683,2208087.09,2208.0871,5274.0789,18986.6842,5274.0789,1693.6414,-4994.746,-0.0,-9.81,9.81,29.3004,0.0,0.0,0.0,0.0,0.0,0.0,8000.0,111263634357.86,111263.6344
1322.0,Agni_Class,MIDCOURSE,1818183.17,1818.1832,2208933.91,2208.9339,5278.7244,19003.4078,5278.7244,1693.6414,-4999.651,-0.0,-9.81,9.81,29.3262,0.0,0.0,0.0,0.0,0.0,0.0,8000.0,111459724425.98,111459.7244
1322.5,Agni_Class,MIDCOURSE,1815680.89,1815.6809,2209780.73,2209.7807,5283.3703,19020.1331,5283.3703,1693.6414,-5004.556,-0.0,-9.81,9.81,29.3521,0.0,0.0,0.0,0.0,0.0,0.0,8000.0,111656006966.29,111656.007
1323.0,Agni_Class,MIDCOURSE,1813176.16,1813.1762,2210627.55,2210.6276,5288.0167,19036.8601,5288.0167,1693.6414,-5009.461,-0.0,-9.81,9.81,29.3779,0.0,0.0,0.0,0.0,0.0,0.0,8000.0,111852481978.81,111852.482
1323.5,Agni_Class,MIDCOURSE,1810668.97,1810.669,2211474.37,2211.4744,5292.6635,19053.5888,5292.6635,1693.6414,-5014.366,-0.0,-9.81,9.81,29.4037,0.0,0.0,0.0,0.0,0.0,0.0,8000.0,112049149463.53,112049.1495
1324.0,Agni_Class,MIDCOURSE,1808159.34,1808.1593,2212321.19,2212.3212,5297.3109,19070.3191,5297.3109,1693.6414,-5019.271,-0.0,-9.81,9.81,29.4295,0.0,0.0,0.0,0.0,0.0,0.0,8000.0,112246009420.45,112246.0094
1324.5,Agni_Class,MIDCOURSE,1805647.25,1805.6473,2213168.01,2213.168,5301.9586,19087.0511,5301.9586,1693.6414,-5024.176,-0.0,-9.81,9.81,29.4553,0.0,0.0,0.0,0.0,0.0,0.0,8000.0,112443061849.56,112443.0618
1325.0,Agni_Class,MIDCOURSE,1803132.71,1803.1327,2214014.83,2214.0148,5306.6069,19103.7848,5306.6069,1693.6414,-5029.081,-0.0,-9.81,9.81,29.4811,0.0,0.0,0.0,0.0,0.0,0.0,8000.0,112640306750.88,112640.3068
1325.5,Agni_Class,MIDCOURSE,1800615.72,1800.6157,2214861.66,2214.8617,5311.2556,19120.5202,5311.2556,1693.6414,-5033.986,-0.0,-9.81,9.81,29.507,0.0,0.0,0.0,0.0,0.0,0.0,8000.0,112837744124.4,112837.7441
1326.0,Agni_Class,MIDCOURSE,1798096.27,1798.0963,2215708.48,2215.7085,5315.9048,19137.2572,5315.9048,1693.6414,-5038.891,-0.0,-9.81,9.81,29.5328,0.0,0.0,0.0,0.0,0.0,0.0,8000.0,113035373970.12,113035.374
1326.5,Agni_Class,MIDCOURSE,1795574.37,1795.5744,2216555.3,2216.5553,5320.5544,19153.9958,5320.5544,1693.6414,-5043.796,-0.0,-9.81,9.81,29.5586,0.0,0.0,0.0,0.0,0.0,0.0,8000.0,113233196288.03,113233.1963
1327.0,Agni_Class,MIDCOURSE,1793050.02,1793.05,2217402.12,2217.4021,5325.2045,19170.7361,5325.2045,1693.6414,-5048.701,-0.0,-9.81,9.81,29.5845,0.0,0.0,0.0,0.0,0.0,0.0,8000.0,113431211078.15,113431.2111
1327.5,Agni_Class,MIDCOURSE,1790523.22,1790.5232,2218248.94,2218.2489,5329.855,19187.4781,5329.855,1693.6414,-5053.606,-0.0,-9.81,9.81,29.6103,0.0,0.0,0.0,0.0,0.0,0.0,8000.0,113629418340.47,113629.4183
1328.0,Agni_Class,MIDCOURSE,1787993.96,1787.994,2219095.76,2219.0958,5334.506,19204.2217,5334.506,1693.6414,-5058.511,-0.0,-9.81,9.81,29.6361,0.0,0.0,0.0,0.0,0.0,0.0,8000.0,113827818074.99,113827.8181
1328.5,Agni_Class,MIDCOURSE,1785462.26,1785.4623,2219942.58,2219.9426,5339.1575,19220.9669,5339.1575,1693.6414,-5063.416,-0.0,-9.81,9.81,29.662,0.0,0.0,0.0,0.0,0.0,0.0,8000.0,114026410281.7,114026.4103
1329.0,Agni_Class,MIDCOURSE,1782928.1,1782.9281,2220789.4,2220.7894,5343.8094,19237.7138,5343.8094,1693.6414,-5068.321,-0.0,-9.81,9.81,29.6878,0.0,0.0,0.0,0.0,0.0,0.0,8000.0,114225194960.62,114225.195
1329.5,Agni_Class,MIDCOURSE,1780391.48,1780.3915,2221636.22,2221.6362,5348.4617,19254.4623,5348.4617,1693.6414,-5073.226,-0.0,-9.81,9.81,29.7137,0.0,0.0,0.0,0.0,0.0,0.0,8000.0,114424172111.74,114424.1721
1330.0,Agni_Class,MIDCOURSE,1777852.42,1777.8524,2222483.04,2222.483,5353.1146,19271.2124,5353.1146,1693.6414,-5078.131,-0.0,-9.81,9.81,29.7395,0.0,0.0,0.0,0.0,0.0,0.0,8000.0,114623341735.05,114623.3417
1330.5,Agni_Class,MIDCOURSE,1775310.9,1775.3109,2223329.86,2223.3299,5357.7678,19287.9641,5357.7678,1693.6414,-5083.036,-0.0,-9.81,9.81,29.7654,0.0,0.0,0.0,0.0,0.0,0.0,8000.0,114822703830.57,114822.7038
1331.0,Agni_Class,MIDCOURSE,1772766.93,1772.7669,2224176.68,2224.1767,5362.4215,19304.7175,5362.4215,1693.6414,-5087.941,-0.0,-9.81,9.81,29.7912,0.0,0.0,0.0,0.0,0.0,0.0,8000.0,115022258398.29,115022.2584
1331.5,Agni_Class,MIDCOURSE,1770220.51,1770.2205,2225023.5,2225.0235,5367.0757,19321.4724,5367.0757,1693.6414,-5092.846,-0.0,-9.81,9.81,29.8171,0.0,0.0,0.0,0.0,0.0,0.0,8000.0,115222005438.21,115222.0054
1332.0,Agni_Class,MIDCOURSE,1767671.63,1767.6716,2225870.32,2225.8703,5371.7303,19338.229,5371.7303,1693.6414,-5097.751,-0.0,-9.81,9.81,29.8429,0.0,0.0,0.0,0.0,0.0,0.0,8000.0,115421944950.32,115421.945
1332.5,Agni_Class,MIDCOURSE,1765120.3,1765.1203,2226717.15,2226.7171,5376.3853,19354.9872,5376.3853,1693.6414,-5102.656,-0.0,-9.81,9.81,29.8688,0.0,0.0,0.0,0.0,0.0,0.0,8000.0,115622076934.64,115622.0769
1333.0,Agni_Class,MIDCOURSE,1762566.52,1762.5665,2227563.97,2227.564,5381.0408,19371.747,5381.0408,1693.6414,-5107.561,-0.0,-9.81,9.81,29.8947,0.0,0.0,0.0,0.0,0.0,0.0,8000.0,115822401391.16,115822.4014
1333.5,Agni_Class,MIDCOURSE,1760010.29,1760.0103,2228410.79,2228.4108,5385.6968,19388.5083,5385.6968,1693.6414,-5112.466,-0.0,-9.81,9.81,29.9205,0.0,0.0,0.0,0.0,0.0,0.0,8000.0,116022918319.88,116022.9183
1334.0,Agni_Class,MIDCOURSE,1757451.6,1757.4516,2229257.61,2229.2576,5390.3531,19405.2713,5390.3531,1693.6414,-5117.371,-0.0,-9.81,9.81,29.9464,0.0,0.0,0.0,0.0,0.0,0.0,8000.0,116223627720.79,116223.6277
1334.5,Agni_Class,MIDCOURSE,1754890.47,1754.8905,2230104.43,2230.1044,5395.01,19422.0358,5395.01,1693.6414,-5122.276,-0.0,-9.81,9.81,29.9723,0.0,0.0,0.0,0.0,0.0,0.0,8000.0,116424529593.91,116424.5296
1335.0,Agni_Class,MIDCOURSE,1752326.88,1752.3269,2230951.25,2230.9512,5399.6672,19438.802,5399.6672,1693.6414,-5127.181,-0.0,-9.81,9.81,29.9982,0.0,0.0,0.0,0.0,0.0,0.0,8000.0,116625623939.23,116625.6239
1335.5,Agni_Class,MIDCOURSE,1749760.83,1749.7608,2231798.07,2231.7981,5404.3249,19455.5697,5404.3249,1693.6414,-5132.086,-0.0,-9.81,9.81,30.024,0.0,0.0,0.0,0.0,0.0,0.0,8000.0,116826910756.75,116826.9108
1336.0,Agni_Class,MIDCOURSE,1747192.34,1747.1923,2232644.89,2232.6449,5408.983,19472.3389,5408.983,1693.6414,-5136.991,-0.0,-9.81,9.81,30.0499,0.0,0.0,0.0,0.0,0.0,0.0,8000.0,117028390046.46,117028.39
1336.5,Agni_Class,MIDCOURSE,1744621.39,1744.6214,2233491.71,2233.4917,5413.6416,19489.1098,5413.6416,1693.6414,-5141.896,-0.0,-9.81,9.81,30.0758,0.0,0.0,0.0,0.0,0.0,0.0,8000.0,117230061808.38,117230.0618
1337.0,Agni_Class,MIDCOURSE,1742047.99,1742.048,2234338.53,2234.3385,5418.3006,19505.8822,5418.3006,1693.6414,-5146.801,-0.0,-9.81,9.81,30.1017,0.0,0.0,0.0,0.0,0.0,0.0,8000.0,117431926042.5,117431.926
1337.5,Agni_Class,MIDCOURSE,1739472.14,1739.4721,2235185.35,2235.1854,5422.96,19522.6562,5422.96,1693.6414,-5151.706,-0.0,-9.81,9.81,30.1276,0.0,0.0,0.0,0.0,0.0,0.0,8000.0,117633982748.82,117633.9827
1338.0,Agni_Class,MIDCOURSE,1736893.83,1736.8938,2236032.17,2236.0322,5427.6199,19539.4317,5427.6199,1693.6414,-5156.611,-0.0,-9.81,9.81,30.1534,0.0,0.0,0.0,0.0,0.0,0.0,8000.0,117836231927.33,117836.2319
1338.5,Agni_Class,MIDCOURSE,1734313.07,1734.3131,2236878.99,2236.879,5432.2802,19556.2088,5432.2802,1693.6414,-5161.516,-0.0,-9.81,9.81,30.1793,0.0,0.0,0.0,0.0,0.0,0.0,8000.0,118038673578.05,118038.6736
1339.0,Agni_Class,MIDCOURSE,1731729.86,1731.7299,2237725.81,2237.7258,5436.941,19572.9874,5436.941,1693.6414,-5166.421,-0.0,-9.81,9.81,30.2052,0.0,0.0,0.0,0.0,0.0,0.0,8000.0,118241307700.97,118241.3077
1339.5,Agni_Class,MIDCOURSE,1729144.2,1729.1442,2238572.64,2238.5726,5441.6021,19589.7676,5441.6021,1693.6414,-5171.326,-0.0,-9.81,9.81,30.2311,0.0,0.0,0.0,0.0,0.0,0.0,8000.0,118444134296.08,118444.1343
1340.0,Agni_Class,MIDCOURSE,1726556.08,1726.5561,2239419.46,2239.4195,5446.2637,19606.5493,5446.2637,1693.6414,-5176.231,-0.0,-9.81,9.81,30.257,0.0,0.0,0.0,0.0,0.0,0.0,8000.0,118647153363.4,118647.1534
1340.5,Agni_Class,MIDCOURSE,1723965.51,1723.9655,2240266.28,2240.2663,5450.9257,19623.3326,5450.9257,1693.6414,-5181.136,-0.0,-9.81,9.81,30.2829,0.0,0.0,0.0,0.0,0.0,0.0,8000.0,118850364902.92,118850.3649
1341.0,Agni_Class,MIDCOURSE,1721372.49,1721.3725,2241113.1,2241.1131,5455.5882,19640.1174,5455.5882,1693.6414,-5186.041,-0.0,-9.81,9.81,30.3088,0.0,0.0,0.0,0.0,0.0,0.0,8000.0,119053768914.64,119053.7689
1341.5,Agni_Class,MIDCOURSE,1718777.02,1718.777,2241959.92,2241.9599,5460.251,19656.9037,5460.251,1693.6414,-5190.946,-0.0,-9.81,9.81,30.3347,0.0,0.0,0.0,0.0,0.0,0.0,8000.0,119257365398.55,119257.3654
1342.0,Agni_Class,MIDCOURSE,1716179.1,1716.1791,2242806.74,2242.8067,5464.9143,19673.6916,5464.9143,1693.6414,-5195.851,-0.0,-9.81,9.81,30.3606,0.0,0.0,0.0,0.0,0.0,0.0,8000.0,119461154354.67,119461.1544
1342.5,Agni_Class,MIDCOURSE,1713578.72,1713.5787,2243653.56,2243.6536,5469.578,19690.4809,5469.578,1693.6414,-5200.756,-0.0,-9.81,9.81,30.3865,0.0,0.0,0.0,0.0,0.0,0.0,8000.0,119665135782.99,119665.1358
1343.0,Agni_Class,MIDCOURSE,1710975.89,1710.9759,2244500.38,2244.5004,5474.2422,19707.2718,5474.2422,1693.6414,-5205.661,-0.0,-9.81,9.81,30.4125,0.0,0.0,0.0,0.0,0.0,0.0,8000.0,119869309683.51,119869.3097
1343.5,Agni_Class,MIDCOURSE,1708370.6,1708.3706,2245347.2,2245.3472,5478.9067,19724.0642,5478.9067,1693.6414,-5210.566,-0.0,-9.81,9.81,30.4384,0.0,0.0,0.0,0.0,0.0,0.0,8000.0,120073676056.22,120073.6761
1344.0,Agni_Class,MIDCOURSE,1705762.87,1705.7629,2246194.02,2246.194,5483.5717,19740.8582,5483.5717,1693.6414,-5215.471,-0.0,-9.81,9.81,30.4643,0.0,0.0,0.0,0.0,0.0,0.0,8000.0,120278234901.14,120278.2349
1344.5,Agni_Class,MIDCOURSE,1703152.68,1703.1527,2247040.84,2247.0408,5488.2371,19757.6536,5488.2371,1693.6414,-5220.376,-0.0,-9.81,9.81,30.4902,0.0,0.0,0.0,0.0,0.0,0.0,8000.0,120482986218.26,120482.9862
1345.0,Agni_Class,MIDCOURSE,1700540.04,1700.54,2247887.66,2247.8877,5492.9029,19774.4505,5492.9029,1693.6414,-5225.281,-0.0,-9.81,9.81,30.5161,0.0,0.0,0.0,0.0,0.0,0.0,8000.0,120687930007.58,120687.93
1345.5,Agni_Class,MIDCOURSE,1697924.95,1697.9249,2248734.48,2248.7345,5497.5692,19791.2489,5497.5692,1693.6414,-5230.186,-0.0,-9.81,9.81,30.5421,0.0,0.0,0.0,0.0,0.0,0.0,8000.0,120893066269.09,120893.0663
1346.0,Agni_Class,MIDCOURSE,1695307.4,1695.3074,2249581.3,2249.5813,5502.2358,19808.0489,5502.2358,1693.6414,-5235.091,-0.0,-9.81,9.81,30.568,0.0,0.0,0.0,0.0,0.0,0.0,8000.0,121098395002.81,121098.395
1346.5,Agni_Class,MIDCOURSE,1692687.4,1692.6874,2250428.13,2250.4281,5506.9029,19824.8503,5506.9029,1693.6414,-5239.996,-0.0,-9.81,9.81,30.5939,0.0,0.0,0.0,0.0,0.0,0.0,8000.0,121303916208.73,121303.9162
1347.0,Agni_Class,MIDCOURSE,1690064.95,1690.065,2251274.95,2251.2749,5511.5703,19841.6532,5511.5703,1693.6414,-5244.901,-0.0,-9.81,9.81,30.6198,0.0,0.0,0.0,0.0,0.0,0.0,8000.0,121509629886.84,121509.6299
1347.5,Agni_Class,MIDCOURSE,1687440.05,1687.4401,2252121.77,2252.1218,5516.2382,19858.4576,5516.2382,1693.6414,-5249.806,-0.0,-9.81,9.81,30.6458,0.0,0.0,0.0,0.0,0.0,0.0,8000.0,121715536037.16,121715.536
1348.0,Agni_Class,MIDCOURSE,1684812.7,1684.8127,2252968.59,2252.9686,5520.9065,19875.2634,5520.9065,1693.6414,-5254.711,-0.0,-9.81,9.81,30.6717,0.0,0.0,0.0,0.0,0.0,0.0,8000.0,121921634659.68,121921.6347
1348.5,Agni_Class,MIDCOURSE,1682182.89,1682.1829,2253815.41,2253.8154,5525.5752,19892.0708,5525.5752,1693.6414,-5259.616,-0.0,-9.81,9.81,30.6976,0.0,0.0,0.0,0.0,0.0,0.0,8000.0,122127925754.4,122127.9258
1349.0,Agni_Class,MIDCOURSE,1679550.63,1679.5506,2254662.23,2254.6622,5530.2443,19908.8796,5530.2443,1693.6414,-5264.521,-0.0,-9.81,9.81,30.7236,0.0,0.0,0.0,0.0,0.0,0.0,8000.0,122334409321.31,122334.4093
1349.5,Agni_Class,MIDCOURSE,1676915.91,1676.9159,2255509.05,2255.509,5534.9139,19925.6899,5534.9139,1693.6414,-5269.426,-0.0,-9.81,9.81,30.7495,0.0,0.0,0.0,0.0,0.0,0.0,8000.0,122541085360.43,122541.0854
1350.0,Agni_Class,MIDCOURSE,1674278.75,1674.2787,2256355.87,2256.3559,5539.5838,19942.5016,5539.5838,1693.6414,-5274.331,-0.0,-9.81,9.81,30.7755,0.0,0.0,0.0,0.0,0.0,0.0,8000.0,122747953871.75,122747.9539
1350.5,Agni_Class,MIDCOURSE,1671639.13,1671.6391,2257202.69,2257.2027,5544.2541,19959.3148,5544.2541,1693.6414,-5279.236,-0.0,-9.81,9.81,30.8014,0.0,0.0,0.0,0.0,0.0,0.0,8000.0,122955014855.27,122955.0149
1351.0,Agni_Class,MIDCOURSE,1668997.06,1668.9971,2258049.51,2258.0495,5548.9249,19976.1295,5548.9249,1693.6414,-5284.141,-0.0,-9.81,9.81,30.8274,0.0,0.0,0.0,0.0,0.0,0.0,8000.0,123162268310.98,123162.2683
1351.5,Agni_Class,MIDCOURSE,1666352.54,1666.3525,2258896.33,2258.8963,5553.596,19992.9456,5553.596,1693.6414,-5289.046,-0.0,-9.81,9.81,30.8533,0.0,0.0,0.0,0.0,0.0,0.0,8000.0,123369714238.9,123369.7142
1352.0,Agni_Class,MIDCOURSE,1663705.56,1663.7056,2259743.15,2259.7432,5558.2676,20009.7632,5558.2676,1693.6414,-5293.951,-0.0,-9.81,9.81,30.8793,0.0,0.0,0.0,0.0,0.0,0.0,8000.0,123577352639.02,123577.3526
1352.5,Agni_Class,MIDCOURSE,1661056.13,1661.0561,2260589.97,2260.59,5562.9395,20026.5822,5562.9395,1693.6414,-5298.856,-0.0,-9.81,9.81,30.9052,0.0,0.0,0.0,0.0,0.0,0.0,8000.0,123785183511.34,123785.1835
1353.0,Agni_Class,MIDCOURSE,1658404.25,1658.4043,2261436.79,2261.4368,5567.6119,20043.4027,5567.6119,1693.6414,-5303.761,-0.0,-9.81,9.81,30.9312,0.0,0.0,0.0,0.0,0.0,0.0,8000.0,123993206855.85,123993.2069
1353.5,Agni_Class,MIDCOURSE,1655749.92,1655.7499,2262283.61,2262.2836,5572.2846,20060.2246,5572.2846,1693.6414,-5308.666,-0.0,-9.81,9.81,30.9571,0.0,0.0,0.0,0.0,0.0,0.0,8000.0,124201422672.57,124201.4227
1354.0,Agni_Class,MIDCOURSE,1653093.13,1653.0931,2263130.44,2263.1304,5576.9577,20077.0479,5576.9577,1693.6414,-5313.571,-0.0,-9.81,9.81,30.9831,0.0,0.0,0.0,0.0,0.0,0.0,8000.0,124409830961.49,124409.831
1354.5,Agni_Class,MIDCOURSE,1650433.9,1650.4339,2263977.26,2263.9773,5581.6313,20093.8727,5581.6313,1693.6414,-5318.476,-0.0,-9.81,9.81,31.0091,0.0,0.0,0.0,0.0,0.0,0.0,8000.0,124618431722.61,124618.4317
1355.0,Agni_Class,MIDCOURSE,1647772.21,1647.7722,2264824.08,2264.8241,5586.3052,20110.6989,5586.3052,1693.6414,-5323.381,-0.0,-9.81,9.81,31.035,0.0,0.0,0.0,0.0,0.0,0.0,8000.0,124827224955.92,124827.225
1355.5,Agni_Class,MIDCOURSE,1645108.06,1645.1081,2265670.9,2265.6709,5590.9796,20127.5265,5590.9796,1693.6414,-5328.286,-0.0,-9.81,9.81,31.061,0.0,0.0,0.0,0.0,0.0,0.0,8000.0,125036210661.44,125036.2107
1356.0,Agni_Class,MIDCOURSE,1642441.47,1642.4415,2266517.72,2266.5177,5595.6543,20144.3555,5595.6543,1693.6414,-5333.191,-0.0,-9.81,9.81,31.087,0.0,0.0,0.0,0.0,0.0,0.0,8000.0,125245388839.16,125245.3888
1356.5,Agni_Class,MIDCOURSE,1639772.42,1639.7724,2267364.54,2267.3645,5600.3294,20161.186,5600.3294,1693.6414,-5338.096,-0.0,-9.81,9.81,31.1129,0.0,0.0,0.0,0.0,0.0,0.0,8000.0,125454759489.07,125454.7595
1357.0,Agni_Class,MIDCOURSE,1637100.92,1637.1009,2268211.36,2268.2114,5605.005,20178.0179,5605.005,1693.6414,-5343.001,-0.0,-9.81,9.81,31.1389,0.0,0.0,0.0,0.0,0.0,0.0,8000.0,125664322611.19,125664.3226
1357.5,Agni_Class,MIDCOURSE,1634426.97,1634.427,2269058.18,2269.0582,5609.6809,20194.8512,5609.6809,1693.6414,-5347.906,-0.0,-9.81,9.81,31.1649,0.0,0.0,0.0,0.0,0.0,0.0,8000.0,125874078205.51,125874.0782
1358.0,Agni_Class,MIDCOURSE,1631750.56,1631.7506,2269905.0,2269.905,5614.3572,20211.6859,5614.3572,1693.6414,-5352.811,-0.0,-9.81,9.81,31.1909,0.0,0.0,0.0,0.0,0.0,0.0,8000.0,126084026272.03,126084.0263
1358.5,Agni_Class,MIDCOURSE,1629071.7,1629.0717,2270751.82,2270.7518,5619.0339,20228.522,5619.0339,1693.6414,-5357.716,-0.0,-9.81,9.81,31.2169,0.0,0.0,0.0,0.0,0.0,0.0,8000.0,126294166810.74,126294.1668
1359.0,Agni_Class,MIDCOURSE,1626390.39,1626.3904,2271598.64,2271.5986,5623.711,20245.3595,5623.711,1693.6414,-5362.621,-0.0,-9.81,9.81,31.2428,0.0,0.0,0.0,0.0,0.0,0.0,8000.0,126504499821.66,126504.4998
1359.5,Agni_Class,MIDCOURSE,1623706.63,1623.7066,2272445.46,2272.4455,5628.3884,20262.1984,5628.3884,1693.6414,-5367.526,-0.0,-9.81,9.81,31.2688,0.0,0.0,0.0,0.0,0.0,0.0,8000.0,126715025304.78,126715.0253
1360.0,Agni_Class,MIDCOURSE,1621020.41,1621.0204,2273292.28,2273.2923,5633.0663,20279.0386,5633.0663,1693.6414,-5372.431,-0.0,-9.81,9.81,31.2948,0.0,0.0,0.0,0.0,0.0,0.0,8000.0,126925743260.1,126925.7433
1360.5,Agni_Class,MIDCOURSE,1618331.75,1618.3317,2274139.1,2274.1391,5637.7445,20295.8803,5637.7445,1693.6414,-5377.336,-0.0,-9.81,9.81,31.3208,0.0,0.0,0.0,0.0,0.0,0.0,8000.0,127136653687.61,127136.6537
1361.0,Agni_Class,MIDCOURSE,1615640.62,1615.6406,2274985.93,2274.9859,5642.4232,20312.7234,5642.4232,1693.6414,-5382.241,-0.0,-9.81,9.81,31.3468,0.0,0.0,0.0,0.0,0.0,0.0,8000.0,127347756587.33,127347.7566
1361.5,Agni_Class,MIDCOURSE,1612947.05,1612.9471,2275832.75,2275.8327,5647.1022,20329.5678,5647.1022,1693.6414,-5387.146,-0.0,-9.81,9.81,31.3728,0.0,0.0,0.0,0.0,0.0,0.0,8000.0,127559051959.25,127559.052
1362.0,Agni_Class,MIDCOURSE,1610251.03,1610.251,2276679.57,2276.6796,5651.7816,20346.4137,5651.7816,1693.6414,-5392.051,-0.0,-9.81,9.81,31.3988,0.0,0.0,0.0,0.0,0.0,0.0,8000.0,127770539803.37,127770.5398
1362.5,Agni_Class,MIDCOURSE,1607552.55,1607.5525,2277526.39,2277.5264,5656.4614,20363.2609,5656.4614,1693.6414,-5396.956,-0.0,-9.81,9.81,31.4248,0.0,0.0,0.0,0.0,0.0,0.0,8000.0,127982220119.68,127982.2201
1363.0,Agni_Class,MIDCOURSE,1604851.62,1604.8516,2278373.21,2278.3732,5661.1415,20380.1094,5661.1415,1693.6414,-5401.861,-0.0,-9.81,9.81,31.4508,0.0,0.0,0.0,0.0,0.0,0.0,8000.0,128194092908.2,128194.0929
1363.5,Agni_Class,MIDCOURSE,1602148.24,1602.1482,2279220.03,2279.22,5665.8221,20396.9594,5665.8221,1693.6414,-5406.766,-0.0,-9.81,9.81,31.4768,0.0,0.0,0.0,0.0,0.0,0.0,8000.0,128406158168.92,128406.1582
1364.0,Agni_Class,MIDCOURSE,1599442.4,1599.4424,2280066.85,2280.0668,5670.503,20413.8107,5670.503,1693.6414,-5411.671,-0.0,-9.81,9.81,31.5028,0.0,0.0,0.0,0.0,0.0,0.0,8000.0,128618415901.84,128618.4159
1364.5,Agni_Class,MIDCOURSE,1596734.11,1596.7341,2280913.67,2280.9137,5675.1843,20430.6634,5675.1843,1693.6414,-5416.576,-0.0,-9.81,9.81,31.5288,0.0,0.0,0.0,0.0,0.0,0.0,8000.0,128830866106.95,128830.8661
1365.0,Agni_Class,MIDCOURSE,1594023.37,1594.0234,2281760.49,2281.7605,5679.8659,20447.5174,5679.8659,1693.6414,-5421.481,-0.0,-9.81,9.81,31.5548,0.0,0.0,0.0,0.0,0.0,0.0,8000.0,129043508784.27,129043.5088
1365.5,Agni_Class,MIDCOURSE,1591310.18,1591.3102,2282607.31,2282.6073,5684.548,20464.3728,5684.548,1693.6414,-5426.386,-0.0,-9.81,9.81,31.5808,0.0,0.0,0.0,0.0,0.0,0.0,8000.0,129256343933.79,129256.3439
1366.0,Agni_Class,MIDCOURSE,1588594.53,1588.5945,2283454.13,2283.4541,5689.2304,20481.2295,5689.2304,1693.6414,-5431.291,-0.0,-9.81,9.81,31.6068,0.0,0.0,0.0,0.0,0.0,0.0,8000.0,129469371555.5,129469.3716
1366.5,Agni_Class,MIDCOURSE,1585876.43,1585.8764,2284300.95,2284.301,5693.9132,20498.0876,5693.9132,1693.6414,-5436.196,-0.0,-9.81,9.81,31.6329,0.0,0.0,0.0,0.0,0.0,0.0,8000.0,129682591649.42,129682.5916
1367.0,Agni_Class,MIDCOURSE,1583155.88,1583.1559,2285147.77,2285.1478,5698.5964,20514.9471,5698.5964,1693.6414,-5441.101,-0.0,-9.81,9.81,31.6589,0.0,0.0,0.0,0.0,0.0,0.0,8000.0,129896004215.54,129896.0042
1367.5,Agni_Class,MIDCOURSE,1580432.88,1580.4329,2285994.59,2285.9946,5703.28,20531.8079,5703.28,1693.6414,-5446.006,-0.0,-9.81,9.81,31.6849,0.0,0.0,0.0,0.0,0.0,0.0,8000.0,130109609253.86,130109.6093
1368.0,Agni_Class,MIDCOURSE,1577707.43,1577.7074,2286841.42,2286.8414,5707.9639,20548.67,5707.9639,1693.6414,-5450.911,-0.0,-9.81,9.81,31.7109,0.0,0.0,0.0,0.0,0.0,0.0,8000.0,130323406764.37,130323.4068
1368.5,Agni_Class,MIDCOURSE,1574979.52,1574.9795,2287688.24,2287.6882,5712.6482,20565.5334,5712.6482,1693.6414,-5455.816,-0.0,-9.81,9.81,31.7369,0.0,0.0,0.0,0.0,0.0,0.0,8000.0,130537396747.09,130537.3967
1369.0,Agni_Class,MIDCOURSE,1572249.16,1572.2492,2288535.06,2288.5351,5717.3328,20582.3982,5717.3328,1693.6414,-5460.721,-0.0,-9.81,9.81,31.763,0.0,0.0,0.0,0.0,0.0,0.0,8000.0,130751579202.01,130751.5792
1369.5,Agni_Class,MIDCOURSE,1569516.34,1569.5163,2289381.88,2289.3819,5722.0179,20599.2643,5722.0179,1693.6414,-5465.626,-0.0,-9.81,9.81,31.789,0.0,0.0,0.0,0.0,0.0,0.0,8000.0,130965954129.13,130965.9541
1370.0,Agni_Class,MIDCOURSE,1566781.08,1566.7811,2290228.7,2290.2287,5726.7033,20616.1318,5726.7033,1693.6414,-5470.531,-0.0,-9.81,9.81,31.815,0.0,0.0,0.0,0.0,0.0,0.0,8000.0,131180521528.44,131180.5215
1370.5,Agni_Class,MIDCOURSE,1564043.36,1564.0434,2291075.52,2291.0755,5731.389,20633.0006,5731.389,1693.6414,-5475.436,-0.0,-9.81,9.81,31.8411,0.0,0.0,0.0,0.0,0.0,0.0,8000.0,131395281399.96,131395.2814
1371.0,Agni_Class,MIDCOURSE,1561303.19,1561.3032,2291922.34,2291.9223,5736.0752,20649.8706,5736.0752,1693.6414,-5480.341,-0.0,-9.81,9.81,31.8671,0.0,0.0,0.0,0.0,0.0,0.0,8000.0,131610233743.68,131610.2337
1371.5,Agni_Class,MIDCOURSE,1558560.57,1558.5606,2292769.16,2292.7692,5740.7617,20666.742,5740.7617,1693.6414,-5485.246,-0.0,-9.81,9.81,31.8931,0.0,0.0,0.0,0.0,0.0,0.0,8000.0,131825378559.6,131825.3786
1372.0,Agni_Class,MIDCOURSE,1555815.49,1555.8155,2293615.98,2293.616,5745.4485,20683.6148,5745.4485,1693.6414,-5490.151,-0.0,-9.81,9.81,31.9192,0.0,0.0,0.0,0.0,0.0,0.0,8000.0,132040715847.71,132040.7158
1372.5,Agni_Class,MIDCOURSE,1553067.96,1553.068,2294462.8,2294.4628,5750.1358,20700.4888,5750.1358,1693.6414,-5495.056,-0.0,-9.81,9.81,31.9452,0.0,0.0,0.0,0.0,0.0,0.0,8000.0,132256245608.03,132256.2456
1373.0,Agni_Class,MIDCOURSE,1550317.98,1550.318,2295309.62,2295.3096,5754.8234,20717.3641,5754.8234,1693.6414,-5499.961,-0.0,-9.81,9.81,31.9712,0.0,0.0,0.0,0.0,0.0,0.0,8000.0,132471967840.55,132471.9678
1373.5,Agni_Class,MIDCOURSE,1547565.55,1547.5656,2296156.44,2296.1564,5759.5113,20734.2407,5759.5113,1693.6414,-5504.866,-0.0,-9.81,9.81,31.9973,0.0,0.0,0.0,0.0,0.0,0.0,8000.0,132687882545.27,132687.8825
1374.0,Agni_Class,MIDCOURSE,1544810.66,1544.8107,2297003.26,2297.0033,5764.1996,20751.1187,5764.1996,1693.6414,-5509.771,-0.0,-9.81,9.81,32.0233,0.0,0.0,0.0,0.0,0.0,0.0,8000.0,132903989722.18,132903.9897
1374.5,Agni_Class,MIDCOURSE,1542053.33,1542.0533,2297850.08,2297.8501,5768.8883,20767.9979,5768.8883,1693.6414,-5514.676,-0.0,-9.81,9.81,32.0494,0.0,0.0,0.0,0.0,0.0,0.0,8000.0,133120289371.3,133120.2894
1375.0,Agni_Class,MIDCOURSE,1539293.54,1539.2935,2298696.91,2298.6969,5773.5773,20784.8784,5773.5773,1693.6414,-5519.581,-0.0,-9.81,9.81,32.0754,0.0,0.0,0.0,0.0,0.0,0.0,8000.0,133336781492.62,133336.7815
1375.5,Agni_Class,MIDCOURSE,1536531.29,1536.5313,2299543.73,2299.5437,5778.2667,20801.7603,5778.2667,1693.6414,-5524.486,-0.0,-9.81,9.81,32.1015,0.0,0.0,0.0,0.0,0.0,0.0,8000.0,133553466086.13,133553.4661
1376.0,Agni_Class,MIDCOURSE,1533766.6,1533.7666,2300390.55,2300.3905,5782.9565,20818.6434,5782.9565,1693.6414,-5529.391,-0.0,-9.81,9.81,32.1275,0.0,0.0,0.0,0.0,0.0,0.0,8000.0,133770343151.85,133770.3432
1376.5,Agni_Class,MIDCOURSE,1530999.45,1530.9994,2301237.37,2301.2374,5787.6466,20835.5278,5787.6466,1693.6414,-5534.296,-0.0,-9.81,9.81,32.1536,0.0,0.0,0.0,0.0,0.0,0.0,8000.0,133987412689.77,133987.4127
1377.0,Agni_Class,MIDCOURSE,1528229.85,1528.2298,2302084.19,2302.0842,5792.3371,20852.4134,5792.3371,1693.6414,-5539.201,-0.0,-9.81,9.81,32.1797,0.0,0.0,0.0,0.0,0.0,0.0,8000.0,134204674699.89,134204.6747
1377.5,Agni_Class,MIDCOURSE,1525457.8,1525.4578,2302931.01,2302.931,5797.0279,20869.3004,5797.0279,1693.6414,-5544.106,-0.0,-9.81,9.81,32.2057,0.0,0.0,0.0,0.0,0.0,0.0,8000.0,134422129182.2,134422.1292
1378.0,Agni_Class,MIDCOURSE,1522683.29,1522.6833,2303777.83,2303.7778,5801.7191,20886.1886,5801.7191,1693.6414,-5549.011,-0.0,-9.81,9.81,32.2318,0.0,0.0,0.0,0.0,0.0,0.0,8000.0,134639776136.72,134639.7761
1378.5,Agni_Class,MIDCOURSE,1519906.33,1519.9063,2304624.65,2304.6247,5806.4106,20903.0781,5806.4106,1693.6414,-5553.916,-0.0,-9.81,9.81,32.2578,0.0,0.0,0.0,0.0,0.0,0.0,8000.0,134857615563.44,134857.6156
1379.0,Agni_Class,MIDCOURSE,1517126.92,1517.1269,2305471.47,2305.4715,5811.1025,20919.9689,5811.1025,1693.6414,-5558.821,-0.0,-9.81,9.81,32.2839,0.0,0.0,0.0,0.0,0.0,0.0,8000.0,135075647462.36,135075.6475
1379.5,Agni_Class,MIDCOURSE,1514345.06,1514.3451,2306318.29,2306.3183,5815.7947,20936.8609,5815.7947,1693.6414,-5563.726,-0.0,-9.81,9.81,32.31,0.0,0.0,0.0,0.0,0.0,0.0,8000.0,135293871833.47,135293.8718
1380.0,Agni_Class,MIDCOURSE,1511560.74,1511.5607,2307165.11,2307.1651,5820.4873,20953.7542,5820.4873,1693.6414,-5568.631,-0.0,-9.81,9.81,32.336,0.0,0.0,0.0,0.0,0.0,0.0,8000.0,135512288676.79,135512.2887
1380.5,Agni_Class,MIDCOURSE,1508773.98,1508.774,2308011.93,2308.0119,5825.1802,20970.6488,5825.1802,1693.6414,-5573.536,-0.0,-9.81,9.81,32.3621,0.0,0.0,0.0,0.0,0.0,0.0,8000.0,135730897992.31,135730.898
1381.0,Agni_Class,MIDCOURSE,1505984.76,1505.9848,2308858.75,2308.8588,5829.8735,20987.5446,5829.8735,1693.6414,-5578.441,-0.0,-9.81,9.81,32.3882,0.0,0.0,0.0,0.0,0.0,0.0,8000.0,135949699780.03,135949.6998
1381.5,Agni_Class,MIDCOURSE,1503193.08,1503.1931,2309705.57,2309.7056,5834.5671,21004.4416,5834.5671,1693.6414,-5583.346,-0.0,-9.81,9.81,32.4143,0.0,0.0,0.0,0.0,0.0,0.0,8000.0,136168694039.94,136168.694
1382.0,Agni_Class,MIDCOURSE,1500398.96,1500.399,2310552.4,2310.5524,5839.2611,21021.34,5839.2611,1693.6414,-5588.251,-0.0,-9.81,9.81,32.4403,0.0,0.0,0.0,0.0,0.0,0.0,8000.0,136387880772.06,136387.8808
1382.5,Agni_Class,MIDCOURSE,1497602.38,1497.6024,2311399.22,2311.3992,5843.9554,21038.2395,5843.9554,1693.6414,-5593.156,-0.0,-9.81,9.81,32.4664,0.0,0.0,0.0,0.0,0.0,0.0,8000.0,136607259976.38,136607.26
1383.0,Agni_Class,MIDCOURSE,1494803.35,1494.8033,2312246.04,2312.246,5848.6501,21055.1403,5848.6501,1693.6414,-5598.061,-0.0,-9.81,9.81,32.4925,0.0,0.0,0.0,0.0,0.0,0.0,8000.0,136826831652.9,136826.8317
1383.5,Agni_Class,MIDCOURSE,1492001.87,1492.0019,2313092.86,2313.0929,5853.3451,21072.0424,5853.3451,1693.6414,-5602.966,-0.0,-9.81,9.81,32.5186,0.0,0.0,0.0,0.0,0.0,0.0,8000.0,137046595801.61,137046.5958
1384.0,Agni_Class,MIDCOURSE,1489197.93,1489.1979,2313939.68,2313.9397,5858.0405,21088.9457,5858.0405,1693.6414,-5607.871,-0.0,-9.81,9.81,32.5447,0.0,0.0,0.0,0.0,0.0,0.0,8000.0,137266552422.53,137266.5524
1384.5,Agni_Class,MIDCOURSE,1486391.54,1486.3915,2314786.5,2314.7865,5862.7362,21105.8502,5862.7362,1693.6414,-5612.776,-0.0,-9.81,9.81,32.5708,0.0,0.0,0.0,0.0,0.0,0.0,8000.0,137486701515.65,137486.7015
1385.0,Agni_Class,MIDCOURSE,1483582.7,1483.5827,2315633.32,2315.6333,5867.4322,21122.756,5867.4322,1693.6414,-5617.681,-0.0,-9.81,9.81,32.5968,0.0,0.0,0.0,0.0,0.0,0.0,8000.0,137707043080.96,137707.0431
1385.5,Agni_Class,MIDCOURSE,1480771.41,1480.7714,2316480.14,2316.4801,5872.1286,21139.663,5872.1286,1693.6414,-5622.586,-0.0,-9.81,9.81,32.6229,0.0,0.0,0.0,0.0,0.0,0.0,8000.0,137927577118.48,137927.5771
1386.0,Agni_Class,MIDCOURSE,1477957.66,1477.9577,2317326.96,2317.327,5876.8253,21156.5712,5876.8253,1693.6414,-5627.491,-0.0,-9.81,9.81,32.649,0.0,0.0,0.0,0.0,0.0,0.0,8000.0,138148303628.2,138148.3036
1386.5,Agni_Class,MIDCOURSE,1475141.47,1475.1415,2318173.78,2318.1738,5881.5224,21173.4806,5881.5224,1693.6414,-5632.396,-0.0,-9.81,9.81,32.6751,0.0,0.0,0.0,0.0,0.0,0.0,8000.0,138369222610.12,138369.2226
1387.0,Agni_Class,MIDCOURSE,1472322.81,1472.3228,2319020.6,2319.0206,5886.2198,21190.3913,5886.2198,1693.6414,-5637.301,-0.0,-9.81,9.81,32.7012,0.0,0.0,0.0,0.0,0.0,0.0,8000.0,138590334064.23,138590.3341
1387.5,Agni_Class,MIDCOURSE,1469501.71,1469.5017,2319867.42,2319.8674,5890.9175,21207.3032,5890.9175,1693.6414,-5642.206,-0.0,-9.81,9.81,32.7273,0.0,0.0,0.0,0.0,0.0,0.0,8000.0,138811637990.55,138811.638
1388.0,Agni_Class,MIDCOURSE,1466678.16,1466.6782,2320714.24,2320.7142,5895.6156,21224.2162,5895.6156,1693.6414,-5647.111,-0.0,-9.81,9.81,32.7534,0.0,0.0,0.0,0.0,0.0,0.0,8000.0,139033134389.07,139033.1344
1388.5,Agni_Class,MIDCOURSE,1463852.15,1463.8521,2321561.06,2321.5611,5900.314,21241.1306,5900.314,1693.6414,-5652.016,-0.0,-9.81,9.81,32.7795,0.0,0.0,0.0,0.0,0.0,0.0,8000.0,139254823259.79,139254.8233
1389.0,Agni_Class,MIDCOURSE,1461023.69,1461.0237,2322407.89,2322.4079,5905.0128,21258.0461,5905.0128,1693.6414,-5656.921,-0.0,-9.81,9.81,32.8056,0.0,0.0,0.0,0.0,0.0,0.0,8000.0,139476704602.7,139476.7046
1389.5,Agni_Class,MIDCOURSE,1458192.77,1458.1928,2323254.71,2323.2547,5909.7119,21274.9628,5909.7119,1693.6414,-5661.826,-0.0,-9.81,9.81,32.8317,0.0,0.0,0.0,0.0,0.0,0.0,8000.0,139698778417.82,139698.7784
1390.0,Agni_Class,MIDCOURSE,1455359.41,1455.3594,2324101.53,2324.1015,5914.4113,21291.8807,5914.4113,1693.6414,-5666.731,-0.0,-9.81,9.81,32.8578,0.0,0.0,0.0,0.0,0.0,0.0,8000.0,139921044705.14,139921.0447
1390.5,Agni_Class,MIDCOURSE,1452523.59,1452.5236,2324948.35,2324.9483,5919.1111,21308.7999,5919.1111,1693.6414,-5671.636,-0.0,-9.81,9.81,32.884,0.0,0.0,0.0,0.0,0.0,0.0,8000.0,140143503464.66,140143.5035
1391.0,Agni_Class,MIDCOURSE,1449685.32,1449.6853,2325795.17,2325.7952,5923.8112,21325.7202,5923.8112,1693.6414,-5676.541,-0.0,-9.81,9.81,32.9101,0.0,0.0,0.0,0.0,0.0,0.0,8000.0,140366154696.37,140366.1547
1391.5,Agni_Class,MIDCOURSE,1446844.6,1446.8446,2326641.99,2326.642,5928.5116,21342.6417,5928.5116,1693.6414,-5681.446,-0.0,-9.81,9.81,32.9362,0.0,0.0,0.0,0.0,0.0,0.0,8000.0,140588998400.29,140588.9984
1392.0,Agni_Class,MIDCOURSE,1444001.42,1444.0014,2327488.81,2327.4888,5933.2123,21359.5644,5933.2123,1693.6414,-5686.351,-0.0,-9.81,9.81,32.9623,0.0,0.0,0.0,0.0,0.0,0.0,8000.0,140812034576.41,140812.0346
1392.5,Agni_Class,MIDCOURSE,1441155.79,1441.1558,2328335.63,2328.3356,5937.9134,21376.4883,5937.9134,1693.6414,-5691.256,-0.0,-9.81,9.81,32.9884,0.0,0.0,0.0,0.0,0.0,0.0,8000.0,141035263224.72,141035.2632
1393.0,Agni_Class,MIDCOURSE,1438307.71,1438.3077,2329182.45,2329.1825,5942.6148,21393.4134,5942.6148,1693.6414,-5696.161,-0.0,-9.81,9.81,33.0145,0.0,0.0,0.0,0.0,0.0,0.0,8000.0,141258684345.24,141258.6843
1393.5,Agni_Class,MIDCOURSE,1435457.18,1435.4572,2330029.27,2330.0293,5947.3166,21410.3397,5947.3166,1693.6414,-5701.066,-0.0,-9.81,9.81,33.0406,0.0,0.0,0.0,0.0,0.0,0.0,8000.0,141482297937.96,141482.2979
1394.0,Agni_Class,MIDCOURSE,1432604.2,1432.6042,2330876.09,2330.8761,5952.0186,21427.2671,5952.0186,1693.6414,-5705.971,-0.0,-9.81,9.81,33.0668,0.0,0.0,0.0,0.0,0.0,0.0,8000.0,141706104002.88,141706.104
1394.5,Agni_Class,MIDCOURSE,1429748.76,1429.7488,2331722.91,2331.7229,5956.721,21444.1958,5956.721,1693.6414,-5710.876,-0.0,-9.81,9.81,33.0929,0.0,0.0,0.0,0.0,0.0,0.0,8000.0,141930102539.99,141930.1025
1395.0,Agni_Class,MIDCOURSE,1426890.87,1426.8909,2332569.73,2332.5697,5961.4238,21461.1256,5961.4238,1693.6414,-5715.781,-0.0,-9.81,9.81,33.119,0.0,0.0,0.0,0.0,0.0,0.0,8000.0,142154293549.31,142154.2935
1395.5,Agni_Class,MIDCOURSE,1424030.52,1424.0305,2333416.55,2333.4166,5966.1268,21478.0566,5966.1268,1693.6414,-5720.686,-0.0,-9.81,9.81,33.1451,0.0,0.0,0.0,0.0,0.0,0.0,8000.0,142378677030.83,142378.677
1396.0,Agni_Class,MIDCOURSE,1421167.73,1421.1677,2334263.38,2334.2634,5970.8302,21494.9887,5970.8302,1693.6414,-5725.591,-0.0,-9.81,9.81,33.1713,0.0,0.0,0.0,0.0,0.0,0.0,8000.0,142603252984.55,142603.253
1396.5,Agni_Class,MIDCOURSE,1418302.48,1418.3025,2335110.2,2335.1102,5975.5339,21511.922,5975.5339,1693.6414,-5730.496,-0.0,-9.81,9.81,33.1974,0.0,0.0,0.0,0.0,0.0,0.0,8000.0,142828021410.46,142828.0214
1397.0,Agni_Class,MIDCOURSE,1415434.78,1415.4348,2335957.02,2335.957,5980.2379,21528.8565,5980.2379,1693.6414,-5735.401,-0.0,-9.81,9.81,33.2235,0.0,0.0,0.0,0.0,0.0,0.0,8000.0,143052982308.58,143052.9823
1397.5,Agni_Class,MIDCOURSE,1412564.63,1412.5646,2336803.84,2336.8038,5984.9423,21545.7922,5984.9423,1693.6414,-5740.306,-0.0,-9.81,9.81,33.2497,0.0,0.0,0.0,0.0,0.0,0.0,8000.0,143278135678.9,143278.1357
1398.0,Agni_Class,MIDCOURSE,1409692.02,1409.692,2337650.66,2337.6507,5989.6469,21562.729,5989.6469,1693.6414,-5745.211,-0.0,-9.81,9.81,33.2758,0.0,0.0,0.0,0.0,0.0,0.0,8000.0,143503481521.42,143503.4815
1398.5,Agni_Class,MIDCOURSE,1406816.96,1406.817,2338497.48,2338.4975,5994.3519,21579.6669,5994.3519,1693.6414,-5750.116,-0.0,-9.81,9.81,33.302,0.0,0.0,0.0,0.0,0.0,0.0,8000.0,143729019836.13,143729.0198
1399.0,Agni_Class,MIDCOURSE,1403939.45,1403.9395,2339344.3,2339.3443,5999.0572,21596.606,5999.0572,1693.6414,-5755.021,-0.0,-9.81,9.81,33.3281,0.0,0.0,0.0,0.0,0.0,0.0,8000.0,143954750623.05,143954.7506
1399.5,Agni_Class,MIDCOURSE,1401059.49,1401.0595,2340191.12,2340.1911,6003.7629,21613.5463,6003.7629,1693.6414,-5759.926,-0.0,-9.81,9.81,33.3542,0.0,0.0,0.0,0.0,0.0,0.0,8000.0,144180673882.17,144180.6739
1400.0,Agni_Class,MIDCOURSE,1398177.07,1398.1771,2341037.94,2341.0379,6008.4688,21630.4877,6008.4688,1693.6414,-5764.831,-0.0,-9.81,9.81,33.3804,0.0,0.0,0.0,0.0,0.0,0.0,8000.0,144406789613.49,144406.7896
1400.5,Agni_Class,MIDCOURSE,1395292.21,1395.2922,2341884.76,2341.8848,6013.1751,21647.4303,6013.1751,1693.6414,-5769.736,-0.0,-9.81,9.81,33.4065,0.0,0.0,0.0,0.0,0.0,0.0,8000.0,144633097817.0,144633.0978
1401.0,Agni_Class,MIDCOURSE,1392404.89,1392.4049,2342731.58,2342.7316,6017.8817,21664.374,6017.8817,1693.6414,-5774.641,-0.0,-9.81,9.81,33.4327,0.0,0.0,0.0,0.0,0.0,0.0,8000.0,144859598492.72,144859.5985
1401.5,Agni_Class,MIDCOURSE,1389515.11,1389.5151,2343578.4,2343.5784,6022.5886,21681.3188,6022.5886,1693.6414,-5779.546,-0.0,-9.81,9.81,33.4588,0.0,0.0,0.0,0.0,0.0,0.0,8000.0,145086291640.64,145086.2916
1402.0,Agni_Class,MIDCOURSE,1386622.89,1386.6229,2344425.22,2344.4252,6027.2958,21698.2648,6027.2958,1693.6414,-5784.451,-0.0,-9.81,9.81,33.485,0.0,0.0,0.0,0.0,0.0,0.0,8000.0,145313177260.75,145313.1773
1402.5,Agni_Class,MIDCOURSE,1383728.21,1383.7282,2345272.04,2345.272,6032.0033,21715.2119,6032.0033,1693.6414,-5789.356,-0.0,-9.81,9.81,33.5111,0.0,0.0,0.0,0.0,0.0,0.0,8000.0,145540255353.07,145540.2554
1403.0,Agni_Class,MIDCOURSE,1380831.08,1380.8311,2346118.87,2346.1189,6036.7111,21732.1601,6036.7111,1693.6414,-5794.261,-0.0,-9.81,9.81,33.5373,0.0,0.0,0.0,0.0,0.0,0.0,8000.0,145767525917.59,145767.5259
1403.5,Agni_Class,MIDCOURSE,1377931.5,1377.9315,2346965.69,2346.9657,6041.4193,21749.1095,6041.4193,1693.6414,-5799.166,-0.0,-9.81,9.81,33.5634,0.0,0.0,0.0,0.0,0.0,0.0,8000.0,145994988954.31,145994.989
1404.0,Agni_Class,MIDCOURSE,1375029.46,1375.0295,2347812.51,2347.8125,6046.1278,21766.06,6046.1278,1693.6414,-5804.071,-0.0,-9.81,9.81,33.5896,0.0,0.0,0.0,0.0,0.0,0.0,8000.0,146222644463.22,146222.6445
1404.5,Agni_Class,MIDCOURSE,1372124.97,1372.125,2348659.33,2348.6593,6050.8366,21783.0116,6050.8366,1693.6414,-5808.976,-0.0,-9.81,9.81,33.6158,0.0,0.0,0.0,0.0,0.0,0.0,8000.0,146450492444.34,146450.4924
1405.0,Agni_Class,MIDCOURSE,1369218.03,1369.218,2349506.15,2349.5061,6055.5457,21799.9644,6055.5457,1693.6414,-5813.881,-0.0,-9.81,9.81,33.6419,0.0,0.0,0.0,0.0,0.0,0.0,8000.0,146678532897.66,146678.5329
1405.5,Agni_Class,MIDCOURSE,1366308.64,1366.3086,2350352.97,2350.353,6060.2551,21816.9182,6060.2551,1693.6414,-5818.786,-0.0,-9.81,9.81,33.6681,0.0,0.0,0.0,0.0,0.0,0.0,8000.0,146906765823.18,146906.7658
1406.0,Agni_Class,MIDCOURSE,1363396.79,1363.3968,2351199.79,2351.1998,6064.9648,21833.8732,6064.9648,1693.6414,-5823.691,-0.0,-9.81,9.81,33.6942,0.0,0.0,0.0,0.0,0.0,0.0,8000.0,147135191220.89,147135.1912
1406.5,Agni_Class,MIDCOURSE,1360482.5,1360.4825,2352046.61,2352.0466,6069.6748,21850.8293,6069.6748,1693.6414,-5828.596,-0.0,-9.81,9.81,33.7204,0.0,0.0,0.0,0.0,0.0,0.0,8000.0,147363809090.81,147363.8091
1407.0,Agni_Class,MIDCOURSE,1357565.75,1357.5657,2352893.43,2352.8934,6074.3851,21867.7865,6074.3851,1693.6414,-5833.501,-0.0,-9.81,9.81,33.7466,0.0,0.0,0.0,0.0,0.0,0.0,8000.0,147592619432.93,147592.6194
1407.5,Agni_Class,MIDCOURSE,1354646.54,1354.6465,2353740.25,2353.7403,6079.0958,21884.7448,6079.0958,1693.6414,-5838.406,-0.0,-9.81,9.81,33.7728,0.0,0.0,0.0,0.0,0.0,0.0,8000.0,147821622247.25,147821.6222
1408.0,Agni_Class,MIDCOURSE,1351724.89,1351.7249,2354587.07,2354.5871,6083.8067,21901.7042,6083.8067,1693.6414,-5843.311,-0.0,-9.81,9.81,33.7989,0.0,0.0,0.0,0.0,0.0,0.0,8000.0,148050817533.76,148050.8175
1408.5,Agni_Class,MIDCOURSE,1348800.78,1348.8008,2355433.89,2355.4339,6088.518,21918.6648,6088.518,1693.6414,-5848.216,-0.0,-9.81,9.81,33.8251,0.0,0.0,0.0,0.0,0.0,0.0,8000.0,148280205292.48,148280.2053
1409.0,Agni_Class,MIDCOURSE,1345874.22,1345.8742,2356280.71,2356.2807,6093.2296,21935.6264,6093.2296,1693.6414,-5853.121,-0.0,-9.81,9.81,33.8513,0.0,0.0,0.0,0.0,0.0,0.0,8000.0,148509785523.4,148509.7855
1409.5,Agni_Class,MIDCOURSE,1342945.21,1342.9452,2357127.53,2357.1275,6097.9414,21952.5891,6097.9414,1693.6414,-5858.026,-0.0,-9.81,9.81,33.8775,0.0,0.0,0.0,0.0,0.0,0.0,8000.0,148739558226.52,148739.5582
1410.0,Agni_Class,MIDCOURSE,1340013.74,1340.0137,2357974.35,2357.9744,6102.6536,21969.5529,6102.6536,1693.6414,-5862.931,-0.0,-9.81,9.81,33.9036,0.0,0.0,0.0,0.0,0.0,0.0,8000.0,148969523401.83,148969.5234
1410.5,Agni_Class,MIDCOURSE,1337079.82,1337.0798,2358821.18,2358.8212,6107.3661,21986.5178,6107.3661,1693.6414,-5867.836,-0.0,-9.81,9.81,33.9298,0.0,0.0,0.0,0.0,0.0,0.0,8000.0,149199681049.35,149199.681
1411.0,Agni_Class,MIDCOURSE,1334143.45,1334.1435,2359668.0,2359.668,6112.0788,22003.4838,6112.0788,1693.6414,-5872.741,-0.0,-9.81,9.81,33.956,0.0,0.0,0.0,0.0,0.0,0.0,8000.0,149430031169.07,149430.0312
1411.5,Agni_Class,MIDCOURSE,1331204.63,1331.2046,2360514.82,2360.5148,6116.7919,22020.4509,6116.7919,1693.6414,-5877.646,-0.0,-9.81,9.81,33.9822,0.0,0.0,0.0,0.0,0.0,0.0,8000.0,149660573760.98,149660.5738
1412.0,Agni_Class,MIDCOURSE,1328263.35,1328.2634,2361361.64,2361.3616,6121.5053,22037.4191,6121.5053,1693.6414,-5882.551,-0.0,-9.81,9.81,34.0084,0.0,0.0,0.0,0.0,0.0,0.0,8000.0,149891308825.1,149891.3088
1412.5,Agni_Class,MIDCOURSE,1325319.62,1325.3196,2362208.46,2362.2085,6126.219,22054.3884,6126.219,1693.6414,-5887.456,-0.0,-9.81,9.81,34.0345,0.0,0.0,0.0,0.0,0.0,0.0,8000.0,150122236361.42,150122.2364
1413.0,Agni_Class,MIDCOURSE,1322373.44,1322.3734,2363055.28,2363.0553,6130.933,22071.3587,6130.933,1693.6414,-5892.361,-0.0,-9.81,9.81,34.0607,0.0,0.0,0.0,0.0,0.0,0.0,8000.0,150353356369.94,150353.3564
1413.5,Agni_Class,MIDCOURSE,1319424.81,1319.4248,2363902.1,2363.9021,6135.6473,22088.3301,6135.6473,1693.6414,-5897.266,-0.0,-9.81,9.81,34.0869,0.0,0.0,0.0,0.0,0.0,0.0,8000.0,150584668850.65,150584.6689
1414.0,Agni_Class,MIDCOURSE,1316473.73,1316.4737,2364748.92,2364.7489,6140.3618,22105.3026,6140.3618,1693.6414,-5902.171,-0.0,-9.81,9.81,34.1131,0.0,0.0,0.0,0.0,0.0,0.0,8000.0,150816173803.57,150816.1738
1414.5,Agni_Class,MIDCOURSE,1313520.19,1313.5202,2365595.74,2365.5957,6145.0767,22122.2762,6145.0767,1693.6414,-5907.076,-0.0,-9.81,9.81,34.1393,0.0,0.0,0.0,0.0,0.0,0.0,8000.0,151047871228.69,151047.8712
1415.0,Agni_Class,MIDCOURSE,1310564.2,1310.5642,2366442.56,2366.4426,6149.7919,22139.2508,6149.7919,1693.6414,-5911.981,-0.0,-9.81,9.81,34.1655,0.0,0.0,0.0,0.0,0.0,0.0,8000.0,151279761126.01,151279.7611
1415.5,Agni_Class,MIDCOURSE,1307605.75,1307.6058,2367289.38,2367.2894,6154.5074,22156.2265,6154.5074,1693.6414,-5916.886,-0.0,-9.81,9.81,34.1917,0.0,0.0,0.0,0.0,0.0,0.0,8000.0,151511843495.52,151511.8435
1416.0,Agni_Class,MIDCOURSE,1304644.86,1304.6449,2368136.2,2368.1362,6159.2231,22173.2033,6159.2231,1693.6414,-5921.791,-0.0,-9.81,9.81,34.2179,0.0,0.0,0.0,0.0,0.0,0.0,8000.0,151744118337.24,151744.1183
1416.5,Agni_Class,MIDCOURSE,1301681.51,1301.6815,2368983.02,2368.983,6163.9392,22190.1811,6163.9392,1693.6414,-5926.696,-0.0,-9.81,9.81,34.2441,0.0,0.0,0.0,0.0,0.0,0.0,8000.0,151976585651.16,151976.5857
1417.0,Agni_Class,MIDCOURSE,1298715.71,1298.7157,2369829.84,2369.8298,6168.6556,22207.16,6168.6556,1693.6414,-5931.601,-0.0,-9.81,9.81,34.2703,0.0,0.0,0.0,0.0,0.0,0.0,8000.0,152209245437.28,152209.2454
1417.5,Agni_Class,MIDCOURSE,1295747.46,1295.7475,2370676.67,2370.6767,6173.3722,22224.14,6173.3722,1693.6414,-5936.506,-0.0,-9.81,9.81,34.2965,0.0,0.0,0.0,0.0,0.0,0.0,8000.0,152442097695.59,152442.0977
1418.0,Agni_Class,MIDCOURSE,1292776.75,1292.7768,2371523.49,2371.5235,6178.0892,22241.121,6178.0892,1693.6414,-5941.411,-0.0,-9.81,9.81,34.3227,0.0,0.0,0.0,0.0,0.0,0.0,8000.0,152675142426.11,152675.1424
1418.5,Agni_Class,MIDCOURSE,1289803.59,1289.8036,2372370.31,2372.3703,6182.8064,22258.103,6182.8064,1693.6414,-5946.316,-0.0,-9.81,9.81,34.3489,0.0,0.0,0.0,0.0,0.0,0.0,8000.0,152908379628.83,152908.3796
1419.0,Agni_Class,MIDCOURSE,1286827.98,1286.828,2373217.13,2373.2171,6187.5239,22275.0861,6187.5239,1693.6414,-5951.221,-0.0,-9.81,9.81,34.3751,0.0,0.0,0.0,0.0,0.0,0.0,8000.0,153141809303.75,153141.8093
1419.5,Agni_Class,MIDCOURSE,1283849.92,1283.8499,2374063.95,2374.0639,6192.2417,22292.0703,6192.2417,1693.6414,-5956.126,-0.0,-9.81,9.81,34.4013,0.0,0.0,0.0,0.0,0.0,0.0,8000.0,153375431450.86,153375.4315
1420.0,Agni_Class,MIDCOURSE,1280869.41,1280.8694,2374910.77,2374.9108,6196.9599,22309.0555,6196.9599,1693.6414,-5961.031,-0.0,-9.81,9.81,34.4276,0.0,0.0,0.0,0.0,0.0,0.0,8000.0,153609246070.18,153609.2461
1420.5,Agni_Class,MIDCOURSE,1277886.44,1277.8864,2375757.59,2375.7576,6201.6783,22326.0418,6201.6783,1693.6414,-5965.936,-0.0,-9.81,9.81,34.4538,0.0,0.0,0.0,0.0,0.0,0.0,8000.0,153843253161.7,153843.2532
1421.0,Agni_Class,MIDCOURSE,1274901.02,1274.901,2376604.41,2376.6044,6206.397,22343.029,6206.397,1693.6414,-5970.841,-0.0,-9.81,9.81,34.48,0.0,0.0,0.0,0.0,0.0,0.0,8000.0,154077452725.41,154077.4527
1421.5,Agni_Class,MIDCOURSE,1271913.14,1271.9131,2377451.23,2377.4512,6211.1159,22360.0174,6211.1159,1693.6414,-5975.746,-0.0,-9.81,9.81,34.5062,0.0,0.0,0.0,0.0,0.0,0.0,8000.0,154311844761.33,154311.8448
1422.0,Agni_Class,MIDCOURSE,1268922.82,1268.9228,2378298.05,2378.2981,6215.8352,22377.0067,6215.8352,1693.6414,-5980.651,-0.0,-9.81,9.81,34.5324,0.0,0.0,0.0,0.0,0.0,0.0,8000.0,154546429269.45,154546.4293
1422.5,Agni_Class,MIDCOURSE,1265930.04,1265.93,2379144.87,2379.1449,6220.5548,22393.9971,6220.5548,1693.6414,-5985.556,-0.0,-9.81,9.81,34.5586,0.0,0.0,0.0,0.0,0.0,0.0,8000.0,154781206249.77,154781.2062
1423.0,Agni_Class,MIDCOURSE,1262934.81,1262.9348,2379991.69,2379.9917,6225.2746,22410.9886,6225.2746,1693.6414,-5990.461,-0.0,-9.81,9.81,34.5849,0.0,0.0,0.0,0.0,0.0,0.0,8000.0,155016175702.28,155016.1757
1423.5,Agni_Class,MIDCOURSE,1259937.13,1259.9371,2380838.51,2380.8385,6229.9947,22427.981,6229.9947,1693.6414,-5995.366,-0.0,-9.81,9.81,34.6111,0.0,0.0,0.0,0.0,0.0,0.0,8000.0,155251337627.0,155251.3376
1424.0,Agni_Class,MIDCOURSE,1256936.99,1256.937,2381685.33,2381.6853,6234.7152,22444.9745,6234.7152,1693.6414,-6000.271,-0.0,-9.81,9.81,34.6373,0.0,0.0,0.0,0.0,0.0,0.0,8000.0,155486692023.92,155486.692
1424.5,Agni_Class,MIDCOURSE,1253934.4,1253.9344,2382532.16,2382.5322,6239.4358,22461.9691,6239.4358,1693.6414,-6005.176,-0.0,-9.81,9.81,34.6635,0.0,0.0,0.0,0.0,0.0,0.0,8000.0,155722238893.04,155722.2389
1425.0,Agni_Class,MIDCOURSE,1250929.36,1250.9294,2383378.98,2383.379,6244.1568,22478.9646,6244.1568,1693.6414,-6010.081,-0.0,-9.81,9.81,34.6898,0.0,0.0,0.0,0.0,0.0,0.0,8000.0,155957978234.35,155957.9782
1425.5,Agni_Class,MIDCOURSE,1247921.87,1247.9219,2384225.8,2384.2258,6248.8781,22495.9612,6248.8781,1693.6414,-6014.986,-0.0,-9.81,9.81,34.716,0.0,0.0,0.0,0.0,0.0,0.0,8000.0,156193910047.87,156193.91
1426.0,Agni_Class,MIDCOURSE,1244911.92,1244.9119,2385072.62,2385.0726,6253.5997,22512.9587,6253.5997,1693.6414,-6019.891,-0.0,-9.81,9.81,34.7422,0.0,0.0,0.0,0.0,0.0,0.0,8000.0,156430034333.59,156430.0343
1426.5,Agni_Class,MIDCOURSE,1241899.53,1241.8995,2385919.44,2385.9194,6258.3215,22529.9573,6258.3215,1693.6414,-6024.796,-0.0,-9.81,9.81,34.7685,0.0,0.0,0.0,0.0,0.0,0.0,8000.0,156666351091.51,156666.3511
1427.0,Agni_Class,MIDCOURSE,1238884.68,1238.8847,2386766.26,2386.7663,6263.0436,22546.9569,6263.0436,1693.6414,-6029.701,-0.0,-9.81,9.81,34.7947,0.0,0.0,0.0,0.0,0.0,0.0,8000.0,156902860321.62,156902.8603
1427.5,Agni_Class,MIDCOURSE,1235867.37,1235.8674,2387613.08,2387.6131,6267.766,22563.9576,6267.766,1693.6414,-6034.606,-0.0,-9.81,9.81,34.8209,0.0,0.0,0.0,0.0,0.0,0.0,8000.0,157139562023.94,157139.562
1428.0,Agni_Class,MIDCOURSE,1232847.62,1232.8476,2388459.9,2388.4599,6272.4887,22580.9592,6272.4887,1693.6414,-6039.511,-0.0,-9.81,9.81,34.8472,0.0,0.0,0.0,0.0,0.0,0.0,8000.0,157376456198.46,157376.4562
1428.5,Agni_Class,MIDCOURSE,1229825.41,1229.8254,2389306.72,2389.3067,6277.2116,22597.9618,6277.2116,1693.6414,-6044.416,-0.0,-9.81,9.81,34.8734,0.0,0.0,0.0,0.0,0.0,0.0,8000.0,157613542845.17,157613.5428
1429.0,Agni_Class,MIDCOURSE,1226800.75,1226.8007,2390153.54,2390.1535,6281.9349,22614.9655,6281.9349,1693.6414,-6049.321,-0.0,-9.81,9.81,34.8996,0.0,0.0,0.0,0.0,0.0,0.0,8000.0,157850821964.09,157850.822
1429.5,Agni_Class,MIDCOURSE,1223773.64,1223.7736,2391000.36,2391.0004,6286.6584,22631.9701,6286.6584,1693.6414,-6054.226,-0.0,-9.81,9.81,34.9259,0.0,0.0,0.0,0.0,0.0,0.0,8000.0,158088293555.21,158088.2936
1430.0,Agni_Class,MIDCOURSE,1220744.07,1220.7441,2391847.18,2391.8472,6291.3822,22648.9758,6291.3822,1693.6414,-6059.131,-0.0,-9.81,9.81,34.9521,0.0,0.0,0.0,0.0,0.0,0.0,8000.0,158325957618.53,158325.9576
1430.5,Agni_Class,MIDCOURSE,1217712.05,1217.7121,2392694.0,2392.694,6296.1062,22665.9824,6296.1062,1693.6414,-6064.036,-0.0,-9.81,9.81,34.9784,0.0,0.0,0.0,0.0,0.0,0.0,8000.0,158563814154.04,158563.8142
1431.0,Agni_Class,MIDCOURSE,1214677.58,1214.6776,2393540.82,2393.5408,6300.8306,22682.99,6300.8306,1693.6414,-6068.941,-0.0,-9.81,9.81,35.0046,0.0,0.0,0.0,0.0,0.0,0.0,8000.0,158801863161.76,158801.8632
1431.5,Agni_Class,MIDCOURSE,1211640.66,1211.6407,2394387.65,2394.3876,6305.5552,22699.9987,6305.5552,1693.6414,-6073.846,-0.0,-9.81,9.81,35.0309,0.0,0.0,0.0,0.0,0.0,0.0,8000.0,159040104641.68,159040.1046
1432.0,Agni_Class,MIDCOURSE,1208601.28,1208.6013,2395234.47,2395.2345,6310.2801,22717.0083,6310.2801,1693.6414,-6078.751,-0.0,-9.81,9.81,35.0571,0.0,0.0,0.0,0.0,0.0,0.0,8000.0,159278538593.8,159278.5386
1432.5,Agni_Class,MIDCOURSE,1205559.46,1205.5595,2396081.29,2396.0813,6315.0052,22734.0189,6315.0052,1693.6414,-6083.656,-0.0,-9.81,9.81,35.0834,0.0,0.0,0.0,0.0,0.0,0.0,8000.0,159517165018.11,159517.165
1433.0,Agni_Class,MIDCOURSE,1202515.17,1202.5152,2396928.11,2396.9281,6319.7307,22751.0305,6319.7307,1693.6414,-6088.561,-0.0,-9.81,9.81,35.1096,0.0,0.0,0.0,0.0,0.0,0.0,8000.0,159755983914.63,159755.9839
1433.5,Agni_Class,MIDCOURSE,1199468.44,1199.4684,2397774.93,2397.7749,6324.4564,22768.0431,6324.4564,1693.6414,-6093.466,-0.0,-9.81,9.81,35.1359,0.0,0.0,0.0,0.0,0.0,0.0,8000.0,159994995283.35,159994.9953
1434.0,Agni_Class,MIDCOURSE,1196419.26,1196.4193,2398621.75,2398.6217,6329.1824,22785.0566,6329.1824,1693.6414,-6098.371,-0.0,-9.81,9.81,35.1621,0.0,0.0,0.0,0.0,0.0,0.0,8000.0,160234199124.27,160234.1991
1434.5,Agni_Class,MIDCOURSE,1193367.62,1193.3676,2399468.57,2399.4686,6333.9087,22802.0712,6333.9087,1693.6414,-6103.276,-0.0,-9.81,9.81,35.1884,0.0,0.0,0.0,0.0,0.0,0.0,8000.0,160473595437.38,160473.5954
1435.0,Agni_Class,MIDCOURSE,1190313.53,1190.3135,2400315.39,2400.3154,6338.6352,22819.0867,6338.6352,1693.6414,-6108.181,-0.0,-9.81,9.81,35.2146,0.0,0.0,0.0,0.0,0.0,0.0,8000.0,160713184222.7,160713.1842
1435.5,Agni_Class,MIDCOURSE,1187256.98,1187.257,2401162.21,2401.1622,6343.362,22836.1032,6343.362,1693.6414,-6113.086,-0.0,-9.81,9.81,35.2409,0.0,0.0,0.0,0.0,0.0,0.0,8000.0,160952965480.22,160952.9655
1436.0,Agni_Class,MIDCOURSE,1184197.99,1184.198,2402009.03,2402.009,6348.0891,22853.1206,6348.0891,1693.6414,-6117.991,-0.0,-9.81,9.81,35.2672,0.0,0.0,0.0,0.0,0.0,0.0,8000.0,161192939209.94,161192.9392
1436.5,Agni_Class,MIDCOURSE,1181136.54,1181.1365,2402855.85,2402.8559,6352.8164,22870.1391,6352.8164,1693.6414,-6122.896,-0.0,-9.81,9.81,35.2934,0.0,0.0,0.0,0.0,0.0,0.0,8000.0,161433105411.85,161433.1054
1437.0,Agni_Class,MIDCOURSE,1178072.64,1178.0726,2403702.67,2403.7027,6357.544,22887.1585,6357.544,1693.6414,-6127.801,-0.0,-9.81,9.81,35.3197,0.0,0.0,0.0,0.0,0.0,0.0,8000.0,161673464085.97,161673.4641
1437.5,Agni_Class,MIDCOURSE,1175006.29,1175.0063,2404549.49,2404.5495,6362.2719,22904.1789,6362.2719,1693.6414,-6132.706,-0.0,-9.81,9.81,35.346,0.0,0.0,0.0,0.0,0.0,0.0,8000.0,161914015232.29,161914.0152
1438.0,Agni_Class,MIDCOURSE,1171937.48,1171.9375,2405396.31,2405.3963,6367.0001,22921.2002,6367.0001,1693.6414,-6137.611,-0.0,-9.81,9.81,35.3722,0.0,0.0,0.0,0.0,0.0,0.0,8000.0,162154758850.8,162154.7589
1438.5,Agni_Class,MIDCOURSE,1168866.22,1168.8662,2406243.14,2406.2431,6371.7285,22938.2225,6371.7285,1693.6414,-6142.516,-0.0,-9.81,9.81,35.3985,0.0,0.0,0.0,0.0,0.0,0.0,8000.0,162395694941.52,162395.6949
1439.0,Agni_Class,MIDCOURSE,1165792.51,1165.7925,2407089.96,2407.09,6376.4572,22955.2458,6376.4572,1693.6414,-6147.421,-0.0,-9.81,9.81,35.4248,0.0,0.0,0.0,0.0,0.0,0.0,8000.0,162636823504.44,162636.8235
1439.5,Agni_Class,MIDCOURSE,1162716.35,1162.7164,2407936.78,2407.9368,6381.1861,22972.27,6381.1861,1693.6414,-6152.326,-0.0,-9.81,9.81,35.451,0.0,0.0,0.0,0.0,0.0,0.0,8000.0,162878144539.56,162878.1445
1440.0,Agni_Class,MIDCOURSE,1159637.74,1159.6377,2408783.6,2408.7836,6385.9153,22989.2952,6385.9153,1693.6414,-6157.231,-0.0,-9.81,9.81,35.4773,0.0,0.0,0.0,0.0,0.0,0.0,8000.0,163119658046.87,163119.658
1440.5,Agni_Class,MIDCOURSE,1156556.67,1156.5567,2409630.42,2409.6304,6390.6448,23006.3213,6390.6448,1693.6414,-6162.136,-0.0,-9.81,9.81,35.5036,0.0,0.0,0.0,0.0,0.0,0.0,8000.0,163361364026.39,163361.364
1441.0,Agni_Class,MIDCOURSE,1153473.15,1153.4731,2410477.24,2410.4772,6395.3745,23023.3484,6395.3745,1693.6414,-6167.041,-0.0,-9.81,9.81,35.5299,0.0,0.0,0.0,0.0,0.0,0.0,8000.0,163603262478.11,163603.2625
1441.5,Agni_Class,MIDCOURSE,1150387.17,1150.3872,2411324.06,2411.3241,6400.1046,23040.3764,6400.1046,1693.6414,-6171.946,-0.0,-9.81,9.81,35.5561,0.0,0.0,0.0,0.0,0.0,0.0,8000.0,163845353402.03,163845.3534
1442.0,Agni_Class,MIDCOURSE,1147298.75,1147.2987,2412170.88,2412.1709,6404.8348,23057.4054,6404.8348,1693.6414,-6176.851,-0.0,-9.81,9.81,35.5824,0.0,0.0,0.0,0.0,0.0,0.0,8000.0,164087636798.14,164087.6368
1442.5,Agni_Class,MIDCOURSE,1144207.87,1144.2079,2413017.7,2413.0177,6409.5654,23074.4353,6409.5654,1693.6414,-6181.756,-0.0,-9.81,9.81,35.6087,0.0,0.0,0.0,0.0,0.0,0.0,8000.0,164330112666.46,164330.1127
1443.0,Agni_Class,MIDCOURSE,1141114.54,1141.1145,2413864.52,2413.8645,6414.2962,23091.4662,6414.2962,1693.6414,-6186.661,-0.0,-9.81,9.81,35.635,0.0,0.0,0.0,0.0,0.0,0.0,8000.0,164572781006.98,164572.781
1443.5,Agni_Class,MIDCOURSE,1138018.76,1138.0188,2414711.34,2414.7113,6419.0272,23108.498,6419.0272,1693.6414,-6191.566,-0.0,-9.81,9.81,35.6613,0.0,0.0,0.0,0.0,0.0,0.0,8000.0,164815641819.7,164815.6418
1444.0,Agni_Class,MIDCOURSE,1134920.52,1134.9205,2415558.16,2415.5582,6423.7585,23125.5307,6423.7585,1693.6414,-6196.471,-0.0,-9.81,9.81,35.6875,0.0,0.0,0.0,0.0,0.0,0.0,8000.0,165058695104.61,165058.6951
1444.5,Agni_Class,MIDCOURSE,1131819.83,1131.8198,2416404.98,2416.405,6428.4901,23142.5644,6428.4901,1693.6414,-6201.376,-0.0,-9.81,9.81,35.7138,0.0,0.0,0.0,0.0,0.0,0.0,8000.0,165301940861.73,165301.9409
1445.0,Agni_Class,MIDCOURSE,1128716.69,1128.7167,2417251.8,2417.2518,6433.222,23159.5991,6433.222,1693.6414,-6206.281,-0.0,-9.81,9.81,35.7401,0.0,0.0,0.0,0.0,0.0,0.0,8000.0,165545379091.05,165545.3791
1445.5,Agni_Class,MIDCOURSE,1125611.1,1125.6111,2418098.63,2418.0986,6437.9541,23176.6346,6437.9541,1693.6414,-6211.186,-0.0,-9.81,9.81,35.7664,0.0,0.0,0.0,0.0,0.0,0.0,8000.0,165789009792.57,165789.0098
1446.0,Agni_Class,MIDCOURSE,1122503.05,1122.5031,2418945.45,2418.9454,6442.6864,23193.6711,6442.6864,1693.6414,-6216.091,-0.0,-9.81,9.81,35.7927,0.0,0.0,0.0,0.0,0.0,0.0,8000.0,166032832966.28,166032.833
1446.5,Agni_Class,MIDCOURSE,1119392.56,1119.3926,2419792.27,2419.7923,6447.419,23210.7085,6447.419,1693.6414,-6220.996,-0.0,-9.81,9.81,35.819,0.0,0.0,0.0,0.0,0.0,0.0,8000.0,166276848612.2,166276.8486
1447.0,Agni_Class,MIDCOURSE,1116279.61,1116.2796,2420639.09,2420.6391,6452.1519,23227.7469,6452.1519,1693.6414,-6225.901,-0.0,-9.81,9.81,35.8453,0.0,0.0,0.0,0.0,0.0,0.0,8000.0,166521056730.32,166521.0567
1447.5,Agni_Class,MIDCOURSE,1113164.2,1113.1642,2421485.91,2421.4859,6456.885,23244.7861,6456.885,1693.6414,-6230.806,-0.0,-9.81,9.81,35.8716,0.0,0.0,0.0,0.0,0.0,0.0,8000.0,166765457320.63,166765.4573
1448.0,Agni_Class,MIDCOURSE,1110046.35,1110.0463,2422332.73,2422.3327,6461.6184,23261.8263,6461.6184,1693.6414,-6235.711,-0.0,-9.81,9.81,35.8979,0.0,0.0,0.0,0.0,0.0,0.0,8000.0,167010050383.15,167010.0504
1448.5,Agni_Class,MIDCOURSE,1106926.04,1106.926,2423179.55,2423.1795,6466.3521,23278.8674,6466.3521,1693.6414,-6240.616,-0.0,-9.81,9.81,35.9242,0.0,0.0,0.0,0.0,0.0,0.0,8000.0,167254835917.87,167254.8359
1449.0,Agni_Class,MIDCOURSE,1103803.28,1103.8033,2424026.37,2424.0264,6471.086,23295.9095,6471.086,1693.6414,-6245.521,-0.0,-9.81,9.81,35.9505,0.0,0.0,0.0,0.0,0.0,0.0,8000.0,167499813924.79,167499.8139
1449.5,Agni_Class,MIDCOURSE,1100678.07,1100.6781,2424873.19,2424.8732,6475.8201,23312.9524,6475.8201,1693.6414,-6250.426,-0.0,-9.81,9.81,35.9768,0.0,0.0,0.0,0.0,0.0,0.0,8000.0,167744984403.9,167744.9844
1450.0,Agni_Class,MIDCOURSE,1097550.4,1097.5504,2425720.01,2425.72,6480.5545,23329.9963,6480.5545,1693.6414,-6255.331,-0.0,-9.81,9.81,36.0031,0.0,0.0,0.0,0.0,0.0,0.0,8000.0,167990347355.22,167990.3474
1450.5,Agni_Class,MIDCOURSE,1094420.28,1094.4203,2426566.83,2426.5668,6485.2892,23347.041,6485.2892,1693.6414,-6260.236,-0.0,-9.81,9.81,36.0294,0.0,0.0,0.0,0.0,0.0,0.0,8000.0,168235902778.74,168235.9028
1451.0,Agni_Class,MIDCOURSE,1091287.71,1091.2877,2427413.65,2427.4137,6490.0241,23364.0867,6490.0241,1693.6414,-6265.141,-0.0,-9.81,9.81,36.0557,0.0,0.0,0.0,0.0,0.0,0.0,8000.0,168481650674.46,168481.6507
1451.5,Agni_Class,MIDCOURSE,1088152.69,1088.1527,2428260.47,2428.2605,6494.7593,23381.1333,6494.7593,1693.6414,-6270.046,-0.0,-9.81,9.81,36.082,0.0,0.0,0.0,0.0,0.0,0.0,8000.0,168727591042.37,168727.591
1452.0,Agni_Class,MIDCOURSE,1085015.21,1085.0152,2429107.29,2429.1073,6499.4947,23398.1808,6499.4947,1693.6414,-6274.951,-0.0,-9.81,9.81,36.1083,0.0,0.0,0.0,0.0,0.0,0.0,8000.0,168973723882.49,168973.7239
1452.5,Agni_Class,MIDCOURSE,1081875.29,1081.8753,2429954.12,2429.9541,6504.2303,23415.2292,6504.2303,1693.6414,-6279.856,-0.0,-9.81,9.81,36.1346,0.0,0.0,0.0,0.0,0.0,0.0,8000.0,169220049194.81,169220.0492
1453.0,Agni_Class,MIDCOURSE,1078732.91,1078.7329,2430800.94,2430.8009,6508.9663,23432.2785,6508.9663,1693.6414,-6284.761,-0.0,-9.81,9.81,36.1609,0.0,0.0,0.0,0.0,0.0,0.0,8000.0,169466566979.33,169466.567
1453.5,Agni_Class,MIDCOURSE,1075588.07,1075.5881,2431647.76,2431.6478,6513.7024,23449.3287,6513.7024,1693.6414,-6289.666,-0.0,-9.81,9.81,36.1872,0.0,0.0,0.0,0.0,0.0,0.0,8000.0,169713277236.04,169713.2772
1454.0,Agni_Class,MIDCOURSE,1072440.79,1072.4408,2432494.58,2432.4946,6518.4388,23466.3798,6518.4388,1693.6414,-6294.571,-0.0,-9.81,9.81,36.2135,0.0,0.0,0.0,0.0,0.0,0.0,8000.0,169960179964.96,169960.18
1454.5,Agni_Class,MIDCOURSE,1069291.05,1069.291,2433341.4,2433.3414,6523.1755,23483.4319,6523.1755,1693.6414,-6299.476,-0.0,-9.81,9.81,36.2399,0.0,0.0,0.0,0.0,0.0,0.0,8000.0,170207275166.08,170207.2752
1455.0,Agni_Class,MIDCOURSE,1066138.86,1066.1389,2434188.22,2434.1882,6527.9124,23500.4848,6527.9124,1693.6414,-6304.381,-0.0,-9.81,9.81,36.2662,0.0,0.0,0.0,0.0,0.0,0.0,8000.0,170454562839.39,170454.5628
1455.5,Agni_Class,MIDCOURSE,1062984.22,1062.9842,2435035.04,2435.035,6532.6496,23517.5385,6532.6496,1693.6414,-6309.286,-0.0,-9.81,9.81,36.2925,0.0,0.0,0.0,0.0,0.0,0.0,8000.0,170702042984.91,170702.043
1456.0,Agni_Class,MIDCOURSE,1059827.12,1059.8271,2435881.86,2435.8819,6537.387,23534.5932,6537.387,1693.6414,-6314.191,-0.0,-9.81,9.81,36.3188,0.0,0.0,0.0,0.0,0.0,0.0,8000.0,170949715602.63,170949.7156
1456.5,Agni_Class,MIDCOURSE,1056667.57,1056.6676,2436728.68,2436.7287,6542.1247,23551.6488,6542.1247,1693.6414,-6319.096,-0.0,-9.81,9.81,36.3451,0.0,0.0,0.0,0.0,0.0,0.0,8000.0,171197580692.55,171197.5807
1457.0,Agni_Class,MIDCOURSE,1053505.57,1053.5056,2437575.5,2437.5755,6546.8626,23568.7053,6546.8626,1693.6414,-6324.001,-0.0,-9.81,9.81,36.3715,0.0,0.0,0.0,0.0,0.0,0.0,8000.0,171445638254.66,171445.6383
1457.5,Agni_Class,MIDCOURSE,1050341.12,1050.3411,2438422.32,2438.4223,6551.6007,23585.7626,6551.6007,1693.6414,-6328.906,-0.0,-9.81,9.81,36.3978,0.0,0.0,0.0,0.0,0.0,0.0,8000.0,171693888288.98,171693.8883
1458.0,Agni_Class,MIDCOURSE,1047174.21,1047.1742,2439269.14,2439.2691,6556.3391,23602.8208,6556.3391,1693.6414,-6333.811,-0.0,-9.81,9.81,36.4241,0.0,0.0,0.0,0.0,0.0,0.0,8000.0,171942330795.5,171942.3308
1458.5,Agni_Class,MIDCOURSE,1044004.86,1044.0049,2440115.96,2440.116,6561.0778,23619.88,6561.0778,1693.6414,-6338.716,-0.0,-9.81,9.81,36.4504,0.0,0.0,0.0,0.0,0.0,0.0,8000.0,172190965774.22,172190.9658
1459.0,Agni_Class,MIDCOURSE,1040833.04,1040.833,2440962.78,2440.9628,6565.8167,23636.9399,6565.8167,1693.6414,-6343.621,-0.0,-9.81,9.81,36.4768,0.0,0.0,0.0,0.0,0.0,0.0,8000.0,172439793225.13,172439.7932
1459.5,Agni_Class,MIDCOURSE,1037658.78,1037.6588,2441809.6,2441.8096,6570.5558,23654.0008,6570.5558,1693.6414,-6348.526,-0.0,-9.81,9.81,36.5031,0.0,0.0,0.0,0.0,0.0,0.0,8000.0,172688813148.25,172688.8131
1460.0,Agni_Class,MIDCOURSE,1034482.07,1034.4821,2442656.43,2442.6564,6575.2952,23671.0626,6575.2952,1693.6414,-6353.431,-0.0,-9.81,9.81,36.5294,0.0,0.0,0.0,0.0,0.0,0.0,8000.0,172938025543.57,172938.0255
1460.5,Agni_Class,MIDCOURSE,1031302.9,1031.3029,2443503.25,2443.5032,6580.0348,23688.1252,6580.0348,1693.6414,-6358.336,-0.0,-9.81,9.81,36.5557,0.0,0.0,0.0,0.0,0.0,0.0,8000.0,173187430411.09,173187.4304
1461.0,Agni_Class,MIDCOURSE,1028121.28,1028.1213,2444350.07,2444.3501,6584.7746,23705.1887,6584.7746,1693.6414,-6363.241,-0.0,-9.81,9.81,36.5821,0.0,0.0,0.0,0.0,0.0,0.0,8000.0,173437027750.8,173437.0278
1461.5,Agni_Class,MIDCOURSE,1024937.2,1024.9372,2445196.89,2445.1969,6589.5147,23722.253,6589.5147,1693.6414,-6368.146,-0.0,-9.81,9.81,36.6084,0.0,0.0,0.0,0.0,0.0,0.0,8000.0,173686817562.72,173686.8176
1462.0,Agni_Class,MIDCOURSE,1021750.68,1021.7507,2446043.71,2446.0437,6594.2551,23739.3183,6594.2551,1693.6414,-6373.051,-0.0,-9.81,9.81,36.6348,0.0,0.0,0.0,0.0,0.0,0.0,8000.0,173936799846.84,173936.7998
1462.5,Agni_Class,MIDCOURSE,1018561.7,1018.5617,2446890.53,2446.8905,6598.9957,23756.3844,6598.9957,1693.6414,-6377.956,-0.0,-9.81,9.81,36.6611,0.0,0.0,0.0,0.0,0.0,0.0,8000.0,174186974603.16,174186.9746
1463.0,Agni_Class,MIDCOURSE,1015370.27,1015.3703,2447737.35,2447.7373,6603.7365,23773.4513,6603.7365,1693.6414,-6382.861,-0.0,-9.81,9.81,36.6874,0.0,0.0,0.0,0.0,0.0,0.0,8000.0,174437341831.67,174437.3418
1463.5,Agni_Class,MIDCOURSE,1012176.39,1012.1764,2448584.17,2448.5842,6608.4775,23790.5191,6608.4775,1693.6414,-6387.766,-0.0,-9.81,9.81,36.7138,0.0,0.0,0.0,0.0,0.0,0.0,8000.0,174687901532.39,174687.9015
1464.0,Agni_Class,MIDCOURSE,1008980.05,1008.9801,2449430.99,2449.431,6613.2188,23807.5878,6613.2188,1693.6414,-6392.671,-0.0,-9.81,9.81,36.7401,0.0,0.0,0.0,0.0,0.0,0.0,8000.0,174938653705.31,174938.6537
1464.5,Agni_Class,MIDCOURSE,1005781.26,1005.7813,2450277.81,2450.2778,6617.9604,23824.6574,6617.9604,1693.6414,-6397.576,-0.0,-9.81,9.81,36.7664,0.0,0.0,0.0,0.0,0.0,0.0,8000.0,175189598350.42,175189.5984
1465.0,Agni_Class,MIDCOURSE,1002580.02,1002.58,2451124.63,2451.1246,6622.7022,23841.7278,6622.7022,1693.6414,-6402.481,-0.0,-9.81,9.81,36.7928,0.0,0.0,0.0,0.0,0.0,0.0,8000.0,175440735467.74,175440.7355
1465.5,Agni_Class,MIDCOURSE,999376.33,999.3763,2451971.45,2451.9715,6627.4442,23858.799,6627.4442,1693.6414,-6407.386,-0.0,-9.81,9.81,36.8191,0.0,0.0,0.0,0.0,0.0,0.0,8000.0,175692065057.26,175692.0651
1466.0,Agni_Class,MIDCOURSE,996170.19,996.1702,2452818.27,2452.8183,6632.1864,23875.8711,6632.1864,1693.6414,-6412.291,-0.0,-9.81,9.81,36.8455,0.0,0.0,0.0,0.0,0.0,0.0,8000.0,175943587118.98,175943.5871
1466.5,Agni_Class,MIDCOURSE,992961.59,992.9616,2453665.09,2453.6651,6636.9289,23892.9441,6636.9289,1693.6414,-6417.196,-0.0,-9.81,9.81,36.8718,0.0,0.0,0.0,0.0,0.0,0.0,8000.0,176195301652.89,176195.3017
1467.0,Agni_Class,MIDCOURSE,989750.54,989.7505,2454511.92,2454.5119,6641.6716,23910.0179,6641.6716,1693.6414,-6422.101,-0.0,-9.81,9.81,36.8982,0.0,0.0,0.0,0.0,0.0,0.0,8000.0,176447208659.01,176447.2087
1467.5,Agni_Class,MIDCOURSE,986537.03,986.537,2455358.74,2455.3587,6646.4146,23927.0926,6646.4146,1693.6414,-6427.006,-0.0,-9.81,9.81,36.9245,0.0,0.0,0.0,0.0,0.0,0.0,8000.0,176699308137.33,176699.3081
1468.0,Agni_Class,MIDCOURSE,983321.08,983.3211,2456205.56,2456.2056,6651.1578,23944.1681,6651.1578,1693.6414,-6431.911,-0.0,-9.81,9.81,36.9509,0.0,0.0,0.0,0.0,0.0,0.0,8000.0,176951600087.85,176951.6001
1468.5,Agni_Class,MIDCOURSE,980102.67,980.1027,2457052.38,2457.0524,6655.9012,23961.2444,6655.9012,1693.6414,-6436.816,-0.0,-9.81,9.81,36.9772,0.0,0.0,0.0,0.0,0.0,0.0,8000.0,177204084510.56,177204.0845
1469.0,Agni_Class,MIDCOURSE,976881.81,976.8818,2457899.2,2457.8992,6660.6449,23978.3216,6660.6449,1693.6414,-6441.721,-0.0,-9.81,9.81,37.0036,0.0,0.0,0.0,0.0,0.0,0.0,8000.0,177456761405.48,177456.7614
1469.5,Agni_Class,MIDCOURSE,973658.5,973.6585,2458746.02,2458.746,6665.3888,23995.3996,6665.3888,1693.6414,-6446.626,-0.0,-9.81,9.81,37.0299,0.0,0.0,0.0,0.0,0.0,0.0,8000.0,177709630772.6,177709.6308
1470.0,Agni_Class,MIDCOURSE,970432.73,970.4327,2459592.84,2459.5928,6670.1329,24012.4785,6670.1329,1693.6414,-6451.531,-0.0,-9.81,9.81,37.0563,0.0,0.0,0.0,0.0,0.0,0.0,8000.0,177962692611.92,177962.6926
1470.5,Agni_Class,MIDCOURSE,967204.51,967.2045,2460439.66,2460.4397,6674.8773,24029.5582,6674.8773,1693.6414,-6456.436,-0.0,-9.81,9.81,37.0827,0.0,0.0,0.0,0.0,0.0,0.0,8000.0,178215946923.43,178215.9469
1471.0,Agni_Class,MIDCOURSE,963973.84,963.9738,2461286.48,2461.2865,6679.6219,24046.6388,6679.6219,1693.6414,-6461.341,-0.0,-9.81,9.81,37.109,0.0,0.0,0.0,0.0,0.0,0.0,8000.0,178469393707.15,178469.3937
1471.5,Agni_Class,MIDCOURSE,960740.72,960.7407,2462133.3,2462.1333,6684.3667,24063.7201,6684.3667,1693.6414,-6466.246,-0.0,-9.81,9.81,37.1354,0.0,0.0,0.0,0.0,0.0,0.0,8000.0,178723032963.07,178723.033
1472.0,Agni_Class,MIDCOURSE,957505.14,957.5051,2462980.12,2462.9801,6689.1118,24080.8023,6689.1118,1693.6414,-6471.151,-0.0,-9.81,9.81,37.1617,0.0,0.0,0.0,0.0,0.0,0.0,8000.0,178976864691.19,178976.8647
1472.5,Agni_Class,MIDCOURSE,954267.12,954.2671,2463826.94,2463.8269,6693.8571,24097.8854,6693.8571,1693.6414,-6476.056,-0.0,-9.81,9.81,37.1881,0.0,0.0,0.0,0.0,0.0,0.0,8000.0,179230888891.5,179230.8889
1473.0,Agni_Class,MIDCOURSE,951026.64,951.0266,2464673.76,2464.6738,6698.6026,24114.9693,6698.6026,1693.6414,-6480.961,-0.0,-9.81,9.81,37.2145,0.0,0.0,0.0,0.0,0.0,0.0,8000.0,179485105564.02,179485.1056
1473.5,Agni_Class,MIDCOURSE,947783.7,947.7837,2465520.58,2465.5206,6703.3483,24132.0539,6703.3483,1693.6414,-6485.866,-0.0,-9.81,9.81,37.2408,0.0,0.0,0.0,0.0,0.0,0.0,8000.0,179739514708.74,179739.5147
1474.0,Agni_Class,MIDCOURSE,944538.32,944.5383,2466367.41,2466.3674,6708.0943,24149.1395,6708.0943,1693.6414,-6490.771,-0.0,-9.81,9.81,37.2672,0.0,0.0,0.0,0.0,0.0,0.0,8000.0,179994116325.65,179994.1163
1474.5,Agni_Class,MIDCOURSE,941290.48,941.2905,2467214.23,2467.2142,6712.8405,24166.2258,6712.8405,1693.6414,-6495.676,-0.0,-9.81,9.81,37.2936,0.0,0.0,0.0,0.0,0.0,0.0,8000.0,180248910414.77,180248.9104
1475.0,Agni_Class,MIDCOURSE,938040.19,938.0402,2468061.05,2468.061,6717.5869,24183.313,6717.5869,1693.6414,-6500.581,-0.0,-9.81,9.81,37.3199,0.0,0.0,0.0,0.0,0.0,0.0,8000.0,180503896976.09,180503.897
1475.5,Agni_Class,MIDCOURSE,934787.45,934.7874,2468907.87,2468.9079,6722.3336,24200.401,6722.3336,1693.6414,-6505.486,-0.0,-9.81,9.81,37.3463,0.0,0.0,0.0,0.0,0.0,0.0,8000.0,180759076009.61,180759.076
1476.0,Agni_Class,MIDCOURSE,931532.25,931.5323,2469754.69,2469.7547,6727.0805,24217.4898,6727.0805,1693.6414,-6510.391,-0.0,-9.81,9.81,37.3727,0.0,0.0,0.0,0.0,0.0,0.0,8000.0,181014447515.32,181014.4475
1476.5,Agni_Class,MIDCOURSE,928274.6,928.2746,2470601.51,2470.6015,6731.8276,24234.5794,6731.8276,1693.6414,-6515.296,-0.0,-9.81,9.81,37.399,0.0,0.0,0.0,0.0,0.0,0.0,8000.0,181270011493.24,181270.0115
1477.0,Agni_Class,MIDCOURSE,925014.5,925.0145,2471448.33,2471.4483,6736.5749,24251.6698,6736.5749,1693.6414,-6520.201,-0.0,-9.81,9.81,37.4254,0.0,0.0,0.0,0.0,0.0,0.0,8000.0,181525767943.36,181525.7679
1477.5,Agni_Class,MIDCOURSE,921751.95,921.7519,2472295.15,2472.2952,6741.3225,24268.761,6741.3225,1693.6414,-6525.106,-0.0,-9.81,9.81,37.4518,0.0,0.0,0.0,0.0,0.0,0.0,8000.0,181781716865.68,181781.7169
1478.0,Agni_Class,MIDCOURSE,918486.94,918.4869,2473141.97,2473.142,6746.0703,24285.8531,6746.0703,1693.6414,-6530.011,-0.0,-9.81,9.81,37.4782,0.0,0.0,0.0,0.0,0.0,0.0,8000.0,182037858260.19,182037.8583
1478.5,Agni_Class,MIDCOURSE,915219.49,915.2195,2473988.79,2473.9888,6750.8183,24302.946,6750.8183,1693.6414,-6534.916,-0.0,-9.81,9.81,37.5045,0.0,0.0,0.0,0.0,0.0,0.0,8000.0,182294192126.91,182294.1921
1479.0,Agni_Class,MIDCOURSE,911949.58,911.9496,2474835.61,2474.8356,6755.5666,24320.0396,6755.5666,1693.6414,-6539.821,-0.0,-9.81,9.81,37.5309,0.0,0.0,0.0,0.0,0.0,0.0,8000.0,182550718465.83,182550.7185
1479.5,Agni_Class,MIDCOURSE,908677.21,908.6772,2475682.43,2475.6824,6760.315,24337.1341,6760.315,1693.6414,-6544.726,-0.0,-9.81,9.81,37.5573,0.0,0.0,0.0,0.0,0.0,0.0,8000.0,182807437276.95,182807.4373
1480.0,Agni_Class,MIDCOURSE,905402.4,905.4024,2476529.25,2476.5293,6765.0637,24354.2294,6765.0637,1693.6414,-6549.631,-0.0,-9.81,9.81,37.5837,0.0,0.0,0.0,0.0,0.0,0.0,8000.0,183064348560.26,183064.3486
1480.5,Agni_Class,MIDCOURSE,902125.13,902.1251,2477376.07,2477.3761,6769.8126,24371.3255,6769.8126,1693.6414,-6554.536,-0.0,-9.81,9.81,37.6101,0.0,0.0,0.0,0.0,0.0,0.0,8000.0,183321452315.78,183321.4523
1481.0,Agni_Class,MIDCOURSE,898845.41,898.8454,2478222.9,2478.2229,6774.5618,24388.4224,6774.5618,1693.6414,-6559.441,-0.0,-9.81,9.81,37.6365,0.0,0.0,0.0,0.0,0.0,0.0,8000.0,183578748543.5,183578.7485
1481.5,Agni_Class,MIDCOURSE,895563.24,895.5632,2479069.72,2479.0697,6779.3111,24405.52,6779.3111,1693.6414,-6564.346,-0.0,-9.81,9.81,37.6628,0.0,0.0,0.0,0.0,0.0,0.0,8000.0,183836237243.42,183836.2372
1482.0,Agni_Class,MIDCOURSE,892278.61,892.2786,2479916.54,2479.9165,6784.0607,24422.6185,6784.0607,1693.6414,-6569.251,-0.0,-9.81,9.81,37.6892,0.0,0.0,0.0,0.0,0.0,0.0,8000.0,184093918415.53,184093.9184
1482.5,Agni_Class,MIDCOURSE,888991.53,888.9915,2480763.36,2480.7634,6788.8105,24439.7178,6788.8105,1693.6414,-6574.156,-0.0,-9.81,9.81,37.7156,0.0,0.0,0.0,0.0,0.0,0.0,8000.0,184351792059.85,184351.7921
1483.0,Agni_Class,MIDCOURSE,885702.0,885.702,2481610.18,2481.6102,6793.5605,24456.8179,6793.5605,1693.6414,-6579.061,-0.0,-9.81,9.81,37.742,0.0,0.0,0.0,0.0,0.0,0.0,8000.0,184609858176.37,184609.8582
1483.5,Agni_Class,MIDCOURSE,882410.02,882.41,2482457.0,2482.457,6798.3108,24473.9187,6798.3108,1693.6414,-6583.966,-0.0,-9.81,9.81,37.7684,0.0,0.0,0.0,0.0,0.0,0.0,8000.0,184868116765.08,184868.1168
1484.0,Agni_Class,MIDCOURSE,879115.58,879.1156,2483303.82,2483.3038,6803.0612,24491.0204,6803.0612,1693.6414,-6588.871,-0.0,-9.81,9.81,37.7948,0.0,0.0,0.0,0.0,0.0,0.0,8000.0,185126567826.0,185126.5678
1484.5,Agni_Class,MIDCOURSE,875818.69,875.8187,2484150.64,2484.1506,6807.8119,24508.1228,6807.8119,1693.6414,-6593.776,-0.0,-9.81,9.81,37.8212,0.0,0.0,0.0,0.0,0.0,0.0,8000.0,185385211359.12,185385.2114
1485.0,Agni_Class,MIDCOURSE,872519.35,872.5194,2484997.46,2484.9975,6812.5628,24525.2261,6812.5628,1693.6414,-6598.681,-0.0,-9.81,9.81,37.8476,0.0,0.0,0.0,0.0,0.0,0.0,8000.0,185644047364.44,185644.0474
1485.5,Agni_Class,MIDCOURSE,869217.56,869.2176,2485844.28,2485.8443,6817.3139,24542.3301,6817.3139,1693.6414,-6603.586,-0.0,-9.81,9.81,37.874,0.0,0.0,0.0,0.0,0.0,0.0,8000.0,185903075841.95,185903.0758
1486.0,Agni_Class,MIDCOURSE,865913.32,865.9133,2486691.1,2486.6911,6822.0652,24559.4349,6822.0652,1693.6414,-6608.491,-0.0,-9.81,9.81,37.9004,0.0,0.0,0.0,0.0,0.0,0.0,8000.0,186162296791.67,186162.2968
1486.5,Agni_Class,MIDCOURSE,862606.62,862.6066,2487537.92,2487.5379,6826.8168,24576.5405,6826.8168,1693.6414,-6613.396,-0.0,-9.81,9.81,37.9268,0.0,0.0,0.0,0.0,0.0,0.0,8000.0,186421710213.59,186421.7102
1487.0,Agni_Class,MIDCOURSE,859297.47,859.2975,2488384.74,2488.3847,6831.5686,24593.6468,6831.5686,1693.6414,-6618.301,-0.0,-9.81,9.81,37.9532,0.0,0.0,0.0,0.0,0.0,0.0,8000.0,186681316107.71,186681.3161
1487.5,Agni_Class,MIDCOURSE,855985.86,855.9859,2489231.56,2489.2316,6836.3205,24610.754,6836.3205,1693.6414,-6623.206,-0.0,-9.81,9.81,37.9796,0.0,0.0,0.0,0.0,0.0,0.0,8000.0,186941114474.02,186941.1145
1488.0,Agni_Class,MIDCOURSE,852671.81,852.6718,2490078.39,2490.0784,6841.0727,24627.8619,6841.0727,1693.6414,-6628.111,-0.0,-9.81,9.81,38.006,0.0,0.0,0.0,0.0,0.0,0.0,8000.0,187201105312.54,187201.1053
1488.5,Agni_Class,MIDCOURSE,849355.3,849.3553,2490925.21,2490.9252,6845.8252,24644.9706,6845.8252,1693.6414,-6633.016,-0.0,-9.81,9.81,38.0324,0.0,0.0,0.0,0.0,0.0,0.0,8000.0,187461288623.26,187461.2886
1489.0,Agni_Class,MIDCOURSE,846036.34,846.0363,2491772.03,2491.772,6850.5778,24662.0801,6850.5778,1693.6414,-6637.921,-0.0,-9.81,9.81,38.0588,0.0,0.0,0.0,0.0,0.0,0.0,8000.0,187721664406.18,187721.6644
1489.5,Agni_Class,MIDCOURSE,842714.93,842.7149,2492618.85,2492.6188,6855.3306,24679.1903,6855.3306,1693.6414,-6642.826,-0.0,-9.81,9.81,38.0852,0.0,0.0,0.0,0.0,0.0,0.0,8000.0,187982232661.29,187982.2327
1490.0,Agni_Class,MIDCOURSE,839391.06,839.3911,2493465.67,2493.4657,6860.0837,24696.3013,6860.0837,1693.6414,-6647.731,-0.0,-9.81,9.81,38.1116,0.0,0.0,0.0,0.0,0.0,0.0,8000.0,188242993388.61,188242.9934
1490.5,Agni_Class,MIDCOURSE,836064.74,836.0647,2494312.49,2494.3125,6864.837,24713.4131,6864.837,1693.6414,-6652.636,-0.0,-9.81,9.81,38.138,0.0,0.0,0.0,0.0,0.0,0.0,8000.0,188503946588.13,188503.9466
1491.0,Agni_Class,MIDCOURSE,832735.97,832.736,2495159.31,2495.1593,6869.5905,24730.5256,6869.5905,1693.6414,-6657.541,-0.0,-9.81,9.81,38.1644,0.0,0.0,0.0,0.0,0.0,0.0,8000.0,188765092259.84,188765.0923
1491.5,Agni_Class,MIDCOURSE,829404.75,829.4048,2496006.13,2496.0061,6874.3442,24747.639,6874.3442,1693.6414,-6662.446,-0.0,-9.81,9.81,38.1908,0.0,0.0,0.0,0.0,0.0,0.0,8000.0,189026430403.76,189026.4304
1492.0,Agni_Class,MIDCOURSE,826071.07,826.0711,2496852.95,2496.853,6879.0981,24764.7531,6879.0981,1693.6414,-6667.351,-0.0,-9.81,9.81,38.2172,0.0,0.0,0.0,0.0,0.0,0.0,8000.0,189287961019.88,189287.961
1492.5,Agni_Class,MIDCOURSE,822734.95,822.7349,2497699.77,2497.6998,6883.8522,24781.8679,6883.8522,1693.6414,-6672.256,-0.0,-9.81,9.81,38.2436,0.0,0.0,0.0,0.0,0.0,0.0,8000.0,189549684108.2,189549.6841
1493.0,Agni_Class,MIDCOURSE,819396.37,819.3964,2498546.59,2498.5466,6888.6065,24798.9835,6888.6065,1693.6414,-6677.161,-0.0,-9.81,9.81,38.27,0.0,0.0,0.0,0.0,0.0,0.0,8000.0,189811599668.71,189811.5997
1493.5,Agni_Class,MIDCOURSE,816055.33,816.0553,2499393.41,2499.3934,6893.3611,24816.0999,6893.3611,1693.6414,-6682.066,-0.0,-9.81,9.81,38.2965,0.0,0.0,0.0,0.0,0.0,0.0,8000.0,190073707701.43,190073.7077
1494.0,Agni_Class,MIDCOURSE,812711.85,812.7118,2500240.23,2500.2402,6898.1158,24833.217,6898.1158,1693.6414,-6686.971,-0.0,-9.81,9.81,38.3229,0.0,0.0,0.0,0.0,0.0,0.0,8000.0,190336008206.35,190336.0082
1494.5,Agni_Class,MIDCOURSE,809365.91,809.3659,2501087.05,2501.0871,6902.8708,24850.3349,6902.8708,1693.6414,-6691.876,-0.0,-9.81,9.81,38.3493,0.0,0.0,0.0,0.0,0.0,0.0,8000.0,190598501183.47,190598.5012
1495.0,Agni_Class,MIDCOURSE,806017.52,806.0175,2501933.88,2501.9339,6907.626,24867.4535,6907.626,1693.6414,-6696.781,-0.0,-9.81,9.81,38.3757,0.0,0.0,0.0,0.0,0.0,0.0,8000.0,190861186632.78,190861.1866
1495.5,Agni_Class,MIDCOURSE,802666.68,802.6667,2502780.7,2502.7807,6912.3814,24884.5729,6912.3814,1693.6414,-6701.686,-0.0,-9.81,9.81,38.4021,0.0,0.0,0.0,0.0,0.0,0.0,8000.0,191124064554.3,191124.0646
1496.0,Agni_Class,MIDCOURSE,799313.38,799.3134,2503627.52,2503.6275,6917.137,24901.6931,6917.137,1693.6414,-6706.591,-0.0,-9.81,9.81,38.4285,0.0,0.0,0.0,0.0,0.0,0.0,8000.0,191387134948.02,191387.1349
1496.5,Agni_Class,MIDCOURSE,795957.63,795.9576,2504474.34,2504.4743,6921.8928,24918.814,6921.8928,1693.6414,-6711.496,-0.0,-9.81,9.81,38.455,0.0,0.0,0.0,0.0,0.0,0.0,8000.0,191650397813.94,191650.3978
1497.0,Agni_Class,MIDCOURSE,792599.43,792.5994,2505321.16,2505.3212,6926.6488,24935.9356,6926.6488,1693.6414,-6716.401,-0.0,-9.81,9.81,38.4814,0.0,0.0,0.0,0.0,0.0,0.0,8000.0,191913853152.05,191913.8532
1497.5,Agni_Class,MIDCOURSE,789238.78,789.2388,2506167.98,2506.168,6931.405,24953.058,6931.405,1693.6414,-6721.306,-0.0,-9.81,9.81,38.5078,0.0,0.0,0.0,0.0,0.0,0.0,8000.0,192177500962.37,192177.501
1498.0,Agni_Class,MIDCOURSE,785875.67,785.8757,2507014.8,2507.0148,6936.1614,24970.1811,6936.1614,1693.6414,-6726.211,-0.0,-9.81,9.81,38.5342,0.0,0.0,0.0,0.0,0.0,0.0,8000.0,192441341244.89,192441.3412
1498.5,Agni_Class,MIDCOURSE,782510.12,782.5101,2507861.62,2507.8616,6940.9181,24987.305,6940.9181,1693.6414,-6731.116,-0.0,-9.81,9.81,38.5607,0.0,0.0,0.0,0.0,0.0,0.0,8000.0,192705373999.61,192705.374
1499.0,Agni_Class,MIDCOURSE,779142.11,779.1421,2508708.44,2508.7084,6945.6749,25004.4296,6945.6749,1693.6414,-6736.021,-0.0,-9.81,9.81,38.5871,0.0,0.0,0.0,0.0,0.0,0.0,8000.0,192969599226.52,192969.5992
1499.5,Agni_Class,MIDCOURSE,775771.64,775.7716,2509555.26,2509.5553,6950.4319,25021.555,6950.4319,1693.6414,-6740.926,-0.0,-9.81,9.81,38.6135,0.0,0.0,0.0,0.0,0.0,0.0,8000.0,193234016925.64,193234.0169
1500.0,Agni_Class,MIDCOURSE,772398.73,772.3987,2510402.08,2510.4021,6955.1892,25038.6811,6955.1892,1693.6414,-6745.831,-0.0,-9.81,9.81,38.6399,0.0,0.0,0.0,0.0,0.0,0.0,8000.0,193498627096.96,193498.6271
1500.5,Agni_Class,MIDCOURSE,769023.36,769.0234,2511248.9,2511.2489,6959.9467,25055.808,6959.9467,1693.6414,-6750.736,-0.0,-9.81,9.81,38.6664,0.0,0.0,0.0,0.0,0.0,0.0,8000.0,193763429740.47,193763.4297
1501.0,Agni_Class,MIDCOURSE,765645.54,765.6455,2512095.72,2512.0957,6964.7043,25072.9355,6964.7043,1693.6414,-6755.641,-0.0,-9.81,9.81,38.6928,0.0,0.0,0.0,0.0,0.0,0.0,8000.0,194028424856.19,194028.4249
1501.5,Agni_Class,MIDCOURSE,762265.27,762.2653,2512942.54,2512.9425,6969.4622,25090.0639,6969.4622,1693.6414,-6760.546,-0.0,-9.81,9.81,38.7192,0.0,0.0,0.0,0.0,0.0,0.0,8000.0,194293612444.11,194293.6124
1502.0,Agni_Class,MIDCOURSE,758882.54,758.8825,2513789.37,2513.7894,6974.2203,25107.1929,6974.2203,1693.6414,-6765.451,-0.0,-9.81,9.81,38.7457,0.0,0.0,0.0,0.0,0.0,0.0,8000.0,194558992504.23,194558.9925
1502.5,Agni_Class,MIDCOURSE,755497.36,755.4974,2514636.19,2514.6362,6978.9785,25124.3227,6978.9785,1693.6414,-6770.356,-0.0,-9.81,9.81,38.7721,0.0,0.0,0.0,0.0,0.0,0.0,8000.0,194824565036.54,194824.565
1503.0,Agni_Class,MIDCOURSE,752109.73,752.1097,2515483.01,2515.483,6983.737,25141.4532,6983.737,1693.6414,-6775.261,-0.0,-9.81,9.81,38.7985,0.0,0.0,0.0,0.0,0.0,0.0,8000.0,195090330041.06,195090.33
1503.5,Agni_Class,MIDCOURSE,748719.65,748.7196,2516329.83,2516.3298,6988.4957,25158.5845,6988.4957,1693.6414,-6780.166,-0.0,-9.81,9.81,38.825,0.0,0.0,0.0,0.0,0.0,0.0,8000.0,195356287517.78,195356.2875
1504.0,Agni_Class,MIDCOURSE,745327.11,745.3271,2517176.65,2517.1766,6993.2546,25175.7164,6993.2546,1693.6414,-6785.071,-0.0,-9.81,9.81,38.8514,0.0,0.0,0.0,0.0,0.0,0.0,8000.0,195622437466.7,195622.4375
1504.5,Agni_Class,MIDCOURSE,741932.13,741.9321,2518023.47,2518.0235,6998.0136,25192.8491,6998.0136,1693.6414,-6789.976,-0.0,-9.81,9.81,38.8779,0.0,0.0,0.0,0.0,0.0,0.0,8000.0,195888779887.81,195888.7799
1505.0,Agni_Class,MIDCOURSE,738534.68,738.5347,2518870.29,2518.8703,7002.7729,25209.9825,7002.7729,1693.6414,-6794.881,-0.0,-9.81,9.81,38.9043,0.0,0.0,0.0,0.0,0.0,0.0,8000.0,196155314781.13,196155.3148
1505.5,Agni_Class,MIDCOURSE,735134.79,735.1348,2519717.11,2519.7171,7007.5324,25227.1167,7007.5324,1693.6414,-6799.786,-0.0,-9.81,9.81,38.9307,0.0,0.0,0.0,0.0,0.0,0.0,8000.0,196422042146.65,196422.0421
1506.0,Agni_Class,MIDCOURSE,731732.45,731.7324,2520563.93,2520.5639,7012.2921,25244.2516,7012.2921,1693.6414,-6804.691,-0.0,-9.81,9.81,38.9572,0.0,0.0,0.0,0.0,0.0,0.0,8000.0,196688961984.37,196688.962
1506.5,Agni_Class,MIDCOURSE,728327.65,728.3276,2521410.75,2521.4108,7017.052,25261.3871,7017.052,1693.6414,-6809.596,-0.0,-9.81,9.81,38.9836,0.0,0.0,0.0,0.0,0.0,0.0,8000.0,196956074294.28,196956.0743
1507.0,Agni_Class,MIDCOURSE,724920.4,724.9204,2522257.57,2522.2576,7021.8121,25278.5235,7021.8121,1693.6414,-6814.501,-0.0,-9.81,9.81,39.0101,0.0,0.0,0.0,0.0,0.0,0.0,8000.0,197223379076.4,197223.3791
1507.5,Agni_Class,MIDCOURSE,721510.69,721.5107,2523104.39,2523.1044,7026.5724,25295.6605,7026.5724,1693.6414,-6819.406,-0.0,-9.81,9.81,39.0365,0.0,0.0,0.0,0.0,0.0,0.0,8000.0,197490876330.72,197490.8763
1508.0,Agni_Class,MIDCOURSE,718098.54,718.0985,2523951.21,2523.9512,7031.3328,25312.7982,7031.3328,1693.6414,-6824.311,-0.0,-9.81,9.81,39.063,0.0,0.0,0.0,0.0,0.0,0.0,8000.0,197758566057.23,197758.5661
1508.5,Agni_Class,MIDCOURSE,714683.93,714.6839,2524798.03,2524.798,7036.0935,25329.9367,7036.0935,1693.6414,-6829.216,-0.0,-9.81,9.81,39.0894,0.0,0.0,0.0,0.0,0.0,0.0,8000.0,198026448255.95,198026.4483
1509.0,Agni_Class,MIDCOURSE,711266.87,711.2669,2525644.86,2525.6449,7040.8544,25347.0759,7040.8544,1693.6414,-6834.121,-0.0,-9.81,9.81,39.1159,0.0,0.0,0.0,0.0,0.0,0.0,8000.0,198294522926.87,198294.5229
1509.5,Agni_Class,MIDCOURSE,707847.36,707.8474,2526491.68,2526.4917,7045.6155,25364.2157,7045.6155,1693.6414,-6839.026,-0.0,-9.81,9.81,39.1423,0.0,0.0,0.0,0.0,0.0,0.0,8000.0,198562790069.99,198562.7901
1510.0,Agni_Class,MIDCOURSE,704425.39,704.4254,2527338.5,2527.3385,7050.3768,25381.3563,7050.3768,1693.6414,-6843.931,-0.0,-9.81,9.81,39.1688,0.0,0.0,0.0,0.0,0.0,0.0,8000.0,198831249685.3,198831.2497
1510.5,Agni_Class,MIDCOURSE,701000.97,701.001,2528185.32,2528.1853,7055.1382,25398.4976,7055.1382,1693.6414,-6848.836,-0.0,-9.81,9.81,39.1952,0.0,0.0,0.0,0.0,0.0,0.0,8000.0,199099901772.82,199099.9018
1511.0,Agni_Class,MIDCOURSE,697574.1,697.5741,2529032.14,2529.0321,7059.8999,25415.6396,7059.8999,1693.6414,-6853.741,-0.0,-9.81,9.81,39.2217,0.0,0.0,0.0,0.0,0.0,0.0,8000.0,199368746332.54,199368.7463
1511.5,Agni_Class,MIDCOURSE,694144.78,694.1448,2529878.96,2529.879,7064.6618,25432.7824,7064.6618,1693.6414,-6858.646,-0.0,-9.81,9.81,39.2481,0.0,0.0,0.0,0.0,0.0,0.0,8000.0,199637783364.46,199637.7834
1512.0,Agni_Class,MIDCOURSE,690713.01,690.713,2530725.78,2530.7258,7069.4238,25449.9258,7069.4238,1693.6414,-6863.551,-0.0,-9.81,9.81,39.2746,0.0,0.0,0.0,0.0,0.0,0.0,8000.0,199907012868.57,199907.0129
1512.5,Agni_Class,MIDCOURSE,687278.78,687.2788,2531572.6,2531.5726,7074.1861,25467.0699,7074.1861,1693.6414,-6868.456,-0.0,-9.81,9.81,39.301,0.0,0.0,0.0,0.0,0.0,0.0,8000.0,200176434844.89,200176.4348
1513.0,Agni_Class,MIDCOURSE,683842.1,683.8421,2532419.42,2532.4194,7078.9485,25484.2147,7078.9485,1693.6414,-6873.361,-0.0,-9.81,9.81,39.3275,0.0,0.0,0.0,0.0,0.0,0.0,8000.0,200446049293.41,200446.0493
1513.5,Agni_Class,MIDCOURSE,680402.96,680.403,2533266.24,2533.2662,7083.7112,25501.3602,7083.7112,1693.6414,-6878.266,-0.0,-9.81,9.81,39.354,0.0,0.0,0.0,0.0,0.0,0.0,8000.0,200715856214.13,200715.8562
1514.0,Agni_Class,MIDCOURSE,676961.38,676.9614,2534113.06,2534.1131,7088.474,25518.5065,7088.474,1693.6414,-6883.171,-0.0,-9.81,9.81,39.3804,0.0,0.0,0.0,0.0,0.0,0.0,8000.0,200985855607.04,200985.8556
1514.5,Agni_Class,MIDCOURSE,673517.34,673.5173,2534959.88,2534.9599,7093.2371,25535.6534,7093.2371,1693.6414,-6888.076,-0.0,-9.81,9.81,39.4069,0.0,0.0,0.0,0.0,0.0,0.0,8000.0,201256047472.16,201256.0475
1515.0,Agni_Class,MIDCOURSE,670070.85,670.0708,2535806.7,2535.8067,7098.0003,25552.801,7098.0003,1693.6414,-6892.981,-0.0,-9.81,9.81,39.4333,0.0,0.0,0.0,0.0,0.0,0.0,8000.0,201526431809.48,201526.4318
1515.5,Agni_Class,MIDCOURSE,666621.91,666.6219,2536653.52,2536.6535,7102.7637,25569.9493,7102.7637,1693.6414,-6897.886,-0.0,-9.81,9.81,39.4598,0.0,0.0,0.0,0.0,0.0,0.0,8000.0,201797008619.0,201797.0086
1516.0,Agni_Class,MIDCOURSE,663170.51,663.1705,2537500.34,2537.5003,7107.5273,25587.0983,7107.5273,1693.6414,-6902.791,-0.0,-9.81,9.81,39.4863,0.0,0.0,0.0,0.0,0.0,0.0,8000.0,202067777900.71,202067.7779
1516.5,Agni_Class,MIDCOURSE,659716.66,659.7167,2538347.17,2538.3472,7112.2911,25604.248,7112.2911,1693.6414,-6907.696,-0.0,-9.81,9.81,39.5127,0.0,0.0,0.0,0.0,0.0,0.0,8000.0,202338739654.63,202338.7397
1517.0,Agni_Class,MIDCOURSE,656260.36,656.2604,2539193.99,2539.194,7117.0551,25621.3984,7117.0551,1693.6414,-6912.601,-0.0,-9.81,9.81,39.5392,0.0,0.0,0.0,0.0,0.0,0.0,8000.0,202609893880.75,202609.8939
1517.5,Agni_Class,MIDCOURSE,652801.61,652.8016,2540040.81,2540.0408,7121.8193,25638.5495,7121.8193,1693.6414,-6917.506,-0.0,-9.81,9.81,39.5657,0.0,0.0,0.0,0.0,0.0,0.0,8000.0,202881240579.06,202881.2406
1518.0,Agni_Class,MIDCOURSE,649340.4,649.3404,2540887.63,2540.8876,7126.5837,25655.7012,7126.5837,1693.6414,-6922.411,-0.0,-9.81,9.81,39.5921,0.0,0.0,0.0,0.0,0.0,0.0,8000.0,203152779749.58,203152.7797
1518.5,Agni_Class,MIDCOURSE,645876.75,645.8767,2541734.45,2541.7344,7131.3482,25672.8537,7131.3482,1693.6414,-6927.316,-0.0,-9.81,9.81,39.6186,0.0,0.0,0.0,0.0,0.0,0.0,8000.0,203424511392.3,203424.5114
1519.0,Agni_Class,MIDCOURSE,642410.64,642.4106,2542581.27,2542.5813,7136.113,25690.0068,7136.113,1693.6414,-6932.221,-0.0,-9.81,9.81,39.6451,0.0,0.0,0.0,0.0,0.0,0.0,8000.0,203696435507.22,203696.4355
1519.5,Agni_Class,MIDCOURSE,638942.07,638.9421,2543428.09,2543.4281,7140.878,25707.1607,7140.878,1693.6414,-6937.126,-0.0,-9.81,9.81,39.6715,0.0,0.0,0.0,0.0,0.0,0.0,8000.0,203968552094.33,203968.5521
1520.0,Agni_Class,MIDCOURSE,635471.06,635.4711,2544274.91,2544.2749,7145.6431,25724.3152,7145.6431,1693.6414,-6942.031,-0.0,-9.81,9.81,39.698,0.0,0.0,0.0,0.0,0.0,0.0,8000.0,204240861153.65,204240.8612
1520.5,Agni_Class,MIDCOURSE,631997.59,631.9976,2545121.73,2545.1217,7150.4084,25741.4703,7150.4084,1693.6414,-6946.936,-0.0,-9.81,9.81,39.7245,0.0,0.0,0.0,0.0,0.0,0.0,8000.0,204513362685.17,204513.3627
1521.0,Agni_Class,MIDCOURSE,628521.67,628.5217,2545968.55,2545.9686,7155.1739,25758.6262,7155.1739,1693.6414,-6951.841,-0.0,-9.81,9.81,39.751,0.0,0.0,0.0,0.0,0.0,0.0,8000.0,204786056688.89,204786.0567
1521.5,Agni_Class,MIDCOURSE,625043.3,625.0433,2546815.37,2546.8154,7159.9396,25775.7827,7159.9396,1693.6414,-6956.746,-0.0,-9.81,9.81,39.7774,0.0,0.0,0.0,0.0,0.0,0.0,8000.0,205058943164.8,205058.9432
1522.0,Agni_Class,MIDCOURSE,621562.47,621.5625,2547662.19,2547.6622,7164.7055,25792.94,7164.7055,1693.6414,-6961.651,-0.0,-9.81,9.81,39.8039,0.0,0.0,0.0,0.0,0.0,0.0,8000.0,205332022112.92,205332.0221
1522.5,Agni_Class,MIDCOURSE,618079.19,618.0792,2548509.01,2548.509,7169.4716,25810.0979,7169.4716,1693.6414,-6966.556,-0.0,-9.81,9.81,39.8304,0.0,0.0,0.0,0.0,0.0,0.0,8000.0,205605293533.24,205605.2935
1523.0,Agni_Class,MIDCOURSE,614593.46,614.5935,2549355.83,2549.3558,7174.2379,25827.2564,7174.2379,1693.6414,-6971.461,-0.0,-9.81,9.81,39.8569,0.0,0.0,0.0,0.0,0.0,0.0,8000.0,205878757425.76,205878.7574
1523.5,Agni_Class,MIDCOURSE,611105.28,611.1053,2550202.66,2550.2027,7179.0043,25844.4157,7179.0043,1693.6414,-6976.366,-0.0,-9.81,9.81,39.8834,0.0,0.0,0.0,0.0,0.0,0.0,8000.0,206152413790.47,206152.4138
1524.0,Agni_Class,MIDCOURSE,607614.64,607.6146,2551049.48,2551.0495,7183.771,25861.5756,7183.771,1693.6414,-6981.271,-0.0,-9.81,9.81,39.9098,0.0,0.0,0.0,0.0,0.0,0.0,8000.0,206426262627.39,206426.2626
1524.5,Agni_Class,MIDCOURSE,604121.56,604.1216,2551896.3,2551.8963,7188.5378,25878.7362,7188.5378,1693.6414,-6986.176,-0.0,-9.81,9.81,39.9363,0.0,0.0,0.0,0.0,0.0,0.0,8000.0,206700303936.51,206700.3039
1525.0,Agni_Class,MIDCOURSE,600626.02,600.626,2552743.12,2552.7431,7193.3048,25895.8974,7193.3048,1693.6414,-6991.081,-0.0,-9.81,9.81,39.9628,0.0,0.0,0.0,0.0,0.0,0.0,8000.0,206974537717.83,206974.5377
1525.5,Agni_Class,MIDCOURSE,597128.02,597.128,2553589.94,2553.5899,7198.072,25913.0593,7198.072,1693.6414,-6995.986,-0.0,-9.81,9.81,39.9893,0.0,0.0,0.0,0.0,0.0,0.0,8000.0,207248963971.34,207248.964
1526.0,Agni_Class,MIDCOURSE,593627.58,593.6276,2554436.76,2554.4368,7202.8394,25930.2219,7202.8394,1693.6414,-7000.891,-0.0,-9.81,9.81,40.0158,0.0,0.0,0.0,0.0,0.0,0.0,8000.0,207523582697.06,207523.5827
1526.5,Agni_Class,MIDCOURSE,590124.68,590.1247,2555283.58,2555.2836,7207.607,25947.3852,7207.607,1693.6414,-7005.796,-0.0,-9.81,9.81,40.0423,0.0,0.0,0.0,0.0,0.0,0.0,8000.0,207798393894.98,207798.3939
1527.0,Agni_Class,MIDCOURSE,586619.33,586.6193,2556130.4,2556.1304,7212.3747,25964.5491,7212.3747,1693.6414,-7010.701,-0.0,-9.81,9.81,40.0687,0.0,0.0,0.0,0.0,0.0,0.0,8000.0,208073397565.09,208073.3976
1527.5,Agni_Class,MIDCOURSE,583111.53,583.1115,2556977.22,2556.9772,7217.1427,25981.7136,7217.1427,1693.6414,-7015.606,-0.0,-9.81,9.81,40.0952,0.0,0.0,0.0,0.0,0.0,0.0,8000.0,208348593707.41,208348.5937
1528.0,Agni_Class,MIDCOURSE,579601.27,579.6013,2557824.04,2557.824,7221.9108,25998.8789,7221.9108,1693.6414,-7020.511,-0.0,-9.81,9.81,40.1217,0.0,0.0,0.0,0.0,0.0,0.0,8000.0,208623982321.93,208623.9823
1528.5,Agni_Class,MIDCOURSE,576088.56,576.0886,2558670.86,2558.6709,7226.6791,26016.0448,7226.6791,1693.6414,-7025.416,-0.0,-9.81,9.81,40.1482,0.0,0.0,0.0,0.0,0.0,0.0,8000.0,208899563408.65,208899.5634
1529.0,Agni_Class,MIDCOURSE,572573.4,572.5734,2559517.68,2559.5177,7231.4476,26033.2113,7231.4476,1693.6414,-7030.321,-0.0,-9.81,9.81,40.1747,0.0,0.0,0.0,0.0,0.0,0.0,8000.0,209175336967.56,209175.337
1529.5,Agni_Class,MIDCOURSE,569055.79,569.0558,2560364.5,2560.3645,7236.2163,26050.3785,7236.2163,1693.6414,-7035.226,-0.0,-9.81,9.81,40.2012,0.0,0.0,0.0,0.0,0.0,0.0,8000.0,209451302998.68,209451.303
1530.0,Agni_Class,MIDCOURSE,565535.72,565.5357,2561211.32,2561.2113,7240.9851,26067.5464,7240.9851,1693.6414,-7040.131,-0.0,-9.81,9.81,40.2277,0.0,0.0,0.0,0.0,0.0,0.0,8000.0,209727461502.0,209727.4615
1530.5,Agni_Class,MIDCOURSE,562013.2,562.0132,2562058.15,2562.0581,7245.7541,26084.7149,7245.7541,1693.6414,-7045.036,-0.0,-9.81,9.81,40.2542,0.0,0.0,0.0,0.0,0.0,0.0,8000.0,210003812477.52,210003.8125
1531.0,Agni_Class,MIDCOURSE,558488.23,558.4882,2562904.97,2562.905,7250.5234,26101.8841,7250.5234,1693.6414,-7049.941,-0.0,-9.81,9.81,40.2807,0.0,0.0,0.0,0.0,0.0,0.0,8000.0,210280355925.23,210280.3559
1531.5,Agni_Class,MIDCOURSE,554960.81,554.9608,2563751.79,2563.7518,7255.2928,26119.0539,7255.2928,1693.6414,-7054.846,-0.0,-9.81,9.81,40.3072,0.0,0.0,0.0,0.0,0.0,0.0,8000.0,210557091845.15,210557.0918
1532.0,Agni_Class,MIDCOURSE,551430.94,551.4309,2564598.61,2564.5986,7260.0623,26136.2244,7260.0623,1693.6414,-7059.751,-0.0,-9.81,9.81,40.3337,0.0,0.0,0.0,0.0,0.0,0.0,8000.0,210834020237.27,210834.0202
1532.5,Agni_Class,MIDCOURSE,547898.61,547.8986,2565445.43,2565.4454,7264.8321,26153.3955,7264.8321,1693.6414,-7064.656,-0.0,-9.81,9.81,40.3602,0.0,0.0,0.0,0.0,0.0,0.0,8000.0,211111141101.59,211111.1411
1533.0,Agni_Class,MIDCOURSE,544363.83,544.3638,2566292.25,2566.2922,7269.602,26170.5673,7269.602,1693.6414,-7069.561,-0.0,-9.81,9.81,40.3867,0.0,0.0,0.0,0.0,0.0,0.0,8000.0,211388454438.1,211388.4544
1533.5,Agni_Class,MIDCOURSE,540826.59,540.8266,2567139.07,2567.1391,7274.3721,26187.7397,7274.3721,1693.6414,-7074.466,-0.0,-9.81,9.81,40.4132,0.0,0.0,0.0,0.0,0.0,0.0,8000.0,211665960246.82,211665.9602
1534.0,Agni_Class,MIDCOURSE,537286.91,537.2869,2567985.89,2567.9859,7279.1424,26204.9128,7279.1424,1693.6414,-7079.371,-0.0,-9.81,9.81,40.4397,0.0,0.0,0.0,0.0,0.0,0.0,8000.0,211943658527.74,211943.6585
1534.5,Agni_Class,MIDCOURSE,533744.77,533.7448,2568832.71,2568.8327,7283.9129,26222.0865,7283.9129,1693.6414,-7084.276,-0.0,-9.81,9.81,40.4662,0.0,0.0,0.0,0.0,0.0,0.0,8000.0,212221549280.85,212221.5493
1535.0,Agni_Class,MIDCOURSE,530200.18,530.2002,2569679.53,2569.6795,7288.6836,26239.2608,7288.6836,1693.6414,-7089.181,-0.0,-9.81,9.81,40.4927,0.0,0.0,0.0,0.0,0.0,0.0,8000.0,212499632506.17,212499.6325
1535.5,Agni_Class,MIDCOURSE,526653.14,526.6531,2570526.35,2570.5264,7293.4544,26256.4358,7293.4544,1693.6414,-7094.086,-0.0,-9.81,9.81,40.5192,0.0,0.0,0.0,0.0,0.0,0.0,8000.0,212777908203.69,212777.9082
1536.0,Agni_Class,MIDCOURSE,523103.64,523.1036,2571373.17,2571.3732,7298.2254,26273.6115,7298.2254,1693.6414,-7098.991,-0.0,-9.81,9.81,40.5457,0.0,0.0,0.0,0.0,0.0,0.0,8000.0,213056376373.41,213056.3764
1536.5,Agni_Class,MIDCOURSE,519551.69,519.5517,2572219.99,2572.22,7302.9966,26290.7877,7302.9966,1693.6414,-7103.896,-0.0,-9.81,9.81,40.5722,0.0,0.0,0.0,0.0,0.0,0.0,8000.0,213335037015.32,213335.037
1537.0,Agni_Class,MIDCOURSE,515997.29,515.9973,2573066.81,2573.0668,7307.768,26307.9646,7307.768,1693.6414,-7108.801,-0.0,-9.81,9.81,40.5987,0.0,0.0,0.0,0.0,0.0,0.0,8000.0,213613890129.44,213613.8901
1537.5,Agni_Class,MIDCOURSE,512440.44,512.4404,2573913.64,2573.9136,7312.5395,26325.1422,7312.5395,1693.6414,-7113.706,-0.0,-9.81,9.81,40.6252,0.0,0.0,0.0,0.0,0.0,0.0,8000.0,213892935715.76,213892.9357
1538.0,Agni_Class,MIDCOURSE,508881.14,508.8811,2574760.46,2574.7605,7317.3112,26342.3204,7317.3112,1693.6414,-7118.611,-0.0,-9.81,9.81,40.6517,0.0,0.0,0.0,0.0,0.0,0.0,8000.0,214172173774.28,214172.1738
1538.5,Agni_Class,MIDCOURSE,505319.38,505.3194,2575607.28,2575.6073,7322.0831,26359.4992,7322.0831,1693.6414,-7123.516,-0.0,-9.81,9.81,40.6782,0.0,0.0,0.0,0.0,0.0,0.0,8000.0,214451604304.99,214451.6043
1539.0,Agni_Class,MIDCOURSE,501755.17,501.7552,2576454.1,2576.4541,7326.8552,26376.6786,7326.8552,1693.6414,-7128.421,-0.0,-9.81,9.81,40.7048,0.0,0.0,0.0,0.0,0.0,0.0,8000.0,214731227307.91,214731.2273
1539.5,Agni_Class,MIDCOURSE,498188.5,498.1885,2577300.92,2577.3009,7331.6274,26393.8587,7331.6274,1693.6414,-7133.326,-0.0,-9.81,9.81,40.7313,0.0,0.0,0.0,0.0,0.0,0.0,8000.0,215011042783.03,215011.0428
1540.0,Agni_Class,MIDCOURSE,494619.39,494.6194,2578147.74,2578.1477,7336.3998,26411.0394,7336.3998,1693.6414,-7138.231,-0.0,-9.81,9.81,40.7578,0.0,0.0,0.0,0.0,0.0,0.0,8000.0,215291050730.35,215291.0507
1540.5,Agni_Class,MIDCOURSE,491047.82,491.0478,2578994.56,2578.9946,7341.1724,26428.2208,7341.1724,1693.6414,-7143.136,-0.0,-9.81,9.81,40.7843,0.0,0.0,0.0,0.0,0.0,0.0,8000.0,215571251149.86,215571.2511
1541.0,Agni_Class,MIDCOURSE,487473.8,487.4738,2579841.38,2579.8414,7345.9452,26445.4028,7345.9452,1693.6414,-7148.041,-0.0,-9.81,9.81,40.8108,0.0,0.0,0.0,0.0,0.0,0.0,8000.0,215851644041.58,215851.644
1541.5,Agni_Class,MIDCOURSE,483897.33,483.8973,2580688.2,2580.6882,7350.7182,26462.5853,7350.7182,1693.6414,-7152.946,-0.0,-9.81,9.81,40.8373,0.0,0.0,0.0,0.0,0.0,0.0,8000.0,216132229405.5,216132.2294
1542.0,Agni_Class,MIDCOURSE,480318.4,480.3184,2581535.02,2581.535,7355.4913,26479.7686,7355.4913,1693.6414,-7157.851,-0.0,-9.81,9.81,40.8638,0.0,0.0,0.0,0.0,0.0,0.0,8000.0,216413007241.62,216413.0072
1542.5,Agni_Class,MIDCOURSE,476737.02,476.737,2582381.84,2582.3818,7360.2646,26496.9524,7360.2646,1693.6414,-7162.756,-0.0,-9.81,9.81,40.8904,0.0,0.0,0.0,0.0,0.0,0.0,8000.0,216693977549.93,216693.9775
1543.0,Agni_Class,MIDCOURSE,473153.19,473.1532,2583228.66,2583.2287,7365.038,26514.1369,7365.038,1693.6414,-7167.661,-0.0,-9.81,9.81,40.9169,0.0,0.0,0.0,0.0,0.0,0.0,8000.0,216975140330.45,216975.1403
1543.5,Agni_Class,MIDCOURSE,469566.91,469.5669,2584075.48,2584.0755,7369.8117,26531.322,7369.8117,1693.6414,-7172.566,-0.0,-9.81,9.81,40.9434,0.0,0.0,0.0,0.0,0.0,0.0,8000.0,217256495583.17,217256.4956
1544.0,Agni_Class,MIDCOURSE,465978.17,465.9782,2584922.3,2584.9223,7374.5855,26548.5077,7374.5855,1693.6414,-7177.471,-0.0,-9.81,9.81,40.9699,0.0,0.0,0.0,0.0,0.0,0.0,8000.0,217538043308.08,217538.0433
1544.5,Agni_Class,MIDCOURSE,462386.99,462.387,2585769.13,2585.7691,7379.3594,26565.694,7379.3594,1693.6414,-7182.376,-0.0,-9.81,9.81,40.9964,0.0,0.0,0.0,0.0,0.0,0.0,8000.0,217819783505.2,217819.7835
1545.0,Agni_Class,MIDCOURSE,458793.35,458.7933,2586615.95,2586.6159,7384.1336,26582.881,7384.1336,1693.6414,-7187.281,-0.0,-9.81,9.81,41.023,0.0,0.0,0.0,0.0,0.0,0.0,8000.0,218101716174.52,218101.7162
1545.5,Agni_Class,MIDCOURSE,455197.25,455.1973,2587462.77,2587.4628,7388.9079,26600.0685,7388.9079,1693.6414,-7192.186,-0.0,-9.81,9.81,41.0495,0.0,0.0,0.0,0.0,0.0,0.0,8000.0,218383841316.04,218383.8413
1546.0,Agni_Class,MIDCOURSE,451598.71,451.5987,2588309.59,2588.3096,7393.6824,26617.2567,7393.6824,1693.6414,-7197.091,-0.0,-9.81,9.81,41.076,0.0,0.0,0.0,0.0,0.0,0.0,8000.0,218666158929.75,218666.1589
1546.5,Agni_Class,MIDCOURSE,447997.71,447.9977,2589156.41,2589.1564,7398.4571,26634.4455,7398.4571,1693.6414,-7201.996,-0.0,-9.81,9.81,41.1025,0.0,0.0,0.0,0.0,0.0,0.0,8000.0,218948669015.67,218948.669
1547.0,Agni_Class,MIDCOURSE,444394.26,444.3943,2590003.23,2590.0032,7403.2319,26651.6349,7403.2319,1693.6414,-7206.901,-0.0,-9.81,9.81,41.1291,0.0,0.0,0.0,0.0,0.0,0.0,8000.0,219231371573.79,219231.3716
1547.5,Agni_Class,MIDCOURSE,440788.36,440.7884,2590850.05,2590.85,7408.0069,26668.8249,7408.0069,1693.6414,-7211.806,-0.0,-9.81,9.81,41.1556,0.0,0.0,0.0,0.0,0.0,0.0,8000.0,219514266604.11,219514.2666
1548.0,Agni_Class,MIDCOURSE,437180.0,437.18,2591696.87,2591.6969,7412.7821,26686.0156,7412.7821,1693.6414,-7216.711,-0.0,-9.81,9.81,41.1821,0.0,0.0,0.0,0.0,0.0,0.0,8000.0,219797354106.62,219797.3541
1548.5,Agni_Class,MIDCOURSE,433569.19,433.5692,2592543.69,2592.5437,7417.5574,26703.2068,7417.5574,1693.6414,-7221.616,-0.0,-9.81,9.81,41.2087,0.0,0.0,0.0,0.0,0.0,0.0,8000.0,220080634081.34,220080.6341
1549.0,Agni_Class,MIDCOURSE,429955.93,429.9559,2593390.51,2593.3905,7422.333,26720.3987,7422.333,1693.6414,-7226.521,-0.0,-9.81,9.81,41.2352,0.0,0.0,0.0,0.0,0.0,0.0,8000.0,220364106528.26,220364.1065
1549.5,Agni_Class,MIDCOURSE,426340.22,426.3402,2594237.33,2594.2373,7427.1086,26737.5911,7427.1086,1693.6414,-7231.426,-0.0,-9.81,9.81,41.2617,0.0,0.0,0.0,0.0,0.0,0.0,8000.0,220647771447.38,220647.7714
1550.0,Agni_Class,MIDCOURSE,422722.05,422.7221,2595084.15,2595.0842,7431.8845,26754.7842,7431.8845,1693.6414,-7236.331,-0.0,-9.81,9.81,41.2882,0.0,0.0,0.0,0.0,0.0,0.0,8000.0,220931628838.69,220931.6288
1550.5,Agni_Class,MIDCOURSE,419101.44,419.1014,2595930.97,2595.931,7436.6605,26771.9779,7436.6605,1693.6414,-7241.236,-0.0,-9.81,9.81,41.3148,0.0,0.0,0.0,0.0,0.0,0.0,8000.0,221215678702.21,221215.6787
1551.0,Agni_Class,MIDCOURSE,415478.36,415.4784,2596777.79,2596.7778,7441.4367,26789.1721,7441.4367,1693.6414,-7246.141,-0.0,-9.81,9.81,41.3413,0.0,0.0,0.0,0.0,0.0,0.0,8000.0,221499921037.93,221499.921
1551.5,Agni_Class,MIDCOURSE,411852.84,411.8528,2597624.62,2597.6246,7446.2131,26806.367,7446.2131,1693.6414,-7251.046,-0.0,-9.81,9.81,41.3679,0.0,0.0,0.0,0.0,0.0,0.0,8000.0,221784355845.84,221784.3558
1552.0,Agni_Class,MIDCOURSE,408224.87,408.2249,2598471.44,2598.4714,7450.9896,26823.5625,7450.9896,1693.6414,-7255.951,-0.0,-9.81,9.81,41.3944,0.0,0.0,0.0,0.0,0.0,0.0,8000.0,222068983125.96,222068.9831
1552.5,Agni_Class,MIDCOURSE,404594.44,404.5944,2599318.26,2599.3183,7455.7663,26840.7586,7455.7663,1693.6414,-7260.856,-0.0,-9.81,9.81,41.4209,0.0,0.0,0.0,0.0,0.0,0.0,8000.0,222353802878.28,222353.8029
1553.0,Agni_Class,MIDCOURSE,400961.56,400.9616,2600165.08,2600.1651,7460.5431,26857.9553,7460.5431,1693.6414,-7265.761,-0.0,-9.81,9.81,41.4475,0.0,0.0,0.0,0.0,0.0,0.0,8000.0,222638815102.8,222638.8151
1553.5,Agni_Class,MIDCOURSE,397326.22,397.3262,2601011.9,2601.0119,7465.3202,26875.1525,7465.3202,1693.6414,-7270.666,-0.0,-9.81,9.81,41.474,0.0,0.0,0.0,0.0,0.0,0.0,8000.0,222924019799.51,222924.0198
1554.0,Agni_Class,MIDCOURSE,393688.44,393.6884,2601858.72,2601.8587,7470.0973,26892.3504,7470.0973,1693.6414,-7275.571,-0.0,-9.81,9.81,41.5005,0.0,0.0,0.0,0.0,0.0,0.0,8000.0,223209416968.43,223209.417
1554.5,Agni_Class,MIDCOURSE,390048.2,390.0482,2602705.54,2602.7055,7474.8747,26909.5489,7474.8747,1693.6414,-7280.476,-0.0,-9.81,9.81,41.5271,0.0,0.0,0.0,0.0,0.0,0.0,8000.0,223495006609.55,223495.0066
1555.0,Agni_Class,MIDCOURSE,386405.51,386.4055,2603552.36,2603.5524,7479.6522,26926.748,7479.6522,1693.6414,-7285.381,-0.0,-9.81,9.81,41.5536,0.0,0.0,0.0,0.0,0.0,0.0,8000.0,223780788722.87,223780.7887
1555.5,Agni_Class,MIDCOURSE,382760.37,382.7604,2604399.18,2604.3992,7484.4299,26943.9476,7484.4299,1693.6414,-7290.286,-0.0,-9.81,9.81,41.5802,0.0,0.0,0.0,0.0,0.0,0.0,8000.0,224066763308.38,224066.7633
1556.0,Agni_Class,MIDCOURSE,379112.77,379.1128,2605246.0,2605.246,7489.2077,26961.1479,7489.2077,1693.6414,-7295.191,-0.0,-9.81,9.81,41.6067,0.0,0.0,0.0,0.0,0.0,0.0,8000.0,224352930366.1,224352.9304
1556.5,Agni_Class,MIDCOURSE,375462.72,375.4627,2606092.82,2606.0928,7493.9858,26978.3487,7493.9858,1693.6414,-7300.096,-0.0,-9.81,9.81,41.6333,0.0,0.0,0.0,0.0,0.0,0.0,8000.0,224639289896.02,224639.2899
1557.0,Agni_Class,MIDCOURSE,371810.22,371.8102,2606939.64,2606.9396,7498.7639,26995.5501,7498.7639,1693.6414,-7305.001,-0.0,-9.81,9.81,41.6598,0.0,0.0,0.0,0.0,0.0,0.0,8000.0,224925841898.14,224925.8419
1557.5,Agni_Class,MIDCOURSE,368155.27,368.1553,2607786.46,2607.7865,7503.5423,27012.7522,7503.5423,1693.6414,-7309.906,-0.0,-9.81,9.81,41.6863,0.0,0.0,0.0,0.0,0.0,0.0,8000.0,225212586372.45,225212.5864
1558.0,Agni_Class,MIDCOURSE,364497.87,364.4979,2608633.28,2608.6333,7508.3208,27029.9548,7508.3208,1693.6414,-7314.811,-0.0,-9.81,9.81,41.7129,0.0,0.0,0.0,0.0,0.0,0.0,8000.0,225499523318.97,225499.5233
1558.5,Agni_Class,MIDCOURSE,360838.01,360.838,2609480.11,2609.4801,7513.0994,27047.158,7513.0994,1693.6414,-7319.716,-0.0,-9.81,9.81,41.7394,0.0,0.0,0.0,0.0,0.0,0.0,8000.0,225786652737.69,225786.6527
1559.0,Agni_Class,MIDCOURSE,357175.7,357.1757,2610326.93,2610.3269,7517.8783,27064.3618,7517.8783,1693.6414,-7324.621,-0.0,-9.81,9.81,41.766,0.0,0.0,0.0,0.0,0.0,0.0,8000.0,226073974628.61,226073.9746
1559.5,Agni_Class,MIDCOURSE,353510.93,353.5109,2611173.75,2611.1737,7522.6573,27081.5661,7522.6573,1693.6414,-7329.526,-0.0,-9.81,9.81,41.7925,0.0,0.0,0.0,0.0,0.0,0.0,8000.0,226361488991.72,226361.489
1560.0,Agni_Class,MIDCOURSE,349843.72,349.8437,2612020.57,2612.0206,7527.4364,27098.7711,7527.4364,1693.6414,-7334.431,-0.0,-9.81,9.81,41.8191,0.0,0.0,0.0,0.0,0.0,0.0,8000.0,226649195827.04,226649.1958
1560.5,Agni_Class,MIDCOURSE,346174.05,346.1741,2612867.39,2612.8674,7532.2157,27115.9766,7532.2157,1693.6414,-7339.336,-0.0,-9.81,9.81,41.8456,0.0,0.0,0.0,0.0,0.0,0.0,8000.0,226937095134.56,226937.0951
1561.0,Agni_Class,MIDCOURSE,342501.93,342.5019,2613714.21,2613.7142,7536.9952,27133.1827,7536.9952,1693.6414,-7344.241,-0.0,-9.81,9.81,41.8722,0.0,0.0,0.0,0.0,0.0,0.0,8000.0,227225186914.27,227225.1869
1561.5,Agni_Class,MIDCOURSE,338827.36,338.8274,2614561.03,2614.561,7541.7748,27150.3894,7541.7748,1693.6414,-7349.146,-0.0,-9.81,9.81,41.8987,0.0,0.0,0.0,0.0,0.0,0.0,8000.0,227513471166.19,227513.4712
1562.0,Agni_Class,MIDCOURSE,335150.33,335.1503,2615407.85,2615.4079,7546.5546,27167.5967,7546.5546,1693.6414,-7354.051,-0.0,-9.81,9.81,41.9253,0.0,0.0,0.0,0.0,0.0,0.0,8000.0,227801947890.31,227801.9479
1562.5,Agni_Class,MIDCOURSE,331470.85,331.4709,2616254.67,2616.2547,7551.3346,27184.8046,7551.3346,1693.6414,-7358.956,-0.0,-9.81,9.81,41.9519,0.0,0.0,0.0,0.0,0.0,0.0,8000.0,228090617086.63,228090.6171
1563.0,Agni_Class,MIDCOURSE,327788.92,327.7889,2617101.49,2617.1015,7556.1147,27202.013,7556.1147,1693.6414,-7363.861,-0.0,-9.81,9.81,41.9784,0.0,0.0,0.0,0.0,0.0,0.0,8000.0,228379478755.14,228379.4788
1563.5,Agni_Class,MIDCOURSE,324104.54,324.1045,2617948.31,2617.9483,7560.895,27219.222,7560.895,1693.6414,-7368.766,-0.0,-9.81,9.81,42.005,0.0,0.0,0.0,0.0,0.0,0.0,8000.0,228668532895.86,228668.5329
1564.0,Agni_Class,MIDCOURSE,320417.7,320.4177,2618795.13,2618.7951,7565.6754,27236.4316,7565.6754,1693.6414,-7373.671,-0.0,-9.81,9.81,42.0315,0.0,0.0,0.0,0.0,0.0,0.0,8000.0,228957779508.78,228957.7795
1564.5,Agni_Class,MIDCOURSE,316728.42,316.7284,2619641.95,2619.642,7570.456,27253.6417,7570.456,1693.6414,-7378.576,-0.0,-9.81,9.81,42.0581,0.0,0.0,0.0,0.0,0.0,0.0,8000.0,229247218593.9,229247.2186
1565.0,Agni_Class,MIDCOURSE,313036.68,313.0367,2620488.77,2620.4888,7575.2368,27270.8525,7575.2368,1693.6414,-7383.481,-0.0,-9.81,9.81,42.0846,0.0,0.0,0.0,0.0,0.0,0.0,8000.0,229536850151.21,229536.8502
1565.5,Agni_Class,MIDCOURSE,309342.48,309.3425,2621335.6,2621.3356,7580.0177,27288.0638,7580.0177,1693.6414,-7388.386,-0.0,-9.81,9.81,42.1112,0.0,0.0,0.0,0.0,0.0,0.0,8000.0,229826674180.73,229826.6742
1566.0,Agni_Class,MIDCOURSE,305645.84,305.6458,2622182.42,2622.1824,7584.7988,27305.2756,7584.7988,1693.6414,-7393.291,-0.0,-9.81,9.81,42.1378,0.0,0.0,0.0,0.0,0.0,0.0,8000.0,230116690682.45,230116.6907
1566.5,Agni_Class,MIDCOURSE,301946.74,301.9467,2623029.24,2623.0292,7589.58,27322.4881,7589.58,1693.6414,-7398.196,-0.0,-9.81,9.81,42.1643,0.0,0.0,0.0,0.0,0.0,0.0,8000.0,230406899656.37,230406.8997
1567.0,Agni_Class,MIDCOURSE,298245.19,298.2452,2623876.06,2623.8761,7594.3614,27339.7011,7594.3614,1693.6414,-7403.101,-0.0,-9.81,9.81,42.1909,0.0,0.0,0.0,0.0,0.0,0.0,8000.0,230697301102.48,230697.3011
1567.5,Agni_Class,MIDCOURSE,294541.19,294.5412,2624722.88,2624.7229,7599.143,27356.9147,7599.143,1693.6414,-7408.006,-0.0,-9.81,9.81,42.2175,0.0,0.0,0.0,0.0,0.0,0.0,8000.0,230987895020.8,230987.895
1568.0,Agni_Class,MIDCOURSE,290834.73,290.8347,2625569.7,2625.5697,7603.9247,27374.1288,7603.9247,1693.6414,-7412.911,-0.0,-9.81,9.81,42.244,0.0,0.0,0.0,0.0,0.0,0.0,8000.0,231278681411.32,231278.6814
1568.5,Agni_Class,MIDCOURSE,287125.82,287.1258,2626416.52,2626.4165,7608.7065,27391.3435,7608.7065,1693.6414,-7417.816,-0.0,-9.81,9.81,42.2706,0.0,0.0,0.0,0.0,0.0,0.0,8000.0,231569660274.03,231569.6603
1569.0,Agni_Class,MIDCOURSE,283414.46,283.4145,2627263.34,2627.2633,7613.4886,27408.5588,7613.4886,1693.6414,-7422.721,-0.0,-9.81,9.81,42.2972,0.0,0.0,0.0,0.0,0.0,0.0,8000.0,231860831608.95,231860.8316
1569.5,Agni_Class,MIDCOURSE,279700.65,279.7006,2628110.16,2628.1102,7618.2707,27425.7746,7618.2707,1693.6414,-7427.626,-0.0,-9.81,9.81,42.3237,0.0,0.0,0.0,0.0,0.0,0.0,8000.0,232152195416.07,232152.1954
1570.0,Agni_Class,MIDCOURSE,275984.38,275.9844,2628956.98,2628.957,7623.0531,27442.991,7623.0531,1693.6414,-7432.531,-0.0,-9.81,9.81,42.3503,0.0,0.0,0.0,0.0,0.0,0.0,8000.0,232443751695.39,232443.7517
1570.5,Agni_Class,MIDCOURSE,272265.67,272.2657,2629803.8,2629.8038,7627.8355,27460.208,7627.8355,1693.6414,-7437.436,-0.0,-9.81,9.81,42.3769,0.0,0.0,0.0,0.0,0.0,0.0,8000.0,232735500446.9,232735.5004
1571.0,Agni_Class,MIDCOURSE,268544.5,268.5445,2630650.62,2630.6506,7632.6182,27477.4255,7632.6182,1693.6414,-7442.341,-0.0,-9.81,9.81,42.4034,0.0,0.0,0.0,0.0,0.0,0.0,8000.0,233027441670.62,233027.4417
1571.5,Agni_Class,MIDCOURSE,264820.87,264.8209,2631497.44,2631.4974,7637.401,27494.6436,7637.401,1693.6414,-7447.246,-0.0,-9.81,9.81,42.43,0.0,0.0,0.0,0.0,0.0,0.0,8000.0,233319575366.54,233319.5754
1572.0,Agni_Class,MIDCOURSE,261094.8,261.0948,2632344.26,2632.3443,7642.1839,27511.8622,7642.1839,1693.6414,-7452.151,-0.0,-9.81,9.81,42.4566,0.0,0.0,0.0,0.0,0.0,0.0,8000.0,233611901534.65,233611.9015
1572.5,Agni_Class,MIDCOURSE,257366.27,257.3663,2633191.08,2633.1911,7646.967,27529.0814,7646.967,1693.6414,-7457.056,-0.0,-9.81,9.81,42.4832,0.0,0.0,0.0,0.0,0.0,0.0,8000.0,233904420174.97,233904.4202
1573.0,Agni_Class,MIDCOURSE,253635.29,253.6353,2634037.91,2634.0379,7651.7503,27546.3011,7651.7503,1693.6414,-7461.961,-0.0,-9.81,9.81,42.5097,0.0,0.0,0.0,0.0,0.0,0.0,8000.0,234197131287.48,234197.1313
1573.5,Agni_Class,MIDCOURSE,249901.86,249.9019,2634884.73,2634.8847,7656.5337,27563.5214,7656.5337,1693.6414,-7466.866,-0.0,-9.81,9.81,42.5363,0.0,0.0,0.0,0.0,0.0,0.0,8000.0,234490034872.19,234490.0349
1574.0,Agni_Class,MIDCOURSE,246165.97,246.166,2635731.55,2635.7315,7661.3173,27580.7423,7661.3173,1693.6414,-7471.771,-0.0,-9.81,9.81,42.5629,0.0,0.0,0.0,0.0,0.0,0.0,8000.0,234783130929.1,234783.1309
1574.5,Agni_Class,MIDCOURSE,242427.63,242.4276,2636578.37,2636.5784,7666.101,27597.9637,7666.101,1693.6414,-7476.676,-0.0,-9.81,9.81,42.5895,0.0,0.0,0.0,0.0,0.0,0.0,8000.0,235076419458.21,235076.4195
1575.0,Agni_Class,MIDCOURSE,238686.84,238.6868,2637425.19,2637.4252,7670.8849,27615.1856,7670.8849,1693.6414,-7481.581,-0.0,-9.81,9.81,42.616,0.0,0.0,0.0,0.0,0.0,0.0,8000.0,235369900459.51,235369.9005
1575.5,Agni_Class,MIDCOURSE,234943.6,234.9436,2638272.01,2638.272,7675.6689,27632.4081,7675.6689,1693.6414,-7486.486,-0.0,-9.81,9.81,42.6426,0.0,0.0,0.0,0.0,0.0,0.0,8000.0,235663573932.99,235663.5739
1576.0,Agni_Class,MIDCOURSE,231197.9,231.1979,2639118.83,2639.1188,7680.4531,27649.6312,7680.4531,1693.6414,-7491.391,-0.0,-9.81,9.81,42.6692,0.0,0.0,0.0,0.0,0.0,0.0,8000.0,235957439878.67,235957.4399
1576.5,Agni_Class,MIDCOURSE,227449.76,227.4498,2639965.65,2639.9657,7685.2374,27666.8548,7685.2374,1693.6414,-7496.296,-0.0,-9.81,9.81,42.6958,0.0,0.0,0.0,0.0,0.0,0.0,8000.0,236251498296.51,236251.4983
1577.0,Agni_Class,MIDCOURSE,223699.15,223.6992,2640812.47,2640.8125,7690.0219,27684.079,7690.0219,1693.6414,-7501.201,-0.0,-9.81,9.81,42.7223,0.0,0.0,0.0,0.0,0.0,0.0,8000.0,236545749186.51,236545.7492
1577.5,Agni_Class,MIDCOURSE,219946.1,219.9461,2641659.29,2641.6593,7694.8066,27701.3036,7694.8066,1693.6414,-7506.106,-0.0,-9.81,9.81,42.7489,0.0,0.0,0.0,0.0,0.0,0.0,8000.0,236840192548.66,236840.1925
1578.0,Agni_Class,MIDCOURSE,216190.6,216.1906,2642506.11,2642.5061,7699.5914,27718.5289,7699.5914,1693.6414,-7511.011,-0.0,-9.81,9.81,42.7755,0.0,0.0,0.0,0.0,0.0,0.0,8000.0,237134828382.9,237134.8284
1578.5,Agni_Class,MIDCOURSE,212432.64,212.4326,2643352.93,2643.3529,7704.3763,27735.7547,7704.3763,1693.6414,-7515.916,-0.0,-9.81,9.81,42.8021,0.0,0.0,0.0,0.0,0.0,0.0,8000.0,237429656689.19,237429.6567
1579.0,Agni_Class,MIDCOURSE,208672.23,208.6722,2644199.75,2644.1998,7709.1614,27752.981,7709.1614,1693.6414,-7520.821,-0.0,-9.81,9.81,42.8287,0.0,0.0,0.0,0.0,0.0,0.0,8000.0,237724677467.44,237724.6775
1579.5,Agni_Class,MIDCOURSE,204909.36,204.9094,2645046.57,2645.0466,7713.9466,27770.2079,7713.9466,1693.6414,-7525.726,-0.0,-9.81,9.81,42.8553,0.0,0.0,0.0,0.0,0.0,0.0,8000.0,238019890717.52,238019.8907
1580.0,Agni_Class,MIDCOURSE,201144.05,201.144,2645893.4,2645.8934,7718.732,27787.4353,7718.732,1693.6414,-7530.631,-0.0,-9.81,9.81,42.8818,0.0,0.0,0.0,0.0,0.0,0.0,8000.0,238315296439.21,238315.2964
1580.5,Agni_Class,MIDCOURSE,197376.28,197.3763,2646740.22,2646.7402,7723.5176,27804.6633,7723.5176,1693.6414,-7535.536,-0.0,-9.81,9.81,42.9084,0.0,0.0,0.0,0.0,0.0,0.0,8000.0,238610894632.2,238610.8946
1581.0,Agni_Class,MIDCOURSE,193606.06,193.6061,2647587.04,2647.587,7728.3033,27821.8917,7728.3033,1693.6414,-7540.441,-0.0,-9.81,9.81,42.935,0.0,0.0,0.0,0.0,0.0,0.0,8000.0,238906685295.97,238906.6853
1581.5,Agni_Class,MIDCOURSE,189833.39,189.8334,2648433.86,2648.4339,7733.0891,27839.1208,7733.0891,1693.6414,-7545.346,-0.0,-9.81,9.81,42.9616,0.0,0.01,0.0,0.0,0.0,0.0,8000.0,239202668429.73,239202.6684
1582.0,Agni_Class,MIDCOURSE,186058.26,186.0583,2649280.68,2649.2807,7737.8751,27856.3503,7737.8751,1693.6414,-7550.251,-0.0,-9.81,9.81,42.9882,0.0,0.01,0.0,0.0,0.0,0.0,8000.0,239498844032.23,239498.844
1582.5,Agni_Class,MIDCOURSE,182280.68,182.2807,2650127.5,2650.1275,7742.6612,27873.5805,7742.6612,1693.6414,-7555.156,-0.0,-9.81,9.81,43.0148,0.0,0.02,0.0,0.0,0.0,0.01,8000.0,239795212101.52,239795.2121
1583.0,Agni_Class,MIDCOURSE,178500.65,178.5007,2650974.32,2650.9743,7747.4475,27890.8111,7747.4475,1693.6414,-7560.061,-0.0,-9.81,9.81,43.0414,0.0,0.03,0.0,0.0,0.0,0.01,8000.0,240091772634.55,240091.7726
1583.5,Agni_Class,MIDCOURSE,174718.17,174.7182,2651821.14,2651.8211,7752.234,27908.0423,7752.234,1693.6414,-7564.966,-0.0,-9.81,9.81,43.068,0.0,0.04,0.0,0.0,0.0,0.01,8000.0,240388525626.57,240388.5256
1584.0,Agni_Class,MIDCOURSE,170933.24,170.9332,2652667.96,2652.668,7757.0205,27925.274,7757.0205,1693.6414,-7569.871,-0.0,-9.81,9.81,43.0946,0.0,0.07,0.0001,0.0,0.0,0.02,8000.0,240685471070.11,240685.4711
1584.5,Agni_Class,MIDCOURSE,167145.85,167.1458,2653514.78,2653.5148,7761.8073,27942.5062,7761.8073,1693.6414,-7574.776,-0.0,-9.81,9.81,43.1212,0.0,0.11,0.0001,0.0,0.0,0.04,8000.0,240982608953.51,240982.609
1585.0,Agni_Class,MIDCOURSE,163356.01,163.356,2654361.6,2654.3616,7766.5942,27959.739,7766.5942,1693.6414,-7579.681,-0.0,-9.81,9.81,43.1477,0.0,0.17,0.0002,0.0,0.0,0.06,8000.0,241279939258.47,241279.9393
1585.5,Agni_Class,MIDCOURSE,159563.71,159.5637,2655208.42,2655.2084,7771.3812,27976.9723,7771.3812,1693.6414,-7584.586,-0.0,-9.81,9.81,43.1743,0.0,0.26,0.0003,0.0,0.0,0.09,8000.0,241577461956.38,241577.462
1586.0,Agni_Class,MIDCOURSE,155768.97,155.769,2656055.24,2656.0552,7776.1684,27994.2061,7776.1684,1693.6414,-7589.491,-0.0,-9.81,9.81,43.2009,0.0,0.41,0.0004,0.0,0.0,0.14,8000.0,241875177002.36,241875.177
1586.5,Agni_Class,MIDCOURSE,151971.77,151.9718,2656902.06,2656.9021,7780.9557,28011.4404,7780.9557,1693.6414,-7594.396,-0.0,-9.81,9.81,43.2275,0.0,0.64,0.0006,0.0,0.0,0.22,8000.0,242173084326.12,242173.0843
1587.0,Agni_Class,MIDCOURSE,148172.12,148.1721,2657748.89,2657.7489,7785.7431,28028.6752,7785.7431,1693.6414,-7599.3009,-0.0,-9.81,9.81,43.2541,0.0,1.0,0.001,0.0,0.0,0.34,8000.0,242471183817.44,242471.1838
1587.5,Agni_Class,MIDCOURSE,144370.02,144.37,2658595.71,2658.5957,7790.5307,28045.9106,7790.5307,1693.6414,-7604.2059,-0.0,-9.8099,9.8099,43.2807,0.0,1.56,0.0016,0.0,0.0,0.53,8000.0,242769475303.49,242769.4753
1588.0,Agni_Class,MIDCOURSE,140565.46,140.5655,2659442.53,2659.4425,7795.3184,28063.1464,7795.3184,1693.6414,-7609.1109,-0.0,-9.8099,9.8099,43.3073,0.0,2.45,0.0024,0.0,0.0,0.83,8000.0,243067958513.18,243067.9585
1588.5,Agni_Class,MIDCOURSE,136758.45,136.7585,2660289.35,2660.2893,7800.1063,28080.3827,7800.1063,1693.6414,-7614.0158,-0.0,-9.8098,9.8098,43.3339,0.0,3.84,0.0038,0.0,0.0,1.3,8000.0,243366633021.16,243366.633
1589.0,Agni_Class,MIDCOURSE,132948.99,132.949,2661136.17,2661.1362,7804.8943,28097.6194,7804.8943,1693.6414,-7618.9208,-0.0001,-9.8098,9.8098,43.3605,0.0,6.01,0.006,0.0,0.0,2.04,8000.0,243665498159.85,243665.4982
1589.5,Agni_Class,MIDCOURSE,129137.08,129.1371,2661982.99,2661.983,7809.6823,28114.8564,7809.6823,1693.6413,-7623.8256,-0.0001,-9.8096,9.8096,43.3871,0.0,9.43,0.0094,0.0,0.0,3.2,8000.0,243964552881.24,243964.5529
1590.0,Agni_Class,MIDCOURSE,125322.72,125.3227,2662829.81,2662.8298,7814.4705,28132.0937,7814.4705,1693.6413,-7628.7304,-0.0001,-9.8094,9.8094,43.4137,0.0001,14.78,0.0148,0.0,0.0,5.02,8000.0,244263795539.52,244263.7955
1590.5,Agni_Class,MIDCOURSE,121505.9,121.5059,2663676.63,2663.6766,7819.2587,28149.3312,7819.2587,1693.6412,-7633.6351,-0.0002,-9.809,9.809,43.4403,0.0001,23.19,0.0232,0.0,0.0,7.87,8000.0,244563223549.48,244563.2235
1591.0,Agni_Class,MIDCOURSE,117686.63,117.6866,2664523.45,2664.5235,7824.0468,28166.5685,7824.0468,1693.6411,-7638.5396,-0.0003,-9.8085,9.8085,43.4669,0.0002,36.39,0.0364,0.0,0.0,12.35,8000.0,244862832849.03,244862.8328
1591.5,Agni_Class,MIDCOURSE,113864.91,113.8649,2665370.27,2665.3703,7828.8348,28183.8053,7828.8348,1693.641,-7643.4439,-0.0005,-9.8076,9.8076,43.4935,0.0002,57.11,0.0571,0.0,0.0,19.38,8000.0,245162617053.73,245162.6171
1592.0,Agni_Class,MIDCOURSE,110040.73,110.0407,2666217.09,2666.2171,7833.6225,28201.041,7833.6225,1693.6407,-7648.3477,-0.0008,-9.8063,9.8063,43.5201,0.0004,89.67,0.0897,0.0,0.0,30.43,8000.0,245462566126.2,245462.5661
1592.5,Agni_Class,MIDCOURSE,106214.11,106.2141,2667063.91,2667.0639,7838.4097,28218.2748,7838.4097,1693.6403,-7653.2509,-0.0013,-9.8042,9.8042,43.5467,0.0006,140.84,0.1408,0.0,0.0,47.78,8000.0,245762664281.51,245762.6643
1593.0,Agni_Class,MIDCOURSE,102385.03,102.385,2667910.73,2667.9107,7843.1959,28235.5052,7843.1959,1693.6396,-7658.1529,-0.002,-9.8008,9.8008,43.5733,0.001,221.25,0.2213,0.0,0.0,75.07,8000.0,246062886688.93,246062.8867
1593.5,Agni_Class,MIDCOURSE,98553.5,98.5535,2668757.55,2668.7576,7847.9805,28252.7299,7847.9805,1693.6386,-7663.0534,-0.0032,-9.7956,9.7956,43.5999,0.0015,347.68,0.3477,0.0,0.0,117.97,8000.0,246363194277.04,246363.1943
1594.0,Agni_Class,MIDCOURSE,94719.53,94.7195,2669604.37,2669.6044,7852.7627,28269.9456,7852.7627,1693.637,-7667.9512,-0.005,-9.7874,9.7874,43.6265,0.0024,546.51,0.5465,0.0,0.0,185.43,8000.0,246663525548.96,246663.5255
1594.5,Agni_Class,MIDCOURSE,90883.11,90.8831,2670451.19,2670.4512,7857.5407,28287.1465,7857.5407,1693.6345,-7672.8448,-0.0079,-9.7744,9.7744,43.653,0.0037,859.3,0.8593,0.0,0.0,291.55,8000.0,246963783683.78,246963.7837
1595.0,Agni_Class,MIDCOURSE,87044.24,87.0442,2671298.0,2671.298,7862.3123,28304.3241,7862.3123,1693.6306,-7677.732,-0.0123,-9.754,9.754,43.6795,0.0058,1351.5,1.3515,0.0,0.0,458.55,8000.0,247263816203.51,247263.8162
1595.5,Agni_Class,MIDCOURSE,83202.93,83.2029,2672144.81,2672.1448,7867.0735,28321.4647,7867.0735,1693.6244,-7682.6091,-0.0194,-9.7219,9.722,43.706,0.0092,2126.21,2.1262,0.0,0.0,721.41,8000.0,247563382912.46,247563.3829
1596.0,Agni_Class,MIDCOURSE,79359.2,79.3592,2672991.62,2672.9916,7871.8185,28338.5466,7871.8185,1693.6147,-7687.47,-0.0305,-9.6714,9.6715,43.7323,0.0145,3345.95,3.346,0.0,0.0,1135.25,8000.0,247862105332.46,247862.1053
1596.5,Agni_Class,MIDCOURSE,75513.05,75.513,2673838.42,2673.8384,7876.5377,28355.5359,7876.5377,1693.5995,-7692.3057,-0.048,-9.5918,9.592,43.7585,0.0228,5266.88,5.2669,0.0,0.0,1787.01,8000.0,248159386936.54,248159.3869
1597.0,Agni_Class,MIDCOURSE,71664.5,71.6645,2674685.21,2674.6852,7881.2164,28372.379,7881.2164,1693.5754,-7697.1017,-0.0756,-9.4665,9.4668,43.7845,0.0359,8292.87,8.2929,0.0,0.0,2813.7,8000.0,248454287294.29,248454.2873
1597.5,Agni_Class,MIDCOURSE,67813.58,67.8136,2675531.98,2675.532,7885.831,28388.9917,7885.831,1693.5377,-7701.8349,-0.119,-9.269,9.2698,43.8102,0.0565,13060.81,13.0608,0.0,0.0,4431.43,8000.0,248745323475.31,248745.3235
1598.0,Agni_Class,MIDCOURSE,63960.34,63.9603,2676378.72,2676.3787,7890.3447,28405.2408,7890.3447,1693.4782,-7706.4694,-0.1873,-8.9577,8.9597,43.8352,0.089,20575.11,20.5751,0.0,0.0,6980.97,8000.0,249030156659.16,249030.1567
1598.5,Agni_Class,MIDCOURSE,60104.87,60.1049,2677225.41,2677.2254,7894.6991,28420.9169,7894.6991,1693.3845,-7710.9483,-0.2949,-8.467,8.4722,43.8594,0.1402,32419.85,32.4198,0.0,0.0,10999.8,8000.0,249305097659.75,249305.0977
1599.0,Agni_Class,MIDCOURSE,56247.28,56.2473,2678072.03,2678.072,7898.8026,28435.6892,7898.8026,1693.2371,-7715.1818,-0.4645,-7.6934,7.7075,43.8822,0.2209,51092.84,51.0928,0.0,0.0,17335.39,8000.0,249564327008.9,249564.327
1599.5,Agni_Class,MIDCOURSE,52387.76,52.3878,2678918.53,2678.9185,7902.5101,28449.0365,7902.5101,1693.0048,-7719.0285,-0.7317,-6.4739,6.5151,43.9028,0.3482,80531.1,80.5311,0.0,0.0,27323.56,8000.0,249798665728.31,249798.6657
1600.0,Agni_Class,TERMINAL,48526.63,48.5266,2679764.85,2679.7648,7905.5936,28460.137,7905.5936,1692.639,-7722.2654,-1.1526,-4.5513,4.695,43.92,0.5488,126934.92,126.9349,0.0,0.0,43068.0,8000.0,249993640508.87,249993.6405
1600.5,Agni_Class,TERMINAL,44664.36,44.6644,2680610.88,2680.6109,7907.6932,28467.6954,7907.6932,1692.0626,-7724.5411,-1.8155,-1.5219,2.369,43.9316,0.8649,200054.61,200.0546,0.0,0.0,67876.93,8000.0,250126445177.43,250126.4452
1601.0,Agni_Class,TERMINAL,40801.71,40.8017,2681456.46,2681.4565,7908.2423,28469.6724,7908.2423,1691.1549,-7725.3021,-2.8586,3.2482,4.327,43.9347,1.3626,315184.7,315.1847,0.0,0.0,106939.65,8000.0,250161186810.16,250161.1868
1601.5,Agni_Class,TERMINAL,36939.87,36.9399,2682301.32,2682.3013,7906.3502,28462.8607,7906.3502,1689.7256,-7723.6779,-4.4978,10.7491,11.6522,43.9242,2.1453,496217.45,496.2174,0.0,0.0,168362.61,8000.0,250041494055.2,250041.4941
1602.0,Agni_Class,TERMINAL,33080.72,33.0807,2683145.06,2683.1451,7900.6193,28442.2294,7900.6193,1687.4767,-7718.3034,-7.0677,22.5169,23.6001,43.8923,3.3731,780224.62,780.2246,0.0,0.0,264723.98,8000.0,249679140057.36,249679.1401
1602.5,Agni_Class,TERMINAL,29227.2,29.2272,2683987.03,2683.987,7888.8659,28399.9173,7888.8659,1683.9428,-7707.045,-11.0819,40.9093,42.3837,43.827,5.2921,1224098.49,1224.0985,0.0,0.0,415326.83,8000.0,248936821564.97,248936.8216
1603.0,Agni_Class,TERMINAL,25383.9,25.3839,2684826.23,2684.8262,7867.7,28323.72,7867.7,1678.4019,-7686.5903,-17.3134,69.4802,71.6049,43.7094,8.273,1913595.21,1913.5952,0.0,0.0,649267.56,8000.0,247602813544.66,247602.8135
1603.5,Agni_Class,TERMINAL,21557.98,21.558,2685661.1,2685.6611,7831.9129,28194.8866,7831.9129,1669.7452,-7651.8502,-26.8928,113.4302,116.5745,43.5106,12.8583,2974198.69,2974.1987,0.0,0.0,1009121.84,8000.0,245355441412.21,245355.4414
1604.0,Agni_Class,TERMINAL,17760.41,17.7604,2686489.25,2686.4893,7773.6351,27985.0865,7773.6351,1656.2988,-7595.1351,-41.3915,179.9954,184.6932,41.3289,19.8029,4580506.22,4580.5062,0.0,0.0,1554129.15,8000.0,241717612433.1,241717.6124
1604.5,Agni_Class,TERMINAL,14007.84,14.0078,2687307.06,2687.3071,7681.2945,27652.6602,7681.2945,1635.603,-7505.1374,-62.8048,278.3765,285.3733,36.0363,30.0663,6954497.52,6954.4975,0.0,0.0,2359605.42,8000.0,236009140656.84,236009.1407
1605.0,Agni_Class,TERMINAL,10324.87,10.3249,2688109.16,2688.1092,7538.6117,27139.0023,7538.6117,1604.2006,-7365.9492,-93.2409,418.3209,428.5864,31.281,44.6653,10331315.49,10331.3155,0.0,0.0,3505332.76,8000.0,227322668112.32,227322.6681
1605.5,Agni_Class,TERMINAL,6746.47,6.7465,2688887.95,2688.8879,7324.3212,26367.5562,7324.3212,1557.5802,-7156.7887,-134.0006,605.8978,620.5387,26.9745,64.2325,14857310.85,14857.3109,0.0,0.0,5040966.81,8000.0,214582722867.34,214582.7229
1606.0,Agni_Class,TERMINAL,3319.55,3.3196,2689633.24,2689.6332,7014.0536,25250.5931,7014.0536,1490.5799,-6853.8398,-183.7836,835.2457,855.2262,23.0433,88.1559,20390920.84,20390.9208,0.0,0.0,6918476.45,8000.0,196787793603.64,196787.7936
1606.5,Agni_Class,TERMINAL,101.44,0.1014,2690332.58,2690.3326,6586.4419,23711.1908,6586.4419,1398.6881,-6436.2169,-236.4713,1078.3385,1103.9622,19.4375,113.5114,26255768.09,26255.7681,0.0,0.0,8908372.24,8000.0,173524867649.95,173524.8676
