Time_s,Missile_Class,Flight_Phase,Altitude_m,Altitude_km,Range_m,Range_km,Speed_ms,Speed_kmh,Absolute_Velocity_ms,Vx_ms,Vy_ms,Ax_ms2,Ay_ms2,Total_Acceleration_ms2,Mach_Number,G_Load,Dynamic_Pressure_Pa,Dynamic_Pressure_kPa,Thrust_N,Thrust_kN,Drag_Force_N,Mass_kg,Kinetic_Energy_J,Kinetic_Energy_MJ
0.0,Akash_Class,BOOST,0.0,0.0,0.0,0.0,700.0,2520.0,700.0,239.4141,657.7848,17.7352,38.9203,42.7707,2.057,5.3614,300125.0,300.125,80000.0,80.0,3601.5,1473.3333,360966666.67,360.9667
0.5,Akash_Class,BOOST,338.6225,0.3386,124.1408,0.1241,721.3214,2596.7571,721.3214,248.2817,677.245,18.16,39.7288,43.6825,2.1278,5.4544,306240.3113,306.2403,80000.0,80.0,3674.8837,1446.6667,376353658.25,376.3537
1.0,Akash_Class,BOOST,687.1772,0.6872,252.8217,0.2528,743.0993,2675.1574,743.0993,257.3617,697.1094,18.5988,40.5716,44.6315,2.2008,5.5511,311953.2466,311.9532,80000.0,80.0,3743.439,1420.0,392059545.69,392.0595
1.5,Akash_Class,BOOST,1045.8748,1.0459,386.1522,0.3862,765.3522,2755.2679,765.3522,266.6611,717.3952,19.0528,41.4509,45.62,2.2761,5.6519,317242.5257,317.2425,80000.0,80.0,3806.9103,1393.3333,408082253.09,408.0823
2.0,Akash_Class,BOOST,1414.9351,1.4149,524.246,0.5242,788.1,2837.16,788.1,276.1875,738.1206,19.5229,42.3689,46.6505,2.3538,5.757,322088.1879,322.0882,80000.0,80.0,3865.0583,1366.6667,424419426.41,424.4194
2.5,Akash_Class,BOOST,1794.5877,1.7946,667.2204,0.6672,811.3637,2920.9093,811.3637,285.9489,759.3051,20.0102,43.3282,47.7257,2.4341,5.8667,326471.6868,326.4717,80000.0,80.0,3917.6602,1340.0,441068397.06,441.0684
3.0,Akash_Class,BOOST,2185.0723,2.1851,815.1975,0.8152,835.1657,3006.5965,835.1657,295.954,780.9692,20.516,44.3314,48.8485,2.5171,5.9812,330375.9796,330.376,80000.0,80.0,3964.5118,1313.3333,458026139.94,458.0261
3.5,Akash_Class,BOOST,2586.6398,2.5866,968.3035,0.9683,859.5298,3094.3074,859.5298,306.2121,803.1349,21.0416,45.3813,50.0221,2.6029,6.1008,333785.6112,333.7856,80000.0,80.0,4005.4273,1286.6667,475289225.29,475.2892
4.0,Akash_Class,BOOST,2999.5525,2.9996,1126.6699,1.1267,884.4815,3184.1335,884.4815,316.7328,825.8256,21.5882,46.4809,51.2497,2.6919,6.226,336686.7906,336.6868,80000.0,80.0,4040.2415,1260.0,492853763.54,492.8538
4.5,Akash_Class,BOOST,3424.0856,3.4241,1290.4334,1.2904,910.0478,3276.1722,910.0478,327.527,849.066,22.1576,47.6337,52.535,2.784,6.3571,339067.463,339.0675,80000.0,80.0,4068.8096,1233.3333,510715342.53,510.7153
5.0,Akash_Class,BOOST,3860.527,3.8605,1459.7363,1.4597,936.2576,3370.5275,936.2576,338.6058,872.8829,22.7512,48.8431,53.882,2.8796,6.4944,340917.3733,340.9174,80000.0,80.0,4091.0085,1206.6667,528868955.93,528.869
5.5,Akash_Class,BOOST,4309.1792,4.3092,1634.7269,1.6347,963.1419,3467.3107,963.1419,349.9814,897.3045,23.3709,50.1132,55.295,2.9789,6.6385,342228.1239,342.2281,80000.0,80.0,4106.7375,1180.0,547308922.01,547.3089
6.0,Akash_Class,BOOST,4770.3598,4.7704,1815.5604,1.8156,990.7335,3566.6405,990.7335,361.6668,922.3611,24.0186,51.4481,56.7785,3.082,6.7898,342993.2248,342.9932,80000.0,80.0,4115.9187,1153.3333,566028791.38,566.0288
6.5,Akash_Class,BOOST,5244.4023,5.2444,2002.3984,2.0024,1019.0678,3668.6442,1019.0678,373.6761,948.0851,24.6963,52.8525,58.3378,3.1893,6.9488,343208.1362,343.2081,80000.0,80.0,4118.4976,1126.6667,585021242.53,585.0212
7.0,Akash_Class,BOOST,5731.658,5.7317,2195.4106,2.1954,1048.1828,3773.4581,1048.1828,386.0243,974.5114,25.4065,54.3315,59.9783,3.3011,7.1161,342870.3041,342.8703,80000.0,80.0,4114.4436,1100.0,604277963.26,604.278
7.5,Akash_Class,BOOST,6232.4966,6.2325,2394.7743,2.3948,1078.1191,3881.2286,1078.1191,398.7275,1001.6771,26.1514,55.8905,61.7061,3.4177,7.2923,341979.1876,341.9792,80000.0,80.0,4103.7503,1073.3333,623789516.55,623.7895
8.0,Akash_Class,BOOST,6747.3078,6.7473,2600.6759,2.6007,1108.9203,3992.113,1108.9203,411.8032,1029.6224,26.934,57.5358,63.528,3.5393,7.478,340536.2789,340.5363,80000.0,80.0,4086.4353,1046.6667,643545188.33,643.5452
8.5,Akash_Class,BOOST,7276.5029,7.2765,2813.3111,2.8133,1140.6335,4106.2805,1140.6335,425.2702,1058.3903,27.7571,59.2739,65.4511,3.6665,7.6742,338545.1144,338.5451,80000.0,80.0,4062.5414,1020.0,663532814.95,663.5328
9.0,Akash_Class,BOOST,7820.5165,7.8205,3032.8855,3.0329,1173.3094,4223.9137,1173.3094,439.1488,1088.0272,28.6242,61.1123,67.4838,3.7995,7.8814,336011.2791,336.0113,80000.0,80.0,4032.1353,993.3333,683738587.34,683.7386
9.5,Akash_Class,BOOST,8379.8082,8.3798,3259.6159,3.2596,1207.0027,4345.2097,1207.0027,453.4609,1118.5833,29.539,63.0592,69.6348,3.9389,8.1008,332942.4014,332.9424,80000.0,80.0,3995.3088,966.6667,704146828.33,704.1468
10.0,Akash_Class,BOOST,8954.8646,8.9549,3493.7311,3.4937,1241.7727,4470.3817,1241.7727,468.2304,1150.1129,30.5054,65.1236,71.9143,4.0852,8.3332,329348.1407,329.3481,80000.0,80.0,3952.1777,940.0,724739739.25,724.7397
10.5,Akash_Class,BOOST,9546.202,9.5462,3735.4727,3.7355,1277.6836,4599.661,1277.6836,483.4831,1182.6747,31.528,67.3158,74.3333,4.239,8.5799,325240.1657,325.2402,80000.0,80.0,3902.882,913.3333,745497110.91,745.4971
11.0,Akash_Class,BOOST,10154.3683,10.1544,3985.0962,3.9851,1314.8052,4733.2988,1314.8052,499.2471,1216.3326,32.612,69.6471,76.9042,4.4008,8.842,320632.1255,320.6321,80000.0,80.0,3847.5855,886.6667,766395993.16,766.396
11.5,Akash_Class,BOOST,10779.9464,10.7799,4242.8728,4.2429,1353.2135,4871.5686,1353.2135,515.5531,1251.1562,33.763,72.1301,79.641,4.5714,9.1211,315539.6106,315.5396,80000.0,80.0,3786.4753,860.0,787410316.42,787.4103
12.0,Akash_Class,BOOST,11423.557,11.4236,4509.0901,4.5091,1392.9914,5014.7691,1392.9914,532.4346,1287.2212,34.9874,74.7793,82.5594,4.7517,9.4187,309980.1074,309.9801,80000.0,80.0,3719.7613,833.3333,808510456.64,808.5105
12.5,Akash_Class,BOOST,12085.8625,12.0859,4784.0542,4.7841,1434.2298,5163.2272,1434.2298,549.9283,1324.6109,36.2924,77.6107,85.6771,4.9424,9.7366,303972.9425,303.9729,80000.0,80.0,3647.6753,806.6667,829662733.92,829.6627
13.0,Akash_Class,BOOST,12767.5706,12.7676,5068.0914,5.0681,1477.0282,5317.3016,1477.0282,568.0745,1363.4162,37.6863,80.6429,89.0142,5.1446,10.0769,297539.2196,297.5392,80000.0,80.0,3570.4706,780.0,850828832.54,850.8288
13.5,Akash_Class,BOOST,13469.4394,13.4694,5361.5502,5.3616,1521.4965,5477.3875,1521.4965,586.9176,1403.7377,39.1784,83.8967,92.5937,5.3594,10.4419,290701.7478,290.7017,80000.0,80.0,3488.421,753.3333,871965127.51,871.9651
14.0,Akash_Class,BOOST,14192.2824,14.1923,5664.8036,5.6648,1567.7559,5643.9211,1567.7559,606.5068,1445.686,40.7794,87.3961,96.4419,5.5883,10.8343,283484.9616,283.485,80000.0,80.0,3401.8195,726.6667,893021899.37,893.0219
14.5,Akash_Class,BOOST,14936.9744,14.937,5978.2518,5.9783,1615.9406,5817.3862,1615.9406,626.8964,1489.3841,42.5016,91.169,100.5891,5.8326,11.2572,275914.8332,275.9148,80000.0,80.0,3310.978,700.0,913942414.42,913.9424
15.0,Akash_Class,MIDCOURSE,15704.4587,15.7045,6302.3255,6.3023,1666.2003,5998.3209,1666.2003,648.1473,1534.9685,-1.7873,-14.0394,14.1527,6.0942,2.4432,268018.7769,268.0188,0.0,0.0,3216.2253,700.0,971678152.49,971.6782
15.5,Akash_Class,MIDCOURSE,16468.4331,16.4684,6625.9523,6.626,1659.3869,5973.7929,1659.3869,647.2536,1527.9489,-1.6247,-13.6421,13.7385,6.152,2.4009,242980.8495,242.9808,0.0,0.0,2915.7702,700.0,963747726.16,963.7477
16.0,Akash_Class,MIDCOURSE,17228.997,17.229,6949.1729,6.9492,1652.7904,5950.0454,1652.7904,646.4412,1521.1278,-1.4779,-13.2843,13.3662,6.2131,2.363,220420.7289,220.4207,0.0,0.0,2645.0487,700.0,956100625.18,956.1006
16.5,Akash_Class,MIDCOURSE,17986.2399,17.9862,7272.024,7.272,1646.3895,5927.0021,1646.3895,645.7023,1514.4857,-1.3452,-12.9617,13.0313,6.2774,2.3288,200074.5598,200.0746,0.0,0.0,2400.8947,700.0,948709393.26,948.7094
17.0,Akash_Class,MIDCOURSE,18740.2423,18.7402,7594.5389,7.5945,1640.1652,5904.5947,1640.1652,645.0297,1508.0048,-1.225,-12.6707,12.7298,6.3453,2.2981,181709.3572,181.7094,0.0,0.0,2180.5123,700.0,941549637.44,941.5496
17.5,Akash_Class,MIDCOURSE,19491.077,19.4911,7916.7475,7.9167,1634.1006,5882.7621,1634.1006,644.4172,1501.6695,-1.1163,-12.4079,12.458,6.4167,2.2704,165118.9562,165.119,0.0,0.0,1981.4275,700.0,934599650.0,934.5996
18.0,Akash_Class,MIDCOURSE,20238.8098,20.2388,8238.677,8.2387,1628.1805,5861.4497,1628.1805,643.8591,1495.4655,-1.0177,-12.1704,12.2129,6.4921,2.2454,150120.5649,150.1206,0.0,0.0,1801.4468,700.0,927840082.78,927.8401
18.5,Akash_Class,MIDCOURSE,20983.4999,20.9835,8560.3521,8.5604,1622.3912,5840.6085,1622.3912,643.3502,1489.3804,-0.9283,-11.9556,11.9916,6.5715,2.2228,136551.8175,136.5518,0.0,0.0,1638.6218,700.0,921253666.0,921.2537
19.0,Akash_Class,MIDCOURSE,21725.2012,21.7252,8881.7952,8.8818,1616.7206,5820.1943,1616.7206,642.8861,1483.4025,-0.8471,-11.7613,11.7918,6.6552,2.2024,124268.2473,124.2682,0.0,0.0,1491.219,700.0,914824964.4,914.825
19.5,Akash_Class,MIDCOURSE,22463.9622,22.464,9203.0264,9.203,1611.1577,5800.1676,1611.1577,642.4625,1477.5219,-0.7734,-11.5853,11.6111,6.7436,2.184,113141.1107,113.1411,0.0,0.0,1357.6933,700.0,908540165.32,908.5402
20.0,Akash_Class,MIDCOURSE,23199.8268,23.1998,9524.0643,9.5241,1605.6925,5780.4928,1605.6925,642.0758,1471.7292,-0.7064,-11.4259,11.4477,6.8369,2.1673,103055.5084,103.0555,0.0,0.0,1236.6661,700.0,902386893.87,902.3869
20.5,Akash_Class,MIDCOURSE,23932.8349,23.9328,9844.9256,9.8449,1600.3161,5761.1379,1600.3161,641.7226,1466.0163,-0.6456,-11.2814,11.2999,6.9355,2.1523,93908.7563,93.9088,0.0,0.0,1126.9051,700.0,896354051.41,896.3541
21.0,Akash_Class,MIDCOURSE,24663.0227,24.663,10165.6255,10.1656,1595.0205,5742.0739,1595.0205,641.3998,1460.3756,-0.5902,-11.1503,11.166,7.0399,2.1386,85608.971,85.609,0.0,0.0,1027.3077,700.0,890431673.93,890.4317
21.5,Akash_Class,MIDCOURSE,25390.4229,25.3904,10486.1779,10.4862,1589.7986,5723.2748,1589.7986,641.1047,1454.8004,-0.5397,-11.0314,11.0446,7.1506,2.1262,78073.8362,78.0738,0.0,0.0,936.886,700.0,884610807.71,884.6108
22.0,Akash_Class,MIDCOURSE,26115.0652,26.1151,10806.5954,10.8066,1584.6436,5704.7171,1584.6436,640.8349,1449.2847,-0.4938,-10.9234,10.9346,7.268,2.115,71229.5252,71.2295,0.0,0.0,854.7543,700.0,878883399.84,878.8834
22.5,Akash_Class,MIDCOURSE,26836.9767,26.837,11126.8893,11.1269,1579.5498,5686.3794,1579.5498,640.588,1443.823,-0.452,-10.8253,10.8348,7.3929,2.1048,65009.7569,65.0098,0.0,0.0,780.1171,700.0,873242201.64,873.2422
23.0,Akash_Class,MIDCOURSE,27556.1819,27.5562,11447.0703,11.4471,1574.5119,5668.2428,1574.5119,640.362,1438.4103,-0.4138,-10.7362,10.7442,7.5259,2.0956,59354.9672,59.355,0.0,0.0,712.2596,700.0,867680683.27,867.6807
23.5,Akash_Class,MIDCOURSE,28272.703,28.2727,11767.1479,11.7671,1569.5249,5650.2897,1569.5249,640.1551,1433.0422,-0.379,-10.6552,10.6619,7.6679,2.0872,54211.5798,54.2116,0.0,0.0,650.539,700.0,862192958.22,862.193
24.0,Akash_Class,MIDCOURSE,28986.5603,28.9866,12087.1307,12.0871,1564.5846,5632.5045,1564.5846,639.9656,1427.7146,-0.3473,-10.5815,10.5872,7.8199,2.0796,49531.3633,49.5314,0.0,0.0,594.3764,700.0,856773716.23,856.7737
24.5,Akash_Class,MIDCOURSE,29697.7722,29.6978,12407.0266,12.407,1559.6869,5614.873,1559.6869,639.7919,1422.4239,-0.3183,-10.5144,10.5192,7.983,2.0727,45270.863,45.2709,0.0,0.0,543.2504,700.0,851418163.81,851.4182
25.0,Akash_Class,MIDCOURSE,30406.3555,30.4064,12726.843,12.7268,1554.8284,5597.3822,1554.8284,639.6327,1417.1667,-0.2919,-10.4534,10.4575,8.1586,2.0664,41390.8986,41.3909,0.0,0.0,496.6908,700.0,846121971.29,846.122
25.5,Akash_Class,MIDCOURSE,31112.3255,31.1123,13046.5864,13.0466,1550.0057,5580.0207,1550.0057,639.4868,1411.94,-0.2677,-10.3978,10.4013,8.3481,2.0606,37856.1186,37.8561,0.0,0.0,454.2734,700.0,840881225.61,840.8812
26.0,Akash_Class,MIDCOURSE,31815.696,31.8157,13366.2628,13.3663,1545.216,5562.7777,1545.216,639.3529,1406.7411,-0.2457,-10.3472,10.3501,8.5536,2.0554,34634.6046,34.6346,0.0,0.0,415.6153,700.0,835692388.32,835.6924
26.5,Akash_Class,MIDCOURSE,32516.4798,32.5165,13685.8778,13.6859,1540.4566,5545.6437,1540.4566,639.2301,1401.5675,-0.2255,-10.301,10.3035,8.7771,2.0507,31697.5196,31.6975,0.0,0.0,380.3702,700.0,830552258.01,830.5523
27.0,Akash_Class,MIDCOURSE,33214.6882,33.2147,14005.4365,14.0054,1535.725,5528.61,1535.725,639.1173,1396.4169,-0.207,-10.259,10.2611,9.0215,2.0463,29018.7947,29.0188,0.0,0.0,348.2255,700.0,825457936.74,825.4579
27.5,Akash_Class,MIDCOURSE,33910.332,33.9103,14324.9434,14.3249,1531.0191,5511.6687,1531.0191,639.0138,1391.2875,-0.1901,-10.2206,10.2224,9.2901,2.0424,26574.8501,26.5749,0.0,0.0,318.8982,700.0,820406799.97,820.4068
28.0,Akash_Class,MIDCOURSE,34603.4205,34.6034,14644.4028,14.6444,1526.3369,5494.8127,1526.3369,638.9187,1386.1771,-0.1747,-10.1857,10.1872,9.587,2.0388,24344.3453,24.3443,0.0,0.0,292.1321,700.0,815396469.71,815.3965
28.5,Akash_Class,MIDCOURSE,35293.9627,35.294,14963.8185,14.9638,1521.6765,5478.0354,1521.6765,638.8314,1381.0843,-0.1605,-10.1537,10.155,9.9173,2.0355,22307.9569,22.308,0.0,0.0,267.6955,700.0,810424790.38,810.4248
29.0,Akash_Class,MIDCOURSE,35981.9664,35.982,15283.194,15.2832,1517.0364,5461.3311,1517.0364,638.7511,1376.0074,-0.1476,-10.1246,10.1257,10.2879,2.0325,20448.1787,20.4482,0.0,0.0,245.3781,700.0,805489807.14,805.4898
29.5,Akash_Class,MIDCOURSE,36667.439,36.6674,15602.5327,15.6025,1512.415,5444.6942,1512.415,638.6773,1370.9451,-0.1357,-10.098,10.0989,10.7072,2.0298,18749.1436,18.7491,0.0,0.0,224.9897,700.0,800589746.52,800.5897
30.0,Akash_Class,MIDCOURSE,37350.387,37.3504,15921.8374,15.9218,1507.8111,5428.1199,1507.8111,638.6095,1365.8961,-0.1249,-10.0737,10.0745,11.1868,2.0273,17196.4633,17.1965,0.0,0.0,206.3576,700.0,795722998.87,795.723
30.5,Akash_Class,MIDCOURSE,38030.8167,38.0308,16241.1109,16.2411,1503.2233,5411.6039,1503.2233,638.547,1360.8593,-0.1149,-10.0515,10.0522,11.7424,2.025,15777.0848,15.7771,0.0,0.0,189.325,700.0,790888102.72,790.8881
31.0,Akash_Class,MIDCOURSE,38708.7334,38.7087,16560.3557,16.5604,1498.6506,5395.142,1498.6506,638.4896,1355.8335,-0.1057,-10.0312,10.0318,12.3961,2.023,14479.1613,14.4792,0.0,0.0,173.7499,700.0,786083730.6,786.0837
31.5,Akash_Class,MIDCOURSE,39384.1424,39.3841,16879.5741,16.8796,1494.0919,5378.7307,1494.0919,638.4367,1350.8179,-0.0974,-10.0127,10.0131,13.1801,2.0211,13291.9365,13.2919,0.0,0.0,159.5032,700.0,781308676.34,781.3087
32.0,Akash_Class,MIDCOURSE,40057.0482,40.057,17198.7681,17.1988,1489.5463,5362.3666,1489.5463,638.388,1345.8116,-0.0897,-9.9957,9.9961,14.1436,2.0193,12205.6403,12.2056,0.0,0.0,146.4677,700.0,776561843.58,776.5618
32.5,Akash_Class,MIDCOURSE,40727.4551,40.7275,17517.9397,17.5179,1485.013,5346.0467,1485.013,638.3432,1340.8137,-0.0826,-9.9802,9.9805,15.3667,2.0177,11211.3948,11.2114,0.0,0.0,134.5367,700.0,771842235.4,771.8422
33.0,Akash_Class,MIDCOURSE,41395.3669,41.3954,17837.0906,17.8371,1480.4912,5329.7682,1480.4912,638.3019,1335.8237,-0.0761,-9.966,9.9663,16.9903,2.0163,10301.13,10.3011,0.0,0.0,123.6136,700.0,767148945.05,767.1489
33.5,Akash_Class,MIDCOURSE,42060.7872,42.0608,18156.2225,18.1562,1475.9802,5313.5287,1475.9802,638.2638,1330.8407,-0.0702,-9.953,9.9532,19.2918,2.0149,9467.5074,9.4675,0.0,0.0,113.6101,700.0,762481147.47,762.4811
34.0,Akash_Class,MIDCOURSE,42723.7193,42.7237,18475.3369,18.4753,1471.4794,5297.3259,1471.4794,638.2287,1325.8642,-0.0647,-9.9411,9.9413,22.9233,2.0137,8703.8515,8.7039,0.0,0.0,104.4462,700.0,757838091.7,757.8381
34.5,Akash_Class,MIDCOURSE,43384.1661,43.3842,18794.4351,18.7944,1466.9883,5281.1577,1466.9883,638.1964,1320.8936,-0.0597,-9.9302,9.9304,29.9818,2.0126,8004.0878,8.0041,0.0,0.0,96.0491,700.0,753219094.01,753.2191
35.0,Akash_Class,MIDCOURSE,44042.1304,44.0421,19113.5183,19.1135,1462.5062,5265.0223,1462.5062,638.1665,1315.9285,-0.0551,-9.9202,9.9204,56.3297,2.0116,7362.6867,7.3627,0.0,0.0,88.3522,700.0,748623531.67,748.6235
35.5,Akash_Class,MIDCOURSE,44697.6146,44.6976,19432.5878,19.4326,1458.0328,5248.9179,1458.0328,638.139,1310.9684,-0.0508,-9.9111,9.9112,inf,2.0107,6774.6131,6.7746,0.0,0.0,81.2954,700.0,744050837.37,744.0508
36.0,Akash_Class,MIDCOURSE,45350.621,45.3506,19751.6446,19.7516,1453.5675,5232.8431,1453.5675,638.1136,1306.0129,-0.0469,-9.9027,9.9028,inf,2.0098,6235.2804,6.2353,0.0,0.0,74.8234,700.0,739500494.08,739.5005
36.5,Akash_Class,MIDCOURSE,46001.1518,46.0012,20070.6896,20.0707,1449.1101,5216.7964,1449.1101,638.0901,1301.0615,-0.0433,-9.895,9.8951,inf,2.009,5740.5098,5.7405,0.0,0.0,68.8861,700.0,734972030.48,734.972
37.0,Akash_Class,MIDCOURSE,46649.2088,46.6492,20389.7239,20.3897,1444.6601,5200.7765,1444.6601,638.0684,1296.114,-0.04,-9.888,9.888,inf,2.0083,5286.4921,5.2865,0.0,0.0,63.4379,700.0,730465016.8,730.465
37.5,Akash_Class,MIDCOURSE,47294.7938,47.2948,20708.7481,20.7087,1440.2173,5184.7823,1440.2173,638.0484,1291.1701,-0.037,-9.8815,9.8816,inf,2.0076,4869.7547,4.8698,0.0,0.0,58.4371,700.0,725979061.03,725.9791
38.0,Akash_Class,MIDCOURSE,47937.9085,47.9379,21027.763,21.0278,1435.7813,5168.8128,1435.7813,638.0299,1286.2293,-0.0342,-9.8756,9.8756,inf,2.007,4487.1303,4.4871,0.0,0.0,53.8456,700.0,721513805.48,721.5138
38.5,Akash_Class,MIDCOURSE,48578.5543,48.5786,21346.7694,21.3468,1431.3519,5152.867,1431.3519,638.0128,1281.2915,-0.0316,-9.8701,9.8702,inf,2.0065,4135.7294,4.1357,0.0,0.0,49.6288,700.0,717068923.72,717.0689
39.0,Akash_Class,MIDCOURSE,49216.7325,49.2167,21665.768,21.6658,1426.9289,5136.944,1426.9289,637.997,1276.3565,-0.0292,-9.8651,9.8652,inf,2.006,3812.9155,3.8129,0.0,0.0,45.755,700.0,712644117.74,712.6441
39.5,Akash_Class,MIDCOURSE,49852.4444,49.8524,21984.7592,21.9848,1422.512,5121.0431,1422.512,637.9824,1271.4239,-0.027,-9.8605,9.8606,inf,2.0055,3516.2817,3.5163,0.0,0.0,42.1954,700.0,708239115.4,708.2391
40.0,Akash_Class,MIDCOURSE,50485.6913,50.4857,22303.7436,22.3037,1418.101,5105.1636,1418.101,637.9689,1266.4936,-0.025,-9.8563,9.8563,inf,2.0051,3243.6303,3.2436,0.0,0.0,38.9236,700.0,703853668.12,703.8537
40.5,Akash_Class,MIDCOURSE,51116.474,51.1165,22622.7218,22.6227,1413.6958,5089.3049,1413.6958,637.9564,1261.5655,-0.0232,-9.8524,9.8525,inf,2.0047,2992.9543,2.993,0.0,0.0,35.9155,700.0,699487548.78,699.4875
41.0,Akash_Class,MIDCOURSE,51744.7937,51.7448,22941.6942,22.9417,1409.2962,5073.4664,1409.2962,637.9448,1256.6393,-0.0214,-9.8489,9.8489,inf,2.0043,2762.4199,2.7624,0.0,0.0,33.149,700.0,695140549.81,695.1405
41.5,Akash_Class,MIDCOURSE,52370.6511,52.3707,23260.6613,23.2607,1404.9021,5057.6476,1404.9021,637.9341,1251.7148,-0.0199,-9.8456,9.8456,inf,2.004,2550.3514,2.5504,0.0,0.0,30.6042,700.0,690812481.44,690.8125
42.0,Akash_Class,MIDCOURSE,52994.0471,52.994,23579.6234,23.5796,1400.5133,5041.848,1400.5133,637.9242,1246.792,-0.0184,-9.8426,9.8426,inf,2.0037,2355.217,2.3552,0.0,0.0,28.2626,700.0,686503170.15,686.5032
42.5,Akash_Class,MIDCOURSE,53614.9825,53.615,23898.5809,23.8986,1396.1298,5026.0673,1396.1298,637.915,1241.8707,-0.017,-9.8398,9.8398,inf,2.0034,2175.6162,2.1756,0.0,0.0,26.1074,700.0,682212457.22,682.2125
43.0,Akash_Class,MIDCOURSE,54233.4579,54.2335,24217.5341,24.2175,1391.7514,5010.3051,1391.7514,637.9065,1236.9508,-0.0158,-9.8373,9.8373,inf,2.0031,2010.268,2.0103,0.0,0.0,24.1232,700.0,677940197.45,677.9402
43.5,Akash_Class,MIDCOURSE,54849.474,54.8495,24536.4834,24.5365,1387.3781,4994.561,1387.3781,637.8986,1232.0322,-0.0146,-9.8349,9.8349,inf,2.0029,1858.0007,1.858,0.0,0.0,22.296,700.0,673686257.94,673.6863
44.0,Akash_Class,MIDCOURSE,55463.0313,55.463,24855.429,24.8554,1383.0097,4978.8348,1383.0097,637.8912,1227.1147,-0.0136,-9.8328,9.8328,inf,2.0027,1717.7418,1.7177,0.0,0.0,20.6129,700.0,669450517.03,669.4505
44.5,Akash_Class,MIDCOURSE,56074.1305,56.0741,25174.3712,25.1744,1378.6462,4963.1263,1378.6462,637.8844,1222.1983,-0.0126,-9.8308,9.8308,inf,2.0025,1588.5099,1.5885,0.0,0.0,19.0621,700.0,665232863.34,665.2329
45.0,Akash_Class,MIDCOURSE,56682.7719,56.6828,25493.3103,25.4933,1374.2876,4947.4352,1374.2876,637.8781,1217.2829,-0.0117,-9.829,9.829,inf,2.0023,1469.4063,1.4694,0.0,0.0,17.6329,700.0,661033194.86,661.0332
45.5,Akash_Class,MIDCOURSE,57288.9562,57.289,25812.2464,25.8122,1369.9337,4931.7613,1369.9337,637.8723,1212.3685,-0.0109,-9.8273,9.8273,inf,2.0021,1359.608,1.3596,0.0,0.0,16.3153,700.0,656851418.1,656.8514
46.0,Akash_Class,MIDCOURSE,57892.6836,57.8927,26131.1799,26.1312,1365.5846,4916.1045,1365.5846,637.8669,1207.4548,-0.0101,-9.8257,9.8257,inf,2.0019,1258.3612,1.2584,0.0,0.0,15.1003,700.0,652687447.45,652.6874
46.5,Akash_Class,MIDCOURSE,58493.9546,58.494,26450.1108,26.4501,1361.2402,4900.4647,1361.2402,637.8618,1202.542,-0.0094,-9.8243,9.8243,inf,2.0018,1164.975,1.165,0.0,0.0,13.9797,700.0,648541204.38,648.5412
47.0,Akash_Class,MIDCOURSE,59092.7695,59.0928,26769.0394,26.769,1356.9005,4884.8417,1356.9005,637.8572,1197.6298,-0.0087,-9.823,9.823,inf,2.0017,1078.8164,1.0788,0.0,0.0,12.9458,700.0,644412616.92,644.4126
47.5,Akash_Class,MIDCOURSE,59689.1286,59.6891,27087.9658,27.088,1352.5654,4869.2355,1352.5654,637.8528,1192.7183,-0.0081,-9.8218,9.8218,inf,2.0015,999.3049,0.9993,0.0,0.0,11.9917,700.0,640301619.08,640.3016
48.0,Akash_Class,MIDCOURSE,60283.0323,60.283,27406.8902,27.4069,1348.235,4853.6459,1348.235,637.8488,1187.8074,-0.0075,-9.8206,9.8206,inf,2.0014,925.9085,0.9259,0.0,0.0,11.1109,700.0,636208150.31,636.2082
48.5,Akash_Class,MIDCOURSE,60874.4809,60.8745,27725.8127,27.7258,1343.9092,4838.073,1343.9092,637.845,1182.8971,-0.007,-9.8196,9.8196,inf,2.0013,858.1388,0.8581,0.0,0.0,10.2977,700.0,632132155.04,632.1322
49.0,Akash_Class,MIDCOURSE,61463.4746,61.4635,28044.7334,28.0447,1339.588,4822.5167,1339.588,637.8415,1177.9873,-0.0065,-9.8186,9.8186,inf,2.0012,795.5482,0.7955,0.0,0.0,9.5466,700.0,628073582.3,628.0736
49.5,Akash_Class,MIDCOURSE,62050.0136,62.05,28363.6526,28.3637,1335.2714,4806.977,1335.2714,637.8383,1173.078,-0.006,-9.8178,9.8178,inf,2.0011,737.7255,0.7377,0.0,0.0,8.8527,700.0,624032385.28,624.0324
50.0,Akash_Class,MIDCOURSE,62634.0981,62.6341,28682.5702,28.6826,1330.9594,4791.4538,1330.9594,637.8353,1168.1691,-0.0056,-9.8169,9.8169,inf,2.0011,684.2935,0.6843,0.0,0.0,8.2115,700.0,620008521.0,620.0085
50.5,Akash_Class,MIDCOURSE,63215.7285,63.2157,29001.4864,29.0015,1326.652,4775.9473,1326.652,637.8324,1163.2606,-0.0052,-9.8162,9.8162,inf,2.001,634.9058,0.6349,0.0,0.0,7.6189,700.0,616001949.99,616.0019
51.0,Akash_Class,MIDCOURSE,63794.9047,63.7949,29320.4014,29.3204,1322.3492,4760.4573,1322.3492,637.8298,1158.3526,-0.0049,-9.8155,9.8155,inf,2.0009,589.2444,0.5892,0.0,0.0,7.0709,700.0,612012635.97,612.0126
51.5,Akash_Class,MIDCOURSE,64371.6271,64.3716,29639.3151,29.6393,1318.0511,4744.984,1318.0511,637.8274,1153.4448,-0.0045,-9.8149,9.8149,inf,2.0008,547.0171,0.547,0.0,0.0,6.5642,700.0,608040545.63,608.0405
52.0,Akash_Class,MIDCOURSE,64945.8958,64.9459,29958.2276,29.9582,1313.7576,4729.5273,1313.7576,637.8251,1148.5374,-0.0042,-9.8143,9.8143,inf,2.0008,507.9553,0.508,0.0,0.0,6.0955,700.0,604085648.34,604.0856
52.5,Akash_Class,MIDCOURSE,65517.7109,65.5177,30277.1391,30.2771,1309.4687,4714.0874,1309.4687,637.823,1143.6302,-0.0039,-9.8137,9.8137,inf,2.0007,471.8123,0.4718,0.0,0.0,5.6617,700.0,600147915.92,600.1479
53.0,Akash_Class,MIDCOURSE,66087.0726,66.0871,30596.0497,30.596,1305.1845,4698.6643,1305.1845,637.821,1138.7234,-0.0037,-9.8132,9.8132,inf,2.0007,438.3613,0.4384,0.0,0.0,5.2603,700.0,596227322.48,596.2273
53.5,Akash_Class,MIDCOURSE,66653.981,66.654,30914.9593,30.915,1300.905,4683.258,1300.905,637.8192,1133.8168,-0.0034,-9.8127,9.8127,inf,2.0006,407.3936,0.4074,0.0,0.0,4.8887,700.0,592323844.19,592.3238
54.0,Akash_Class,MIDCOURSE,67218.4362,67.2184,31233.868,31.2339,1296.6302,4667.8687,1296.6302,637.8175,1128.9104,-0.0032,-9.8123,9.8123,inf,2.0006,378.7174,0.3787,0.0,0.0,4.5446,700.0,588437459.14,588.4375
54.5,Akash_Class,MIDCOURSE,67780.4384,67.7804,31552.776,31.5528,1292.3601,4652.4965,1292.3601,637.8159,1124.0043,-0.003,-9.8119,9.8119,inf,2.0005,352.1563,0.3522,0.0,0.0,4.2259,700.0,584568147.16,584.5681
55.0,Akash_Class,MIDCOURSE,68339.9875,68.34,31871.6832,31.8717,1288.0948,4637.1413,1288.0948,637.8144,1119.0983,-0.0028,-9.8115,9.8115,inf,2.0005,327.5479,0.3275,0.0,0.0,3.9306,700.0,580715889.66,580.7159
55.5,Akash_Class,MIDCOURSE,68897.0838,68.8971,32190.5897,32.1906,1283.8343,4621.8034,1283.8343,637.813,1114.1925,-0.0026,-9.8112,9.8112,inf,2.0005,304.7425,0.3047,0.0,0.0,3.6569,700.0,576880669.55,576.8807
56.0,Akash_Class,MIDCOURSE,69451.7273,69.4517,32509.4955,32.5095,1279.5786,4606.4829,1279.5786,637.8117,1109.287,-0.0024,-9.8109,9.8109,inf,2.0004,283.6027,0.2836,0.0,0.0,3.4032,700.0,573062471.08,573.0625
56.5,Akash_Class,MIDCOURSE,70003.918,70.0039,32828.4008,32.8284,1275.3277,4591.1798,1275.3277,637.8105,1104.3815,-0.0023,-9.8106,9.8106,inf,2.0004,264.0017,0.264,0.0,0.0,3.168,700.0,569261279.74,569.2613
57.0,Akash_Class,MIDCOURSE,70553.6562,70.5537,33147.3055,33.1473,1271.0817,4575.8943,1271.0817,637.8094,1099.4762,-0.0021,-9.8103,9.8103,inf,2.0004,245.8227,0.2458,0.0,0.0,2.9499,700.0,565477082.16,565.4771
57.5,Akash_Class,MIDCOURSE,71100.9417,71.1009,33466.2096,33.4662,1266.8407,4560.6265,1266.8407,637.8083,1094.5711,-0.002,-9.81,9.81,inf,2.0003,228.9583,0.229,0.0,0.0,2.7475,700.0,561709866.03,561.7099
58.0,Akash_Class,MIDCOURSE,71645.7747,71.6458,33785.1133,33.7851,1262.6046,4545.3765,1262.6046,637.8073,1089.6661,-0.0018,-9.8098,9.8098,inf,2.0003,213.3092,0.2133,0.0,0.0,2.5597,700.0,557959619.97,557.9596
58.5,Akash_Class,MIDCOURSE,72188.1553,72.1882,34104.0165,34.104,1258.3735,4530.1445,1258.3735,637.8064,1084.7612,-0.0017,-9.8096,9.8096,inf,2.0003,198.7842,0.1988,0.0,0.0,2.3854,700.0,554226333.52,554.2263
59.0,Akash_Class,MIDCOURSE,72728.0835,72.7281,34422.9193,34.4229,1254.1474,4514.9306,1254.1474,637.8055,1079.8564,-0.0016,-9.8094,9.8094,inf,2.0003,185.2991,0.1853,0.0,0.0,2.2236,700.0,550509997.01,550.51
59.5,Akash_Class,MIDCOURSE,73265.5594,73.2656,34741.8216,34.7418,1249.9264,4499.735,1249.9264,637.8047,1074.9517,-0.0015,-9.8092,9.8092,inf,2.0003,172.776,0.1728,0.0,0.0,2.0733,700.0,546810601.53,546.8106
60.0,Akash_Class,MIDCOURSE,73800.5829,73.8006,35060.7236,35.0607,1245.7105,4484.5578,1245.7105,637.804,1070.0471,-0.0014,-9.809,9.809,inf,2.0002,161.1434,0.1611,0.0,0.0,1.9337,700.0,543128138.84,543.1281
60.5,Akash_Class,MIDCOURSE,74333.1542,74.3332,35379.6253,35.3796,1241.4998,4469.3992,1241.4998,637.8033,1065.1426,-0.0013,-9.8089,9.8089,inf,2.0002,150.3352,0.1503,0.0,0.0,1.804,700.0,539462601.36,539.4626
61.0,Akash_Class,MIDCOURSE,74863.2733,74.8633,35698.5266,35.6985,1237.2943,4454.2593,1237.2943,637.8026,1060.2381,-0.0012,-9.8087,9.8087,inf,2.0002,140.2904,0.1403,0.0,0.0,1.6835,700.0,535813982.07,535.814
61.5,Akash_Class,MIDCOURSE,75390.9401,75.3909,36017.4276,36.0174,1233.094,4439.1384,1233.094,637.802,1055.3338,-0.0012,-9.8086,9.8086,inf,2.0002,130.9525,0.131,0.0,0.0,1.5714,700.0,532182274.5,532.1823
62.0,Akash_Class,MIDCOURSE,75916.1549,75.9162,36336.3283,36.3363,1228.899,4424.0364,1228.899,637.8014,1050.4295,-0.0011,-9.8084,9.8084,inf,2.0002,122.2697,0.1223,0.0,0.0,1.4672,700.0,528567472.67,528.5675
62.5,Akash_Class,MIDCOURSE,76438.9175,76.4389,36655.2287,36.6552,1224.7094,4408.9538,1224.7094,637.8009,1045.5253,-0.001,-9.8083,9.8083,inf,2.0002,114.1939,0.1142,0.0,0.0,1.3703,700.0,524969571.04,524.9696
63.0,Akash_Class,MIDCOURSE,76959.2281,76.9592,36974.1289,36.9741,1220.5251,4393.8905,1220.5251,637.8004,1040.6211,-0.001,-9.8082,9.8082,inf,2.0002,106.6807,0.1067,0.0,0.0,1.2802,700.0,521388564.52,521.3886
63.5,Akash_Class,MIDCOURSE,77477.0866,77.4771,37293.0288,37.293,1216.3463,4378.8468,1216.3463,637.7999,1035.717,-0.0009,-9.8081,9.8081,inf,2.0001,99.6891,0.0997,0.0,0.0,1.1963,700.0,517824448.38,517.8244
64.0,Akash_Class,MIDCOURSE,77992.4931,77.9925,37611.9286,37.6119,1212.173,4363.8229,1212.173,637.7994,1030.813,-0.0008,-9.808,9.808,inf,2.0001,93.1812,0.0932,0.0,0.0,1.1182,700.0,514277218.26,514.2772
64.5,Akash_Class,MIDCOURSE,78505.4476,78.5054,37930.8281,37.9308,1208.0053,4348.819,1208.0053,637.799,1025.909,-0.0008,-9.8079,9.8079,inf,2.0001,87.1221,0.0871,0.0,0.0,1.0455,700.0,510746870.1,510.7469
65.0,Akash_Class,MIDCOURSE,79015.9501,79.016,38249.7274,38.2497,1203.8431,4333.8353,1203.8431,637.7986,1021.005,-0.0007,-9.8078,9.8078,inf,2.0001,81.4792,0.0815,0.0,0.0,0.9778,700.0,507233400.2,507.2334
65.5,Akash_Class,MIDCOURSE,79524.0006,79.524,38568.6265,38.5686,1199.6866,4318.8719,1199.6866,637.7982,1016.1011,-0.0007,-9.8078,9.8078,inf,2.0001,76.2228,0.0762,0.0,0.0,0.9147,700.0,503736805.07,503.7368
66.0,Akash_Class,MIDCOURSE,80029.5992,80.0296,38887.5254,38.8875,1195.5358,4303.929,1195.5358,637.7979,1011.1972,-0.0007,-9.8077,9.8077,inf,2.0001,71.325,0.0713,0.0,0.0,0.8559,700.0,500257081.53,500.2571
66.5,Akash_Class,MIDCOURSE,80532.7459,80.5327,39206.4242,39.2064,1191.3908,4289.0069,1191.3908,637.7976,1006.2934,-0.0006,-9.8076,9.8076,inf,2.0001,66.7601,0.0668,0.0,0.0,0.8011,700.0,496794226.62,496.7942
67.0,Akash_Class,MIDCOURSE,81033.4407,81.0334,39525.3229,39.5253,1187.2516,4274.1058,1187.2516,637.7973,1001.3896,-0.0006,-9.8076,9.8076,inf,2.0001,62.5046,0.0625,0.0,0.0,0.7501,700.0,493348237.58,493.3482
67.5,Akash_Class,MIDCOURSE,81531.6836,81.5317,39844.2214,39.8442,1183.1183,4259.2258,1183.1183,637.797,996.4858,-0.0005,-9.8075,9.8075,inf,2.0001,58.5364,0.0585,0.0,0.0,0.7024,700.0,489919111.89,489.9191
68.0,Akash_Class,MIDCOURSE,82027.4746,82.0275,40163.1197,40.1631,1178.9909,4244.3673,1178.9909,637.7967,991.582,-0.0005,-9.8074,9.8074,inf,2.0001,54.8351,0.0548,0.0,0.0,0.658,700.0,486506847.18,486.5068
68.5,Akash_Class,MIDCOURSE,82520.8137,82.5208,40482.0179,40.482,1174.8695,4229.5303,1174.8695,637.7965,986.6783,-0.0005,-9.8074,9.8074,inf,2.0001,51.382,0.0514,0.0,0.0,0.6166,700.0,483111441.28,483.1114
69.0,Akash_Class,MIDCOURSE,83011.701,83.0117,40800.916,40.8009,1170.7542,4214.7151,1170.7542,637.7962,981.7746,-0.0004,-9.8073,9.8073,inf,2.0001,48.1595,0.0482,0.0,0.0,0.5779,700.0,479732892.16,479.7329
69.5,Akash_Class,MIDCOURSE,83500.1365,83.5001,41119.814,41.1198,1166.645,4199.922,1166.645,637.796,976.8709,-0.0004,-9.8073,9.8073,inf,2.0001,45.1515,0.0452,0.0,0.0,0.5418,700.0,476371197.95,476.3712
70.0,Akash_Class,MIDCOURSE,83986.1201,83.9861,41438.7119,41.4387,1162.542,4185.1512,1162.542,637.7958,971.9673,-0.0004,-9.8073,9.8073,inf,2.0001,42.343,0.0423,0.0,0.0,0.5081,700.0,473026356.92,473.0264
70.5,Akash_Class,MIDCOURSE,84469.652,84.4697,41757.6097,41.7576,1158.4452,4170.4028,1158.4452,637.7956,967.0637,-0.0004,-9.8072,9.8072,inf,2.0001,39.72,0.0397,0.0,0.0,0.4766,700.0,469698367.45,469.6984
71.0,Akash_Class,MIDCOURSE,84950.732,84.9507,42076.5074,42.0765,1154.3548,4155.6772,1154.3548,637.7954,962.1601,-0.0004,-9.8072,9.8072,inf,2.0001,37.2698,0.0373,0.0,0.0,0.4472,700.0,466387228.04,466.3872
71.5,Akash_Class,MIDCOURSE,85429.3602,85.4294,42395.405,42.3954,1150.2707,4140.9745,1150.2707,637.7952,957.2565,-0.0003,-9.8071,9.8071,inf,2.0001,34.9803,0.035,0.0,0.0,0.4198,700.0,463092937.31,463.0929
72.0,Akash_Class,MIDCOURSE,85905.5367,85.9055,42714.3026,42.7143,1146.1931,4126.2951,1146.1931,637.7951,952.3529,-0.0003,-9.8071,9.8071,inf,2.0,32.8405,0.0328,0.0,0.0,0.3941,700.0,459815493.96,459.8155
72.5,Akash_Class,MIDCOURSE,86379.2614,86.3793,43033.2,43.0332,1142.122,4111.639,1142.122,637.7949,947.4493,-0.0003,-9.8071,9.8071,inf,2.0,30.84,0.0308,0.0,0.0,0.3701,700.0,456554896.81,456.5549
73.0,Akash_Class,MIDCOURSE,86850.5342,86.8505,43352.0974,43.3521,1138.0574,4097.0067,1138.0574,637.7947,942.5458,-0.0003,-9.8071,9.8071,inf,2.0,28.9694,0.029,0.0,0.0,0.3476,700.0,453311144.74,453.3111
73.5,Akash_Class,MIDCOURSE,87319.3554,87.3194,43670.9947,43.671,1133.9995,4082.3984,1133.9995,637.7946,937.6423,-0.0003,-9.807,9.807,inf,2.0,27.2197,0.0272,0.0,0.0,0.3266,700.0,450084236.72,450.0842
74.0,Akash_Class,MIDCOURSE,87785.7247,87.7857,43989.8919,43.9899,1129.9484,4067.8142,1129.9484,637.7945,932.7387,-0.0002,-9.807,9.807,inf,2.0,25.5827,0.0256,0.0,0.0,0.307,700.0,446874171.79,446.8742
74.5,Akash_Class,MIDCOURSE,88249.6424,88.2496,44308.7891,44.3088,1125.904,4053.2545,1125.904,637.7944,927.8352,-0.0002,-9.807,9.807,inf,2.0,24.0507,0.0241,0.0,0.0,0.2886,700.0,443680949.05,443.6809
75.0,Akash_Class,MIDCOURSE,88711.1082,88.7111,44627.6862,44.6277,1121.8665,4038.7195,1121.8665,637.7942,922.9317,-0.0002,-9.807,9.807,inf,2.0,22.6168,0.0226,0.0,0.0,0.2714,700.0,440504567.69,440.5046
75.5,Akash_Class,MIDCOURSE,89170.1224,89.1701,44946.5833,44.9466,1117.836,4024.2094,1117.836,637.7941,918.0283,-0.0002,-9.8069,9.8069,inf,2.0,21.2741,0.0213,0.0,0.0,0.2553,700.0,437345026.92,437.345
76.0,Akash_Class,MIDCOURSE,89626.6847,89.6267,45265.4803,45.2655,1113.8124,4009.7247,1113.8124,637.794,913.1248,-0.0002,-9.8069,9.8069,inf,2.0,20.0167,0.02,0.0,0.0,0.2402,700.0,434202326.04,434.2023
76.5,Akash_Class,MIDCOURSE,90080.7954,90.0808,45584.3772,45.5844,1109.7959,3995.2654,1109.7959,637.7939,908.2213,-0.0002,-9.8069,9.8069,inf,2.0,18.8387,0.0188,0.0,0.0,0.2261,700.0,431076464.38,431.0765
77.0,Akash_Class,MIDCOURSE,90532.4543,90.5325,45903.2742,45.9033,1105.7867,3980.8319,1105.7867,637.7938,903.3179,-0.0002,-9.8069,9.8069,inf,2.0,17.735,0.0177,0.0,0.0,0.2128,700.0,427967441.31,427.9674
77.5,Akash_Class,MIDCOURSE,90981.6615,90.9817,46222.171,46.2222,1101.7846,3966.4246,1101.7846,637.7937,898.4144,-0.0002,-9.8069,9.8069,inf,2.0,16.7006,0.0167,0.0,0.0,0.2004,700.0,424875256.26,424.8753
78.0,Akash_Class,MIDCOURSE,91428.417,91.4284,46541.0679,46.5411,1097.7899,3952.0435,1097.7899,637.7937,893.511,-0.0002,-9.8069,9.8069,inf,2.0,15.7308,0.0157,0.0,0.0,0.1888,700.0,421799908.69,421.7999
78.5,Akash_Class,MIDCOURSE,91872.7208,91.8727,46859.9647,46.86,1093.8025,3937.6891,1093.8025,637.7936,888.6075,-0.0001,-9.8069,9.8069,inf,2.0,14.8214,0.0148,0.0,0.0,0.1779,700.0,418741398.11,418.7414
79.0,Akash_Class,MIDCOURSE,92314.5728,92.3146,47178.8614,47.1789,1089.8227,3923.3617,1089.8227,637.7935,883.7041,-0.0001,-9.8068,9.8068,inf,2.0,13.9684,0.014,0.0,0.0,0.1676,700.0,415699724.04,415.6997
79.5,Akash_Class,MIDCOURSE,92753.9732,92.754,47497.7581,47.4978,1085.8504,3909.0615,1085.8504,637.7934,878.8007,-0.0001,-9.8068,9.8068,inf,2.0,13.1681,0.0132,0.0,0.0,0.158,700.0,412674886.06,412.6749
80.0,Akash_Class,MIDCOURSE,93190.9218,93.1909,47816.6548,47.8167,1081.8858,3894.7888,1081.8858,637.7934,873.8973,-0.0001,-9.8068,9.8068,inf,2.0,12.4171,0.0124,0.0,0.0,0.149,700.0,409666883.75,409.6669
80.5,Akash_Class,MIDCOURSE,93625.4187,93.6254,48135.5515,48.1356,1077.9289,3880.5439,1077.9289,637.7933,868.9939,-0.0001,-9.8068,9.8068,inf,2.0,11.7122,0.0117,0.0,0.0,0.1405,700.0,406675716.74,406.6757
81.0,Akash_Class,MIDCOURSE,94057.4639,94.0575,48454.4481,48.4544,1073.9798,3866.3271,1073.9798,637.7932,864.0904,-0.0001,-9.8068,9.8068,inf,2.0,11.0504,0.0111,0.0,0.0,0.1326,700.0,403701384.68,403.7014
81.5,Akash_Class,MIDCOURSE,94487.0575,94.4871,48773.3447,48.7733,1070.0386,3852.1388,1070.0386,637.7932,859.187,-0.0001,-9.8068,9.8068,inf,2.0,10.4288,0.0104,0.0,0.0,0.1251,700.0,400743887.24,400.7439
82.0,Akash_Class,MIDCOURSE,94914.1993,94.9142,49092.2413,49.0922,1066.1054,3837.9793,1066.1054,637.7931,854.2836,-0.0001,-9.8068,9.8068,inf,2.0,9.8449,0.0098,0.0,0.0,0.1181,700.0,397803224.12,397.8032
82.5,Akash_Class,MIDCOURSE,95338.8894,95.3389,49411.1378,49.4111,1062.1802,3823.8488,1062.1802,637.7931,849.3803,-0.0001,-9.8068,9.8068,inf,2.0,9.2963,0.0093,0.0,0.0,0.1116,700.0,394879395.03,394.8794
83.0,Akash_Class,MIDCOURSE,95761.1279,95.7611,49730.0343,49.73,1058.2633,3809.7478,1058.2633,637.793,844.4769,-0.0001,-9.8068,9.8068,inf,2.0,8.7806,0.0088,0.0,0.0,0.1054,700.0,391972399.7,391.9724
83.5,Akash_Class,MIDCOURSE,96180.9146,96.1809,50048.9308,50.0489,1054.3546,3795.6764,1054.3546,637.793,839.5735,-0.0001,-9.8068,9.8068,inf,2.0,8.2959,0.0083,0.0,0.0,0.0996,700.0,389082237.89,389.0822
84.0,Akash_Class,MIDCOURSE,96598.2496,96.5982,50367.8273,50.3678,1050.4542,3781.6351,1050.4542,637.793,834.6701,-0.0001,-9.8068,9.8068,inf,2.0,7.8401,0.0078,0.0,0.0,0.0941,700.0,386208909.36,386.2089
84.5,Akash_Class,MIDCOURSE,97013.133,97.0131,50686.7238,50.6867,1046.5623,3767.6242,1046.5623,637.7929,829.7667,-0.0001,-9.8068,9.8068,inf,2.0,7.4114,0.0074,0.0,0.0,0.0889,700.0,383352413.9,383.3524
85.0,Akash_Class,MIDCOURSE,97425.5647,97.4256,51005.6202,51.0056,1042.6789,3753.644,1042.6789,637.7929,824.8633,-0.0001,-9.8067,9.8067,inf,2.0,7.0081,0.007,0.0,0.0,0.0841,700.0,380512751.31,380.5128
85.5,Akash_Class,MIDCOURSE,97835.5447,97.8355,51324.5166,51.3245,1038.8041,3739.6949,1038.8041,637.7928,819.96,-0.0001,-9.8067,9.8067,inf,2.0,6.6285,0.0066,0.0,0.0,0.0795,700.0,377689921.39,377.6899
86.0,Akash_Class,MIDCOURSE,98243.073,98.2431,51643.413,51.6434,1034.9381,3725.7773,1034.9381,637.7928,815.0566,-0.0001,-9.8067,9.8067,inf,2.0,6.2713,0.0063,0.0,0.0,0.0753,700.0,374883923.97,374.8839
86.5,Akash_Class,MIDCOURSE,98648.1496,98.6481,51962.3094,51.9623,1031.0809,3711.8913,1031.0809,637.7928,810.1532,-0.0001,-9.8067,9.8067,inf,2.0,5.9349,0.0059,0.0,0.0,0.0712,700.0,372094758.89,372.0948
87.0,Akash_Class,MIDCOURSE,99050.7745,99.0508,52281.2058,52.2812,1027.2327,3698.0376,1027.2327,637.7927,805.2499,-0.0001,-9.8067,9.8067,inf,2.0,5.6182,0.0056,0.0,0.0,0.0674,700.0,369322425.98,369.3224
87.5,Akash_Class,MIDCOURSE,99450.9478,99.4509,52600.1021,52.6001,1023.3934,3684.2163,1023.3934,637.7927,800.3465,-0.0001,-9.8067,9.8067,inf,2.0,5.3198,0.0053,0.0,0.0,0.0638,700.0,366566925.11,366.5669
88.0,Akash_Class,MIDCOURSE,99848.6694,99.8487,52918.9985,52.919,1019.5633,3670.4278,1019.5633,637.7927,795.4431,-0.0001,-9.8067,9.8067,inf,2.0,5.0387,0.005,0.0,0.0,0.0605,700.0,363828256.15,363.8283
88.5,Akash_Class,MIDCOURSE,100243.9392,100.2439,53237.8948,53.2379,1015.7424,3656.6726,1015.7424,637.7927,790.5398,-0.0001,-9.8067,9.8067,inf,2.0,4.7738,0.0048,0.0,0.0,0.0573,700.0,361106418.95,361.1064
89.0,Akash_Class,MIDCOURSE,100636.7575,100.6368,53556.7911,53.5568,1011.9308,3642.951,1011.9308,637.7926,785.6364,-0.0,-9.8067,9.8067,inf,2.0,4.524,0.0045,0.0,0.0,0.0543,700.0,358401413.42,358.4014
89.5,Akash_Class,MIDCOURSE,101027.124,101.0271,53875.6874,53.8757,1008.1287,3629.2634,1008.1287,637.7926,780.7331,-0.0,-9.8067,9.8067,inf,2.0,4.2886,0.0043,0.0,0.0,0.0515,700.0,355713239.43,355.7132
90.0,Akash_Class,MIDCOURSE,101415.0389,101.415,54194.5837,54.1946,1004.3362,3615.6102,1004.3362,637.7926,775.8297,-0.0,-9.8067,9.8067,inf,2.0,4.0665,0.0041,0.0,0.0,0.0488,700.0,353041896.88,353.0419
90.5,Akash_Class,MIDCOURSE,101800.502,101.8005,54513.48,54.5135,1000.5533,3601.9917,1000.5533,637.7926,770.9264,-0.0,-9.8067,9.8067,inf,2.0,3.857,0.0039,0.0,0.0,0.0463,700.0,350387385.68,350.3874
91.0,Akash_Class,MIDCOURSE,102183.5136,102.1835,54832.3762,54.8324,996.7801,3588.4084,996.7801,637.7925,766.023,-0.0,-9.8067,9.8067,inf,2.0,3.6593,0.0037,0.0,0.0,0.0439,700.0,347749705.74,347.7497
91.5,Akash_Class,MIDCOURSE,102564.0734,102.5641,55151.2725,55.1513,993.0168,3574.8606,993.0168,637.7925,761.1197,-0.0,-9.8067,9.8067,inf,2.0,3.4727,0.0035,0.0,0.0,0.0417,700.0,345128856.96,345.1289
92.0,Akash_Class,MIDCOURSE,102942.1816,102.9422,55470.1687,55.4702,989.2636,3561.3488,989.2636,637.7925,756.2163,-0.0,-9.8067,9.8067,inf,2.0,3.2965,0.0033,0.0,0.0,0.0396,700.0,342524839.27,342.5248
92.5,Akash_Class,MIDCOURSE,103317.838,103.3178,55789.065,55.7891,985.5204,3547.8734,985.5204,637.7925,751.313,-0.0,-9.8067,9.8067,inf,2.0,3.1302,0.0031,0.0,0.0,0.0376,700.0,339937652.6,339.9377
93.0,Akash_Class,MIDCOURSE,103691.0429,103.691,56107.9612,56.108,981.7874,3534.4348,981.7874,637.7925,746.4096,-0.0,-9.8067,9.8067,inf,2.0,2.9731,0.003,0.0,0.0,0.0357,700.0,337367296.87,337.3673
93.5,Akash_Class,MIDCOURSE,104061.796,104.0618,56426.8574,56.4269,978.0648,3521.0333,978.0648,637.7924,741.5063,-0.0,-9.8067,9.8067,inf,2.0,2.8246,0.0028,0.0,0.0,0.0339,700.0,334813772.03,334.8138
94.0,Akash_Class,MIDCOURSE,104430.0975,104.4301,56745.7536,56.7458,974.3526,3507.6695,974.3526,637.7924,736.6029,-0.0,-9.8067,9.8067,inf,2.0,2.6844,0.0027,0.0,0.0,0.0322,700.0,332277078.0,332.2771
94.5,Akash_Class,MIDCOURSE,104795.9473,104.7959,57064.6498,57.0646,970.6511,3494.3438,970.6511,637.7924,731.6996,-0.0,-9.8067,9.8067,inf,2.0,2.5518,0.0026,0.0,0.0,0.0306,700.0,329757214.73,329.7572
95.0,Akash_Class,MIDCOURSE,105159.3454,105.1593,57383.546,57.3835,966.9602,3481.0566,966.9602,637.7924,726.7963,-0.0,-9.8067,9.8067,inf,2.0,2.4264,0.0024,0.0,0.0,0.0291,700.0,327254182.16,327.2542
95.5,Akash_Class,MIDCOURSE,105520.2919,105.5203,57702.4422,57.7024,963.2801,3467.8083,963.2801,637.7924,721.8929,-0.0,-9.8067,9.8067,inf,2.0,2.3079,0.0023,0.0,0.0,0.0277,700.0,324767980.25,324.768
96.0,Akash_Class,MIDCOURSE,105878.7867,105.8788,58021.3384,58.0213,959.6109,3454.5994,959.6109,637.7924,716.9896,-0.0,-9.8067,9.8067,inf,2.0,2.1957,0.0022,0.0,0.0,0.0263,700.0,322298608.95,322.2986
96.5,Akash_Class,MIDCOURSE,106234.8298,106.2348,58340.2346,58.3402,955.9529,3441.4304,955.9529,637.7924,712.0862,-0.0,-9.8067,9.8067,inf,2.0,2.0896,0.0021,0.0,0.0,0.0251,700.0,319846068.21,319.8461
97.0,Akash_Class,MIDCOURSE,106588.4212,106.5884,58659.1308,58.6591,952.306,3428.3016,952.306,637.7923,707.1829,-0.0,-9.8067,9.8067,inf,2.0,1.9892,0.002,0.0,0.0,0.0239,700.0,317410357.99,317.4104
97.5,Akash_Class,MIDCOURSE,106939.561,106.9396,58978.0269,58.978,948.6705,3415.2137,948.6705,637.7923,702.2796,-0.0,-9.8067,9.8067,inf,2.0,1.8942,0.0019,0.0,0.0,0.0227,700.0,314991478.25,314.9915
98.0,Akash_Class,MIDCOURSE,107288.2491,107.2882,59296.9231,59.2969,945.0464,3402.167,945.0464,637.7923,697.3762,-0.0,-9.8067,9.8067,inf,2.0,1.8042,0.0018,0.0,0.0,0.0217,700.0,312589428.95,312.5894
98.5,Akash_Class,MIDCOURSE,107634.4856,107.6345,59615.8193,59.6158,941.4339,3389.162,941.4339,637.7923,692.4729,-0.0,-9.8067,9.8067,inf,2.0,1.719,0.0017,0.0,0.0,0.0206,700.0,310204210.06,310.2042
99.0,Akash_Class,MIDCOURSE,107978.2704,107.9783,59934.7154,59.9347,937.8331,3376.1992,937.8331,637.7923,687.5696,-0.0,-9.8067,9.8067,inf,2.0,1.6382,0.0016,0.0,0.0,0.0197,700.0,307835821.54,307.8358
99.5,Akash_Class,MIDCOURSE,108319.6035,108.3196,60253.6116,60.2536,934.2442,3363.279,934.2442,637.7923,682.6662,-0.0,-9.8067,9.8067,inf,2.0,1.5617,0.0016,0.0,0.0,0.0187,700.0,305484263.37,305.4843
100.0,Akash_Class,MIDCOURSE,108658.4849,108.6585,60572.5077,60.5725,930.6672,3350.4021,930.6672,637.7923,677.7629,-0.0,-9.8067,9.8067,inf,2.0,1.4892,0.0015,0.0,0.0,0.0179,700.0,303149535.52,303.1495
100.5,Akash_Class,MIDCOURSE,108994.9147,108.9949,60891.4038,60.8914,927.1025,3337.5688,927.1025,637.7923,672.8596,-0.0,-9.8067,9.8067,inf,2.0,1.4205,0.0014,0.0,0.0,0.017,700.0,300831637.95,300.8316
101.0,Akash_Class,MIDCOURSE,109328.8928,109.3289,61210.3,61.2103,923.5499,3324.7798,923.5499,637.7923,667.9562,-0.0,-9.8067,9.8067,inf,2.0,1.3553,0.0014,0.0,0.0,0.0163,700.0,298530570.64,298.5306
101.5,Akash_Class,MIDCOURSE,109660.4192,109.6604,61529.1961,61.5292,920.0098,3312.0354,920.0098,637.7923,663.0529,-0.0,-9.8067,9.8067,inf,2.0,1.2935,0.0013,0.0,0.0,0.0155,700.0,296246333.57,296.2463
102.0,Akash_Class,MIDCOURSE,109989.494,109.9895,61848.0922,61.8481,916.4823,3299.3362,916.4823,637.7923,658.1496,-0.0,-9.8067,9.8067,inf,2.0,1.2348,0.0012,0.0,0.0,0.0148,700.0,293978926.72,293.9789
102.5,Akash_Class,MIDCOURSE,110316.1171,110.3161,62166.9884,62.167,912.9675,3286.6828,912.9675,637.7922,653.2462,-0.0,-9.8067,9.8067,inf,2.0,1.1792,0.0012,0.0,0.0,0.0142,700.0,291728350.06,291.7284
103.0,Akash_Class,MIDCOURSE,110640.2886,110.6403,62485.8845,62.4859,909.4655,3274.0757,909.4655,637.7922,648.3429,-0.0,-9.8067,9.8067,inf,2.0,1.1264,0.0011,0.0,0.0,0.0135,700.0,289494603.57,289.4946
103.5,Akash_Class,MIDCOURSE,110962.0083,110.962,62804.7806,62.8048,905.9765,3261.5153,905.9765,637.7922,643.4396,-0.0,-9.8067,9.8067,inf,2.0,1.0762,0.0011,0.0,0.0,0.0129,700.0,287277687.23,287.2777
104.0,Akash_Class,MIDCOURSE,111281.2765,111.2813,63123.6767,63.1237,902.5007,3249.0024,902.5007,637.7922,638.5362,-0.0,-9.8067,9.8067,inf,2.0,1.0286,0.001,0.0,0.0,0.0123,700.0,285077601.03,285.0776
104.5,Akash_Class,MIDCOURSE,111598.0929,111.5981,63442.5728,63.4426,899.0381,3236.5373,899.0381,637.7922,633.6329,-0.0,-9.8067,9.8067,inf,2.0,0.9834,0.001,0.0,0.0,0.0118,700.0,282894344.96,282.8943
105.0,Akash_Class,MIDCOURSE,111912.4577,111.9125,63761.4689,63.7615,895.5891,3224.1206,895.5891,637.7922,628.7296,-0.0,-9.8067,9.8067,inf,2.0,0.9404,0.0009,0.0,0.0,0.0113,700.0,280727918.98,280.7279
105.5,Akash_Class,MIDCOURSE,112224.3708,112.2244,64080.365,64.0804,892.1536,3211.753,892.1536,637.7922,623.8262,-0.0,-9.8067,9.8067,inf,2.0,0.8996,0.0009,0.0,0.0,0.0108,700.0,278578323.09,278.5783
106.0,Akash_Class,MIDCOURSE,112533.8323,112.5338,64399.2611,64.3993,888.7319,3199.435,888.7319,637.7922,618.9229,-0.0,-9.8067,9.8067,inf,2.0,0.8608,0.0009,0.0,0.0,0.0103,700.0,276445557.27,276.4456
106.5,Akash_Class,MIDCOURSE,112840.842,112.8408,64718.1572,64.7182,885.3242,3187.1671,885.3242,637.7922,614.0196,-0.0,-9.8067,9.8067,inf,2.0,0.8239,0.0008,0.0,0.0,0.0099,700.0,274329621.52,274.3296
107.0,Akash_Class,MIDCOURSE,113145.4002,113.1454,65037.0533,65.0371,881.9305,3174.9499,881.9305,637.7922,609.1162,-0.0,-9.8067,9.8067,inf,2.0,0.7888,0.0008,0.0,0.0,0.0095,700.0,272230515.81,272.2305
107.5,Akash_Class,MIDCOURSE,113447.5066,113.4475,65355.9494,65.3559,878.5511,3162.7841,878.5511,637.7922,604.2129,-0.0,-9.8067,9.8067,inf,2.0,0.7555,0.0008,0.0,0.0,0.0091,700.0,270148240.14,270.1482
108.0,Akash_Class,MIDCOURSE,113747.1614,113.7472,65674.8455,65.6748,875.1862,3150.6702,875.1862,637.7922,599.3096,-0.0,-9.8067,9.8067,inf,2.0,0.7237,0.0007,0.0,0.0,0.0087,700.0,268082794.49,268.0828
108.5,Akash_Class,MIDCOURSE,114044.3645,114.0444,65993.7416,65.9937,871.8358,3138.6089,871.8358,637.7922,594.4063,-0.0,-9.8067,9.8067,inf,2.0,0.6935,0.0007,0.0,0.0,0.0083,700.0,266034178.86,266.0342
109.0,Akash_Class,MIDCOURSE,114339.116,114.3391,66312.6377,66.3126,868.5002,3126.6006,868.5002,637.7922,589.5029,-0.0,-9.8067,9.8067,inf,2.0,0.6648,0.0007,0.0,0.0,0.008,700.0,264002393.23,264.0024
109.5,Akash_Class,MIDCOURSE,114631.4158,114.6314,66631.5338,66.6315,865.1795,3114.6461,865.1795,637.7922,584.5996,-0.0,-9.8067,9.8067,inf,2.0,0.6374,0.0006,0.0,0.0,0.0076,700.0,261987437.59,261.9874
110.0,Akash_Class,MIDCOURSE,114921.2639,114.9213,66950.4298,66.9504,861.8739,3102.746,861.8739,637.7922,579.6963,-0.0,-9.8067,9.8067,inf,2.0,0.6113,0.0006,0.0,0.0,0.0073,700.0,259989311.94,259.9893
110.5,Akash_Class,MIDCOURSE,115208.6604,115.2087,67269.3259,67.2693,858.5836,3090.9009,858.5836,637.7922,574.7929,-0.0,-9.8067,9.8067,inf,2.0,0.5865,0.0006,0.0,0.0,0.007,700.0,258008016.27,258.008
111.0,Akash_Class,MIDCOURSE,115493.6052,115.4936,67588.222,67.5882,855.3087,3079.1114,855.3087,637.7922,569.8896,-0.0,-9.8067,9.8067,inf,2.0,0.5628,0.0006,0.0,0.0,0.0068,700.0,256043550.56,256.0436
111.5,Akash_Class,MIDCOURSE,115776.0983,115.7761,67907.1181,67.9071,852.0495,3067.3782,852.0495,637.7922,564.9863,-0.0,-9.8067,9.8067,inf,2.0,0.5403,0.0005,0.0,0.0,0.0065,700.0,254095914.82,254.0959
112.0,Akash_Class,MIDCOURSE,116056.1398,116.0561,68226.0142,68.226,848.8061,3055.7018,848.8061,637.7922,560.083,-0.0,-9.8067,9.8067,inf,2.0,0.5188,0.0005,0.0,0.0,0.0062,700.0,252165109.03,252.1651
112.5,Akash_Class,MIDCOURSE,116333.7296,116.3337,68544.9102,68.5449,845.5786,3044.0831,845.5786,637.7921,555.1796,-0.0,-9.8067,9.8067,inf,2.0,0.4983,0.0005,0.0,0.0,0.006,700.0,250251133.19,250.2511
113.0,Akash_Class,MIDCOURSE,116608.8678,116.6089,68863.8063,68.8638,842.3674,3032.5226,842.3674,637.7921,550.2763,-0.0,-9.8067,9.8067,inf,2.0,0.4788,0.0005,0.0,0.0,0.0057,700.0,248353987.29,248.354
113.5,Akash_Class,MIDCOURSE,116881.5543,116.8816,69182.7024,69.1827,839.1725,3021.021,839.1725,637.7921,545.373,-0.0,-9.8067,9.8067,inf,2.0,0.4602,0.0005,0.0,0.0,0.0055,700.0,246473671.32,246.4737
114.0,Akash_Class,MIDCOURSE,117151.7891,117.1518,69501.5984,69.5016,835.9942,3009.579,835.9942,637.7921,540.4696,-0.0,-9.8067,9.8067,inf,2.0,0.4424,0.0004,0.0,0.0,0.0053,700.0,244610185.28,244.6102
114.5,Akash_Class,MIDCOURSE,117419.5722,117.4196,69820.4945,69.8205,832.8326,2998.1972,832.8326,637.7921,535.5663,-0.0,-9.8067,9.8067,inf,2.0,0.4254,0.0004,0.0,0.0,0.0051,700.0,242763529.17,242.7635
115.0,Akash_Class,MIDCOURSE,117684.9037,117.6849,70139.3906,70.1394,829.6879,2986.8764,829.6879,637.7921,530.663,-0.0,-9.8067,9.8067,inf,2.0,0.4093,0.0004,0.0,0.0,0.0049,700.0,240933702.97,240.9337
115.5,Akash_Class,MIDCOURSE,117947.7836,117.9478,70458.2866,70.4583,826.5604,2975.6173,826.5604,637.7921,525.7597,-0.0,-9.8067,9.8067,inf,2.0,0.3938,0.0004,0.0,0.0,0.0047,700.0,239120706.69,239.1207
116.0,Akash_Class,MIDCOURSE,118208.2117,118.2082,70777.1827,70.7772,823.4501,2964.4205,823.4501,637.7921,520.8563,-0.0,-9.8067,9.8067,inf,2.0,0.3791,0.0004,0.0,0.0,0.0045,700.0,237324540.32,237.3245
116.5,Akash_Class,MIDCOURSE,118466.1882,118.4662,71096.0788,71.0961,820.3574,2953.2867,820.3574,637.7921,515.953,-0.0,-9.8067,9.8067,inf,2.0,0.365,0.0004,0.0,0.0,0.0044,700.0,235545203.85,235.5452
117.0,Akash_Class,MIDCOURSE,118721.7131,118.7217,71414.9748,71.415,817.2824,2942.2167,817.2824,637.7921,511.0497,-0.0,-9.8067,9.8067,inf,2.0,0.3515,0.0004,0.0,0.0,0.0042,700.0,233782697.28,233.7827
117.5,Akash_Class,MIDCOURSE,118974.7862,118.9748,71733.8709,71.7339,814.2253,2931.2112,814.2253,637.7921,506.1464,-0.0,-9.8067,9.8067,inf,2.0,0.3387,0.0003,0.0,0.0,0.0041,700.0,232037020.61,232.037
118.0,Akash_Class,MIDCOURSE,119225.4077,119.2254,72052.7669,72.0528,811.1864,2920.271,811.1864,637.7921,501.243,-0.0,-9.8067,9.8067,inf,2.0,0.3264,0.0003,0.0,0.0,0.0039,700.0,230308173.83,230.3082
118.5,Akash_Class,MIDCOURSE,119473.5776,119.4736,72371.663,72.3717,808.1657,2909.3967,808.1657,637.7921,496.3397,-0.0,-9.8067,9.8067,inf,2.0,0.3146,0.0003,0.0,0.0,0.0038,700.0,228596156.94,228.5962
119.0,Akash_Class,MIDCOURSE,119719.2958,119.7193,72690.5591,72.6906,805.1636,2898.5891,805.1636,637.7921,491.4364,-0.0,-9.8067,9.8067,inf,2.0,0.3034,0.0003,0.0,0.0,0.0036,700.0,226900969.93,226.901
119.5,Akash_Class,MIDCOURSE,119962.5623,119.9626,73009.4551,73.0095,802.1803,2887.849,802.1803,637.7921,486.533,-0.0,-9.8067,9.8067,inf,2.0,0.2926,0.0003,0.0,0.0,0.0035,700.0,225222612.81,225.2226
120.0,Akash_Class,MIDCOURSE,120203.3772,120.2034,73328.3512,73.3284,799.2158,2877.177,799.2158,637.7921,481.6297,-0.0,-9.8067,9.8067,inf,2.0,0.2824,0.0003,0.0,0.0,0.0034,700.0,223561085.57,223.5611
120.5,Akash_Class,MIDCOURSE,120441.7404,120.4417,73647.2472,73.6472,796.2706,2866.5741,796.2706,637.7921,476.7264,-0.0,-9.8067,9.8067,inf,2.0,0.2725,0.0003,0.0,0.0,0.0033,700.0,221916388.2,221.9164
121.0,Akash_Class,MIDCOURSE,120677.6519,120.6777,73966.1433,73.9661,793.3447,2856.0408,793.3447,637.7921,471.8231,-0.0,-9.8067,9.8067,inf,2.0,0.2631,0.0003,0.0,0.0,0.0032,700.0,220288520.71,220.2885
121.5,Akash_Class,MIDCOURSE,120911.1118,120.9111,74285.0393,74.285,790.4384,2845.5781,790.4384,637.7921,466.9197,-0.0,-9.8067,9.8067,inf,2.0,0.2541,0.0003,0.0,0.0,0.003,700.0,218677483.09,218.6775
122.0,Akash_Class,MIDCOURSE,121142.12,121.1421,74603.9354,74.6039,787.5519,2835.1867,787.5519,637.7921,462.0164,-0.0,-9.8067,9.8067,inf,2.0,0.2455,0.0002,0.0,0.0,0.0029,700.0,217083275.34,217.0833
122.5,Akash_Class,MIDCOURSE,121370.6765,121.3707,74922.8314,74.9228,784.6854,2824.8673,784.6854,637.7921,457.1131,-0.0,-9.8067,9.8067,inf,2.0,0.2373,0.0002,0.0,0.0,0.0028,700.0,215505897.46,215.5059
123.0,Akash_Class,MIDCOURSE,121596.7814,121.5968,75241.7275,75.2417,781.8391,2814.6209,781.8391,637.7921,452.2098,-0.0,-9.8067,9.8067,inf,2.0,0.2294,0.0002,0.0,0.0,0.0028,700.0,213945349.44,213.9453
123.5,Akash_Class,MIDCOURSE,121820.4346,121.8204,75560.6235,75.5606,779.0134,2804.4481,779.0134,637.7921,447.3064,-0.0,-9.8067,9.8067,inf,2.0,0.2218,0.0002,0.0,0.0,0.0027,700.0,212401631.28,212.4016
124.0,Akash_Class,MIDCOURSE,122041.6362,122.0416,75879.5196,75.8795,776.2083,2794.3497,776.2083,637.7921,442.4031,-0.0,-9.8067,9.8067,inf,2.0,0.2146,0.0002,0.0,0.0,0.0026,700.0,210874742.98,210.8747
124.5,Akash_Class,MIDCOURSE,122260.386,122.2604,76198.4156,76.1984,773.4241,2784.3267,773.4241,637.7921,437.4998,-0.0,-9.8067,9.8067,inf,2.0,0.2076,0.0002,0.0,0.0,0.0025,700.0,209364684.54,209.3647
125.0,Akash_Class,MIDCOURSE,122476.6843,122.4767,76517.3117,76.5173,770.661,2774.3798,770.661,637.7921,432.5965,-0.0,-9.8067,9.8067,inf,2.0,0.2009,0.0002,0.0,0.0,0.0024,700.0,207871455.96,207.8715
125.5,Akash_Class,MIDCOURSE,122690.5308,122.6905,76836.2077,76.8362,767.9194,2764.5097,767.9194,637.7921,427.6931,-0.0,-9.8067,9.8067,inf,2.0,0.1946,0.0002,0.0,0.0,0.0023,700.0,206395057.23,206.3951
126.0,Akash_Class,MIDCOURSE,122901.9257,122.9019,77155.1038,77.1551,765.1993,2754.7175,765.1993,637.7921,422.7898,-0.0,-9.8067,9.8067,inf,2.0,0.1884,0.0002,0.0,0.0,0.0023,700.0,204935488.36,204.9355
126.5,Akash_Class,MIDCOURSE,123110.869,123.1109,77473.9998,77.474,762.5011,2745.0038,762.5011,637.7921,417.8865,-0.0,-9.8067,9.8067,inf,2.0,0.1826,0.0002,0.0,0.0,0.0022,700.0,203492749.33,203.4927
127.0,Akash_Class,MIDCOURSE,123317.3606,123.3174,77792.8958,77.7929,759.8249,2735.3695,759.8249,637.7921,412.9832,-0.0,-9.8067,9.8067,inf,2.0,0.1769,0.0002,0.0,0.0,0.0021,700.0,202066840.16,202.0668
127.5,Akash_Class,MIDCOURSE,123521.4005,123.5214,78111.7919,78.1118,757.171,2725.8155,757.171,637.7921,408.0798,-0.0,-9.8067,9.8067,inf,2.0,0.1715,0.0002,0.0,0.0,0.0021,700.0,200657760.83,200.6578
128.0,Akash_Class,MIDCOURSE,123722.9887,123.723,78430.6879,78.4307,754.5396,2716.3426,754.5396,637.7921,403.1765,-0.0,-9.8067,9.8067,inf,2.0,0.1664,0.0002,0.0,0.0,0.002,700.0,199265511.36,199.2655
128.5,Akash_Class,MIDCOURSE,123922.1253,123.9221,78749.584,78.7496,751.931,2706.9517,751.931,637.7921,398.2732,-0.0,-9.8067,9.8067,inf,2.0,0.1614,0.0002,0.0,0.0,0.0019,700.0,197890091.73,197.8901
129.0,Akash_Class,MIDCOURSE,124118.8102,124.1188,79068.48,79.0685,749.3454,2697.6436,749.3454,637.7921,393.3698,-0.0,-9.8067,9.8067,inf,2.0,0.1566,0.0002,0.0,0.0,0.0019,700.0,196531501.94,196.5315
129.5,Akash_Class,MIDCOURSE,124313.0435,124.313,79387.376,79.3874,746.7831,2688.4191,746.7831,637.7921,388.4665,-0.0,-9.8067,9.8067,inf,2.0,0.152,0.0002,0.0,0.0,0.0018,700.0,195189742.0,195.1897
130.0,Akash_Class,MIDCOURSE,124504.8251,124.5048,79706.2721,79.7063,744.2442,2679.2792,744.2442,637.7921,383.5632,-0.0,-9.8067,9.8067,inf,2.0,0.1476,0.0001,0.0,0.0,0.0018,700.0,193864811.9,193.8648
130.5,Akash_Class,MIDCOURSE,124694.155,124.6942,80025.1681,80.0252,741.7291,2670.2247,741.7291,637.7921,378.6599,-0.0,-9.8067,9.8067,inf,2.0,0.1434,0.0001,0.0,0.0,0.0017,700.0,192556711.64,192.5567
131.0,Akash_Class,MIDCOURSE,124881.0333,124.881,80344.0642,80.3441,739.2379,2661.2565,739.2379,637.7921,373.7565,-0.0,-9.8067,9.8067,inf,2.0,0.1393,0.0001,0.0,0.0,0.0017,700.0,191265441.22,191.2654
131.5,Akash_Class,MIDCOURSE,125065.4599,125.0655,80662.9602,80.663,736.7709,2652.3754,736.7709,637.7921,368.8532,-0.0,-9.8067,9.8067,inf,2.0,0.1354,0.0001,0.0,0.0,0.0016,700.0,189991000.64,189.991
132.0,Akash_Class,MIDCOURSE,125247.4349,125.2474,80981.8562,80.9819,734.3284,2643.5824,734.3284,637.7921,363.9499,-0.0,-9.8067,9.8067,inf,2.0,0.1317,0.0001,0.0,0.0,0.0016,700.0,188733389.9,188.7334
132.5,Akash_Class,MIDCOURSE,125426.9581,125.427,81300.7523,81.3008,731.9106,2634.8783,731.9106,637.7921,359.0466,-0.0,-9.8067,9.8067,inf,2.0,0.1281,0.0001,0.0,0.0,0.0015,700.0,187492609.0,187.4926
133.0,Akash_Class,MIDCOURSE,125604.0298,125.604,81619.6483,81.6196,729.5178,2626.2639,729.5178,637.7921,354.1432,-0.0,-9.8067,9.8067,inf,2.0,0.1246,0.0001,0.0,0.0,0.0015,700.0,186268657.93,186.2687
133.5,Akash_Class,MIDCOURSE,125778.6497,125.7786,81938.5443,81.9385,727.1501,2617.7403,727.1501,637.7921,349.2399,-0.0,-9.8067,9.8067,inf,2.0,0.1213,0.0001,0.0,0.0,0.0015,700.0,185061536.7,185.0615
134.0,Akash_Class,MIDCOURSE,125950.818,125.9508,82257.4404,82.2574,724.8078,2609.3082,724.8078,637.7921,344.3366,-0.0,-9.8067,9.8067,inf,2.0,0.1181,0.0001,0.0,0.0,0.0014,700.0,183871245.31,183.8712
134.5,Akash_Class,MIDCOURSE,126120.5347,126.1205,82576.3364,82.5763,722.4913,2600.9687,722.4913,637.7921,339.4333,-0.0,-9.8067,9.8067,inf,2.0,0.115,0.0001,0.0,0.0,0.0014,700.0,182697783.75,182.6978
135.0,Akash_Class,MIDCOURSE,126287.7996,126.2878,82895.2325,82.8952,720.2007,2592.7224,720.2007,637.7921,334.5299,-0.0,-9.8067,9.8067,inf,2.0,0.1121,0.0001,0.0,0.0,0.0013,700.0,181541152.02,181.5412
135.5,Akash_Class,MIDCOURSE,126452.6129,126.4526,83214.1285,83.2141,717.9362,2584.5704,717.9362,637.7921,329.6266,-0.0,-9.8067,9.8067,inf,2.0,0.1092,0.0001,0.0,0.0,0.0013,700.0,180401350.13,180.4014
136.0,Akash_Class,MIDCOURSE,126614.9746,126.615,83533.0245,83.533,715.6982,2576.5136,715.6982,637.7921,324.7233,-0.0,-9.8067,9.8067,inf,2.0,0.1065,0.0001,0.0,0.0,0.0013,700.0,179278378.07,179.2784
136.5,Akash_Class,MIDCOURSE,126774.8846,126.7749,83851.9206,83.8519,713.4869,2568.5528,713.4869,637.7921,319.82,-0.0,-9.8067,9.8067,inf,2.0,0.1039,0.0001,0.0,0.0,0.0012,700.0,178172235.84,178.1722
137.0,Akash_Class,MIDCOURSE,126932.3429,126.9323,84170.8166,84.1708,711.3025,2560.6889,711.3025,637.7921,314.9166,-0.0,-9.8067,9.8067,inf,2.0,0.1013,0.0001,0.0,0.0,0.0012,700.0,177082923.44,177.0829
137.5,Akash_Class,MIDCOURSE,127087.3495,127.0873,84489.7126,84.4897,709.1452,2552.9229,709.1452,637.7921,310.0133,-0.0,-9.8067,9.8067,inf,2.0,0.0989,0.0001,0.0,0.0,0.0012,700.0,176010440.87,176.0104
138.0,Akash_Class,MIDCOURSE,127239.9045,127.2399,84808.6087,84.8086,707.0154,2545.2556,707.0154,637.7921,305.11,-0.0,-9.8067,9.8067,inf,2.0,0.0966,0.0001,0.0,0.0,0.0012,700.0,174954788.14,174.9548
138.5,Akash_Class,MIDCOURSE,127390.0079,127.39,85127.5047,85.1275,704.9133,2537.6879,704.9133,637.7921,300.2067,-0.0,-9.8067,9.8067,inf,2.0,0.0943,0.0001,0.0,0.0,0.0011,700.0,173915965.23,173.916
139.0,Akash_Class,MIDCOURSE,127537.6595,127.5377,85446.4007,85.4464,702.8391,2530.2207,702.8391,637.7921,295.3033,-0.0,-9.8067,9.8067,inf,2.0,0.0921,0.0001,0.0,0.0,0.0011,700.0,172893972.15,172.894
139.5,Akash_Class,MIDCOURSE,127682.8595,127.6829,85765.2967,85.7653,700.793,2522.8549,700.793,637.7921,290.4,-0.0,-9.8067,9.8067,inf,2.0,0.0901,0.0001,0.0,0.0,0.0011,700.0,171888808.9,171.8888
140.0,Akash_Class,MIDCOURSE,127825.6079,127.8256,86084.1928,86.0842,698.7754,2515.5915,698.7754,637.7921,285.4967,-0.0,-9.8067,9.8067,inf,2.0,0.088,0.0001,0.0,0.0,0.0011,700.0,170900475.48,170.9005
140.5,Akash_Class,MIDCOURSE,127965.9046,127.9659,86403.0888,86.4031,696.7864,2508.4312,696.7864,637.7921,280.5934,-0.0,-9.8067,9.8067,inf,2.0,0.0861,0.0001,0.0,0.0,0.001,700.0,169928971.89,169.929
141.0,Akash_Class,MIDCOURSE,128103.7496,128.1037,86721.9848,86.722,694.8264,2501.375,694.8264,637.7921,275.69,-0.0,-9.8067,9.8067,inf,2.0,0.0843,0.0001,0.0,0.0,0.001,700.0,168974298.12,168.9743
141.5,Akash_Class,MIDCOURSE,128239.1429,128.2391,87040.8809,87.0409,692.8955,2494.4238,692.8955,637.7921,270.7867,-0.0,-9.8067,9.8067,inf,2.0,0.0825,0.0001,0.0,0.0,0.001,700.0,168036454.18,168.0365
142.0,Akash_Class,MIDCOURSE,128372.0846,128.3721,87359.7769,87.3598,690.994,2487.5783,690.994,637.7921,265.8834,-0.0,-9.8067,9.8067,inf,2.0,0.0807,0.0001,0.0,0.0,0.001,700.0,167115440.07,167.1154
142.5,Akash_Class,MIDCOURSE,128502.5747,128.5026,87678.6729,87.6787,689.1221,2480.8396,689.1221,637.7921,260.9801,-0.0,-9.8067,9.8067,inf,2.0,0.0791,0.0001,0.0,0.0,0.0009,700.0,166211255.78,166.2113
143.0,Akash_Class,MIDCOURSE,128630.613,128.6306,87997.569,87.9976,687.2801,2474.2085,687.2801,637.7921,256.0767,-0.0,-9.8067,9.8067,inf,2.0,0.0775,0.0001,0.0,0.0,0.0009,700.0,165323901.32,165.3239
143.5,Akash_Class,MIDCOURSE,128756.1997,128.7562,88316.465,88.3165,685.4683,2467.6859,685.4683,637.7921,251.1734,-0.0,-9.8067,9.8067,inf,2.0,0.0759,0.0001,0.0,0.0,0.0009,700.0,164453376.69,164.4534
144.0,Akash_Class,MIDCOURSE,128879.3348,128.8793,88635.361,88.6354,683.6868,2461.2725,683.6868,637.7921,246.2701,-0.0,-9.8067,9.8067,inf,2.0,0.0745,0.0001,0.0,0.0,0.0009,700.0,163599681.88,163.5997
144.5,Akash_Class,MIDCOURSE,129000.0182,129.0,88954.257,88.9543,681.9359,2454.9694,681.9359,637.7921,241.3668,-0.0,-9.8067,9.8067,inf,2.0,0.073,0.0001,0.0,0.0,0.0009,700.0,162762816.9,162.7628
145.0,Akash_Class,MIDCOURSE,129118.2499,129.1182,89273.1531,89.2732,680.2159,2448.7772,680.2159,637.7921,236.4634,-0.0,-9.8067,9.8067,inf,2.0,0.0717,0.0001,0.0,0.0,0.0009,700.0,161942781.74,161.9428
145.5,Akash_Class,MIDCOURSE,129234.0299,129.234,89592.0491,89.592,678.5269,2442.6969,678.5269,637.7921,231.5601,-0.0,-9.8067,9.8067,inf,2.0,0.0703,0.0001,0.0,0.0,0.0008,700.0,161139576.4,161.1396
146.0,Akash_Class,MIDCOURSE,129347.3583,129.3474,89910.9451,89.9109,676.8693,2436.7294,676.8693,637.7921,226.6568,-0.0,-9.8067,9.8067,inf,2.0,0.0691,0.0001,0.0,0.0,0.0008,700.0,160353200.89,160.3532
146.5,Akash_Class,MIDCOURSE,129458.2351,129.4582,90229.8411,90.2298,675.2431,2430.8753,675.2431,637.7921,221.7535,-0.0,-9.8067,9.8067,inf,2.0,0.0679,0.0001,0.0,0.0,0.0008,700.0,159583655.2,159.5837
147.0,Akash_Class,MIDCOURSE,129566.6601,129.5667,90548.7372,90.5487,673.6488,2425.1356,673.6488,637.7921,216.8501,-0.0,-9.8067,9.8067,inf,2.0,0.0667,0.0001,0.0,0.0,0.0008,700.0,158830939.34,158.8309
147.5,Akash_Class,MIDCOURSE,129672.6335,129.6726,90867.6332,90.8676,672.0864,2419.5111,672.0864,637.7921,211.9468,-0.0,-9.8067,9.8067,inf,2.0,0.0655,0.0001,0.0,0.0,0.0008,700.0,158095053.3,158.0951
148.0,Akash_Class,MIDCOURSE,129776.1553,129.7762,91186.5292,91.1865,670.5563,2414.0026,670.5563,637.7921,207.0435,-0.0,-9.8067,9.8067,inf,2.0,0.0645,0.0001,0.0,0.0,0.0008,700.0,157375997.08,157.376
148.5,Akash_Class,MIDCOURSE,129877.2254,129.8772,91505.4253,91.5054,669.0586,2408.6108,669.0586,637.7921,202.1402,-0.0,-9.8067,9.8067,inf,2.0,0.0634,0.0001,0.0,0.0,0.0008,700.0,156673770.68,156.6738
149.0,Akash_Class,MIDCOURSE,129975.8438,129.9758,91824.3213,91.8243,667.5935,2403.3366,667.5935,637.7921,197.2368,-0.0,-9.8067,9.8067,inf,2.0,0.0624,0.0001,0.0,0.0,0.0007,700.0,155988374.11,155.9884
149.5,Akash_Class,MIDCOURSE,130072.0105,130.072,92143.2173,92.1432,666.1613,2398.1807,666.1613,637.7921,192.3335,-0.0,-9.8067,9.8067,inf,2.0,0.0614,0.0001,0.0,0.0,0.0007,700.0,155319807.36,155.3198
150.0,Akash_Class,MIDCOURSE,130165.7256,130.1657,92462.1133,92.4621,664.7622,2393.1439,664.7622,637.792,187.4302,-0.0,-9.8067,9.8067,inf,2.0,0.0605,0.0001,0.0,0.0,0.0007,700.0,154668070.43,154.6681
150.5,Akash_Class,MIDCOURSE,130256.989,130.257,92781.0094,92.781,663.3964,2388.227,663.3964,637.792,182.5269,-0.0,-9.8067,9.8067,inf,2.0,0.0596,0.0001,0.0,0.0,0.0007,700.0,154033163.33,154.0332
151.0,Akash_Class,MIDCOURSE,130345.8008,130.3458,93099.9054,93.0999,662.0641,2383.4306,662.0641,637.792,177.6235,-0.0,-9.8067,9.8067,inf,2.0,0.0588,0.0001,0.0,0.0,0.0007,700.0,153415086.04,153.4151
151.5,Akash_Class,MIDCOURSE,130432.1609,130.4322,93418.8014,93.4188,660.7654,2378.7556,660.7654,637.792,172.7202,-0.0,-9.8067,9.8067,inf,2.0,0.0579,0.0001,0.0,0.0,0.0007,700.0,152813838.58,152.8138
152.0,Akash_Class,MIDCOURSE,130516.0694,130.5161,93737.6974,93.7377,659.5007,2374.2026,659.5007,637.792,167.8169,-0.0,-9.8067,9.8067,inf,2.0,0.0572,0.0001,0.0,0.0,0.0007,700.0,152229420.94,152.2294
152.5,Akash_Class,MIDCOURSE,130597.5261,130.5975,94056.5934,94.0566,658.2701,2369.7724,658.2701,637.792,162.9136,-0.0,-9.8067,9.8067,inf,2.0,0.0564,0.0001,0.0,0.0,0.0007,700.0,151661833.12,151.6618
153.0,Akash_Class,MIDCOURSE,130676.5313,130.6765,94375.4895,94.3755,657.0738,2365.4655,657.0738,637.792,158.0102,-0.0,-9.8067,9.8067,inf,2.0,0.0557,0.0001,0.0,0.0,0.0007,700.0,151111075.12,151.1111
153.5,Akash_Class,MIDCOURSE,130753.0847,130.7531,94694.3855,94.6944,655.9119,2361.2828,655.9119,637.792,153.1069,-0.0,-9.8067,9.8067,inf,2.0,0.055,0.0001,0.0,0.0,0.0007,700.0,150577146.94,150.5771
154.0,Akash_Class,MIDCOURSE,130827.1865,130.8272,95013.2815,95.0133,654.7847,2357.2249,654.7847,637.792,148.2036,-0.0,-9.8067,9.8067,inf,2.0,0.0543,0.0001,0.0,0.0,0.0007,700.0,150060048.59,150.06
154.5,Akash_Class,MIDCOURSE,130898.8366,130.8988,95332.1775,95.3322,653.6923,2353.2924,653.6923,637.792,143.3003,-0.0,-9.8067,9.8067,inf,2.0,0.0537,0.0001,0.0,0.0,0.0006,700.0,149559780.05,149.5598
155.0,Akash_Class,MIDCOURSE,130968.0351,130.968,95651.0736,95.6511,652.635,2349.4859,652.635,637.792,138.3969,-0.0,-9.8067,9.8067,inf,2.0,0.0531,0.0001,0.0,0.0,0.0006,700.0,149076341.33,149.0763
155.5,Akash_Class,MIDCOURSE,131034.7819,131.0348,95969.9696,95.97,651.6128,2345.8061,651.6128,637.792,133.4936,-0.0,-9.8067,9.8067,inf,2.0,0.0525,0.0001,0.0,0.0,0.0006,700.0,148609732.44,148.6097
156.0,Akash_Class,MIDCOURSE,131099.077,131.0991,96288.8656,96.2889,650.626,2342.2535,650.626,637.792,128.5903,-0.0,-9.8067,9.8067,inf,2.0,0.0519,0.0001,0.0,0.0,0.0006,700.0,148159953.36,148.16
156.5,Akash_Class,MIDCOURSE,131160.9205,131.1609,96607.7616,96.6078,649.6747,2338.8288,649.6747,637.792,123.687,-0.0,-9.8067,9.8067,inf,2.0,0.0514,0.0001,0.0,0.0,0.0006,700.0,147727004.11,147.727
157.0,Akash_Class,MIDCOURSE,131220.3123,131.2203,96926.6577,96.9267,648.759,2335.5324,648.759,637.792,118.7836,-0.0,-9.8067,9.8067,inf,2.0,0.0509,0.0001,0.0,0.0,0.0006,700.0,147310884.67,147.3109
157.5,Akash_Class,MIDCOURSE,131277.2525,131.2773,97245.5537,97.2456,647.8792,2332.365,647.8792,637.792,113.8803,-0.0,-9.8067,9.8067,inf,2.0,0.0504,0.0001,0.0,0.0,0.0006,700.0,146911595.05,146.9116
158.0,Akash_Class,MIDCOURSE,131331.741,131.3317,97564.4497,97.5644,647.0353,2329.3271,647.0353,637.792,108.977,-0.0,-9.8067,9.8067,inf,2.0,0.05,0.0,0.0,0.0,0.0006,700.0,146529135.26,146.5291
158.5,Akash_Class,MIDCOURSE,131383.7778,131.3838,97883.3457,97.8833,646.2275,2326.4191,646.2275,637.792,104.0737,-0.0,-9.8067,9.8067,inf,2.0,0.0495,0.0,0.0,0.0,0.0006,700.0,146163505.28,146.1635
159.0,Akash_Class,MIDCOURSE,131433.363,131.4334,98202.2417,98.2022,645.456,2323.6416,645.456,637.792,99.1703,-0.0,-9.8067,9.8067,inf,2.0,0.0491,0.0,0.0,0.0,0.0006,700.0,145814705.12,145.8147
159.5,Akash_Class,MIDCOURSE,131480.4965,131.4805,98521.1378,98.5211,644.7208,2320.995,644.7208,637.792,94.267,-0.0,-9.8067,9.8067,inf,2.0,0.0488,0.0,0.0,0.0,0.0006,700.0,145482734.78,145.4827
160.0,Akash_Class,MIDCOURSE,131525.1783,131.5252,98840.0338,98.84,644.0222,2318.4798,644.0222,637.792,89.3637,-0.0,-9.8067,9.8067,inf,2.0,0.0484,0.0,0.0,0.0,0.0006,700.0,145167594.26,145.1676
160.5,Akash_Class,MIDCOURSE,131567.4085,131.5674,99158.9298,99.1589,643.3601,2316.0964,643.3601,637.792,84.4604,-0.0,-9.8067,9.8067,inf,2.0,0.0481,0.0,0.0,0.0,0.0006,700.0,144869283.56,144.8693
161.0,Akash_Class,MIDCOURSE,131607.187,131.6072,99477.8258,99.4778,642.7348,2313.8452,642.7348,637.792,79.557,-0.0,-9.8067,9.8067,inf,2.0,0.0477,0.0,0.0,0.0,0.0006,700.0,144587802.68,144.5878
161.5,Akash_Class,MIDCOURSE,131644.5139,131.6445,99796.7218,99.7967,642.1463,2311.7267,642.1463,637.792,74.6537,-0.0,-9.8067,9.8067,inf,2.0,0.0474,0.0,0.0,0.0,0.0006,700.0,144323151.62,144.3232
162.0,Akash_Class,MIDCOURSE,131679.3891,131.6794,100115.6179,100.1156,641.5947,2309.741,641.5947,637.792,69.7504,-0.0,-9.8067,9.8067,inf,2.0,0.0472,0.0,0.0,0.0,0.0006,700.0,144075330.38,144.0753
162.5,Akash_Class,MIDCOURSE,131711.8126,131.7118,100434.5139,100.4345,641.0802,2307.8887,641.0802,637.792,64.8471,-0.0,-9.8067,9.8067,inf,2.0,0.0469,0.0,0.0,0.0,0.0006,700.0,143844338.95,143.8443
163.0,Akash_Class,MIDCOURSE,131741.7845,131.7418,100753.4099,100.7534,640.6028,2306.17,640.6028,637.792,59.9437,-0.0,-9.8067,9.8067,inf,2.0,0.0467,0.0,0.0,0.0,0.0006,700.0,143630177.34,143.6302
163.5,Akash_Class,MIDCOURSE,131769.3047,131.7693,101072.3059,101.0723,640.1626,2304.5853,640.1626,637.792,55.0404,-0.0,-9.8067,9.8067,inf,2.0,0.0465,0.0,0.0,0.0,0.0006,700.0,143432845.56,143.4328
164.0,Akash_Class,MIDCOURSE,131794.3732,131.7944,101391.2019,101.3912,639.7597,2303.1347,639.7597,637.792,50.1371,-0.0,-9.8067,9.8067,inf,2.0,0.0463,0.0,0.0,0.0,0.0006,700.0,143252343.59,143.2523
164.5,Akash_Class,MIDCOURSE,131816.9901,131.817,101710.098,101.7101,639.3941,2301.8186,639.3941,637.792,45.2338,-0.0,-9.8067,9.8067,inf,2.0,0.0461,0.0,0.0,0.0,0.0006,700.0,143088671.43,143.0887
165.0,Akash_Class,MIDCOURSE,131837.1553,131.8372,102028.994,102.029,639.0659,2300.6372,639.0659,637.792,40.3304,-0.0,-9.8067,9.8067,inf,2.0,0.0459,0.0,0.0,0.0,0.0006,700.0,142941829.1,142.9418
165.5,Akash_Class,MIDCOURSE,131854.8688,131.8549,102347.89,102.3479,638.7752,2299.5907,638.7752,637.792,35.4271,-0.0,-9.8067,9.8067,inf,2.0,0.0458,0.0,0.0,0.0,0.0005,700.0,142811816.59,142.8118
166.0,Akash_Class,MIDCOURSE,131870.1307,131.8701,102666.786,102.6668,638.522,2298.6793,638.522,637.792,30.5238,-0.0,-9.8067,9.8067,inf,2.0,0.0457,0.0,0.0,0.0,0.0005,700.0,142698633.89,142.6986
166.5,Akash_Class,MIDCOURSE,131882.941,131.8829,102985.682,102.9857,638.3064,2297.9031,638.3064,637.792,25.6205,-0.0,-9.8067,9.8067,inf,2.0,0.0456,0.0,0.0,0.0,0.0005,700.0,142602281.01,142.6023
167.0,Akash_Class,MIDCOURSE,131893.2995,131.8933,103304.578,103.3046,638.1284,2297.2623,638.1284,637.792,20.7171,-0.0,-9.8067,9.8067,inf,2.0,0.0455,0.0,0.0,0.0,0.0005,700.0,142522757.95,142.5228
167.5,Akash_Class,MIDCOURSE,131901.2064,131.9012,103623.4741,103.6235,637.9881,2296.757,637.9881,637.792,15.8138,-0.0,-9.8067,9.8067,inf,2.0,0.0454,0.0,0.0,0.0,0.0005,700.0,142460064.7,142.4601
168.0,Akash_Class,MIDCOURSE,131906.6617,131.9067,103942.3701,103.9424,637.8853,2296.3873,637.8853,637.792,10.9105,-0.0,-9.8067,9.8067,inf,2.0,0.0454,0.0,0.0,0.0,0.0005,700.0,142414201.27,142.4142
168.5,Akash_Class,MIDCOURSE,131909.6652,131.9097,104261.2661,104.2613,637.8203,2296.1532,637.8203,637.792,6.0072,-0.0,-9.8067,9.8067,inf,2.0,0.0454,0.0,0.0,0.0,0.0005,700.0,142385167.66,142.3852
169.0,Akash_Class,MIDCOURSE,131910.2172,131.9102,104580.1621,104.5802,637.793,2296.0548,637.793,637.792,1.1038,-0.0,-9.8067,9.8067,inf,2.0,0.0454,0.0,0.0,0.0,0.0005,700.0,142372963.87,142.373
169.5,Akash_Class,TERMINAL,131908.3174,131.9083,104899.0581,104.8991,637.8034,2296.0921,637.8034,637.792,-3.7995,-0.0,-9.8066,9.8066,inf,2.0,0.0454,0.0,0.0,0.0,0.0005,700.0,142377589.9,142.3776
170.0,Akash_Class,TERMINAL,131903.966,131.904,105217.9541,105.218,637.8514,2296.2651,637.8514,637.792,-8.7028,-0.0,-9.8066,9.8066,inf,2.0,0.0454,0.0,0.0,0.0,0.0005,700.0,142399045.74,142.399
170.5,Akash_Class,TERMINAL,131897.1629,131.8972,105536.8502,105.5369,637.9371,2296.5737,637.9371,637.792,-13.6061,-0.0,-9.8066,9.8066,inf,2.0,0.0455,0.0,0.0,0.0,0.0005,700.0,142437331.4,142.4373
171.0,Akash_Class,TERMINAL,131887.9082,131.8879,105855.7462,105.8557,638.0606,2297.018,638.0606,637.792,-18.5095,-0.0,-9.8066,9.8066,inf,2.0,0.0455,0.0,0.0,0.0,0.0005,700.0,142492446.88,142.4924
171.5,Akash_Class,TERMINAL,131876.2018,131.8762,106174.6422,106.1746,638.2216,2297.5978,638.2216,637.792,-23.4128,-0.0,-9.8066,9.8066,inf,2.0,0.0456,0.0,0.0,0.0,0.0005,700.0,142564392.17,142.5644
172.0,Akash_Class,TERMINAL,131862.0437,131.862,106493.5382,106.4935,638.4203,2298.3131,638.4203,637.792,-28.3161,-0.0,-9.8066,9.8066,inf,2.0,0.0457,0.0,0.0,0.0,0.0005,700.0,142653167.28,142.6532
172.5,Akash_Class,TERMINAL,131845.434,131.8454,106812.4342,106.8124,638.6566,2299.1636,638.6566,637.792,-33.2194,-0.0,-9.8066,9.8066,inf,2.0,0.0458,0.0,0.0,0.0,0.0006,700.0,142758772.21,142.7588
173.0,Akash_Class,TERMINAL,131826.3726,131.8264,107131.3302,107.1313,638.9304,2300.1493,638.9304,637.792,-38.1228,-0.0,-9.8066,9.8066,inf,2.0,0.046,0.0,0.0,0.0,0.0006,700.0,142881206.95,142.8812
173.5,Akash_Class,TERMINAL,131804.8596,131.8049,107450.2263,107.4502,639.2417,2301.27,639.2417,637.792,-43.0261,-0.0,-9.8066,9.8066,inf,2.0,0.0461,0.0,0.0,0.0,0.0006,700.0,143020471.51,143.0205
174.0,Akash_Class,TERMINAL,131780.8949,131.7809,107769.1223,107.7691,639.5904,2302.5255,639.5904,637.792,-47.9294,-0.0,-9.8066,9.8066,inf,2.0,0.0463,0.0,0.0,0.0,0.0006,700.0,143176565.89,143.1766
174.5,Akash_Class,TERMINAL,131754.4785,131.7545,108088.0183,108.088,639.9765,2303.9155,639.9765,637.792,-52.8327,-0.0,-9.8066,9.8066,inf,2.0,0.0465,0.0,0.0,0.0,0.0006,700.0,143349490.08,143.3495
175.0,Akash_Class,TERMINAL,131725.6105,131.7256,108406.9143,108.4069,640.4,2305.4399,640.4,637.792,-57.7361,-0.0,-9.8066,9.8066,inf,2.0,0.0467,0.0,0.0,0.0,0.0006,700.0,143539244.09,143.5392
175.5,Akash_Class,TERMINAL,131694.2908,131.6943,108725.8103,108.7258,640.8606,2307.0983,640.8606,637.792,-62.6394,-0.0,-9.8066,9.8066,inf,2.0,0.047,0.0,0.0,0.0,0.0006,700.0,143745827.91,143.7458
176.0,Akash_Class,TERMINAL,131660.5194,131.6605,109044.7063,109.0447,641.3585,2308.8905,641.3585,637.792,-67.5427,-0.0,-9.8066,9.8066,inf,2.0,0.0472,0.0,0.0,0.0,0.0006,700.0,143969241.56,143.9692
176.5,Akash_Class,TERMINAL,131624.2964,131.6243,109363.6023,109.3636,641.8934,2310.8161,641.8934,637.792,-72.446,-0.0,-9.8066,9.8066,inf,2.0,0.0475,0.0,0.0,0.0,0.0006,700.0,144209485.01,144.2095
177.0,Akash_Class,TERMINAL,131585.6217,131.5856,109682.4984,109.6825,642.4652,2312.8749,642.4652,637.792,-77.3494,-0.0,-9.8066,9.8066,inf,2.0,0.0478,0.0,0.0,0.0,0.0006,700.0,144466558.29,144.4666
177.5,Akash_Class,TERMINAL,131544.4954,131.5445,110001.3944,110.0014,643.074,2315.0664,643.074,637.792,-82.2527,-0.0,-9.8066,9.8066,inf,2.0,0.0481,0.0,0.0,0.0,0.0006,700.0,144740461.37,144.7405
178.0,Akash_Class,TERMINAL,131500.9174,131.5009,110320.2904,110.3203,643.7195,2317.3903,643.7195,637.792,-87.156,-0.0,-9.8066,9.8066,inf,2.0,0.0485,0.0,0.0,0.0,0.0006,700.0,145031194.28,145.0312
178.5,Akash_Class,TERMINAL,131454.8877,131.4549,110639.1864,110.6392,644.4017,2319.8462,644.4017,637.792,-92.0593,-0.0,-9.8066,9.8066,inf,2.0,0.0489,0.0,0.0,0.0,0.0006,700.0,145338757.0,145.3388
179.0,Akash_Class,TERMINAL,131406.4064,131.4064,110958.0824,110.9581,645.1205,2322.4337,645.1205,637.792,-96.9627,-0.0,-9.8066,9.8066,inf,2.0,0.0492,0.0,0.0,0.0,0.0006,700.0,145663149.53,145.6631
179.5,Akash_Class,TERMINAL,131355.4734,131.3555,111276.9784,111.277,645.8756,2325.1523,645.8756,637.792,-101.866,-0.0,-9.8066,9.8066,inf,2.0,0.0497,0.0,0.0,0.0,0.0006,700.0,146004371.88,146.0044
180.0,Akash_Class,TERMINAL,131302.0887,131.3021,111595.8744,111.5959,646.6671,2328.0016,646.6671,637.792,-106.7693,-0.0,-9.8066,9.8066,inf,2.0,0.0501,0.0001,0.0,0.0,0.0006,700.0,146362424.05,146.3624
180.5,Akash_Class,TERMINAL,131246.2524,131.2463,111914.7704,111.9148,647.4947,2330.9811,647.4947,637.792,-111.6726,-0.0,-9.8066,9.8066,inf,2.0,0.0506,0.0001,0.0,0.0,0.0006,700.0,146737306.03,146.7373
181.0,Akash_Class,TERMINAL,131187.9644,131.188,112233.6665,112.2337,648.3584,2334.0903,648.3584,637.792,-116.576,-0.0,-9.8066,9.8066,inf,2.0,0.051,0.0001,0.0,0.0,0.0006,700.0,147129017.83,147.129
181.5,Akash_Class,TERMINAL,131127.2247,131.1272,112552.5625,112.5526,649.2579,2337.3286,649.2579,637.792,-121.4793,-0.0,-9.8066,9.8066,inf,2.0,0.0515,0.0001,0.0,0.0,0.0006,700.0,147537559.44,147.5376
182.0,Akash_Class,TERMINAL,131064.0334,131.064,112871.4585,112.8715,650.1932,2340.6956,650.1932,637.792,-126.3826,-0.0,-9.8066,9.8066,inf,2.0,0.0521,0.0001,0.0,0.0,0.0006,700.0,147962930.86,147.9629
182.5,Akash_Class,TERMINAL,130998.3905,130.9984,113190.3545,113.1904,651.1641,2344.1907,651.1641,637.792,-131.2859,-0.0,-9.8066,9.8066,inf,2.0,0.0526,0.0001,0.0,0.0,0.0006,700.0,148405132.1,148.4051
183.0,Akash_Class,TERMINAL,130930.2958,130.9303,113509.2505,113.5093,652.1704,2347.8133,652.1704,637.792,-136.1893,-0.0,-9.8066,9.8066,inf,2.0,0.0532,0.0001,0.0,0.0,0.0006,700.0,148864163.16,148.8642
183.5,Akash_Class,TERMINAL,130859.7495,130.8597,113828.1465,113.8281,653.2119,2351.5628,653.2119,637.792,-141.0926,-0.0,-9.8066,9.8066,inf,2.0,0.0538,0.0001,0.0,0.0,0.0006,700.0,149340024.03,149.34
184.0,Akash_Class,TERMINAL,130786.7516,130.7868,114147.0425,114.147,654.2885,2355.4387,654.2885,637.792,-145.9959,-0.0,-9.8066,9.8066,inf,2.0,0.0545,0.0001,0.0,0.0,0.0007,700.0,149832714.71,149.8327
184.5,Akash_Class,TERMINAL,130711.302,130.7113,114465.9385,114.4659,655.4001,2359.4402,655.4001,637.792,-150.8992,-0.0,-9.8066,9.8066,inf,2.0,0.0552,0.0001,0.0,0.0,0.0007,700.0,150342235.21,150.3422
185.0,Akash_Class,TERMINAL,130633.4007,130.6334,114784.8345,114.7848,656.5463,2363.5668,656.5463,637.792,-155.8026,-0.0,-9.8066,9.8066,inf,2.0,0.0559,0.0001,0.0,0.0,0.0007,700.0,150868585.52,150.8686
185.5,Akash_Class,TERMINAL,130553.0477,130.553,115103.7306,115.1037,657.7272,2367.8179,657.7272,637.792,-160.7059,-0.0,-9.8066,9.8066,inf,2.0,0.0566,0.0001,0.0,0.0,0.0007,700.0,151411765.64,151.4118
186.0,Akash_Class,TERMINAL,130470.2431,130.4702,115422.6266,115.4226,658.9424,2372.1926,658.9424,637.792,-165.6092,-0.0,-9.8066,9.8066,inf,2.0,0.0574,0.0001,0.0,0.0,0.0007,700.0,151971775.58,151.9718
186.5,Akash_Class,TERMINAL,130384.9868,130.385,115741.5226,115.7415,660.1918,2376.6904,660.1918,637.792,-170.5125,-0.0,-9.8066,9.8066,inf,2.0,0.0582,0.0001,0.0,0.0,0.0007,700.0,152548615.33,152.5486
187.0,Akash_Class,TERMINAL,130297.2789,130.2973,116060.4186,116.0604,661.4752,2381.3106,661.4752,637.792,-175.4159,-0.0,-9.8066,9.8066,inf,2.0,0.059,0.0001,0.0,0.0,0.0007,700.0,153142284.9,153.1423
187.5,Akash_Class,TERMINAL,130207.1193,130.2071,116379.3146,116.3793,662.7923,2386.0524,662.7923,637.792,-180.3192,-0.0,-9.8066,9.8066,inf,2.0,0.0599,0.0001,0.0,0.0,0.0007,700.0,153752784.27,153.7528
188.0,Akash_Class,TERMINAL,130114.5081,130.1145,116698.2106,116.6982,664.1431,2390.9151,664.1431,637.792,-185.2225,-0.0,-9.8066,9.8066,inf,2.0,0.0608,0.0001,0.0,0.0,0.0007,700.0,154380113.46,154.3801
188.5,Akash_Class,TERMINAL,130019.4451,130.0194,117017.1066,117.0171,665.5272,2395.898,665.5272,637.792,-190.1258,-0.0,-9.8066,9.8066,inf,2.0,0.0617,0.0001,0.0,0.0,0.0007,700.0,155024272.47,155.0243
189.0,Akash_Class,TERMINAL,129921.9306,129.9219,117336.0026,117.336,666.9445,2401.0004,666.9445,637.792,-195.0292,-0.0,-9.8066,9.8066,inf,2.0,0.0627,0.0001,0.0,0.0,0.0008,700.0,155685261.28,155.6853
189.5,Akash_Class,TERMINAL,129821.9643,129.822,117654.8986,117.6549,668.3948,2406.2214,668.3948,637.792,-199.9325,-0.0,-9.8066,9.8066,inf,2.0,0.0637,0.0001,0.0,0.0,0.0008,700.0,156363079.91,156.3631
190.0,Akash_Class,TERMINAL,129719.5464,129.7195,117973.7946,117.9738,669.8779,2411.5603,669.8779,637.792,-204.8358,-0.0,-9.8066,9.8066,inf,2.0,0.0648,0.0001,0.0,0.0,0.0008,700.0,157057728.35,157.0577
190.5,Akash_Class,TERMINAL,129614.6768,129.6147,118292.6906,118.2927,671.3934,2417.0164,671.3934,637.792,-209.7391,-0.0,-9.8066,9.8066,inf,2.0,0.0659,0.0001,0.0,0.0,0.0008,700.0,157769206.6,157.7692
191.0,Akash_Class,TERMINAL,129507.3556,129.5074,118611.5867,118.6116,672.9413,2422.5888,672.9413,637.792,-214.6425,-0.0,-9.8066,9.8066,inf,2.0,0.067,0.0001,0.0,0.0,0.0008,700.0,158497514.67,158.4975
191.5,Akash_Class,TERMINAL,129397.5827,129.3976,118930.4827,118.9305,674.5213,2428.2767,674.5213,637.792,-219.5458,-0.0,-9.8066,9.8066,inf,2.0,0.0682,0.0001,0.0,0.0,0.0008,700.0,159242652.54,159.2427
192.0,Akash_Class,TERMINAL,129285.3581,129.2854,119249.3787,119.2494,676.1332,2434.0794,676.1332,637.792,-224.4491,-0.0,-9.8066,9.8066,inf,2.0,0.0694,0.0001,0.0,0.0,0.0008,700.0,160004620.23,160.0046
192.5,Akash_Class,TERMINAL,129170.6819,129.1707,119568.2747,119.5683,677.7767,2439.996,677.7767,637.792,-229.3524,-0.0,-9.8066,9.8066,inf,2.0,0.0707,0.0001,0.0,0.0,0.0008,700.0,160783417.72,160.7834
193.0,Akash_Class,TERMINAL,129053.554,129.0536,119887.1707,119.8872,679.4516,2446.0256,679.4516,637.792,-234.2558,-0.0,-9.8066,9.8066,inf,2.0,0.072,0.0001,0.0,0.0,0.0009,700.0,161579045.03,161.579
193.5,Akash_Class,TERMINAL,128933.9745,128.934,120206.0667,120.2061,681.1576,2452.1675,681.1576,637.792,-239.1591,-0.0,-9.8066,9.8066,inf,2.0,0.0734,0.0001,0.0,0.0,0.0009,700.0,162391502.15,162.3915
194.0,Akash_Class,TERMINAL,128811.9433,128.8119,120524.9627,120.525,682.8947,2458.4208,682.8947,637.792,-244.0624,-0.0,-9.8066,9.8066,inf,2.0,0.0749,0.0001,0.0,0.0,0.0009,700.0,163220789.08,163.2208
194.5,Akash_Class,TERMINAL,128687.4604,128.6875,120843.8587,120.8439,684.6624,2464.7846,684.6624,637.792,-248.9657,-0.0,-9.8066,9.8066,inf,2.0,0.0764,0.0001,0.0,0.0,0.0009,700.0,164066905.81,164.0669
195.0,Akash_Class,TERMINAL,128560.5259,128.5605,121162.7547,121.1628,686.4606,2471.2581,686.4606,637.792,-253.8691,-0.0,-9.8066,9.8066,inf,2.0,0.0779,0.0001,0.0,0.0,0.0009,700.0,164929852.36,164.9299
195.5,Akash_Class,TERMINAL,128431.1397,128.4311,121481.6507,121.4817,688.289,2477.8405,688.289,637.792,-258.7724,-0.0,-9.8066,9.8066,inf,2.0,0.0796,0.0001,0.0,0.0,0.001,700.0,165809628.72,165.8096
196.0,Akash_Class,TERMINAL,128299.3018,128.2993,121800.5467,121.8005,690.1475,2484.5309,690.1475,637.792,-263.6757,-0.0,-9.8066,9.8066,inf,2.0,0.0812,0.0001,0.0,0.0,0.001,700.0,166706234.88,166.7062
196.5,Akash_Class,TERMINAL,128165.0123,128.165,122119.4427,122.1194,692.0357,2491.3284,692.0357,637.792,-268.579,-0.0,-9.8066,9.8066,inf,2.0,0.083,0.0001,0.0,0.0,0.001,700.0,167619670.86,167.6197
197.0,Akash_Class,TERMINAL,128028.2711,128.0283,122438.3387,122.4383,693.9533,2498.232,693.9533,637.792,-273.4824,-0.0,-9.8066,9.8066,inf,2.0,0.0848,0.0001,0.0,0.0,0.001,700.0,168549936.64,168.5499
197.5,Akash_Class,TERMINAL,127889.0783,127.8891,122757.2347,122.7572,695.9003,2505.2411,695.9003,637.792,-278.3857,-0.0,-9.8066,9.8066,inf,2.0,0.0867,0.0001,0.0,0.0,0.001,700.0,169497032.23,169.497
198.0,Akash_Class,TERMINAL,127747.4338,127.7474,123076.1307,123.0761,697.8763,2512.3546,697.8763,637.792,-283.289,-0.0,-9.8066,9.8066,inf,2.0,0.0886,0.0001,0.0,0.0,0.0011,700.0,170460957.62,170.461
198.5,Akash_Class,TERMINAL,127603.3376,127.6033,123395.0267,123.395,699.881,2519.5717,699.881,637.792,-288.1923,-0.0,-9.8066,9.8066,inf,2.0,0.0907,0.0001,0.0,0.0,0.0011,700.0,171441712.83,171.4417
199.0,Akash_Class,TERMINAL,127456.7898,127.4568,123713.9227,123.7139,701.9143,2526.8915,701.9143,637.792,-293.0957,-0.0,-9.8066,9.8066,inf,2.0,0.0928,0.0001,0.0,0.0,0.0011,700.0,172439297.84,172.4393
199.5,Akash_Class,TERMINAL,127307.7903,127.3078,124032.8187,124.0328,703.9759,2534.3132,703.9759,637.792,-297.999,-0.0,-9.8066,9.8066,inf,2.0,0.095,0.0001,0.0,0.0,0.0011,700.0,173453712.65,173.4537
200.0,Akash_Class,TERMINAL,127156.3391,127.1563,124351.7147,124.3517,706.0655,2541.8357,706.0655,637.792,-302.9023,-0.0,-9.8066,9.8066,inf,2.0,0.0973,0.0001,0.0,0.0,0.0012,700.0,174484957.28,174.485
200.5,Akash_Class,TERMINAL,127002.4363,127.0024,124670.6107,124.6706,708.1828,2549.4583,708.1828,637.792,-307.8056,-0.0,-9.8066,9.8066,inf,2.0,0.0996,0.0001,0.0,0.0,0.0012,700.0,175533031.7,175.533
201.0,Akash_Class,TERMINAL,126846.0818,126.8461,124989.5067,124.9895,710.3278,2557.1799,710.3278,637.792,-312.709,-0.0,-9.8066,9.8066,inf,2.0,0.1021,0.0001,0.0,0.0,0.0012,700.0,176597935.93,176.5979
201.5,Akash_Class,TERMINAL,126687.2757,126.6873,125308.4027,125.3084,712.5,2564.9999,712.5,637.792,-317.6123,-0.0,-9.8066,9.8066,inf,2.0,0.1047,0.0001,0.0,0.0,0.0013,700.0,177679669.97,177.6797
202.0,Akash_Class,TERMINAL,126526.0179,126.526,125627.2987,125.6273,714.6992,2572.9171,714.6992,637.792,-322.5156,-0.0,-9.8066,9.8066,inf,2.0,0.1073,0.0001,0.0,0.0,0.0013,700.0,178778233.81,178.7782
202.5,Akash_Class,TERMINAL,126362.3084,126.3623,125946.1947,125.9462,716.9252,2580.9308,716.9252,637.792,-327.4189,-0.0,-9.8066,9.8066,inf,2.0,0.1101,0.0001,0.0,0.0,0.0013,700.0,179893627.45,179.8936
203.0,Akash_Class,TERMINAL,126196.1473,126.1961,126265.0907,126.2651,719.1778,2589.0401,719.1778,637.792,-332.3223,-0.0,-9.8066,9.8066,inf,2.0,0.113,0.0001,0.0,0.0,0.0014,700.0,181025850.9,181.0259
203.5,Akash_Class,TERMINAL,126027.5345,126.0275,126583.9867,126.584,721.4567,2597.244,721.4567,637.792,-337.2256,-0.0,-9.8066,9.8066,inf,2.0,0.116,0.0001,0.0,0.0,0.0014,700.0,182174904.14,182.1749
204.0,Akash_Class,TERMINAL,125856.47,125.8565,126902.8827,126.9029,723.7616,2605.5417,723.7616,637.792,-342.1289,-0.0,-9.8066,9.8066,inf,2.0,0.1191,0.0001,0.0,0.0,0.0014,700.0,183340787.19,183.3408
204.5,Akash_Class,TERMINAL,125682.9539,125.683,127221.7787,127.2218,726.0923,2613.9322,726.0923,637.792,-347.0322,-0.0,-9.8066,9.8066,inf,2.0,0.1223,0.0001,0.0,0.0,0.0015,700.0,184523500.04,184.5235
205.0,Akash_Class,TERMINAL,125506.9862,125.507,127540.6747,127.5407,728.4485,2622.4147,728.4485,637.792,-351.9356,-0.0,-9.8066,9.8066,inf,2.0,0.1257,0.0001,0.0,0.0,0.0015,700.0,185723042.69,185.723
205.5,Akash_Class,TERMINAL,125328.5667,125.3286,127859.5707,127.8596,730.8301,2630.9883,730.8301,637.792,-356.8389,-0.0,-9.8066,9.8066,inf,2.0,0.1292,0.0001,0.0,0.0,0.0016,700.0,186939415.13,186.9394
206.0,Akash_Class,TERMINAL,125147.6956,125.1477,128178.4667,128.1785,733.2367,2639.6521,733.2367,637.792,-361.7422,-0.0,-9.8066,9.8066,inf,2.0,0.1329,0.0001,0.0,0.0,0.0016,700.0,188172617.38,188.1726
206.5,Akash_Class,TERMINAL,124964.3728,124.9644,128497.3627,128.4974,735.6681,2648.4052,735.6681,637.792,-366.6455,-0.0,-9.8066,9.8066,inf,2.0,0.1366,0.0001,0.0,0.0,0.0016,700.0,189422649.42,189.4226
207.0,Akash_Class,TERMINAL,124778.5984,124.7786,128816.2587,128.8163,738.1241,2657.2467,738.1241,637.792,-371.5489,-0.0,-9.8066,9.8066,inf,2.0,0.1406,0.0001,0.0,0.0,0.0017,700.0,190689511.26,190.6895
207.5,Akash_Class,TERMINAL,124590.3723,124.5904,129135.1547,129.1352,740.6044,2666.1758,740.6044,637.792,-376.4522,-0.0,-9.8066,9.8066,inf,2.0,0.1447,0.0001,0.0,0.0,0.0017,700.0,191973202.9,191.9732
208.0,Akash_Class,TERMINAL,124399.6946,124.3997,129454.0507,129.4541,743.1088,2675.1916,743.1088,637.792,-381.3555,-0.0,-9.8066,9.8066,inf,2.0,0.149,0.0001,0.0,0.0,0.0018,700.0,193273724.33,193.2737
208.5,Akash_Class,TERMINAL,124206.5652,124.2066,129772.9467,129.7729,745.637,2684.2931,745.637,637.792,-386.2588,-0.0,-9.8066,9.8066,inf,2.0,0.1535,0.0002,0.0,0.0,0.0018,700.0,194591075.55,194.5911
209.0,Akash_Class,TERMINAL,124010.9841,124.011,130091.8427,130.0918,748.1888,2693.4796,748.1888,637.792,-391.1622,-0.0,-9.8066,9.8066,inf,2.0,0.1581,0.0002,0.0,0.0,0.0019,700.0,195925256.56,195.9253
209.5,Akash_Class,TERMINAL,123812.9514,123.813,130410.7387,130.4107,750.7639,2702.7501,750.7639,637.792,-396.0655,-0.0,-9.8066,9.8066,inf,2.0,0.163,0.0002,0.0,0.0,0.002,700.0,197276267.37,197.2763
210.0,Akash_Class,TERMINAL,123612.467,123.6125,130729.6347,130.7296,753.3622,2712.1039,753.3622,637.792,-400.9688,-0.0,-9.8066,9.8066,inf,2.0,0.168,0.0002,0.0,0.0,0.002,700.0,198644107.97,198.6441
210.5,Akash_Class,TERMINAL,123409.5309,123.4095,131048.5307,131.0485,755.9833,2721.54,755.9833,637.792,-405.8721,-0.0,-9.8066,9.8066,inf,2.0,0.1733,0.0002,0.0,0.0,0.0021,700.0,200028778.36,200.0288
211.0,Akash_Class,TERMINAL,123204.1432,123.2041,131367.4267,131.3674,758.6271,2731.0576,758.6271,637.792,-410.7754,-0.0,-9.8066,9.8066,inf,2.0,0.1787,0.0002,0.0,0.0,0.0021,700.0,201430278.53,201.4303
211.5,Akash_Class,TERMINAL,122996.3038,122.9963,131686.3226,131.6863,761.2933,2740.6558,761.2933,637.792,-415.6788,-0.0,-9.8066,9.8066,inf,2.0,0.1845,0.0002,0.0,0.0,0.0022,700.0,202848608.49,202.8486
212.0,Akash_Class,TERMINAL,122786.0127,122.786,132005.2186,132.0052,763.9816,2750.3338,763.9816,637.792,-420.5821,-0.0,-9.8066,9.8066,inf,2.0,0.1904,0.0002,0.0,0.0,0.0023,700.0,204283768.24,204.2838
212.5,Akash_Class,TERMINAL,122573.27,122.5733,132324.1146,132.3241,766.6919,2760.0908,766.6919,637.792,-425.4854,-0.0,-9.8066,9.8066,inf,2.0,0.1966,0.0002,0.0,0.0,0.0024,700.0,205735757.77,205.7358
213.0,Akash_Class,TERMINAL,122358.0756,122.3581,132643.0106,132.643,769.4239,2769.9259,769.4239,637.792,-430.3887,-0.0,-9.8066,9.8066,inf,2.0,0.2031,0.0002,0.0,0.0,0.0024,700.0,207204577.09,207.2046
213.5,Akash_Class,TERMINAL,122140.4296,122.1404,132961.9066,132.9619,772.1773,2779.8383,772.1773,637.792,-435.2921,-0.0,-9.8066,9.8066,inf,2.0,0.2099,0.0002,0.0,0.0,0.0025,700.0,208690226.18,208.6902
214.0,Akash_Class,TERMINAL,121920.3319,121.9203,133280.8026,133.2808,774.952,2789.8272,774.952,637.792,-440.1954,-0.0,-9.8066,9.8066,inf,2.0,0.2169,0.0002,0.0,0.0,0.0026,700.0,210192705.05,210.1927
214.5,Akash_Class,TERMINAL,121697.7826,121.6978,133599.6986,133.5997,777.7477,2799.8917,777.7477,637.792,-445.0987,-0.0,-9.8066,9.8066,inf,2.0,0.2243,0.0002,0.0,0.0,0.0027,700.0,211712013.7,211.712
215.0,Akash_Class,TERMINAL,121472.7815,121.4728,133918.5946,133.9186,780.5642,2810.031,780.5642,637.792,-450.002,-0.0,-9.8066,9.8066,inf,2.0,0.232,0.0002,0.0,0.0,0.0028,700.0,213248152.13,213.2482
215.5,Akash_Class,TERMINAL,121245.3289,121.2453,134237.4905,134.2375,783.4012,2820.2444,783.4012,637.792,-454.9054,-0.0,-9.8066,9.8066,inf,2.0,0.24,0.0002,0.0,0.0,0.0029,700.0,214801120.33,214.8011
216.0,Akash_Class,TERMINAL,121015.4245,121.0154,134556.3865,134.5564,786.2586,2830.531,786.2586,637.792,-459.8087,-0.0,-9.8066,9.8066,inf,2.0,0.2484,0.0002,0.0,0.0,0.003,700.0,216370918.3,216.3709
216.5,Akash_Class,TERMINAL,120783.0685,120.7831,134875.2825,134.8753,789.1361,2840.8901,789.1361,637.792,-464.712,-0.0,-9.8066,9.8066,inf,2.0,0.2571,0.0003,0.0,0.0,0.0031,700.0,217957546.04,217.9575
217.0,Akash_Class,TERMINAL,120548.2608,120.5483,135194.1785,135.1942,792.0336,2851.3208,792.0336,637.792,-469.6153,-0.0,-9.8066,9.8066,inf,2.0,0.2663,0.0003,0.0,0.0,0.0032,700.0,219561003.55,219.561
217.5,Akash_Class,TERMINAL,120311.0015,120.311,135513.0745,135.5131,794.9507,2861.8224,794.9507,637.792,-474.5187,-0.0,-9.8066,9.8066,inf,2.0,0.2759,0.0003,0.0,0.0,0.0033,700.0,221181290.82,221.1813
218.0,Akash_Class,TERMINAL,120071.2905,120.0713,135831.9704,135.832,797.8872,2872.394,797.8872,637.792,-479.422,-0.0,-9.8066,9.8066,inf,2.0,0.2858,0.0003,0.0,0.0,0.0034,700.0,222818407.85,222.8184
218.5,Akash_Class,TERMINAL,119829.1279,119.8291,136150.8664,136.1509,800.843,2883.035,800.843,637.792,-484.3253,-0.0,-9.8066,9.8066,inf,2.0,0.2963,0.0003,0.0,0.0,0.0036,700.0,224472354.65,224.4724
219.0,Akash_Class,TERMINAL,119584.5135,119.5845,136469.7624,136.4698,803.8179,2893.7445,803.8179,637.792,-489.2286,-0.0,-9.8066,9.8066,inf,2.0,0.3072,0.0003,0.0,0.0,0.0037,700.0,226143131.2,226.1431
219.5,Akash_Class,TERMINAL,119337.4476,119.3374,136788.6584,136.7887,806.8116,2904.5218,806.8116,637.792,-494.132,-0.0,-9.8066,9.8066,inf,2.0,0.3186,0.0003,0.0,0.0,0.0038,700.0,227830737.5,227.8307
220.0,Akash_Class,TERMINAL,119087.9299,119.0879,137107.5544,137.1076,809.8239,2915.3661,809.8239,637.792,-499.0353,-0.0,-9.8066,9.8066,inf,2.0,0.3306,0.0003,0.0,0.0,0.004,700.0,229535173.56,229.5352
220.5,Akash_Class,TERMINAL,118835.9606,118.836,137426.4503,137.4265,812.8547,2926.2767,812.8547,637.7919,-503.9386,-0.0,-9.8066,9.8066,inf,2.0,0.3431,0.0003,0.0,0.0,0.0041,700.0,231256439.36,231.2564
221.0,Akash_Class,TERMINAL,118581.5397,118.5815,137745.3463,137.7453,815.9036,2937.2529,815.9036,637.7919,-508.8419,-0.0,-9.8066,9.8066,inf,2.0,0.3562,0.0004,0.0,0.0,0.0043,700.0,232994534.9,232.9945
221.5,Akash_Class,TERMINAL,118324.667,118.3247,138064.2423,138.0642,818.9705,2948.2939,818.9705,637.7919,-513.7452,-0.0,-9.8066,9.8066,inf,2.0,0.3698,0.0004,0.0,0.0,0.0044,700.0,234749460.19,234.7495
222.0,Akash_Class,TERMINAL,118065.3428,118.0653,138383.1383,138.3831,822.0553,2959.399,822.0553,637.7919,-518.6486,-0.0,-9.8066,9.8066,inf,2.0,0.3842,0.0004,0.0,0.0,0.0046,700.0,236521215.21,236.5212
222.5,Akash_Class,TERMINAL,117803.5668,117.8036,138702.0342,138.702,825.1576,2970.5675,825.1576,637.7919,-523.5519,-0.0,-9.8066,9.8066,inf,2.0,0.3992,0.0004,0.0,0.0,0.0048,700.0,238309799.97,238.3098
223.0,Akash_Class,TERMINAL,117539.3392,117.5393,139020.9302,139.0209,828.2774,2981.7987,828.2774,637.7919,-528.4552,-0.0,-9.8066,9.8066,inf,2.0,0.4149,0.0004,0.0,0.0,0.005,700.0,240115214.45,240.1152
223.5,Akash_Class,TERMINAL,117272.6599,117.2727,139339.8262,139.3398,831.4144,2993.0918,831.4144,637.7919,-533.3585,-0.0,-9.8066,9.8066,inf,2.0,0.4314,0.0004,0.0,0.0,0.0052,700.0,241937458.66,241.9375
224.0,Akash_Class,TERMINAL,117003.529,117.0035,139658.7221,139.6587,834.5684,3004.4462,834.5684,637.7919,-538.2619,-0.0,-9.8066,9.8066,inf,2.0,0.4487,0.0004,0.0,0.0,0.0054,700.0,243776532.59,243.7765
224.5,Akash_Class,TERMINAL,116731.9464,116.7319,139977.6181,139.9776,837.7392,3015.8611,837.7392,637.7919,-543.1652,-0.0,-9.8066,9.8066,inf,2.0,0.4667,0.0005,0.0,0.0,0.0056,700.0,245632436.23,245.6324
225.0,Akash_Class,TERMINAL,116457.9122,116.4579,140296.514,140.2965,840.9266,3027.3359,840.9266,637.7919,-548.0685,-0.0,-9.8066,9.8066,inf,2.0,0.4857,0.0005,0.0,0.0,0.0058,700.0,247505169.58,247.5052
225.5,Akash_Class,TERMINAL,116181.4262,116.1814,140615.41,140.6154,844.1305,3038.87,844.1305,637.7919,-552.9718,-0.0,-9.8066,9.8066,inf,2.0,0.5056,0.0005,0.0,0.0,0.0061,700.0,249394732.63,249.3947
226.0,Akash_Class,TERMINAL,115902.4887,115.9025,140934.306,140.9343,847.3507,3050.4625,847.3507,637.7919,-557.8752,-0.0,-9.8066,9.8066,inf,2.0,0.5265,0.0005,0.0,0.0,0.0063,700.0,251301125.38,251.3011
226.5,Akash_Class,TERMINAL,115621.0994,115.6211,141253.2019,141.2532,850.5869,3062.113,850.5869,637.7919,-562.7785,-0.0,-9.8066,9.8066,inf,2.0,0.5484,0.0005,0.0,0.0,0.0066,700.0,253224347.82,253.2243
227.0,Akash_Class,TERMINAL,115337.2585,115.3373,141572.0979,141.5721,853.8391,3073.8206,853.8391,637.7919,-567.6818,-0.0,-9.8066,9.8066,inf,2.0,0.5713,0.0006,0.0,0.0,0.0069,700.0,255164399.95,255.1644
227.5,Akash_Class,TERMINAL,115050.966,115.051,141890.9938,141.891,857.1069,3085.5848,857.1069,637.7919,-572.5851,-0.0,-9.8066,9.8066,inf,2.0,0.5954,0.0006,0.0,0.0,0.0071,700.0,257121281.76,257.1213
228.0,Akash_Class,TERMINAL,114762.2218,114.7622,142209.8898,142.2099,860.3903,3097.405,860.3903,637.7919,-577.4884,-0.0,-9.8066,9.8066,inf,2.0,0.6207,0.0006,0.0,0.0,0.0074,700.0,259094993.23,259.095
228.5,Akash_Class,TERMINAL,114471.0259,114.471,142528.7857,142.5288,863.689,3109.2804,863.689,637.7919,-582.3918,-0.0,-9.8066,9.8066,inf,2.0,0.6473,0.0006,0.0,0.0,0.0078,700.0,261085534.37,261.0855
229.0,Akash_Class,TERMINAL,114177.3783,114.1774,142847.6817,142.8477,867.0029,3121.2104,867.0029,637.7919,-587.2951,-0.0,-9.8066,9.8066,inf,2.0,0.6752,0.0007,0.0,0.0,0.0081,700.0,263092905.16,263.0929
229.5,Akash_Class,TERMINAL,113881.2791,113.8813,143166.5776,143.1666,870.3318,3133.1945,870.3318,637.7919,-592.1984,-0.0,-9.8066,9.8066,inf,2.0,0.7045,0.0007,0.0,0.0,0.0085,700.0,265117105.6,265.1171
230.0,Akash_Class,TERMINAL,113582.7283,113.5827,143485.4736,143.4855,873.6755,3145.232,873.6755,637.7919,-597.1017,-0.0,-9.8066,9.8066,inf,2.0,0.7353,0.0007,0.0,0.0,0.0088,700.0,267158135.67,267.1581
230.5,Akash_Class,TERMINAL,113281.7258,113.2817,143804.3695,143.8044,877.034,3157.3222,877.034,637.7919,-602.005,-0.0,-9.8066,9.8066,inf,2.0,0.7677,0.0008,0.0,0.0,0.0092,700.0,269215995.37,269.216
231.0,Akash_Class,TERMINAL,112978.2716,112.9783,144123.2655,144.1233,880.4069,3169.4647,880.4069,637.7919,-606.9084,-0.0,-9.8066,9.8066,inf,2.0,0.8017,0.0008,0.0,0.0,0.0096,700.0,271290684.69,271.2907
231.5,Akash_Class,TERMINAL,112672.3657,112.6724,144442.1614,144.4422,883.7941,3181.6588,883.7941,637.7919,-611.8117,-0.0,-9.8066,9.8066,inf,2.0,0.8375,0.0008,0.0,0.0,0.0101,700.0,273382203.61,273.3822
232.0,Akash_Class,TERMINAL,112364.0082,112.364,144761.0573,144.7611,887.1955,3193.9038,887.1955,637.7919,-616.715,-0.0,-9.8066,9.8066,inf,2.0,0.8751,0.0009,0.0,0.0,0.0105,700.0,275490552.13,275.4906
232.5,Akash_Class,TERMINAL,112053.1991,112.0532,145079.9533,145.08,890.6109,3206.1993,890.6109,637.7919,-621.6183,-0.0,-9.8066,9.8066,inf,2.0,0.9147,0.0009,0.0,0.0,0.011,700.0,277615730.23,277.6157
233.0,Akash_Class,TERMINAL,111739.9382,111.7399,145398.8492,145.3988,894.0402,3218.5446,894.0402,637.7919,-626.5216,-0.0,-9.8066,9.8066,inf,2.0,0.9564,0.001,0.0,0.0,0.0115,700.0,279757737.9,279.7577
233.5,Akash_Class,TERMINAL,111424.2258,111.4242,145717.7451,145.7177,897.4831,3230.9392,897.4831,637.7919,-631.425,-0.0,-9.8066,9.8066,inf,2.0,1.0002,0.001,0.0,0.0,0.012,700.0,281916575.12,281.9166
234.0,Akash_Class,TERMINAL,111106.0616,111.1061,146036.641,146.0366,900.9396,3243.3825,900.9396,637.7918,-636.3283,-0.0,-9.8066,9.8066,inf,2.0,1.0464,0.001,0.0,0.0,0.0126,700.0,284092241.88,284.0922
234.5,Akash_Class,TERMINAL,110785.4458,110.7854,146355.537,146.3555,904.4094,3255.8739,904.4094,637.7918,-641.2316,-0.0,-9.8066,9.8066,inf,2.0,1.095,0.0011,0.0,0.0,0.0131,700.0,286284738.17,286.2847
235.0,Akash_Class,TERMINAL,110462.3784,110.4624,146674.4329,146.6744,907.8925,3268.4129,907.8925,637.7918,-646.1349,-0.0,-9.8066,9.8066,inf,2.0,1.1462,0.0011,0.0,0.0,0.0138,700.0,288494063.97,288.4941
235.5,Akash_Class,TERMINAL,110136.8592,110.1369,146993.3288,146.9933,911.3886,3280.999,911.3886,637.7918,-651.0382,-0.0,-9.8066,9.8066,inf,2.0,1.2002,0.0012,0.0,0.0,0.0144,700.0,290720219.26,290.7202
236.0,Akash_Class,TERMINAL,109808.8885,109.8089,147312.2247,147.3122,914.8977,3293.6316,914.8977,637.7918,-655.9416,-0.0,-9.8066,9.8066,inf,2.0,1.257,0.0013,0.0,0.0,0.0151,700.0,292963204.02,292.9632
236.5,Akash_Class,TERMINAL,109478.466,109.4785,147631.1206,147.6311,918.4195,3306.3101,918.4195,637.7918,-660.8449,-0.0,-9.8066,9.8066,inf,2.0,1.3169,0.0013,0.0,0.0,0.0158,700.0,295223018.24,295.223
237.0,Akash_Class,TERMINAL,109145.5919,109.1456,147950.0165,147.95,921.9539,3319.0341,921.9539,637.7918,-665.7482,-0.0,-9.8066,9.8066,inf,2.0,1.3801,0.0014,0.0,0.0,0.0166,700.0,297499661.89,297.4997
237.5,Akash_Class,TERMINAL,108810.2662,108.8103,148268.9124,148.2689,925.5008,3331.803,925.5008,637.7918,-670.6515,-0.0,-9.8066,9.8066,inf,2.0,1.4467,0.0014,0.0,0.0,0.0174,700.0,299793134.95,299.7931
238.0,Akash_Class,TERMINAL,108472.4888,108.4725,148587.8083,148.5878,929.0601,3344.6164,929.0601,637.7918,-675.5548,-0.0,-9.8066,9.8066,inf,2.0,1.5169,0.0015,0.0,0.0,0.0182,700.0,302103437.39,302.1034
238.5,Akash_Class,TERMINAL,108132.2597,108.1323,148906.7042,148.9067,932.6316,3357.4736,932.6316,637.7918,-680.4581,-0.0,-9.8066,9.8066,inf,2.0,1.591,0.0016,0.0,0.0,0.0191,700.0,304430569.2,304.4306
239.0,Akash_Class,TERMINAL,107789.579,107.7896,149225.6001,149.2256,936.2151,3370.3743,936.2151,637.7918,-685.3615,-0.0,-9.8066,9.8066,inf,2.0,1.6692,0.0017,0.0,0.0,0.02,700.0,306774530.35,306.7745
239.5,Akash_Class,TERMINAL,107444.4466,107.4444,149544.4959,149.5445,939.8105,3383.3178,939.8105,637.7918,-690.2648,-0.0,-9.8066,9.8066,inf,2.0,1.7518,0.0018,0.0,0.0,0.021,700.0,309135320.8,309.1353
240.0,Akash_Class,TERMINAL,107096.8626,107.0969,149863.3918,149.8634,943.4177,3396.3038,943.4177,637.7917,-695.1681,-0.0,-9.8066,9.8066,inf,2.0,1.8389,0.0018,0.0,0.0,0.0221,700.0,311512940.53,311.5129
240.5,Akash_Class,TERMINAL,106746.8269,106.7468,150182.2877,150.1823,947.0366,3409.3316,947.0366,637.7917,-700.0714,-0.0,-9.8066,9.8066,inf,2.0,1.931,0.0019,0.0,0.0,0.0232,700.0,313907389.5,313.9074
241.0,Akash_Class,TERMINAL,106394.3395,106.3943,150501.1836,150.5012,950.6669,3422.401,950.6669,637.7917,-704.9747,-0.0,-9.8066,9.8066,inf,2.0,2.0282,0.002,0.0,0.0,0.0243,700.0,316318667.69,316.3187
241.5,Akash_Class,TERMINAL,106039.4005,106.0394,150820.0794,150.8201,954.3087,3435.5113,954.3087,637.7917,-709.878,-0.0,-9.8066,9.8066,inf,2.0,2.1309,0.0021,0.0,0.0,0.0256,700.0,318746775.06,318.7468
242.0,Akash_Class,TERMINAL,105682.0098,105.682,151138.9753,151.139,957.9617,3448.6621,957.9617,637.7917,-714.7813,-0.0,-9.8066,9.8066,inf,2.0,2.2395,0.0022,0.0,0.0,0.0269,700.0,321191711.56,321.1917
242.5,Akash_Class,TERMINAL,105322.1675,105.3222,151457.8711,151.4579,961.6258,3461.853,961.6258,637.7917,-719.6846,-0.0,-9.8066,9.8066,inf,2.0,2.3542,0.0024,0.0,0.0,0.0283,700.0,323653477.16,323.6535
243.0,Akash_Class,TERMINAL,104959.8735,104.9599,151776.7669,151.7768,965.3009,3475.0834,965.3009,637.7917,-724.5879,-0.0,-9.8066,9.8066,inf,2.0,2.4755,0.0025,0.0,0.0,0.0297,700.0,326132071.82,326.1321
243.5,Akash_Class,TERMINAL,104595.1279,104.5951,152095.6628,152.0957,968.9869,3488.353,968.9869,637.7917,-729.4913,-0.0,-9.8066,9.8066,inf,2.0,2.6038,0.0026,0.0,0.0,0.0312,700.0,328627495.48,328.6275
244.0,Akash_Class,TERMINAL,104227.9306,104.2279,152414.5586,152.4146,972.6837,3501.6613,972.6837,637.7916,-734.3946,-0.0,-9.8066,9.8066,inf,2.0,2.7396,0.0027,0.0,0.0,0.0329,700.0,331139748.1,331.1397
244.5,Akash_Class,TERMINAL,103858.2817,103.8583,152733.4544,152.7335,976.3911,3515.0078,976.3911,637.7916,-739.2979,-0.0,-9.8066,9.8066,inf,2.0,2.8832,0.0029,0.0,0.0,0.0346,700.0,333668829.63,333.6688
245.0,Akash_Class,TERMINAL,103486.1811,103.4862,153052.3502,153.0524,980.1089,3528.3922,980.1089,637.7916,-744.2012,-0.0,-9.8066,9.8066,inf,2.0,3.0352,0.003,0.0,0.0,0.0364,700.0,336214740.01,336.2147
245.5,Akash_Class,TERMINAL,103111.6289,103.1116,153371.246,153.3712,983.8372,3541.814,983.8372,637.7916,-749.1045,-0.0,-9.8066,9.8066,inf,2.0,3.1961,0.0032,0.0,0.0,0.0384,700.0,338777479.18,338.7775
246.0,Akash_Class,TERMINAL,102734.625,102.7346,153690.1418,153.6901,987.5757,3555.2727,987.5757,637.7916,-754.0078,-0.0,-9.8066,9.8066,inf,2.0,3.3665,0.0034,0.0,0.0,0.0404,700.0,341357047.08,341.357
246.5,Akash_Class,TERMINAL,102355.1694,102.3552,154009.0376,154.009,991.3244,3568.7679,991.3244,637.7916,-758.9111,-0.0,-9.8066,9.8066,inf,2.0,3.547,0.0035,0.0,0.0,0.0426,700.0,343953443.63,343.9534
247.0,Akash_Class,TERMINAL,101973.2622,101.9733,154327.9334,154.3279,995.0832,3582.2994,995.0832,637.7915,-763.8144,-0.0,-9.8066,9.8066,inf,2.0,3.7382,0.0037,0.0,0.0,0.0449,700.0,346566668.78,346.5667
247.5,Akash_Class,TERMINAL,101588.9034,101.5889,154646.8291,154.6468,998.8518,3595.8665,998.8518,637.7915,-768.7177,-0.0,-9.8066,9.8066,inf,2.0,3.9407,0.0039,0.0,0.0,0.0473,700.0,349196722.44,349.1967
248.0,Akash_Class,TERMINAL,101202.0929,101.2021,154965.7249,154.9657,1002.6303,3609.4689,1002.6303,637.7915,-773.621,-0.0,-9.8066,9.8066,inf,2.0,4.1555,0.0042,0.0,0.0,0.0499,700.0,351843604.53,351.8436
248.5,Akash_Class,TERMINAL,100812.8307,100.8128,155284.6206,155.2846,1006.4184,3623.1063,1006.4184,637.7915,-778.5243,-0.0,-9.8066,9.8066,inf,2.0,4.3831,0.0044,0.0,0.0,0.0526,700.0,354507314.95,354.5073
249.0,Akash_Class,TERMINAL,100421.1169,100.4211,155603.5163,155.6035,1010.2162,3636.7782,1010.2162,637.7915,-783.4276,-0.0001,-9.8066,9.8066,inf,2.0,4.6246,0.0046,0.0,0.0,0.0555,700.0,357187853.63,357.1879
249.5,Akash_Class,TERMINAL,100026.9515,100.027,155922.4121,155.9224,1014.0234,3650.4843,1014.0234,637.7914,-788.3309,-0.0001,-9.8066,9.8066,inf,2.0,4.8807,0.0049,0.0,0.0,0.0586,700.0,359885220.46,359.8852
250.0,Akash_Class,TERMINAL,99630.3344,99.6303,156241.3078,156.2413,1017.84,3664.2241,1017.84,637.7914,-793.2342,-0.0001,-9.8066,9.8066,inf,2.0,5.1524,0.0052,0.0,0.0,0.0618,700.0,362599415.32,362.5994
250.5,Akash_Class,TERMINAL,99231.2657,99.2313,156560.2034,156.5602,1021.6659,3677.9973,1021.6659,637.7914,-798.1375,-0.0001,-9.8066,9.8066,inf,2.0,5.4407,0.0054,0.0,0.0,0.0653,700.0,365330438.12,365.3304
251.0,Akash_Class,TERMINAL,98829.7453,98.8297,156879.0991,156.8791,1025.501,3691.8035,1025.501,637.7913,-803.0408,-0.0001,-9.8066,9.8066,inf,2.0,5.7468,0.0057,0.0,0.0,0.069,700.0,368078288.72,368.0783
251.5,Akash_Class,TERMINAL,98425.7733,98.4258,157197.9948,157.198,1029.3451,3705.6424,1029.3451,637.7913,-807.944,-0.0001,-9.8066,9.8066,inf,2.0,6.0718,0.0061,0.0,0.0,0.0729,700.0,370842967.0,370.843
252.0,Akash_Class,TERMINAL,98019.3496,98.0193,157516.8904,157.5169,1033.1982,3719.5135,1033.1982,637.7913,-812.8473,-0.0001,-9.8066,9.8066,inf,2.0,6.4169,0.0064,0.0,0.0,0.077,700.0,373624472.82,373.6245
252.5,Akash_Class,TERMINAL,97610.4743,97.6105,157835.786,157.8358,1037.0601,3733.4165,1037.0601,637.7912,-817.7506,-0.0001,-9.8066,9.8066,inf,2.0,6.7835,0.0068,0.0,0.0,0.0814,700.0,376422806.02,376.4228
253.0,Akash_Class,TERMINAL,97199.1474,97.1991,158154.6817,158.1547,1040.9309,3747.3511,1040.9309,637.7912,-822.6539,-0.0001,-9.8066,9.8066,inf,2.0,7.1731,0.0072,0.0,0.0,0.0861,700.0,379237966.46,379.238
253.5,Akash_Class,TERMINAL,96785.3688,96.7854,158473.5772,158.4736,1044.8102,3761.3169,1044.8102,637.7912,-827.5572,-0.0001,-9.8065,9.8065,inf,2.0,7.5872,0.0076,0.0,0.0,0.091,700.0,382069953.95,382.07
254.0,Akash_Class,TERMINAL,96369.1386,96.3691,158792.4728,158.7925,1048.6982,3775.3135,1048.6982,637.7911,-832.4604,-0.0001,-9.8065,9.8065,inf,2.0,8.0274,0.008,0.0,0.0,0.0963,700.0,384918768.32,384.9188
254.5,Akash_Class,TERMINAL,95950.4567,95.9505,159111.3684,159.1114,1052.5946,3789.3407,1052.5946,637.7911,-837.3637,-0.0001,-9.8065,9.8065,inf,2.0,8.4955,0.0085,0.0,0.0,0.1019,700.0,387784409.38,387.7844
255.0,Akash_Class,TERMINAL,95529.3232,95.5293,159430.2639,159.4303,1056.4994,3803.398,1056.4994,637.7911,-842.267,-0.0001,-9.8065,9.8065,inf,2.0,8.9933,0.009,0.0,0.0,0.1079,700.0,390666876.9,390.6669
255.5,Akash_Class,TERMINAL,95105.7381,95.1057,159749.1594,159.7492,1060.4125,3817.4852,1060.4125,637.791,-847.1702,-0.0001,-9.8065,9.8065,inf,2.0,9.523,0.0095,0.0,0.0,0.1143,700.0,393566170.69,393.5662
256.0,Akash_Class,TERMINAL,94679.7014,94.6797,160068.0549,160.0681,1064.3338,3831.6019,1064.3338,637.791,-852.0735,-0.0001,-9.8065,9.8065,inf,2.0,10.0867,0.0101,0.0,0.0,0.121,700.0,396482290.48,396.4823
256.5,Akash_Class,TERMINAL,94251.213,94.2512,160386.9503,160.387,1068.2633,3845.7477,1068.2633,637.7909,-856.9768,-0.0001,-9.8065,9.8065,inf,2.0,10.6866,0.0107,0.0,0.0,0.1282,700.0,399415236.03,399.4152
257.0,Akash_Class,TERMINAL,93820.273,93.8203,160705.8457,160.7058,1072.2007,3859.9225,1072.2007,637.7908,-861.88,-0.0001,-9.8065,9.8065,inf,2.0,11.3254,0.0113,0.0,0.0,0.1359,700.0,402365007.06,402.365
257.5,Akash_Class,TERMINAL,93386.8814,93.3869,161024.7411,161.0247,1076.146,3874.1257,1076.146,637.7908,-866.7832,-0.0001,-9.8065,9.8065,inf,2.0,12.0057,0.012,0.0,0.0,0.1441,700.0,405331603.28,405.3316
258.0,Akash_Class,TERMINAL,92951.0381,92.951,161343.6365,161.3436,1080.0992,3888.3572,1080.0992,637.7907,-871.6865,-0.0001,-9.8065,9.8065,inf,2.0,12.7304,0.0127,0.0,0.0,0.1528,700.0,408315024.37,408.315
258.5,Akash_Class,TERMINAL,92512.7433,92.5127,161662.5318,161.6625,1084.0602,3902.6167,1084.0602,637.7907,-876.5897,-0.0001,-9.8065,9.8065,inf,2.0,13.5026,0.0135,0.0,0.0,0.162,700.0,411315269.99,411.3153
259.0,Akash_Class,TERMINAL,92071.9968,92.072,161981.4271,161.9814,1088.0288,3916.9037,1088.0288,637.7906,-881.493,-0.0001,-9.8065,9.8065,inf,2.0,14.3255,0.0143,0.0,0.0,0.1719,700.0,414332339.78,414.3323
259.5,Akash_Class,TERMINAL,91628.7987,91.6288,162300.3224,162.3003,1092.005,3931.2181,1092.005,637.7905,-886.3962,-0.0002,-9.8064,9.8064,inf,2.0,15.2028,0.0152,0.0,0.0,0.1824,700.0,417366233.36,417.3662
260.0,Akash_Class,TERMINAL,91183.149,91.1831,162619.2176,162.6192,1095.9887,3945.5594,1095.9887,637.7904,-891.2994,-0.0002,-9.8064,9.8064,inf,2.0,16.1382,0.0161,0.0,0.0,0.1937,700.0,420416950.3,420.417
260.5,Akash_Class,TERMINAL,90735.0477,90.735,162938.1128,162.9381,1099.9799,3959.9275,1099.9799,637.7904,-896.2026,-0.0002,-9.8064,9.8064,inf,2.0,17.1359,0.0171,0.0,0.0,0.2056,700.0,423484490.16,423.4845
261.0,Akash_Class,TERMINAL,90284.4948,90.2845,163257.0079,163.257,1103.9783,3974.322,1103.9783,637.7903,-901.1058,-0.0002,-9.8064,9.8064,inf,2.0,18.2003,0.0182,0.0,0.0,0.2184,700.0,426568852.45,426.5689
261.5,Akash_Class,TERMINAL,89831.4903,89.8315,163575.903,163.5759,1107.9841,3988.7426,1107.9841,637.7902,-906.009,-0.0002,-9.8064,9.8064,inf,2.0,19.3362,0.0193,0.0,0.0,0.232,700.0,429670036.67,429.67
262.0,Akash_Class,TERMINAL,89376.0341,89.376,163894.7981,163.8948,1111.997,4003.1891,1111.997,637.7901,-910.9122,-0.0002,-9.8064,9.8064,inf,2.0,20.5486,0.0205,0.0,0.0,0.2466,700.0,432788042.24,432.788
262.5,Akash_Class,TERMINAL,88918.1264,88.9181,164213.6931,164.2137,1116.017,4017.6611,1116.017,637.79,-915.8154,-0.0002,-9.8063,9.8063,inf,2.0,21.843,0.0218,0.0,0.0,0.2621,700.0,435922868.58,435.9229
263.0,Akash_Class,TERMINAL,88457.7672,88.4578,164532.588,164.5326,1120.044,4032.1585,1120.044,637.7899,-920.7186,-0.0002,-9.8063,9.8063,inf,2.0,23.2253,0.0232,0.0,0.0,0.2787,700.0,439074515.05,439.0745
263.5,Akash_Class,TERMINAL,87994.9563,87.995,164851.4829,164.8515,1124.078,4046.6808,1124.078,637.7898,-925.6217,-0.0002,-9.8063,9.8063,inf,2.0,24.702,0.0247,0.0,0.0,0.2964,700.0,442242980.96,442.243
264.0,Akash_Class,TERMINAL,87529.6939,87.5297,165170.3777,165.1704,1128.1189,4061.2279,1128.1189,637.7897,-930.5249,-0.0003,-9.8063,9.8063,inf,2.0,26.2797,0.0263,0.0,0.0,0.3154,700.0,445428265.57,445.4283
264.5,Akash_Class,TERMINAL,87061.9799,87.062,165489.2725,165.4893,1132.1665,4075.7995,1132.1665,637.7895,-935.428,-0.0003,-9.8063,9.8063,inf,2.0,27.9659,0.028,0.0,0.0,0.3356,700.0,448630368.07,448.6304
265.0,Akash_Class,TERMINAL,86591.8143,86.5918,165808.1672,165.8082,1136.2209,4090.3953,1136.2209,637.7894,-940.3311,-0.0003,-9.8062,9.8062,inf,2.0,29.7684,0.0298,0.0,0.0,0.3572,700.0,451849287.62,451.8493
265.5,Akash_Class,TERMINAL,86119.1972,86.1192,166127.0618,166.1271,1140.2819,4105.015,1140.2819,637.7893,-945.2343,-0.0003,-9.8062,9.8062,inf,2.0,31.6958,0.0317,0.0,0.0,0.3803,700.0,455085023.3,455.085
266.0,Akash_Class,TERMINAL,85644.1285,85.6441,166445.9564,166.446,1144.3496,4119.6584,1144.3496,637.7891,-950.1374,-0.0003,-9.8062,9.8062,inf,2.0,33.7573,0.0338,0.0,0.0,0.4051,700.0,458337574.11,458.3376
266.5,Akash_Class,TERMINAL,85166.6083,85.1666,166764.8509,166.7649,1148.4237,4134.3253,1148.4237,637.7889,-955.0404,-0.0003,-9.8061,9.8061,inf,1.9999,35.9628,0.036,0.0,0.0,0.4316,700.0,461606938.98,461.6069
267.0,Akash_Class,TERMINAL,84686.6365,84.6866,167083.7452,167.0837,1152.5043,4149.0153,1152.5043,637.7888,-959.9435,-0.0004,-9.8061,9.8061,inf,1.9999,38.3228,0.0383,0.0,0.0,0.4599,700.0,464893116.77,464.8931
267.5,Akash_Class,TERMINAL,84204.2132,84.2042,167402.6395,167.4026,1156.5912,4163.7283,1156.5912,637.7886,-964.8466,-0.0004,-9.8061,9.8061,inf,1.9999,40.8489,0.0408,0.0,0.0,0.4902,700.0,468196106.23,468.1961
268.0,Akash_Class,TERMINAL,83719.3384,83.7193,167721.5337,167.7215,1160.6844,4178.4639,1160.6844,637.7884,-969.7496,-0.0004,-9.806,9.806,inf,1.9999,43.5535,0.0436,0.0,0.0,0.5226,700.0,471515906.04,471.5159
268.5,Akash_Class,TERMINAL,83232.0121,83.232,168040.4278,168.0404,1164.7839,4193.2219,1164.7839,637.7882,-974.6526,-0.0004,-9.806,9.806,inf,1.9999,46.4499,0.0464,0.0,0.0,0.5574,700.0,474852514.76,474.8525
269.0,Akash_Class,TERMINAL,82742.2343,82.7422,168359.3218,168.3593,1168.8895,4208.0022,1168.8895,637.788,-979.5556,-0.0005,-9.8059,9.8059,inf,1.9999,49.5525,0.0496,0.0,0.0,0.5946,700.0,478205930.84,478.2059
269.5,Akash_Class,TERMINAL,82250.0051,82.25,168678.2157,168.6782,1173.0012,4222.8044,1173.0012,637.7877,-984.4586,-0.0005,-9.8059,9.8059,inf,1.9999,52.8768,0.0529,0.0,0.0,0.6345,700.0,481576152.61,481.5762
270.0,Akash_Class,TERMINAL,81755.3243,81.7553,168997.1094,168.9971,1177.119,4237.6283,1177.119,637.7875,-989.3615,-0.0005,-9.8058,9.8058,inf,1.9999,56.4396,0.0564,0.0,0.0,0.6773,700.0,484963178.27,484.9632
270.5,Akash_Class,TERMINAL,81258.1921,81.2582,169316.003,169.316,1181.2427,4252.4737,1181.2427,637.7872,-994.2644,-0.0006,-9.8058,9.8058,inf,1.9999,60.2589,0.0603,0.0,0.0,0.7231,700.0,488367005.89,488.367
271.0,Akash_Class,TERMINAL,80758.6084,80.7586,169634.8965,169.6349,1185.3723,4267.3403,1185.3723,637.7869,-999.1673,-0.0006,-9.8057,9.8057,inf,1.9999,64.3544,0.0644,0.0,0.0,0.7723,700.0,491787633.37,491.7876
271.5,Akash_Class,TERMINAL,80256.5733,80.2566,169953.7898,169.9538,1189.5078,4282.228,1189.5078,637.7867,-1004.0702,-0.0006,-9.8057,9.8057,inf,1.9999,68.747,0.0687,0.0,0.0,0.825,700.0,495225058.44,495.2251
272.0,Akash_Class,TERMINAL,79752.0868,79.7521,170272.683,170.2727,1193.649,4297.1364,1193.649,637.7863,-1008.973,-0.0007,-9.8056,9.8056,inf,1.9999,73.4596,0.0735,0.0,0.0,0.8815,700.0,498679278.68,498.6793
272.5,Akash_Class,TERMINAL,79245.1489,79.2451,170591.576,170.5916,1197.7959,4312.0654,1197.7959,637.786,-1013.8758,-0.0007,-9.8055,9.8055,inf,1.9999,78.5167,0.0785,0.0,0.0,0.9422,700.0,502150291.45,502.1503
273.0,Akash_Class,TERMINAL,78735.7597,78.7358,170910.4688,170.9105,1201.9485,4327.0147,1201.9485,637.7856,-1018.7786,-0.0008,-9.8054,9.8054,inf,1.9999,83.945,0.0839,0.0,0.0,1.0073,700.0,505638093.91,505.6381
273.5,Akash_Class,TERMINAL,78223.919,78.2239,171229.3614,171.2294,1206.1067,4341.9841,1206.1067,637.7853,-1023.6813,-0.0008,-9.8053,9.8053,inf,1.9999,89.7731,0.0898,0.0,0.0,1.0773,700.0,509142682.99,509.1427
274.0,Akash_Class,TERMINAL,77709.6271,77.7096,171548.2539,171.5483,1210.2704,4356.9734,1210.2704,637.7849,-1028.5839,-0.0009,-9.8053,9.8053,inf,1.9999,96.0321,0.096,0.0,0.0,1.1524,700.0,512664055.37,512.6641
274.5,Akash_Class,TERMINAL,77192.8838,77.1929,171867.1461,171.8671,1214.4396,4371.9824,1214.4396,637.7844,-1033.4866,-0.0009,-9.8052,9.8052,inf,1.9998,102.7557,0.1028,0.0,0.0,1.2331,700.0,516202207.48,516.2022
275.0,Akash_Class,TERMINAL,76673.6892,76.6737,172186.0381,172.186,1218.6141,4387.0109,1218.6141,637.784,-1038.3891,-0.001,-9.805,9.805,inf,1.9998,109.98,0.11,0.0,0.0,1.3198,700.0,519757135.44,519.7571
275.5,Akash_Class,TERMINAL,76152.0434,76.152,172504.9298,172.5049,1222.794,4402.0585,1222.794,637.7835,-1043.2917,-0.0011,-9.8049,9.8049,inf,1.9998,117.7445,0.1177,0.0,0.0,1.4129,700.0,523328835.06,523.3288
276.0,Akash_Class,TERMINAL,75627.9463,75.6279,172823.8213,172.8238,1226.9792,4417.1252,1226.9792,637.7829,-1048.1941,-0.0011,-9.8048,9.8048,inf,1.9998,126.0917,0.1261,0.0,0.0,1.5131,700.0,526917301.82,526.9173
276.5,Akash_Class,TERMINAL,75101.398,75.1014,173142.7125,173.1427,1231.1696,4432.2107,1231.1696,637.7824,-1053.0965,-0.0012,-9.8047,9.8047,inf,1.9998,135.0675,0.1351,0.0,0.0,1.6208,700.0,530522530.82,530.5225
277.0,Akash_Class,TERMINAL,74572.3986,74.5724,173461.6033,173.4616,1235.3652,4447.3147,1235.3652,637.7818,-1057.9989,-0.0013,-9.8045,9.8045,inf,1.9998,144.7219,0.1447,0.0,0.0,1.7367,700.0,534144516.77,534.1445
277.5,Akash_Class,TERMINAL,74040.948,74.0409,173780.4939,173.7805,1239.5659,4462.4372,1239.5659,637.7811,-1062.9011,-0.0014,-9.8044,9.8044,inf,1.9998,155.1088,0.1551,0.0,0.0,1.8613,700.0,537783253.92,537.7833
278.0,Akash_Class,TERMINAL,73507.0464,73.507,174099.3841,174.0994,1243.7716,4477.5778,1243.7716,637.7805,-1067.8033,-0.0015,-9.8042,9.8042,inf,1.9998,166.2867,0.1663,0.0,0.0,1.9954,700.0,541438736.08,541.4387
278.5,Akash_Class,TERMINAL,72970.6937,72.9707,174418.274,174.4183,1247.9823,4492.7364,1247.9823,637.7797,-1072.7054,-0.0016,-9.804,9.804,inf,1.9997,178.3188,0.1783,0.0,0.0,2.1398,700.0,545110956.53,545.111
279.0,Akash_Class,TERMINAL,72431.89,72.4319,174737.1635,174.7372,1252.198,4507.9127,1252.198,637.7789,-1077.6074,-0.0017,-9.8038,9.8038,inf,1.9997,191.2738,0.1913,0.0,0.0,2.2953,700.0,548799907.99,548.7999
279.5,Akash_Class,TERMINAL,71890.6353,71.8906,175056.0525,175.0561,1256.4185,4523.1065,1256.4185,637.7781,-1082.5093,-0.0018,-9.8036,9.8036,inf,1.9997,205.2262,0.2052,0.0,0.0,2.4627,700.0,552505582.58,552.5056
280.0,Akash_Class,TERMINAL,71346.9297,71.3469,175374.9411,175.3749,1260.6438,4538.3177,1260.6438,637.7772,-1087.4111,-0.0019,-9.8034,9.8034,inf,1.9997,220.2565,0.2203,0.0,0.0,2.6431,700.0,556227971.76,556.228
280.5,Akash_Class,TERMINAL,70800.7733,70.8008,175693.8292,175.6938,1264.8739,4553.5459,1264.8739,637.7763,-1092.3128,-0.002,-9.8031,9.8031,inf,1.9996,236.4523,0.2365,0.0,0.0,2.8374,700.0,559967066.28,559.9671
281.0,Akash_Class,TERMINAL,70252.1661,70.2522,176012.7169,176.0127,1269.1086,4568.7911,1269.1086,637.7752,-1097.2144,-0.0022,-9.8029,9.8029,inf,1.9996,253.9083,0.2539,0.0,0.0,3.0469,700.0,563722856.1,563.7229
281.5,Akash_Class,TERMINAL,69701.1082,69.7011,176331.6039,176.3316,1273.348,4584.0529,1273.348,637.7741,-1102.1159,-0.0023,-9.8026,9.8026,inf,1.9996,272.7275,0.2727,0.0,0.0,3.2727,700.0,567495330.36,567.4953
282.0,Akash_Class,TERMINAL,69147.5996,69.1476,176650.4904,176.6505,1277.592,4599.3313,1277.592,637.773,-1107.0172,-0.0025,-9.8023,9.8023,inf,1.9996,293.0217,0.293,0.0,0.0,3.5163,700.0,571284477.25,571.2845
282.5,Akash_Class,TERMINAL,68591.6404,68.5916,176969.3763,176.9694,1281.8405,4614.6258,1281.8405,637.7717,-1111.9183,-0.0027,-9.802,9.802,inf,1.9995,314.912,0.3149,0.0,0.0,3.7789,700.0,575090283.97,575.0903
283.0,Akash_Class,TERMINAL,68033.2308,68.0332,177288.2615,177.2883,1286.0935,4629.9365,1286.0935,637.7704,-1116.8193,-0.0029,-9.8016,9.8016,inf,1.9995,338.5302,0.3385,0.0,0.0,4.0624,700.0,578912736.65,578.9127
283.5,Akash_Class,TERMINAL,67472.3707,67.4724,177607.1459,177.6071,1290.3508,4645.2629,1290.3508,637.7689,-1121.7201,-0.0031,-9.8012,9.8012,inf,1.9994,364.0192,0.364,0.0,0.0,4.3682,700.0,582751820.21,582.7518
284.0,Akash_Class,TERMINAL,66909.0604,66.9091,177926.0296,177.926,1294.6125,4660.6049,1294.6125,637.7674,-1126.6207,-0.0033,-9.8008,9.8008,inf,1.9994,391.5342,0.3915,0.0,0.0,4.6984,700.0,586607518.29,586.6075
284.5,Akash_Class,TERMINAL,66343.2998,66.3433,178244.9125,178.2449,1298.8784,4675.9624,1298.8784,637.7657,-1131.5211,-0.0035,-9.8004,9.8004,inf,1.9994,421.2441,0.4212,0.0,0.0,5.0549,700.0,590479813.13,590.4798
285.0,Akash_Class,TERMINAL,65775.0892,65.7751,178563.7945,178.5638,1303.1486,4691.3349,1303.1486,637.764,-1136.4213,-0.0038,-9.7999,9.7999,inf,1.9993,453.3322,0.4533,0.0,0.0,5.44,700.0,594368685.44,594.3687
285.5,Akash_Class,TERMINAL,65204.4285,65.2044,178882.6755,178.8827,1307.4229,4706.7224,1307.4229,637.7621,-1141.3212,-0.0041,-9.7993,9.7993,inf,1.9993,487.9978,0.488,0.0,0.0,5.856,700.0,598274114.24,598.2741
286.0,Akash_Class,TERMINAL,64631.3181,64.6313,179201.5555,179.2016,1311.7013,4722.1246,1311.7013,637.76,-1146.2209,-0.0044,-9.7988,9.7988,inf,1.9992,525.4577,0.5255,0.0,0.0,6.3055,700.0,602196076.77,602.1961
286.5,Akash_Class,TERMINAL,64055.7579,64.0558,179520.4344,179.5204,1315.9837,4737.5412,1315.9837,637.7578,-1151.1203,-0.0047,-9.7982,9.7982,inf,1.9991,565.9476,0.5659,0.0,0.0,6.7914,700.0,606134548.26,606.1345
287.0,Akash_Class,TERMINAL,63477.7482,63.4777,179839.3122,179.8393,1320.27,4752.972,1320.27,637.7555,-1156.0194,-0.005,-9.7975,9.7975,inf,1.9991,609.724,0.6097,0.0,0.0,7.3167,700.0,610089501.8,610.0895
287.5,Akash_Class,TERMINAL,62897.2892,62.8973,180158.1887,180.1582,1324.5602,4768.4167,1324.5602,637.753,-1160.9181,-0.0054,-9.7968,9.7968,inf,1.999,657.0658,0.6571,0.0,0.0,7.8848,700.0,614060908.12,614.0609
288.0,Akash_Class,TERMINAL,62314.3809,62.3144,180477.0638,180.4771,1328.8542,4783.8752,1328.8542,637.7502,-1165.8165,-0.0058,-9.796,9.796,inf,1.9989,708.2766,0.7083,0.0,0.0,8.4993,700.0,618048735.38,618.0487
288.5,Akash_Class,TERMINAL,61729.0237,61.729,180795.9374,180.7959,1333.152,4799.347,1333.152,637.7473,-1170.7145,-0.0063,-9.7952,9.7952,inf,1.9988,763.6871,0.7637,0.0,0.0,9.1642,700.0,622052948.93,622.0529
289.0,Akash_Class,TERMINAL,61141.2176,61.1412,181114.8095,181.1148,1337.4533,4814.8321,1337.4533,637.7442,-1175.6121,-0.0067,-9.7942,9.7942,inf,1.9987,823.6572,0.8237,0.0,0.0,9.8839,700.0,626073511.09,626.0735
289.5,Akash_Class,TERMINAL,60550.963,60.551,181433.68,181.4337,1341.7583,4830.3299,1341.7583,637.7408,-1180.5092,-0.0072,-9.7932,9.7933,inf,1.9986,888.5788,0.8886,0.0,0.0,10.6629,700.0,630110380.82,630.1104
290.0,Akash_Class,TERMINAL,59958.2601,59.9583,181752.5486,181.7525,1346.0668,4845.8404,1346.0668,637.7372,-1185.4058,-0.0078,-9.7922,9.7922,inf,1.9985,958.879,0.9589,0.0,0.0,11.5065,700.0,634163513.43,634.1635
290.5,Akash_Class,TERMINAL,59363.1091,59.3631,182071.4152,182.0714,1350.3786,4861.3631,1350.3786,637.7333,-1190.3019,-0.0084,-9.791,9.791,inf,1.9984,1035.0232,1.035,0.0,0.0,12.4203,700.0,638232860.28,638.2329
291.0,Akash_Class,TERMINAL,58765.5104,58.7655,182390.2798,182.3903,1354.6938,4876.8977,1354.6938,637.7291,-1195.1974,-0.009,-9.7897,9.7898,inf,1.9983,1117.5183,1.1175,0.0,0.0,13.4102,700.0,642318368.36,642.3184
291.5,Akash_Class,TERMINAL,58165.4643,58.1655,182709.1421,182.7091,1359.0122,4892.444,1359.0122,637.7246,-1200.0923,-0.0097,-9.7884,9.7884,inf,1.9981,1206.9173,1.2069,0.0,0.0,14.483,700.0,646419979.93,646.42
292.0,Akash_Class,TERMINAL,57562.971,57.563,183028.002,183.028,1363.3338,4908.0015,1363.3338,637.7198,-1204.9865,-0.0105,-9.7869,9.7869,inf,1.998,1303.823,1.3038,0.0,0.0,15.6459,700.0,650537632.04,650.5376
292.5,Akash_Class,TERMINAL,56958.031,56.958,183346.8593,183.3469,1367.6583,4923.57,1367.6583,637.7145,-1209.8799,-0.0113,-9.7853,9.7853,inf,1.9978,1408.8928,1.4089,0.0,0.0,16.9067,700.0,654671256.09,654.6713
293.0,Akash_Class,TERMINAL,56350.6448,56.3506,183665.7137,183.6657,1371.9858,4939.1489,1371.9858,637.7089,-1214.7726,-0.0121,-9.7835,9.7835,inf,1.9976,1522.8441,1.5228,0.0,0.0,18.2741,700.0,658820777.27,658.8208
293.5,Akash_Class,TERMINAL,55740.8126,55.7408,183984.5651,183.9846,1376.3161,4954.738,1376.3161,637.7028,-1219.6643,-0.0131,-9.7816,9.7816,inf,1.9975,1646.4594,1.6465,0.0,0.0,19.7575,700.0,662986113.98,662.9861
294.0,Akash_Class,TERMINAL,55128.535,55.1285,184303.4133,184.3034,1380.6491,4970.3368,1380.6491,637.6963,-1224.5552,-0.0141,-9.7796,9.7796,inf,1.9972,1780.593,1.7806,0.0,0.0,21.3671,700.0,667167177.23,667.1672
294.5,Akash_Class,TERMINAL,54513.8125,54.5138,184622.2579,184.6223,1384.9847,4985.9447,1384.9847,637.6893,-1229.445,-0.0152,-9.7773,9.7773,inf,1.997,1926.1773,1.9262,0.0,0.0,23.1141,700.0,671363869.9,671.3639
295.0,Akash_Class,TERMINAL,53896.6457,53.8966,184941.0987,184.9411,1389.3226,5001.5615,1389.3226,637.6817,-1234.3336,-0.0164,-9.7749,9.7749,inf,1.9968,2084.2305,2.0842,0.0,0.0,25.0108,700.0,675576085.97,675.5761
295.5,Akash_Class,TERMINAL,53277.0352,53.277,185259.9355,185.2599,1393.6629,5017.1865,1393.6629,637.6735,-1239.2211,-0.0177,-9.7723,9.7723,inf,1.9965,2255.8648,2.2559,0.0,0.0,27.0704,700.0,679803709.75,679.8037
296.0,Akash_Class,TERMINAL,52654.9816,52.655,185578.7678,185.5788,1398.0053,5032.8192,1398.0053,637.6646,-1244.1072,-0.0191,-9.7694,9.7694,inf,1.9962,2442.2949,2.4423,0.0,0.0,29.3075,700.0,684046614.88,684.0466
296.5,Akash_Class,TERMINAL,52030.4856,52.0305,185897.5953,185.8976,1402.3497,5048.459,1402.3497,637.6551,-1248.9919,-0.0206,-9.7663,9.7663,inf,1.9959,2644.8484,2.6448,0.0,0.0,31.7382,700.0,688304663.34,688.3047
297.0,Akash_Class,TERMINAL,51403.5481,51.4035,186216.4177,186.2164,1406.6959,5064.1054,1406.6959,637.6447,-1253.875,-0.0223,-9.7629,9.7629,inf,1.9955,2864.976,2.865,0.0,0.0,34.3797,700.0,692577704.38,692.5777
297.5,Akash_Class,TERMINAL,50774.1698,50.7742,186535.2345,186.5352,1411.0438,5079.7575,1411.0438,637.6336,-1258.7565,-0.024,-9.7592,9.7592,inf,1.9952,3104.2637,3.1043,0.0,0.0,37.2512,700.0,696865573.25,696.8656
298.0,Akash_Class,TERMINAL,50142.3518,50.1424,186854.0453,186.854,1415.393,5095.4149,1415.393,637.6216,-1263.6361,-0.026,-9.7552,9.7552,inf,1.9948,3364.4457,3.3644,0.0,0.0,40.3733,700.0,701168089.89,701.1681
298.5,Akash_Class,TERMINAL,49508.095,49.5081,187172.8496,187.1728,1419.7435,5111.0766,1419.7435,637.6086,-1268.5136,-0.0281,-9.7508,9.7508,inf,1.9943,3647.4183,3.6474,0.0,0.0,43.769,700.0,705485057.46,705.4851
299.0,Akash_Class,TERMINAL,48871.4005,48.8714,187491.6469,187.4916,1424.095,5126.7419,1424.095,637.5946,-1273.389,-0.0304,-9.746,9.7461,inf,1.9938,3955.2563,3.9553,0.0,0.0,47.4631,700.0,709816260.71,709.8163
299.5,Akash_Class,TERMINAL,48232.2695,48.2323,187810.4365,187.8104,1428.4472,5142.4098,1428.4472,637.5794,-1278.262,-0.0328,-9.7408,9.7409,inf,1.9933,4290.2295,4.2902,0.0,0.0,51.4828,700.0,714161464.21,714.1615
300.0,Akash_Class,TERMINAL,47590.7032,47.5907,188129.218,188.1292,1432.7999,5158.0795,1432.7999,637.563,-1283.1325,-0.0355,-9.7352,9.7353,inf,1.9927,4654.8218,4.6548,0.0,0.0,55.8579,700.0,718520410.42,718.5204
300.5,Akash_Class,TERMINAL,46946.7032,46.9467,188447.9906,188.448,1437.1528,5173.7499,1437.1528,637.5452,-1288.0001,-0.0384,-9.729,9.7291,inf,1.9921,5051.7524,5.0518,0.0,0.0,60.621,700.0,722892817.52,722.8928
301.0,Akash_Class,TERMINAL,46300.2709,46.3003,188766.7536,188.7668,1441.5055,5189.4199,1441.5055,637.526,-1292.8646,-0.0416,-9.7223,9.7224,inf,1.9914,5483.9981,5.484,0.0,0.0,65.808,700.0,727278377.06,727.2784
301.5,Akash_Class,TERMINAL,45651.408,45.6514,189085.5063,189.0855,1445.8579,5205.0884,1445.8579,637.5052,-1297.7257,-0.045,-9.715,9.7151,inf,1.9907,5954.8185,5.9548,0.0,0.0,71.4578,700.0,731676751.4,731.6768
302.0,Akash_Class,TERMINAL,45000.1164,45.0001,189404.2476,189.4042,1450.2094,5220.7539,1450.2094,637.4827,-1302.5833,-0.0487,-9.7071,9.7072,inf,1.9899,6467.784,6.4678,0.0,0.0,77.6134,700.0,736087570.8,736.0876
302.5,Akash_Class,TERMINAL,44346.398,44.3464,189722.9768,189.723,1454.5598,5236.4151,1454.5598,637.4583,-1307.4368,-0.0528,-9.6984,9.6985,inf,1.989,7026.8056,7.0268,0.0,0.0,84.3217,700.0,740510430.36,740.5104
303.0,Akash_Class,TERMINAL,43690.255,43.6903,190041.6928,190.0417,1458.9085,5252.0705,1458.9085,637.4319,-1312.286,-0.0572,-9.6889,9.6891,36.5421,1.988,7636.1689,7.6362,0.0,0.0,91.634,700.0,744944886.5,744.9449
303.5,Akash_Class,TERMINAL,43031.6898,43.0317,190360.3944,190.3604,1463.2551,5267.7185,1463.2551,637.4033,-1317.1304,-0.062,-9.6786,9.6788,25.4125,1.987,8300.57,8.3006,0.0,0.0,99.6068,700.0,749390453.23,749.3905
304.0,Akash_Class,TERMINAL,42370.705,42.3707,190679.0806,190.6791,1467.5992,5283.3571,1467.5992,637.3724,-1321.9697,-0.0672,-9.6673,9.6675,20.6656,1.9858,9025.1567,9.0252,0.0,0.0,108.3019,700.0,753846597.96,753.8466
304.5,Akash_Class,TERMINAL,41707.3033,41.7073,190997.75,190.9977,1471.9402,5298.9846,1471.9402,637.3388,-1326.8033,-0.0729,-9.655,9.6552,17.8795,1.9846,9815.572,9.8156,0.0,0.0,117.7869,700.0,758312736.89,758.3127
305.0,Akash_Class,TERMINAL,41041.4879,41.0415,191316.4011,191.3164,1476.2774,5314.5986,1476.2774,637.3023,-1331.6308,-0.079,-9.6415,9.6419,15.9955,1.9832,10678.0037,10.678,0.0,0.0,128.136,700.0,762788229.98,762.7882
305.5,Akash_Class,TERMINAL,40373.2621,40.3733,191635.0326,191.635,1480.6103,5330.197,1480.6103,637.2628,-1336.4516,-0.0857,-9.6269,9.6272,14.6139,1.9817,11619.2372,11.6192,0.0,0.0,139.4308,700.0,767272375.42,767.2724
306.0,Akash_Class,TERMINAL,39702.6296,39.7026,191953.6425,191.9536,1484.9381,5345.7772,1484.9381,637.22,-1341.265,-0.093,-9.6108,9.6113,13.5455,1.9801,12646.7153,12.6467,0.0,0.0,151.7606,700.0,771764403.46,771.7644
306.5,Akash_Class,TERMINAL,39029.5943,39.0296,192272.2293,192.2722,1489.2601,5361.3363,1489.2601,637.1734,-1346.0704,-0.101,-9.5933,9.5938,12.6879,1.9783,13768.6021,13.7686,0.0,0.0,165.2232,700.0,776263469.73,776.2635
307.0,Akash_Class,TERMINAL,38354.1608,38.3542,192590.7907,192.5908,1493.5754,5376.8715,1493.5754,637.1229,-1350.8671,-0.1096,-9.5742,9.5748,11.9801,1.9764,14993.8551,14.9939,0.0,0.0,179.9263,700.0,780768647.81,780.7686
307.5,Akash_Class,TERMINAL,37676.3337,37.6763,192909.3248,192.9093,1497.8832,5392.3795,1497.8832,637.0681,-1355.6542,-0.1191,-9.5533,9.554,11.3833,1.9742,16332.3028,16.3323,0.0,0.0,195.9876,700.0,785278921.1,785.2789
308.0,Akash_Class,TERMINAL,36996.1183,36.9961,193227.8291,193.2278,1502.1824,5407.8566,1502.1824,637.0086,-1360.4308,-0.1294,-9.5304,9.5313,10.8714,1.9719,17794.7308,17.7947,0.0,0.0,213.5368,700.0,789793173.85,789.7932
308.5,Akash_Class,TERMINAL,36313.5203,36.3135,193546.301,193.5463,1506.4719,5423.2989,1506.4719,636.9439,-1365.196,-0.1406,-9.5054,9.5064,10.4261,1.9694,19392.9767,19.393,0.0,0.0,232.7157,700.0,794310181.28,794.3102
309.0,Akash_Class,TERMINAL,35628.5459,35.6285,193864.7378,193.8647,1510.7506,5438.7022,1510.7506,636.8736,-1369.9487,-0.1528,-9.478,9.4793,10.0343,1.9666,21140.0332,21.14,0.0,0.0,253.6804,700.0,798828598.76,798.8286
309.5,Akash_Class,TERMINAL,34941.2021,34.9412,194183.1365,194.1831,1515.0172,5454.0618,1515.0172,636.7972,-1374.6877,-0.1661,-9.4481,9.4496,9.6861,1.9636,23050.1625,23.0502,0.0,0.0,276.6019,700.0,803346949.84,803.3469
310.0,Akash_Class,TERMINAL,34251.4962,34.2515,194501.4936,194.5015,1519.2701,5469.3725,1519.2701,636.7142,-1379.4118,-0.1806,-9.4154,9.4171,9.374,1.9603,25139.0207,25.139,0.0,0.0,301.6682,700.0,807863613.15,807.8636
310.5,Akash_Class,TERMINAL,33559.4365,33.5594,194819.8055,194.8198,1523.508,5484.6288,1523.508,636.6239,-1384.1194,-0.1964,-9.3795,9.3816,9.0922,1.9567,27423.7951,27.4238,0.0,0.0,329.0855,700.0,812376807.93,812.3768
311.0,Akash_Class,TERMINAL,32865.0319,32.865,195138.0683,195.1381,1527.729,5499.8244,1527.729,636.5257,-1388.8092,-0.2137,-9.3403,9.3428,8.8363,1.9527,29923.3544,29.9234,0.0,0.0,359.0803,700.0,816884578.18,816.8846
311.5,Akash_Class,TERMINAL,32168.2922,32.1683,195456.2777,195.4563,1531.9313,5514.9528,1531.9313,636.4188,-1393.4794,-0.2326,-9.2974,9.3003,8.6024,1.9484,32658.4128,32.6584,0.0,0.0,391.901,700.0,821384775.2,821.3848
312.0,Akash_Class,TERMINAL,31469.2282,31.4692,195774.429,195.7744,1536.1129,5530.0066,1536.1129,636.3025,-1398.1281,-0.2532,-9.2504,9.2538,8.3876,1.9436,35651.7106,35.6517,0.0,0.0,427.8205,700.0,825875038.45,825.875
312.5,Akash_Class,TERMINAL,30767.8515,30.7679,196092.5169,196.0925,1540.2716,5544.9776,1540.2716,636.1759,-1402.7533,-0.2756,-9.1989,9.203,8.1894,1.9384,38928.2103,38.9282,0.0,0.0,467.1385,700.0,830352774.48,830.3528
313.0,Akash_Class,TERMINAL,30064.1752,30.0642,196410.536,196.4105,1544.4048,5559.8572,1544.4048,636.0381,-1407.3527,-0.3002,-9.1425,9.1474,8.0059,1.9328,42515.3125,42.5153,0.0,0.0,510.1838,700.0,834815133.83,834.8151
313.5,Akash_Class,TERMINAL,29358.2132,29.3582,196728.48,196.7285,1548.5099,5574.6355,1548.5099,635.888,-1411.9239,-0.3269,-9.0807,9.0866,7.8352,1.9266,46443.0901,46.4431,0.0,0.0,557.3171,700.0,839258985.68,839.259
314.0,Akash_Class,TERMINAL,28649.9811,28.65,197046.3423,197.0463,1552.5839,5589.3021,1552.5839,635.7246,-1416.4643,-0.3562,-9.013,9.02,7.676,1.9198,50744.5444,50.7445,0.0,0.0,608.9345,700.0,843680890.12,843.6809
314.5,Akash_Class,TERMINAL,27939.4957,27.9395,197364.1155,197.3641,1556.6237,5603.8453,1556.6237,635.5465,-1420.9708,-0.3881,-8.9388,8.9472,7.5271,1.9124,55455.8835,55.4559,0.0,0.0,665.4706,700.0,848077067.62,848.0771
315.0,Akash_Class,TERMINAL,27226.7755,27.2268,197681.7917,197.6818,1560.6257,5618.2524,1560.6257,635.3524,-1425.4402,-0.4231,-8.8575,8.8676,7.3872,1.9042,60616.8252,60.6168,0.0,0.0,727.4019,700.0,852443365.8,852.4434
315.5,Akash_Class,TERMINAL,26511.8411,26.5118,197999.3621,197.9994,1564.586,5632.5094,1564.586,635.1409,-1429.869,-0.4612,-8.7684,8.7805,7.2556,1.8954,66270.925,66.2709,0.0,0.0,795.2511,700.0,856775222.96,856.7752
316.0,Akash_Class,TERMINAL,25794.7145,25.7947,198316.8173,198.3168,1568.5003,5646.6011,1568.5003,634.9103,-1434.2532,-0.5029,-8.6707,8.6853,7.1314,1.8857,72465.9318,72.4659,0.0,0.0,869.5912,700.0,861067628.25,861.0676
316.5,Akash_Class,TERMINAL,25075.4202,25.0754,198634.1467,198.6341,1572.3641,5660.5107,1572.3641,634.6588,-1438.5885,-0.5484,-8.5636,8.5811,7.014,1.875,79254.1713,79.2542,0.0,0.0,951.0501,700.0,865315078.33,865.3151
317.0,Akash_Class,TERMINAL,24353.985,24.354,198951.339,198.9513,1576.1722,5674.2198,1576.1722,634.3846,-1442.8703,-0.5982,-8.4462,8.4673,6.9026,1.8634,86692.9592,86.693,0.0,0.0,1040.3155,700.0,869511529.97,869.5115
317.5,Akash_Class,TERMINAL,23630.4383,23.6304,199268.3818,199.2684,1579.9189,5687.7082,1579.9189,634.0856,-1447.0934,-0.6525,-8.3174,8.343,6.7969,1.8507,94845.0452,94.845,0.0,0.0,1138.1405,700.0,873650348.68,873.6503
318.0,Akash_Class,TERMINAL,22904.8123,22.9048,199585.2614,199.5853,1583.5983,5700.9539,1583.5983,633.7593,-1451.2521,-0.712,-8.1763,8.2072,6.6962,1.8369,103779.0867,103.7791,0.0,0.0,1245.349,700.0,877724252.78,877.7243
318.5,Akash_Class,TERMINAL,22177.1421,22.1771,199901.9631,199.902,1587.2035,5713.9327,1587.2035,633.4033,-1455.3403,-0.777,-8.0215,8.059,6.6001,1.8218,113570.1543,113.5702,0.0,0.0,1362.8419,700.0,881725252.9,881.7253
319.0,Akash_Class,TERMINAL,21447.4666,21.4475,200218.4705,200.2185,1590.7272,5726.618,1590.7272,633.0148,-1459.351,-0.848,-7.8518,7.8974,6.5083,1.8053,124300.2669,124.3003,0.0,0.0,1491.6032,700.0,885644586.55,885.6446
319.5,Akash_Class,TERMINAL,20715.8282,20.7158,200534.7659,200.5348,1594.1614,5738.9809,1594.1614,632.5908,-1463.2769,-0.9256,-7.6657,7.7214,6.4204,1.7874,136058.9553,136.059,0.0,0.0,1632.7075,700.0,889472647.53,889.4726
320.0,Akash_Class,TERMINAL,19982.2733,19.9823,200850.8299,200.8508,1597.4971,5750.9894,1597.4971,632.1281,-1467.1097,-1.0103,-7.4617,7.5298,6.336,1.7678,148943.8521,148.9439,0.0,0.0,1787.3262,700.0,893198910.19,893.1989
320.5,Akash_Class,TERMINAL,19246.853,19.2469,201166.6414,201.1666,1600.7247,5762.6089,1600.7247,631.6229,-1470.8406,-1.103,-7.2381,7.3217,6.255,1.7466,163061.3031,163.0613,0.0,0.0,1956.7356,700.0,896811848.19,896.8118
321.0,Akash_Class,TERMINAL,18509.6232,18.5096,201482.1771,201.4822,1603.8337,5773.8012,1603.8337,631.0714,-1474.4597,-1.2042,-6.9931,7.096,6.1769,1.7236,178526.9951,178.527,0.0,0.0,2142.3239,700.0,900298847.94,900.2988
321.5,Akash_Class,TERMINAL,17770.6451,17.7706,201797.4117,201.7974,1606.8124,5784.5246,1606.8124,630.4693,-1477.9562,-1.3148,-6.7245,6.8518,6.1016,1.6987,195466.5922,195.4666,0.0,0.0,2345.5991,700.0,903646116.69,903.6461
322.0,Akash_Class,TERMINAL,17029.9858,17.03,202112.3177,202.1123,1609.6482,5794.7336,1609.6482,629.8119,-1481.3185,-1.4355,-6.4303,6.5886,6.0288,1.6718,214016.3706,214.0164,0.0,0.0,2568.1964,700.0,906838585.48,906.8386
322.5,Akash_Class,TERMINAL,16287.719,16.2877,202426.8647,202.4269,1612.3273,5804.3784,1612.3273,629.0941,-1484.5336,-1.5673,-6.1081,6.3059,5.9583,1.643,234323.837,234.3238,0.0,0.0,2811.886,700.0,909859807.47,909.8598
323.0,Akash_Class,TERMINAL,15543.9252,15.5439,202741.0199,202.741,1614.8347,5813.4048,1614.8347,628.3105,-1487.5876,-1.7112,-5.7552,6.0042,5.8898,1.6123,256548.3163,256.5483,0.0,0.0,3078.5798,700.0,912691852.05,912.6919
323.5,Akash_Class,TERMINAL,14798.6926,14.7987,203054.7474,203.0547,1617.1538,5821.7535,1617.1538,627.4549,-1490.4653,-1.8681,-5.3691,5.6848,5.8233,1.5797,280861.4848,280.8615,0.0,0.0,3370.3378,700.0,915315195.76,915.3152
324.0,Akash_Class,TERMINAL,14052.1177,14.0521,203368.0078,203.368,1619.2667,5829.3601,1619.2667,626.5208,-1493.1498,-2.0393,-4.9466,5.3505,5.7585,1.5456,307447.8234,307.4478,0.0,0.0,3689.3739,700.0,917708611.13,917.7086
324.5,Akash_Class,TERMINAL,13304.3062,13.3043,203680.7584,203.6808,1621.154,5836.1543,1621.154,625.5012,-1495.6231,-2.2258,-4.4847,5.0066,5.6953,1.5105,336504.9585,336.505,0.0,0.0,4038.0595,700.0,919849055.01,919.8491
325.0,Akash_Class,TERMINAL,12555.3734,12.5554,203992.9525,203.993,1622.7944,5842.0598,1622.7944,624.3883,-1497.8654,-2.4289,-3.9799,4.6625,5.6334,1.4754,368243.8525,368.2439,0.0,0.0,4418.9262,700.0,921711558.52,921.7116
325.5,Akash_Class,TERMINAL,11805.4458,11.8054,204304.5394,204.3045,1624.1649,5846.9938,1624.1649,623.1738,-1499.8554,-2.65,-3.4286,4.3333,5.5727,1.4419,402888.795,402.8888,0.0,0.0,4834.6655,700.0,923269121.08,923.2691
326.0,Akash_Class,TERMINAL,11054.6609,11.0547,204615.4638,204.6155,1625.2407,5850.8667,1625.2407,621.8488,-1501.5697,-2.8905,-2.827,4.0431,5.5131,1.4123,440677.1424,440.6771,0.0,0.0,5288.1257,700.0,924492611.84,924.4926
326.5,Akash_Class,TERMINAL,10303.1693,10.3032,204925.6656,204.9257,1625.9948,5853.5813,1625.9948,620.4036,-1502.9832,-3.1518,-2.1711,3.8272,5.4543,1.3903,481858.7409,481.8587,0.0,0.0,5782.3049,700.0,925350682.42,925.3507
327.0,Akash_Class,TERMINAL,9551.1349,9.5511,205235.0795,205.2351,1626.398,5855.0329,1626.398,618.8277,-1504.0688,-3.4355,-1.4567,3.7315,5.3963,1.3805,526694.9589,526.695,0.0,0.0,6320.3395,700.0,925809695.79,925.8097
327.5,Akash_Class,TERMINAL,8798.7364,8.7987,205543.6345,205.5436,1626.4191,5855.1087,1626.4191,617.11,-1504.7971,-3.7431,-0.6794,3.8042,5.3389,1.3879,575457.2461,575.4572,0.0,0.0,6905.487,700.0,925833676.89,925.8337
328.0,Akash_Class,TERMINAL,8046.168,8.0462,205851.2537,205.8513,1626.0243,5853.6876,1626.0243,615.2384,-1505.1368,-4.0762,0.1654,4.0795,5.2819,1.416,628425.1276,628.4251,0.0,0.0,7541.1015,700.0,925384291.8,925.3843
328.5,Akash_Class,TERMINAL,7293.6409,7.2936,206157.8539,206.1579,1625.1777,5850.6396,1625.1777,613.2003,-1505.0541,-4.4364,1.0823,4.5665,5.2252,1.4657,685883.5295,685.8835,0.0,0.0,8230.6024,700.0,924420863.18,924.4209
329.0,Akash_Class,TERMINAL,6541.3845,6.5414,206463.3449,206.4633,1623.8406,5845.8262,1623.8406,610.9821,-1504.513,-4.8255,2.0758,5.253,5.1686,1.5357,748119.3309,748.1193,0.0,0.0,8977.432,700.0,922900430.79,922.9004
329.5,Akash_Class,TERMINAL,5789.6469,5.7896,206767.6296,206.7676,1621.9722,5839.1,1621.9722,608.5694,-1503.475,-5.2448,3.1507,6.1184,5.112,1.6239,815417.029,815.417,0.0,0.0,9785.0043,700.0,920777867.08,920.7779
330.0,Akash_Class,TERMINAL,5038.6971,5.0387,207070.6031,207.0706,1619.5291,5830.3047,1619.5291,605.947,-1501.8997,-5.696,4.3114,7.1437,5.0553,1.7285,888053.4082,888.0534,0.0,0.0,10656.6409,700.0,918006058.72,918.0061
330.5,Akash_Class,TERMINAL,4288.8251,4.2888,207372.1526,207.3722,1616.4654,5819.2755,1616.4654,603.099,-1499.744,-6.1804,5.5622,8.3147,4.9982,1.8479,966291.1096,966.2911,0.0,0.0,11595.4933,700.0,914536165.74,914.5362
331.0,Akash_Class,TERMINAL,3540.3436,3.5403,207672.157,207.6722,1612.7332,5805.8396,1612.7332,600.0088,-1496.9629,-6.6992,6.9071,9.6222,4.9407,1.9812,1050371.0146,1050.371,0.0,0.0,12604.4522,700.0,910317970.62,910.318
331.5,Akash_Class,TERMINAL,2793.589,2.7936,207970.4866,207.9705,1608.2824,5789.8167,1608.2824,596.6592,-1493.5093,-7.2534,8.3496,11.0602,4.8825,2.1278,1140503.3805,1140.5034,0.0,0.0,13686.0406,700.0,905300329.44,905.3003
332.0,Akash_Class,TERMINAL,2048.9217,2.0489,208267.0029,208.267,1603.0611,5771.02,1603.0611,593.0325,-1489.3345,-7.8439,9.8924,12.6248,4.8236,2.2874,1236857.7089,1236.8577,0.0,0.0,14842.2925,700.0,899431736.99,899.4317
332.5,Akash_Class,TERMINAL,1306.7275,1.3067,208561.5582,208.5616,1597.016,5749.2575,1597.016,589.1106,-1484.3884,-8.4709,11.5376,14.3134,4.7637,2.4596,1339551.3796,1339.5514,0.0,0.0,16074.6166,700.0,892661016.15,892.661
333.0,Akash_Class,TERMINAL,567.4177,0.5674,208853.9957,208.854,1590.0927,5724.3336,1590.0927,584.8751,-1478.6196,-9.1345,13.2862,16.1233,4.7028,2.6441,1448637.1583,1448.6372,0.0,0.0,17383.6459,700.0,884938139.68,884.9381
