Time_s,Missile_Class,Flight_Phase,Altitude_m,Altitude_km,Range_m,Range_km,Speed_ms,Speed_kmh,Absolute_Velocity_ms,Vx_ms,Vy_ms,Ax_ms2,Ay_ms2,Total_Acceleration_ms2,Mach_Number,G_Load,Dynamic_Pressure_Pa,Dynamic_Pressure_kPa,Thrust_N,Thrust_kN,Drag_Force_N,Mass_kg,Kinetic_Energy_J,Kinetic_Energy_MJ
0.0,Agni_Class,BOOST,0.0,0.0,0.0,0.0,4800.0,17280.0,4800.0,997.9761,4695.1085,4.8232,12.8847,13.7579,14.1052,2.4029,14112000.0,14112.0,900000.0,900.0,254016.0,27846.1538,320787692307.69,320787.6923
0.5,Agni_Class,BOOST,2350.7754,2.3508,500.1939,0.5002,4806.8031,17304.4911,4806.8031,1000.3877,4701.5508,5.312,15.1582,16.062,14.5156,2.6379,10732712.2758,10732.7123,900000.0,900.0,193188.821,27692.3077,319920313464.1,319920.3135
1.0,Agni_Class,BOOST,4705.3404,4.7053,1001.7157,1.0017,4814.7691,17333.1688,4814.7691,1003.0437,4709.13,5.6969,16.9394,17.8717,14.9657,2.8224,8162907.2676,8162.9073,900000.0,900.0,146932.3308,27538.4615,319198329501.42,319198.3295
1.5,Agni_Class,BOOST,7064.1402,7.0641,1504.6618,1.5047,4823.6465,17365.1274,4823.6465,1005.8922,4717.5996,6.0026,18.3454,19.3025,15.4609,2.9683,6207626.9796,6207.627,900000.0,900.0,111737.2856,27384.6154,318586665769.09,318586.6658
2.0,Agni_Class,BOOST,9427.5264,9.4275,2009.1085,2.0091,4833.2435,17399.6766,4833.2435,1008.8935,4726.7723,6.2478,19.4652,20.4433,16.008,3.0846,4719526.4391,4719.5264,900000.0,900.0,84951.4759,27230.7692,318058690887.71,318058.6909
2.5,Agni_Class,BOOST,11795.7789,11.7958,2515.1172,2.5151,4843.4139,17436.29,4843.4139,1012.0174,4736.5049,6.4469,20.3665,21.3625,16.6158,3.1784,3586922.5842,3586.9226,900000.0,900.0,64564.6065,27076.9231,317594140440.62,317594.1404
3.0,Agni_Class,BOOST,14169.1229,14.1691,3022.7376,3.0227,4854.046,17474.5655,4854.046,1015.2408,4746.6882,6.6107,21.101,22.1123,17.2957,3.2548,2724985.7057,2724.9857,900000.0,900.0,49049.7427,26923.0769,317177570131.16,317177.5701
3.5,Agni_Class,BOOST,16547.7423,16.5477,3532.0107,3.532,4865.0546,17514.1965,4865.0546,1018.5462,4757.2387,6.7475,21.7084,22.7329,18.0625,3.3181,2069188.1252,2069.1881,900000.0,900.0,37245.3863,26769.2308,316797195323.53,316797.1953
4.0,Agni_Class,BOOST,18931.7887,18.9318,4042.9707,4.043,4876.3747,17554.9489,4876.3747,1021.9199,4768.0929,6.8639,22.219,23.2551,18.9362,3.3714,1570397.0834,1570.3971,900000.0,900.0,28267.1475,26615.3846,316444015778.75,316444.0158
4.5,Agni_Class,BOOST,21321.3899,21.3214,4555.6466,4.5556,4887.9568,17596.6446,4887.9568,1025.3519,4779.2024,6.9647,22.656,23.7023,19.9437,3.417,1191179.0705,1191.1791,900000.0,900.0,21441.2233,26461.5385,316111152815.3,316111.1528
5.0,Agni_Class,BOOST,23716.6551,23.7167,5070.0637,5.0701,4899.7634,17639.1482,4899.7634,1028.8342,4790.5304,7.0537,23.0371,24.0928,21.1231,3.4568,903004.9685,903.005,900000.0,900.0,16254.0894,26307.6923,315793345822.83,315793.3458
5.5,Agni_Class,BOOST,26117.6796,26.1177,5586.2442,5.5862,4911.7658,17682.357,4911.7658,1032.361,4802.049,7.1337,23.3761,24.4404,22.5296,3.4922,684129.8827,684.1299,900000.0,900.0,12314.3379,26153.8462,315486568976.64,315486.569
6.0,Agni_Class,BOOST,28524.5481,28.5245,6104.2082,6.1042,4923.9426,17726.1933,4923.9426,1035.9279,4813.737,7.2071,23.6834,24.7557,24.2472,3.5244,517981.152,517.9812,900000.0,900.0,9323.6607,26000.0,315187739001.05,315187.739
6.5,Agni_Class,BOOST,30937.3375,30.9373,6623.9739,6.624,4936.2775,17770.5991,4936.2775,1039.5315,4825.5787,7.2756,23.9671,25.047,26.4115,3.5541,391930.7626,391.9308,900000.0,900.0,7054.7537,25846.1538,314894492116.46,314894.4921
7.0,Agni_Class,BOOST,33356.1186,33.3561,7145.5586,7.1456,4948.7585,17815.5306,4948.7585,1043.1693,4837.5623,7.3403,24.2332,25.3205,29.2584,3.582,296359.4779,296.3595,900000.0,900.0,5334.4706,25692.3077,314605013676.82,314605.0137
7.5,Agni_Class,BOOST,35780.958,35.781,7668.9783,7.669,4961.3766,17860.9558,4961.3766,1046.8394,4849.6789,7.4025,24.4866,25.5811,33.2466,3.6085,223942.8666,223.9429,900000.0,900.0,4030.9716,25538.4615,314317908001.72,314317.908
8.0,Agni_Class,BOOST,38211.9191,38.2119,8194.2486,8.1942,4974.1253,17906.8512,4974.1253,1050.5407,4861.9222,7.4627,24.7309,25.8324,39.4291,3.6342,169106.4061,169.1064,900000.0,900.0,3043.9153,25384.6154,314032098905.19,314032.0989
8.5,Agni_Class,BOOST,40649.0629,40.6491,8721.3846,8.7214,4987.0001,17953.2002,4987.0001,1054.272,4874.2876,7.5217,24.9689,26.0772,51.0478,3.6591,127609.5638,127.6096,900000.0,900.0,2296.9721,25230.7692,313746753684.43,313746.7537
9.0,Agni_Class,BOOST,43092.449,43.0924,9250.401,9.2504,4999.9975,17999.991,4999.9975,1058.0329,4886.7721,7.5799,25.2027,26.3179,88.9932,3.6837,96228.3381,96.2283,900000.0,900.0,1732.1101,25076.9231,313461225044.76,313461.225
9.5,Agni_Class,BOOST,45542.1357,45.5421,9781.3124,9.7813,5013.1156,18047.216,5013.1156,1061.8228,4899.3734,7.6376,25.434,26.556,inf,3.708,72512.9967,72.513,900000.0,900.0,1305.2339,24923.0769,313175006740.11,313175.0067
10.0,Agni_Class,BOOST,47998.1809,47.9982,10314.1332,10.3141,5026.353,18094.8707,5026.353,1065.6416,4912.0904,7.6951,25.664,26.7928,inf,3.7321,54603.2532,54.6033,900000.0,900.0,982.8586,24769.2308,312887699701.04,312887.6997
10.5,Agni_Class,BOOST,50460.6421,50.4606,10848.8778,10.8489,5039.7091,18142.9527,5039.7091,1069.4891,4924.9224,7.7526,25.8937,27.0294,inf,3.7562,41087.3189,41.0873,900000.0,900.0,739.5717,24615.3846,312598986180.71,312598.9862
11.0,Agni_Class,BOOST,52929.5767,52.9296,11385.5605,11.3856,5053.1838,18191.4616,5053.1838,1073.3654,4937.8693,7.8104,26.124,27.2665,inf,3.7804,30894.4608,30.8945,900000.0,900.0,556.1003,24461.5385,312308610028.89,312308.61
11.5,Agni_Class,BOOST,55405.0423,55.405,11924.1958,11.9242,5066.7773,18240.3983,5066.7773,1077.2706,4950.9313,7.8685,26.3553,27.5048,inf,3.8047,23213.1428,23.2131,900000.0,900.0,417.8366,24307.6923,312016361647.91,312016.3616
12.0,Agni_Class,BOOST,57887.0968,57.8871,12464.7983,12.4648,5080.4903,18289.7649,5080.4903,1081.2049,4964.1089,7.927,26.5882,27.7448,inf,3.8292,17428.6916,17.4287,900000.0,900.0,313.7164,24153.8462,311722066523.98,311722.0665
12.5,Agni_Class,BOOST,60375.7983,60.3758,13007.3825,13.0074,5094.3234,18339.5644,5094.3234,1085.1684,4977.403,7.986,26.8231,27.9867,inf,3.8538,13075.8574,13.0759,900000.0,900.0,235.3654,24000.0,311425576487.53,311425.5765
13.0,Agni_Class,BOOST,62871.2056,62.8712,13551.9631,13.552,5108.2779,18389.8003,5108.2779,1089.1614,4990.8146,8.0456,27.0602,28.2309,inf,3.8788,9802.7326,9.8027,900000.0,900.0,176.4492,23846.1538,311126763055.34,311126.7631
13.5,Agni_Class,BOOST,65373.378,65.3734,14098.5552,14.0986,5122.3547,18440.4768,5122.3547,1093.1841,5004.3447,8.1058,27.2998,28.4777,inf,3.9039,7343.3251,7.3433,900000.0,900.0,132.1799,23692.3077,310825512359.88,310825.5124
14.0,Agni_Class,BOOST,67882.3752,67.8824,14647.1737,14.6472,5136.5551,18491.5984,5136.5551,1097.237,5017.9946,8.1667,27.542,28.7273,inf,3.9294,5496.7249,5.4967,900000.0,900.0,98.941,23538.4615,310521721287.91,310521.7213
14.5,Agni_Class,BOOST,70398.258,70.3983,15197.8339,15.1978,5150.8806,18543.1703,5150.8806,1101.3204,5031.7656,8.2283,27.7871,28.9798,inf,3.9551,4111.2879,4.1113,900000.0,900.0,74.0032,23384.6154,310215294539.8,310215.2945
15.0,Agni_Class,BOOST,72921.0876,72.9211,15750.5512,15.7506,5165.3326,18595.1975,5165.3326,1105.4345,5045.6591,8.2906,28.0352,29.2353,inf,3.9812,3072.638,3.0726,900000.0,900.0,55.3075,23230.7692,309906142389.42,309906.1424
15.5,Agni_Class,BOOST,75450.9259,75.4509,16305.3411,16.3053,5179.9127,18647.6857,5179.9127,1109.5798,5059.6767,8.3537,28.2863,29.4941,inf,4.0076,2294.5708,2.2946,900000.0,900.0,41.3023,23076.9231,309594178976.58,309594.179
16.0,Agni_Class,BOOST,77987.8358,77.9878,16862.2194,16.8622,5194.6224,18700.6406,5194.6224,1113.7567,5073.8199,8.4177,28.5407,29.7562,inf,4.0343,1712.1627,1.7122,900000.0,900.0,30.8189,22923.0769,309279321004.05,309279.321
16.5,Agni_Class,BOOST,80531.881,80.5319,17421.2021,17.4212,5209.4634,18754.0683,5209.4634,1117.9655,5088.0902,8.4824,28.7985,30.0217,inf,4.0614,1276.5533,1.2766,900000.0,900.0,22.978,22769.2308,308961486741.63,308961.4867
17.0,Agni_Class,BOOST,83083.1257,83.0831,17982.3055,17.9823,5224.4374,18807.9748,5224.4374,1122.2067,5102.4895,8.548,29.0596,30.2907,inf,4.0888,950.9991,0.951,900000.0,900.0,17.118,22615.3846,308640595263.02,308640.5953
17.5,Agni_Class,BOOST,85641.6353,85.6416,18545.5458,18.5455,5239.5462,18862.3665,5239.5462,1126.4807,5117.0193,8.6144,29.3243,30.5634,inf,4.1166,707.8892,0.7079,900000.0,900.0,12.742,22461.5385,308316565858.97,308316.5659
18.0,Agni_Class,BOOST,88207.476,88.2075,19110.9398,19.1109,5254.7917,18917.25,5254.7917,1130.7879,5131.6814,8.6818,29.5926,30.8398,inf,4.1448,526.4913,0.5265,900000.0,900.0,9.4768,22307.6923,307989317583.83,307989.3176
18.5,Agni_Class,BOOST,90780.7149,90.7807,19678.5042,19.6785,5270.1755,18972.6319,5270.1755,1135.1288,5146.4777,8.75,29.8645,31.12,inf,4.1734,391.2503,0.3913,900000.0,900.0,7.0425,22153.8462,307658768902.74,307658.7689
19.0,Agni_Class,BOOST,93361.4198,93.3614,20248.2561,20.2483,5285.6997,19028.519,5285.6997,1139.5038,5161.4099,8.8192,30.1403,31.404,inf,4.2023,290.5041,0.2905,900000.0,900.0,5.2291,22000.0,307324837414.71,307324.8374
19.5,Agni_Class,BOOST,95949.6599,95.9497,20820.2128,20.8202,5301.3662,19084.9184,5301.3662,1143.9134,5176.4801,8.8894,30.4199,31.6921,inf,4.2317,215.5166,0.2155,900000.0,900.0,3.8793,21846.1538,306987439632.82,306987.4396
20.0,Agni_Class,BOOST,98545.5049,98.5455,21394.3919,21.3944,5317.177,19141.8373,5317.177,1148.3581,5191.69,8.9605,30.7034,31.9842,inf,4.2615,159.7485,0.1597,900000.0,900.0,2.8755,21692.3077,306646490807.22,306646.4908
20.5,Agni_Class,BOOST,101149.0257,101.149,21970.8111,21.9708,5333.1341,19199.2829,5333.1341,1152.8384,5207.0417,9.0326,30.991,32.2805,inf,4.2917,118.3087,0.1183,900000.0,900.0,2.1296,21538.4615,306301904779.96,306301.9048
21.0,Agni_Class,BOOST,103760.2943,103.7603,22549.4884,22.5495,5349.2397,19257.2628,5349.2397,1157.3547,5222.5372,9.1057,31.2827,32.581,inf,4.3223,87.5421,0.0875,900000.0,900.0,1.5758,21384.6154,305953593863.69,305953.5939
21.5,Agni_Class,BOOST,106379.3836,106.3794,23130.4422,23.1304,5365.4957,19315.7845,5365.4957,1161.9075,5238.1786,9.1799,31.5787,32.8859,inf,4.3534,64.7193,0.0647,900000.0,900.0,1.1649,21230.7692,305601468737.79,305601.4687
22.0,Agni_Class,BOOST,109006.3676,109.0064,23713.6909,23.7137,5381.9045,19374.8561,5381.9045,1166.4975,5253.968,9.2551,31.879,33.1953,inf,4.385,47.804,0.0478,900000.0,900.0,0.8605,21076.9231,305245438357.22,305245.4384
22.5,Agni_Class,BOOST,111641.3213,111.6413,24299.2534,24.2993,5398.4681,19434.4853,5398.4681,1171.125,5269.9074,9.3315,32.1837,33.5092,inf,4.417,35.2781,0.0353,900000.0,900.0,0.635,20923.0769,304885409870.69,304885.4099
23.0,Agni_Class,BOOST,114284.321,114.2843,24887.1488,24.8871,5415.189,19494.6805,5415.189,1175.7908,5285.9993,9.4089,32.4929,33.8277,inf,4.4495,26.0106,0.026,900000.0,900.0,0.4682,20769.2308,304521288545.11,304521.2885
23.5,Agni_Class,BOOST,116935.4438,116.9354,25477.3964,25.4774,5432.0694,19555.45,5432.0694,1180.4952,5302.2457,9.4875,32.8067,34.151,inf,4.4824,19.1602,0.0192,900000.0,900.0,0.3449,20615.3846,304152977694.58,304152.9777
24.0,Agni_Class,BOOST,119594.7683,119.5948,26070.0159,26.07,5449.1118,19616.8023,5449.1118,1185.2389,5318.649,9.5672,33.1252,34.4791,inf,4.5159,14.1009,0.0141,900000.0,900.0,0.2538,20461.5385,303780378612.02,303780.3786
24.5,Agni_Class,BOOST,122262.3742,122.2624,26665.0272,26.665,5466.3184,19678.7463,5466.3184,1190.0225,5335.2116,9.6481,33.4486,34.8123,inf,4.5499,10.3678,0.0104,900000.0,900.0,0.1866,20307.6923,303403390502.57,303403.3905
25.0,Agni_Class,BOOST,124938.3421,124.9383,27262.4505,27.2625,5483.6919,19741.2908,5483.6919,1194.8466,5351.9359,9.7302,33.7769,35.1505,inf,4.5843,7.6159,0.0076,900000.0,900.0,0.1371,20153.8462,303021910417.42,303021.9104
25.5,Agni_Class,BOOST,127622.7543,127.6228,27862.3063,27.8623,5501.2347,19804.445,5501.2347,1199.7117,5368.8244,9.8136,34.1102,35.4939,inf,4.6194,5.589,0.0056,900000.0,900.0,0.1006,20000.0,302635833187.77,302635.8332
26.0,Agni_Class,BOOST,130315.6941,130.3157,28464.6156,28.4646,5518.9495,19868.2182,5518.9495,1204.6185,5385.8795,9.8983,34.4488,35.8426,inf,4.6549,4.0977,0.0041,900000.0,900.0,0.0738,19846.1538,302245051357.98,302245.0514
26.5,Agni_Class,BOOST,133017.246,133.0172,29069.3994,29.0694,5536.8389,19932.6201,5536.8389,1209.5677,5403.1039,9.9842,34.7926,36.1968,inf,4.691,3.0014,0.003,900000.0,900.0,0.054,19692.3077,301849455117.77,301849.4551
27.0,Agni_Class,BOOST,135727.4961,135.7275,29676.6793,29.6767,5554.9057,19997.6605,5554.9057,1214.5598,5420.5002,10.0715,35.1418,36.5566,inf,4.7277,2.1962,0.0022,900000.0,900.0,0.0395,19538.4615,301448932232.8,301448.9322
27.5,Agni_Class,BOOST,138446.5316,138.4465,30286.4771,30.2865,5573.1526,20063.3494,5573.1526,1219.5955,5438.0711,10.1602,35.4966,36.922,inf,4.765,1.6054,0.0016,900000.0,900.0,0.0289,19384.6154,301043367973.64,301043.368
28.0,Agni_Class,BOOST,141174.4413,141.1744,30898.8149,30.8988,5591.5825,20129.6971,5591.5825,1224.6756,5455.8193,10.2502,35.857,37.2934,inf,4.8029,1.1724,0.0012,900000.0,900.0,0.0211,19230.7692,300632645042.59,300632.645
28.5,Agni_Class,BOOST,143911.3152,143.9113,31513.7152,31.5137,5610.1984,20196.7141,5610.1984,1229.8007,5473.7479,10.3417,36.2233,37.6707,inf,4.8413,0.8553,0.0009,900000.0,900.0,0.0154,19076.9231,300216643498.38,300216.6435
29.0,Agni_Class,BOOST,146657.245,146.6572,32131.201,32.1312,5629.0031,20264.4111,5629.0031,1234.9715,5491.8595,10.4346,36.5956,38.0541,inf,4.8804,0.6234,0.0006,900000.0,900.0,0.0112,18923.0769,299795240678.3,299795.2407
29.5,Agni_Class,BOOST,149412.3236,149.4123,32751.2954,32.7513,5647.9998,20332.7994,5647.9998,1240.1888,5510.1573,10.529,36.9739,38.4439,inf,4.9202,0.4538,0.0005,900000.0,900.0,0.0082,18769.2308,299368311117.83,299368.3111
30.0,Agni_Class,BOOST,152176.6458,152.1766,33374.0221,33.374,5667.1917,20401.89,5667.1917,1245.4534,5528.6443,10.625,37.3585,38.84,inf,4.9606,0.3301,0.0003,900000.0,900.0,0.0059,18615.3846,298935726467.41,298935.7265
30.5,Agni_Class,BOOST,154950.3075,154.9503,33999.405,33.9994,5686.5819,20471.6948,5686.5819,1250.7659,5547.3235,10.7226,37.7495,39.2428,inf,5.0017,0.2398,0.0002,900000.0,900.0,0.0043,18461.5385,298497355406.21,298497.3554
31.0,Agni_Class,BOOST,157733.4067,157.7334,34627.4686,34.6275,5706.1737,20542.2255,5706.1737,1256.1272,5566.1983,10.8218,38.1471,39.6524,inf,5.0434,0.174,0.0002,900000.0,900.0,0.0031,18307.6923,298053063552.89,298053.0636
31.5,Agni_Class,BOOST,160526.0426,160.526,35258.2376,35.2582,5725.9706,20613.4943,5725.9706,1261.538,5585.2718,10.9226,38.5514,40.0689,inf,5.0859,0.1262,0.0001,900000.0,900.0,0.0023,18153.8462,297602713372.96,297602.7134
32.0,Agni_Class,BOOST,163328.3163,163.3283,35891.7373,35.8917,5745.976,20685.5137,5745.976,1266.9993,5604.5475,11.0251,38.9627,40.4925,inf,5.1291,0.0914,0.0001,900000.0,900.0,0.0016,18000.0,297146164082.71,297146.1641
32.5,Agni_Class,BOOST,166140.3308,166.1403,36527.9932,36.528,5766.1935,20758.2966,5766.1935,1272.5119,5624.0289,11.1294,39.381,40.9234,inf,5.173,0.0661,0.0001,900000.0,900.0,0.0012,17846.1538,296683271549.54,296683.2715
33.0,Agni_Class,BOOST,168962.1905,168.9622,37167.0315,37.167,5786.6267,20831.856,5786.6267,1278.0766,5643.7194,11.2354,39.8066,41.3619,inf,5.2177,0.0478,0.0,900000.0,900.0,0.0009,17692.3077,296213888188.4,296213.8882
33.5,Agni_Class,BOOST,171794.0018,171.794,37808.8786,37.8089,5807.2793,20906.2056,5807.2793,1283.6943,5663.6227,11.3433,40.2397,41.808,inf,5.2632,0.0345,0.0,900000.0,900.0,0.0006,17538.4615,295737862854.35,295737.8629
34.0,Agni_Class,BOOST,174635.8731,174.6359,38453.5616,38.4536,5828.1553,20981.359,5828.1553,1289.3659,5683.7426,11.4531,40.6805,42.262,inf,5.3095,0.0249,0.0,900000.0,900.0,0.0004,17384.6154,295255040730.8,295255.0407
34.5,Agni_Class,BOOST,177487.9145,177.4879,39101.1079,39.1011,5849.2585,21057.3307,5849.2585,1295.0925,5704.0828,11.5648,41.1291,42.7241,inf,5.3566,0.0179,0.0,900000.0,900.0,0.0003,17230.7692,294765263213.39,294765.2632
35.0,Agni_Class,BOOST,180350.2382,180.3502,39751.5453,39.7515,5870.5931,21134.135,5870.5931,1300.8749,5724.6474,11.6785,41.5858,43.1945,inf,5.4046,0.0129,0.0,900000.0,900.0,0.0002,17076.9231,294268367789.33,294268.3678
35.5,Agni_Class,BOOST,183222.9583,183.223,40404.9023,40.4049,5892.1631,21211.7871,5892.1631,1306.7141,5745.4403,11.7942,42.0509,43.6736,inf,5.4535,0.0093,0.0,900000.0,900.0,0.0002,16923.0769,293764187911.79,293764.1879
36.0,Agni_Class,BOOST,186106.1912,186.1062,41061.208,41.0612,5913.9729,21290.3023,5913.9729,1312.6112,5766.4657,11.912,42.5244,44.1613,inf,5.5032,0.0066,0.0,900000.0,900.0,0.0001,16769.2308,293252552869.26,293252.5529
36.5,Agni_Class,BOOST,189000.0552,189.0001,41720.4916,41.7205,5936.0268,21369.6965,5936.0268,1318.5672,5787.7279,12.032,43.0068,44.6582,inf,5.5539,0.0048,0.0,900000.0,900.0,0.0001,16615.3846,292733287649.59,292733.2876
37.0,Agni_Class,BOOST,191904.6708,191.9047,42382.7832,42.3828,5958.3294,21449.9859,5958.3294,1324.5832,5809.2313,12.1542,43.4981,45.1643,inf,5.6055,0.0034,0.0,900000.0,900.0,0.0001,16461.5385,292206212798.39,292206.2128
37.5,Agni_Class,BOOST,194820.161,194.8202,43048.1134,43.0481,5980.8853,21531.1872,5980.8853,1330.6604,5830.9804,12.2787,43.9988,45.68,inf,5.6581,0.0024,0.0,900000.0,900.0,0.0,16307.6923,291671144271.57,291671.1443
38.0,Agni_Class,BOOST,197746.6509,197.7467,43716.5132,43.7165,6003.6993,21613.3176,6003.6993,1336.7997,5852.9798,12.4055,44.509,46.2055,inf,5.7116,0.0017,0.0,900000.0,900.0,0.0,16153.8462,291127893281.7,291127.8933
38.5,Agni_Class,BOOST,200684.2681,200.6843,44388.0144,44.388,6026.7764,21696.3949,6026.7764,1343.0024,5875.2343,12.5347,45.029,46.741,inf,5.7663,0.0012,0.0,900000.0,900.0,0.0,16000.0,290576266137.86,290576.2661
39.0,Agni_Class,BOOST,203633.1424,203.6331,45062.6493,45.0626,6050.1214,21780.4371,6050.1214,1349.2698,5897.7487,12.6664,45.5591,47.287,inf,5.8219,0.0009,0.0,900000.0,900.0,0.0,15846.1538,290016064078.6,290016.0641
39.5,Agni_Class,BOOST,206593.4066,206.5934,45740.4508,45.7405,6073.7397,21865.4631,6073.7397,1355.603,5920.5283,12.8007,46.0996,47.8438,inf,5.8787,0.0006,0.0,900000.0,900.0,0.0,15692.3077,289447083097.81,289447.0831
40.0,Agni_Class,BOOST,209565.1956,209.5652,46421.4525,46.4215,6097.6367,21951.492,6097.6367,1362.0033,5943.578,12.9375,46.6508,48.4115,inf,5.9366,0.0004,0.0,900000.0,900.0,0.0,15538.4615,288869113762.91,288869.1138
40.5,Agni_Class,BOOST,212548.6473,212.5486,47105.6885,47.1057,6121.8177,22038.5438,6121.8177,1368.4721,5966.9034,13.0771,47.213,48.9906,inf,5.9956,0.0003,0.0,900000.0,900.0,0.0,15384.6154,288281941025.09,288281.941
41.0,Agni_Class,BOOST,215543.9023,215.5439,47793.1939,47.7932,6146.2886,22126.6389,6146.2886,1375.0106,5990.5099,13.2195,47.7866,49.5814,inf,6.0559,0.0002,0.0,900000.0,900.0,0.0,15230.7692,287685344021.19,287685.344
41.5,Agni_Class,BOOST,218551.1039,218.5511,48484.004,48.484,6171.0551,22215.7983,6171.0551,1381.6204,6014.4032,13.3647,48.3719,50.1842,inf,6.1174,0.0002,0.0,900000.0,900.0,0.0,15076.9231,287079095866.56,287079.0959
42.0,Agni_Class,BOOST,221570.3985,221.5704,49178.1554,49.1782,6196.1233,22306.0438,6196.1233,1388.3027,6038.5892,13.5129,48.9693,50.7995,inf,6.1801,0.0001,0.0,900000.0,900.0,0.0,14923.0769,286462963438.76,286462.9634
42.5,Agni_Class,BOOST,224601.9354,224.6019,49875.685,49.8757,6221.4993,22397.3976,6221.4993,1395.0592,6063.0738,13.6641,49.5791,51.4276,inf,6.2442,0.0001,0.0,900000.0,900.0,0.0,14769.2308,285836707151.22,285836.7072
43.0,Agni_Class,BOOST,227645.8671,227.6459,50576.6306,50.5766,6247.1897,22489.883,6247.1897,1401.8912,6087.8634,13.8185,50.2018,52.0689,inf,6.3096,0.0001,0.0,900000.0,900.0,0.0,14615.3846,285200080716.55,285200.0807
43.5,Agni_Class,BOOST,230702.3492,230.7023,51281.0308,51.281,6273.201,22583.5237,6273.201,1408.8005,6112.9643,13.9762,50.8377,52.7239,inf,6.3763,0.0,0.0,900000.0,900.0,0.0,14461.5385,284552830898.77,284552.8309
44.0,Agni_Class,BOOST,233771.5408,233.7715,51988.9251,51.9889,6299.5401,22678.3442,6299.5401,1415.7886,6138.3831,14.1372,51.4874,53.393,inf,6.4446,0.0,0.0,900000.0,900.0,0.0,14307.6923,283894697253.96,283894.6973
44.5,Agni_Class,BOOST,236853.6042,236.8536,52700.3537,52.7004,6326.2139,22774.37,6326.2139,1422.8572,6164.1268,14.3016,52.1511,54.0766,inf,6.5143,0.0,0.0,900000.0,900.0,0.0,14153.8462,283225411858.52,283225.4119
45.0,Agni_Class,BOOST,239948.7054,239.9487,53415.3577,53.4154,6353.2298,22871.6271,6353.2298,1430.008,6190.2024,14.4697,52.8295,54.7752,inf,6.5855,0.0,0.0,900000.0,900.0,0.0,14000.0,282544699024.42,282544.699
45.5,Agni_Class,BOOST,243057.0139,243.057,54133.9791,54.134,6380.5952,22970.1428,6380.5952,1437.2428,6216.6171,14.6414,53.5229,55.4894,inf,6.6583,0.0,0.0,900000.0,900.0,0.0,13846.1538,281852275000.57,281852.275
46.0,Agni_Class,BOOST,246178.7032,246.1787,54856.2608,54.8563,6408.318,23069.9448,6408.318,1444.5635,6243.3786,14.8169,54.2319,56.2196,inf,6.7328,0.0,0.0,900000.0,900.0,0.0,13692.3077,281147847659.66,281147.8477
46.5,Agni_Class,BOOST,249313.9505,249.314,55582.2468,55.5822,6436.4061,23171.0621,6436.4061,1451.972,6270.4945,14.9964,54.957,56.9664,inf,6.809,0.0,0.0,900000.0,900.0,0.0,13538.4615,280431116169.32,280431.1162
47.0,Agni_Class,BOOST,252462.937,252.4629,56311.9819,56.312,6464.8679,23273.5246,6464.8679,1459.4702,6297.973,15.18,55.6988,57.7304,inf,6.8869,0.0,0.0,900000.0,900.0,0.0,13384.6154,279701770646.98,279701.7706
47.5,Agni_Class,BOOST,255625.8482,255.6258,57045.512,57.0455,6493.712,23377.3631,6493.712,1467.0602,6325.8224,15.3678,56.4579,58.5121,inf,6.9666,0.0,0.0,900000.0,900.0,0.0,13230.7692,278959491797.08,278959.4918
48.0,Agni_Class,BOOST,258802.8739,258.8029,57782.8841,57.7829,6522.9471,23482.6097,6522.9471,1474.7441,6354.0514,15.56,57.2349,59.3123,inf,7.0482,0.0,0.0,900000.0,900.0,0.0,13076.9231,278203950529.81,278203.9505
48.5,Agni_Class,BOOST,261994.2083,261.9942,58524.1461,58.5241,6552.5826,23589.2975,6552.5826,1482.5241,6382.6688,15.7567,58.0303,60.1314,inf,7.1317,0.0,0.0,900000.0,900.0,0.0,12923.0769,277434807560.0,277434.8076
49.0,Agni_Class,BOOST,265200.0503,265.2001,59269.3474,59.2693,6582.628,23697.4607,6582.628,1490.4025,6411.684,15.9581,58.8449,60.9704,inf,7.2172,0.0,0.0,900000.0,900.0,0.0,12769.2308,276651712985.13,276651.713
49.5,Agni_Class,BOOST,268420.6036,268.4206,60018.5381,60.0185,6613.0931,23807.135,6613.0931,1498.3815,6441.1065,16.1644,59.6794,61.8298,inf,7.3049,0.0,0.0,900000.0,900.0,0.0,12615.3846,275854305840.8,275854.3058
50.0,Agni_Class,BOOST,271656.0767,271.6561,60771.77,60.7718,6643.9881,23918.3571,6643.9881,1506.4637,6470.9462,16.3757,60.5346,62.7104,inf,7.3947,0.0,0.0,900000.0,900.0,0.0,12461.5385,275042213632.5,275042.2136
50.5,Agni_Class,BOOST,274906.6834,274.9067,61529.0958,61.5291,6675.3237,24031.1652,6675.3237,1514.6516,6501.2135,16.5923,61.4111,63.6131,inf,7.4867,0.0,0.0,900000.0,900.0,0.0,12307.6923,274215051841.9,274215.0518
51.0,Agni_Class,BOOST,278172.6429,278.1726,62290.5697,62.2906,6707.1108,24145.5989,6707.1108,1522.9477,6531.919,16.8143,62.3098,64.5386,inf,7.5811,0.0,0.0,900000.0,900.0,0.0,12153.8462,273372423406.04,273372.4234
51.5,Agni_Class,BOOST,281454.1798,281.4542,63056.2471,63.0562,6739.361,24261.6995,6739.361,1531.3549,6563.0739,17.0419,63.2315,65.4878,inf,7.6779,0.0,0.0,900000.0,900.0,0.0,12000.0,272513918167.58,272513.9182
52.0,Agni_Class,BOOST,284751.5246,284.7515,63826.185,63.8262,6772.086,24379.5096,6772.086,1539.8758,6594.6896,17.2754,64.1772,66.4617,inf,7.7772,0.0,0.0,900000.0,900.0,0.0,11846.1538,271639112294.07,271639.1123
52.5,Agni_Class,BOOST,288064.9137,288.0649,64600.4418,64.6004,6805.2982,24499.0736,6805.2982,1548.5136,6626.7782,17.515,65.1478,67.4612,inf,7.8791,0.0,0.0,900000.0,900.0,0.0,11692.3077,270747567664.22,270747.5677
53.0,Agni_Class,BOOST,291394.5898,291.3946,65379.0773,65.3791,6839.0105,24620.4377,6839.0105,1557.2711,6659.3521,17.7609,66.1443,68.4874,inf,7.9838,0.0,0.0,900000.0,900.0,0.0,11538.4615,269838831218.63,269838.8312
53.5,Agni_Class,BOOST,294740.802,294.7408,66162.1531,66.1622,6873.236,24743.6497,6873.236,1566.1515,6692.4243,18.0134,67.1678,69.5413,inf,8.0912,0.0,0.0,900000.0,900.0,0.0,11384.6154,268912434272.67,268912.4343
54.0,Agni_Class,BOOST,298103.8061,298.1038,66949.7322,66.9497,6907.9888,24868.7597,6907.9888,1575.1582,6726.0082,18.2728,68.2192,70.6241,inf,8.2017,0.0,0.0,900000.0,900.0,0.0,11230.7692,267967891788.63,267967.8918
54.5,Agni_Class,BOOST,301483.865,301.4839,67741.8795,67.7419,6943.2832,24995.8197,6943.2832,1584.2946,6760.1178,18.5393,69.3,71.737,inf,8.3151,0.0,0.0,900000.0,900.0,0.0,11076.9231,267004701604.24,267004.7016
55.0,Agni_Class,BOOST,304881.2488,304.8812,68538.6617,68.5387,6979.1344,25124.8837,6979.1344,1593.5643,6794.7678,18.8133,70.4111,72.8812,inf,8.4318,0.0,0.0,900000.0,900.0,0.0,10923.0769,266022343614.19,266022.3436
55.5,Agni_Class,BOOST,308296.2355,308.2962,69340.1472,69.3401,7015.5578,25256.0082,7015.5578,1602.971,6829.9733,19.0951,71.554,74.0581,inf,8.5518,0.0,0.0,900000.0,900.0,0.0,10769.2308,265020278901.34,265020.2789
56.0,Agni_Class,BOOST,311729.1107,311.7291,70146.4065,70.1464,7052.57,25389.2521,7052.57,1612.5185,6865.7504,19.3849,72.7301,75.2691,inf,8.6753,0.0,0.0,900000.0,900.0,0.0,10615.3846,263997948813.53,263997.9488
56.5,Agni_Class,BOOST,315180.1684,315.1802,70957.5119,70.9575,7090.188,25524.6767,7090.188,1622.211,6902.1154,19.6832,73.9408,76.5158,inf,8.8024,0.0,0.0,900000.0,900.0,0.0,10461.5385,262954773981.98,262954.774
57.0,Agni_Class,BOOST,318649.7113,318.6497,71773.5382,71.7735,7128.4295,25662.3463,7128.4295,1632.0526,6939.0858,19.9904,75.1876,77.7997,inf,8.9334,0.0,0.0,900000.0,900.0,0.0,10307.6923,261890153276.56,261890.1533
57.5,Agni_Class,BOOST,322138.0511,322.1381,72594.5621,72.5946,7167.3132,25802.3276,7167.3132,1642.0478,6976.6796,20.3068,76.4722,79.1225,inf,9.0682,0.0,0.0,900000.0,900.0,0.0,10153.8462,260803462692.97,260803.4627
58.0,Agni_Class,BOOST,325645.5089,325.6455,73420.6627,73.4207,7206.8586,25944.6909,7206.8586,1652.2012,7014.9157,20.6329,77.7963,80.4859,inf,9.2073,0.0,0.0,900000.0,900.0,0.0,10000.0,259694054166.3,259694.0542
58.5,Agni_Class,BOOST,329172.4159,329.1724,74251.9215,74.2519,7247.086,26089.5094,7247.086,1662.5176,7053.8139,20.969,79.1619,81.892,inf,9.3507,0.0,0.0,900000.0,900.0,0.0,9846.1538,258561254304.96,258561.2543
59.0,Agni_Class,BOOST,332719.1133,332.7191,75088.4226,75.0884,7288.0166,26236.8598,7288.0166,1673.0021,7093.3948,21.3158,80.5708,83.3428,inf,9.4986,0.0,0.0,900000.0,900.0,0.0,9692.3077,257404363038.33,257404.363
59.5,Agni_Class,BOOST,336285.9534,336.286,75930.2526,75.9303,7329.6729,26386.8224,7329.6729,1683.6601,7133.6802,21.6737,82.0252,84.8403,inf,9.6513,0.0,0.0,900000.0,900.0,0.0,9538.4615,256222652170.71,256222.6522
60.0,Agni_Class,BOOST,339873.2998,339.8733,76777.5011,76.7775,7372.0782,26539.4814,7372.0782,1694.4969,7174.6928,22.0433,83.5272,86.387,inf,9.809,0.0,0.0,900000.0,900.0,0.0,9384.6154,255015363833.82,255015.3638
60.5,Agni_Class,BOOST,343481.528,343.4815,77630.2604,77.6303,7415.257,26694.9253,7415.257,1705.5186,7216.4564,22.4251,85.0794,87.9852,inf,9.972,0.0,0.0,900000.0,900.0,0.0,9230.7692,253781708828.63,253781.7088
61.0,Agni_Class,BOOST,347111.026,347.111,78488.626,78.4886,7459.2353,26853.2469,7459.2353,1716.7312,7258.9961,22.8198,86.6842,89.6376,inf,10.1405,0.0,0.0,900000.0,900.0,0.0,9076.9231,252520864846.89,252520.8648
61.5,Agni_Class,BOOST,350762.1951,350.7622,79352.6965,79.3527,7504.0399,27014.5437,7504.0399,1728.1411,7302.3382,23.228,88.3443,91.3469,inf,10.3148,0.0,0.0,900000.0,900.0,0.0,8923.0769,251231974561.59,251231.9746
62.0,Agni_Class,BOOST,354435.4503,354.4355,80222.574,80.2226,7549.6995,27178.9182,7549.6995,1739.7551,7346.5104,23.6505,90.0628,93.1163,inf,10.4952,0.0,0.0,900000.0,900.0,0.0,8769.2308,249914143574.01,249914.1436
62.5,Agni_Class,BOOST,358131.2212,358.1312,81098.3642,81.0984,7596.244,27346.4785,7596.244,1751.5803,7391.5418,24.0879,91.8426,94.9488,inf,10.6821,0.0,0.0,900000.0,900.0,0.0,8615.3846,248566438204.35,248566.4382
63.0,Agni_Class,BOOST,361849.9527,361.85,81980.1763,81.9802,7643.7051,27517.3382,7643.7051,1763.6242,7437.463,24.5412,93.6871,96.848,inf,10.8758,0.0,0.0,900000.0,900.0,0.0,8461.5385,247187883110.74,247187.8831
63.5,Agni_Class,BOOST,365592.106,365.5921,82868.1237,82.8681,7692.1159,27691.6173,7692.1159,1775.8948,7484.3066,25.0111,95.6,98.8176,inf,11.0766,0.0,0.0,900000.0,900.0,0.0,8307.6923,245777458720.28,245777.4587
64.0,Agni_Class,BOOST,369358.1593,369.3582,83762.3239,83.7623,7741.5118,27869.4426,7741.5118,1788.4004,7532.1066,25.4988,97.585,100.8614,inf,11.285,0.0,0.0,900000.0,900.0,0.0,8153.8462,244334098453.46,244334.0985
64.5,Agni_Class,BOOST,373148.6089,373.1486,84662.8988,84.6629,7791.9299,28050.9476,7791.9299,1801.1498,7580.8991,26.005,99.6465,102.9839,inf,11.5014,0.0,0.0,900000.0,900.0,0.0,8000.0,242856685721.29,242856.6857
65.0,Agni_Class,MIDCOURSE,376963.97,376.964,85569.9749,85.57,7843.4094,28236.274,7843.4094,1814.1523,7630.7223,-0.0,-9.8066,9.8066,inf,2.0,0.0,0.0,0.0,0.0,0.0,8000.0,246076286959.55,246076.287
65.5,Agni_Class,MIDCOURSE,380776.8795,380.7769,86477.0511,86.4771,7838.6392,28219.101,7838.6392,1814.1523,7625.819,-0.0,-9.8066,9.8066,inf,2.0,0.0,0.0,0.0,0.0,0.0,8000.0,245777055837.52,245777.0558
66.0,Agni_Class,MIDCOURSE,384587.3374,384.5873,87384.1272,87.3841,7833.869,28201.9286,7833.869,1814.1523,7620.9157,-0.0,-9.8066,9.8066,inf,2.0,0.0,0.0,0.0,0.0,0.0,8000.0,245478017056.26,245478.0171
66.5,Agni_Class,MIDCOURSE,388395.3435,388.3953,88291.2034,88.2912,7829.0991,28184.7567,7829.0991,1814.1523,7616.0124,-0.0,-9.8066,9.8066,inf,2.0,0.0,0.0,0.0,0.0,0.0,8000.0,245179170615.77,245179.1706
67.0,Agni_Class,MIDCOURSE,392200.8981,392.2009,89198.2795,89.1983,7824.3293,28167.5855,7824.3293,1814.1523,7611.109,-0.0,-9.8066,9.8066,inf,2.0,0.0,0.0,0.0,0.0,0.0,8000.0,244880516516.04,244880.5165
67.5,Agni_Class,MIDCOURSE,396004.0009,396.004,90105.3557,90.1054,7819.5597,28150.4149,7819.5597,1814.1523,7606.2057,-0.0,-9.8066,9.8066,inf,2.0,0.0,0.0,0.0,0.0,0.0,8000.0,244582054757.09,244582.0548
68.0,Agni_Class,MIDCOURSE,399804.6521,399.8047,91012.4318,91.0124,7814.7902,28133.2448,7814.7902,1814.1523,7601.3024,-0.0,-9.8066,9.8066,inf,2.0,0.0,0.0,0.0,0.0,0.0,8000.0,244283785338.9,244283.7853
68.5,Agni_Class,MIDCOURSE,403602.8516,403.6029,91919.5079,91.9195,7810.0209,28116.0754,7810.0209,1814.1523,7596.3991,-0.0,-9.8066,9.8066,inf,2.0,0.0,0.0,0.0,0.0,0.0,8000.0,243985708261.48,243985.7083
69.0,Agni_Class,MIDCOURSE,407398.5995,407.3986,92826.5841,92.8266,7805.2518,28098.9065,7805.2518,1814.1523,7591.4957,-0.0,-9.8066,9.8066,inf,2.0,0.0,0.0,0.0,0.0,0.0,8000.0,243687823524.83,243687.8235
69.5,Agni_Class,MIDCOURSE,411191.8957,411.1919,93733.6602,93.7337,7800.4829,28081.7383,7800.4829,1814.1523,7586.5924,-0.0,-9.8066,9.8066,inf,2.0,0.0,0.0,0.0,0.0,0.0,8000.0,243390131128.94,243390.1311
70.0,Agni_Class,MIDCOURSE,414982.7402,414.9827,94640.7364,94.6407,7795.7141,28064.5706,7795.7141,1814.1523,7581.6891,-0.0,-9.8066,9.8066,inf,2.0,0.0,0.0,0.0,0.0,0.0,8000.0,243092631073.83,243092.6311
70.5,Agni_Class,MIDCOURSE,418771.1331,418.7711,95547.8125,95.5478,7790.9454,28047.4036,7790.9454,1814.1523,7576.7858,-0.0,-9.8066,9.8066,inf,2.0,0.0,0.0,0.0,0.0,0.0,8000.0,242795323359.48,242795.3234
71.0,Agni_Class,MIDCOURSE,422557.0743,422.5571,96454.8887,96.4549,7786.177,28030.2371,7786.177,1814.1523,7571.8824,-0.0,-9.8066,9.8066,inf,2.0,0.0,0.0,0.0,0.0,0.0,8000.0,242498207985.9,242498.208
71.5,Agni_Class,MIDCOURSE,426340.5639,426.3406,97361.9648,97.362,7781.4087,28013.0713,7781.4087,1814.1523,7566.9791,-0.0,-9.8066,9.8066,inf,2.0,0.0,0.0,0.0,0.0,0.0,8000.0,242201284953.1,242201.285
72.0,Agni_Class,MIDCOURSE,430121.6017,430.1216,98269.0409,98.269,7776.6406,27995.9061,7776.6406,1814.1523,7562.0758,-0.0,-9.8066,9.8066,inf,2.0,0.0,0.0,0.0,0.0,0.0,8000.0,241904554261.05,241904.5543
72.5,Agni_Class,MIDCOURSE,433900.188,433.9002,99176.1171,99.1761,7771.8726,27978.7414,7771.8726,1814.1523,7557.1725,-0.0,-9.8066,9.8066,inf,2.0,0.0,0.0,0.0,0.0,0.0,8000.0,241608015909.78,241608.0159
73.0,Agni_Class,MIDCOURSE,437676.3225,437.6763,100083.1932,100.0832,7767.1048,27961.5774,7767.1048,1814.1523,7552.2691,-0.0,-9.8066,9.8066,inf,2.0,0.0,0.0,0.0,0.0,0.0,8000.0,241311669899.28,241311.6699
73.5,Agni_Class,MIDCOURSE,441450.0054,441.45,100990.2694,100.9903,7762.3372,27944.414,7762.3372,1814.1523,7547.3658,-0.0,-9.8066,9.8066,inf,2.0,0.0,0.0,0.0,0.0,0.0,8000.0,241015516229.54,241015.5162
74.0,Agni_Class,MIDCOURSE,445221.2367,445.2212,101897.3455,101.8973,7757.5698,27927.2512,7757.5698,1814.1523,7542.4625,-0.0,-9.8066,9.8066,inf,2.0,0.0,0.0,0.0,0.0,0.0,8000.0,240719554900.58,240719.5549
74.5,Agni_Class,MIDCOURSE,448990.0163,448.99,102804.4217,102.8044,7752.8025,27910.089,7752.8025,1814.1523,7537.5592,-0.0,-9.8066,9.8066,inf,2.0,0.0,0.0,0.0,0.0,0.0,8000.0,240423785912.38,240423.7859
75.0,Agni_Class,MIDCOURSE,452756.3442,452.7563,103711.4978,103.7115,7748.0354,27892.9274,7748.0354,1814.1523,7532.6558,-0.0,-9.8066,9.8066,inf,2.0,0.0,0.0,0.0,0.0,0.0,8000.0,240128209264.95,240128.2093
75.5,Agni_Class,MIDCOURSE,456520.2204,456.5202,104618.5739,104.6186,7743.2684,27875.7664,7743.2684,1814.1523,7527.7525,-0.0,-9.8066,9.8066,inf,2.0,0.0,0.0,0.0,0.0,0.0,8000.0,239832824958.29,239832.825
76.0,Agni_Class,MIDCOURSE,460281.645,460.2816,105525.6501,105.5257,7738.5017,27858.606,7738.5017,1814.1523,7522.8492,-0.0,-9.8066,9.8066,inf,2.0,0.0,0.0,0.0,0.0,0.0,8000.0,239537632992.39,239537.633
76.5,Agni_Class,MIDCOURSE,464040.6179,464.0406,106432.7262,106.4327,7733.7351,27841.4463,7733.7351,1814.1523,7517.9459,-0.0,-9.8066,9.8066,inf,2.0,0.0,0.0,0.0,0.0,0.0,8000.0,239242633367.27,239242.6334
77.0,Agni_Class,MIDCOURSE,467797.1392,467.7971,107339.8024,107.3398,7728.9687,27824.2872,7728.9687,1814.1523,7513.0425,-0.0,-9.8066,9.8066,inf,2.0,0.0,0.0,0.0,0.0,0.0,8000.0,238947826082.91,238947.8261
77.5,Agni_Class,MIDCOURSE,471551.2088,471.5512,108246.8785,108.2469,7724.2024,27807.1287,7724.2024,1814.1523,7508.1392,-0.0,-9.8066,9.8066,inf,2.0,0.0,0.0,0.0,0.0,0.0,8000.0,238653211139.32,238653.2111
78.0,Agni_Class,MIDCOURSE,475302.8267,475.3028,109153.9547,109.154,7719.4363,27789.9708,7719.4363,1814.1523,7503.2359,-0.0,-9.8066,9.8066,inf,2.0,0.0,0.0,0.0,0.0,0.0,8000.0,238358788536.5,238358.7885
78.5,Agni_Class,MIDCOURSE,479051.993,479.052,110061.0308,110.061,7714.6704,27772.8135,7714.6704,1814.1523,7498.3326,-0.0,-9.8066,9.8066,inf,2.0,0.0,0.0,0.0,0.0,0.0,8000.0,238064558274.45,238064.5583
79.0,Agni_Class,MIDCOURSE,482798.7076,482.7987,110968.1069,110.9681,7709.9047,27755.6568,7709.9047,1814.1523,7493.4292,-0.0,-9.8066,9.8066,inf,2.0,0.0,0.0,0.0,0.0,0.0,8000.0,237770520353.17,237770.5204
79.5,Agni_Class,MIDCOURSE,486542.9706,486.543,111875.1831,111.8752,7705.1391,27738.5008,7705.1391,1814.1523,7488.5259,-0.0,-9.8066,9.8066,inf,2.0,0.0,0.0,0.0,0.0,0.0,8000.0,237476674772.66,237476.6748
80.0,Agni_Class,MIDCOURSE,490284.7819,490.2848,112782.2592,112.7823,7700.3737,27721.3454,7700.3737,1814.1523,7483.6226,-0.0,-9.8066,9.8066,inf,2.0,0.0,0.0,0.0,0.0,0.0,8000.0,237183021532.91,237183.0215
80.5,Agni_Class,MIDCOURSE,494024.1415,494.0241,113689.3354,113.6893,7695.6085,27704.1906,7695.6085,1814.1523,7478.7193,-0.0,-9.8066,9.8066,inf,2.0,0.0,0.0,0.0,0.0,0.0,8000.0,236889560633.93,236889.5606
81.0,Agni_Class,MIDCOURSE,497761.0495,497.761,114596.4115,114.5964,7690.8435,27687.0364,7690.8435,1814.1523,7473.8159,-0.0,-9.8066,9.8066,inf,2.0,0.0,0.0,0.0,0.0,0.0,8000.0,236596292075.72,236596.2921
81.5,Agni_Class,MIDCOURSE,501495.5058,501.4955,115503.4877,115.5035,7686.0786,27669.8829,7686.0786,1814.1523,7468.9126,-0.0,-9.8066,9.8066,inf,2.0,0.0,0.0,0.0,0.0,0.0,8000.0,236303215858.28,236303.2159
82.0,Agni_Class,MIDCOURSE,505227.5104,505.2275,116410.5638,116.4106,7681.3139,27652.73,7681.3139,1814.1523,7464.0093,-0.0,-9.8066,9.8066,inf,2.0,0.0,0.0,0.0,0.0,0.0,8000.0,236010331981.61,236010.332
82.5,Agni_Class,MIDCOURSE,508957.0634,508.9571,117317.6399,117.3176,7676.5494,27635.5777,7676.5494,1814.1523,7459.106,-0.0,-9.8066,9.8066,inf,2.0,0.0,0.0,0.0,0.0,0.0,8000.0,235717640445.71,235717.6404
83.0,Agni_Class,MIDCOURSE,512684.1647,512.6842,118224.7161,118.2247,7671.785,27618.4261,7671.785,1814.1523,7454.2026,-0.0,-9.8066,9.8066,inf,2.0,0.0,0.0,0.0,0.0,0.0,8000.0,235425141250.57,235425.1413
83.5,Agni_Class,MIDCOURSE,516408.8143,516.4088,119131.7922,119.1318,7667.0208,27601.275,7667.0208,1814.1523,7449.2993,-0.0,-9.8066,9.8066,inf,2.0,0.0,0.0,0.0,0.0,0.0,8000.0,235132834396.21,235132.8344
84.0,Agni_Class,MIDCOURSE,520131.0123,520.131,120038.8684,120.0389,7662.2568,27584.1246,7662.2568,1814.1523,7444.396,-0.0,-9.8066,9.8066,inf,2.0,0.0,0.0,0.0,0.0,0.0,8000.0,234840719882.61,234840.7199
84.5,Agni_Class,MIDCOURSE,523850.7586,523.8508,120945.9445,120.9459,7657.493,27566.9749,7657.493,1814.1523,7439.4927,-0.0,-9.8066,9.8066,inf,2.0,0.0,0.0,0.0,0.0,0.0,8000.0,234548797709.78,234548.7977
85.0,Agni_Class,MIDCOURSE,527568.0533,527.5681,121853.0207,121.853,7652.7294,27549.8258,7652.7294,1814.1523,7434.5893,-0.0,-9.8066,9.8066,inf,2.0,0.0,0.0,0.0,0.0,0.0,8000.0,234257067877.72,234257.0679
85.5,Agni_Class,MIDCOURSE,531282.8963,531.2829,122760.0968,122.7601,7647.9659,27532.6773,7647.9659,1814.1523,7429.686,-0.0,-9.8066,9.8066,inf,2.0,0.0,0.0,0.0,0.0,0.0,8000.0,233965530386.43,233965.5304
86.0,Agni_Class,MIDCOURSE,534995.2876,534.9953,123667.1729,123.6672,7643.2026,27515.5294,7643.2026,1814.1523,7424.7827,-0.0,-9.8066,9.8066,inf,2.0,0.0,0.0,0.0,0.0,0.0,8000.0,233674185235.9,233674.1852
86.5,Agni_Class,MIDCOURSE,538705.2273,538.7052,124574.2491,124.5742,7638.4395,27498.3822,7638.4395,1814.1523,7419.8794,-0.0,-9.8066,9.8066,inf,2.0,0.0,0.0,0.0,0.0,0.0,8000.0,233383032426.15,233383.0324
87.0,Agni_Class,MIDCOURSE,542412.7153,542.4127,125481.3252,125.4813,7633.6766,27481.2357,7633.6766,1814.1523,7414.976,-0.0,-9.8066,9.8066,inf,2.0,0.0,0.0,0.0,0.0,0.0,8000.0,233092071957.16,233092.072
87.5,Agni_Class,MIDCOURSE,546117.7517,546.1178,126388.4014,126.3884,7628.9138,27464.0897,7628.9138,1814.1523,7410.0727,-0.0,-9.8066,9.8066,inf,2.0,0.0,0.0,0.0,0.0,0.0,8000.0,232801303828.94,232801.3038
88.0,Agni_Class,MIDCOURSE,549820.3364,549.8203,127295.4775,127.2955,7624.1512,27446.9444,7624.1512,1814.1523,7405.1694,-0.0,-9.8066,9.8066,inf,2.0,0.0,0.0,0.0,0.0,0.0,8000.0,232510728041.49,232510.728
88.5,Agni_Class,MIDCOURSE,553520.4694,553.5205,128202.5537,128.2026,7619.3888,27429.7998,7619.3888,1814.1523,7400.2661,-0.0,-9.8066,9.8066,inf,2.0,0.0,0.0,0.0,0.0,0.0,8000.0,232220344594.81,232220.3446
89.0,Agni_Class,MIDCOURSE,557218.1508,557.2182,129109.6298,129.1096,7614.6266,27412.6558,7614.6266,1814.1523,7395.3627,-0.0,-9.8066,9.8066,inf,2.0,0.0,0.0,0.0,0.0,0.0,8000.0,231930153488.89,231930.1535
89.5,Agni_Class,MIDCOURSE,560913.3805,560.9134,130016.7059,130.0167,7609.8646,27395.5124,7609.8646,1814.1523,7390.4594,-0.0,-9.8066,9.8066,inf,2.0,0.0,0.0,0.0,0.0,0.0,8000.0,231640154723.75,231640.1547
90.0,Agni_Class,MIDCOURSE,564606.1585,564.6062,130923.7821,130.9238,7605.1027,27378.3697,7605.1027,1814.1523,7385.5561,-0.0,-9.8066,9.8066,inf,2.0,0.0,0.0,0.0,0.0,0.0,8000.0,231350348299.37,231350.3483
90.5,Agni_Class,MIDCOURSE,568296.4849,568.2965,131830.8582,131.8309,7600.341,27361.2277,7600.341,1814.1523,7380.6528,-0.0,-9.8066,9.8066,inf,2.0,0.0,0.0,0.0,0.0,0.0,8000.0,231060734215.76,231060.7342
91.0,Agni_Class,MIDCOURSE,571984.3596,571.9844,132737.9344,132.7379,7595.5795,27344.0862,7595.5795,1814.1523,7375.7494,-0.0,-9.8066,9.8066,inf,2.0,0.0,0.0,0.0,0.0,0.0,8000.0,230771312472.92,230771.3125
91.5,Agni_Class,MIDCOURSE,575669.7826,575.6698,133645.0105,133.645,7590.8182,27326.9455,7590.8182,1814.1523,7370.8461,-0.0,-9.8066,9.8066,inf,2.0,0.0,0.0,0.0,0.0,0.0,8000.0,230482083070.85,230482.0831
92.0,Agni_Class,MIDCOURSE,579352.754,579.3528,134552.0866,134.5521,7586.057,27309.8054,7586.057,1814.1523,7365.9428,-0.0,-9.8066,9.8066,inf,2.0,0.0,0.0,0.0,0.0,0.0,8000.0,230193046009.55,230193.046
92.5,Agni_Class,MIDCOURSE,583033.2738,583.0333,135459.1628,135.4592,7581.2961,27292.6659,7581.2961,1814.1523,7361.0395,-0.0,-9.8066,9.8066,inf,2.0,0.0,0.0,0.0,0.0,0.0,8000.0,229904201289.01,229904.2013
93.0,Agni_Class,MIDCOURSE,586711.3418,586.7113,136366.2389,136.3662,7576.5353,27275.5271,7576.5353,1814.1523,7356.1361,-0.0,-9.8066,9.8066,inf,2.0,0.0,0.0,0.0,0.0,0.0,8000.0,229615548909.25,229615.5489
93.5,Agni_Class,MIDCOURSE,590386.9582,590.387,137273.3151,137.2733,7571.7747,27258.3889,7571.7747,1814.1523,7351.2328,-0.0,-9.8066,9.8066,inf,2.0,0.0,0.0,0.0,0.0,0.0,8000.0,229327088870.25,229327.0889
94.0,Agni_Class,MIDCOURSE,594060.123,594.0601,138180.3912,138.1804,7567.0143,27241.2515,7567.0143,1814.1523,7346.3295,-0.0,-9.8066,9.8066,inf,2.0,0.0,0.0,0.0,0.0,0.0,8000.0,229038821172.02,229038.8212
94.5,Agni_Class,MIDCOURSE,597730.836,597.7308,139087.4674,139.0875,7562.2541,27224.1146,7562.2541,1814.1523,7341.4262,-0.0,-9.8066,9.8066,inf,2.0,0.0,0.0,0.0,0.0,0.0,8000.0,228750745814.56,228750.7458
95.0,Agni_Class,MIDCOURSE,601399.0974,601.3991,139994.5435,139.9945,7557.494,27206.9784,7557.494,1814.1523,7336.5228,-0.0,-9.8066,9.8066,inf,2.0,0.0,0.0,0.0,0.0,0.0,8000.0,228462862797.87,228462.8628
95.5,Agni_Class,MIDCOURSE,605064.9072,605.0649,140901.6196,140.9016,7552.7341,27189.8429,7552.7341,1814.1523,7331.6195,-0.0,-9.8066,9.8066,inf,2.0,0.0,0.0,0.0,0.0,0.0,8000.0,228175172121.94,228175.1721
96.0,Agni_Class,MIDCOURSE,608728.2653,608.7283,141808.6958,141.8087,7547.9745,27172.7081,7547.9745,1814.1523,7326.7162,-0.0,-9.8066,9.8066,inf,2.0,0.0,0.0,0.0,0.0,0.0,8000.0,227887673786.79,227887.6738
96.5,Agni_Class,MIDCOURSE,612389.1717,612.3892,142715.7719,142.7158,7543.215,27155.5739,7543.215,1814.1523,7321.8129,-0.0,-9.8066,9.8066,inf,2.0,0.0,0.0,0.0,0.0,0.0,8000.0,227600367792.4,227600.3678
97.0,Agni_Class,MIDCOURSE,616047.6265,616.0476,143622.8481,143.6228,7538.4556,27138.4403,7538.4556,1814.1523,7316.9095,-0.0,-9.8066,9.8066,inf,2.0,0.0,0.0,0.0,0.0,0.0,8000.0,227313254138.78,227313.2541
97.5,Agni_Class,MIDCOURSE,619703.6296,619.7036,144529.9242,144.5299,7533.6965,27121.3075,7533.6965,1814.1523,7312.0062,-0.0,-9.8066,9.8066,inf,2.0,0.0,0.0,0.0,0.0,0.0,8000.0,227026332825.93,227026.3328
98.0,Agni_Class,MIDCOURSE,623357.181,623.3572,145437.0004,145.437,7528.9376,27104.1753,7528.9376,1814.1523,7307.1029,-0.0,-9.8066,9.8066,inf,2.0,0.0,0.0,0.0,0.0,0.0,8000.0,226739603853.85,226739.6039
98.5,Agni_Class,MIDCOURSE,627008.2808,627.0083,146344.0765,146.3441,7524.1788,27087.0437,7524.1788,1814.1523,7302.1996,-0.0,-9.8066,9.8066,inf,2.0,0.0,0.0,0.0,0.0,0.0,8000.0,226453067222.54,226453.0672
99.0,Agni_Class,MIDCOURSE,630656.9289,630.6569,147251.1526,147.2512,7519.4202,27069.9129,7519.4202,1814.1523,7297.2962,-0.0,-9.8066,9.8066,inf,2.0,0.0,0.0,0.0,0.0,0.0,8000.0,226166722931.99,226166.7229
99.5,Agni_Class,MIDCOURSE,634303.1254,634.3031,148158.2288,148.1582,7514.6619,27052.7827,7514.6619,1814.1523,7292.3929,-0.0,-9.8066,9.8066,inf,2.0,0.0,0.0,0.0,0.0,0.0,8000.0,225880570982.22,225880.571
100.0,Agni_Class,MIDCOURSE,637946.8701,637.9469,149065.3049,149.0653,7509.9037,27035.6531,7509.9037,1814.1523,7287.4896,-0.0,-9.8066,9.8066,inf,2.0,0.0,0.0,0.0,0.0,0.0,8000.0,225594611373.21,225594.6114
100.5,Agni_Class,MIDCOURSE,641588.1633,641.5882,149972.3811,149.9724,7505.1456,27018.5243,7505.1456,1814.1523,7282.5863,-0.0,-9.8066,9.8066,inf,2.0,0.0,0.0,0.0,0.0,0.0,8000.0,225308844104.97,225308.8441
101.0,Agni_Class,MIDCOURSE,645227.0047,645.227,150879.4572,150.8795,7500.3878,27001.3961,7500.3878,1814.1523,7277.6829,-0.0,-9.8066,9.8066,inf,2.0,0.0,0.0,0.0,0.0,0.0,8000.0,225023269177.5,225023.2692
101.5,Agni_Class,MIDCOURSE,648863.3945,648.8634,151786.5334,151.7865,7495.6302,26984.2686,7495.6302,1814.1523,7272.7796,-0.0,-9.8066,9.8066,inf,2.0,0.0,0.0,0.0,0.0,0.0,8000.0,224737886590.8,224737.8866
102.0,Agni_Class,MIDCOURSE,652497.3327,652.4973,152693.6095,152.6936,7490.8727,26967.1418,7490.8727,1814.1523,7267.8763,-0.0,-9.8066,9.8066,inf,2.0,0.0,0.0,0.0,0.0,0.0,8000.0,224452696344.86,224452.6963
102.5,Agni_Class,MIDCOURSE,656128.8191,656.1288,153600.6856,153.6007,7486.1155,26950.0156,7486.1155,1814.1523,7262.973,-0.0,-9.8066,9.8066,inf,2.0,0.0,0.0,0.0,0.0,0.0,8000.0,224167698439.7,224167.6984
103.0,Agni_Class,MIDCOURSE,659757.854,659.7579,154507.7618,154.5078,7481.3584,26932.8902,7481.3584,1814.1523,7258.0696,-0.0,-9.8066,9.8066,inf,2.0,0.0,0.0,0.0,0.0,0.0,8000.0,223882892875.3,223882.8929
103.5,Agni_Class,MIDCOURSE,663384.4371,663.3844,155414.8379,155.4148,7476.6015,26915.7654,7476.6015,1814.1523,7253.1663,-0.0,-9.8066,9.8066,inf,2.0,0.0,0.0,0.0,0.0,0.0,8000.0,223598279651.67,223598.2797
104.0,Agni_Class,MIDCOURSE,667008.5686,667.0086,156321.9141,156.3219,7471.8448,26898.6413,7471.8448,1814.1523,7248.263,-0.0,-9.8066,9.8066,inf,2.0,0.0,0.0,0.0,0.0,0.0,8000.0,223313858768.81,223313.8588
104.5,Agni_Class,MIDCOURSE,670630.2484,670.6302,157228.9902,157.229,7467.0883,26881.5179,7467.0883,1814.1523,7243.3597,-0.0,-9.8066,9.8066,inf,2.0,0.0,0.0,0.0,0.0,0.0,8000.0,223029630226.72,223029.6302
105.0,Agni_Class,MIDCOURSE,674249.4766,674.2495,158136.0664,158.1361,7462.332,26864.3951,7462.332,1814.1523,7238.4563,-0.0,-9.8066,9.8066,inf,2.0,0.0,0.0,0.0,0.0,0.0,8000.0,222745594025.4,222745.594
105.5,Agni_Class,MIDCOURSE,677866.2531,677.8663,159043.1425,159.0431,7457.5758,26847.2731,7457.5758,1814.1523,7233.553,-0.0,-9.8066,9.8066,inf,2.0,0.0,0.0,0.0,0.0,0.0,8000.0,222461750164.84,222461.7502
106.0,Agni_Class,MIDCOURSE,681480.5779,681.4806,159950.2186,159.9502,7452.8199,26830.1517,7452.8199,1814.1523,7228.6497,-0.0,-9.8066,9.8066,inf,2.0,0.0,0.0,0.0,0.0,0.0,8000.0,222178098645.05,222178.0986
106.5,Agni_Class,MIDCOURSE,685092.4511,685.0925,160857.2948,160.8573,7448.0642,26813.031,7448.0642,1814.1523,7223.7464,-0.0,-9.8066,9.8066,inf,2.0,0.0,0.0,0.0,0.0,0.0,8000.0,221894639466.04,221894.6395
107.0,Agni_Class,MIDCOURSE,688701.8726,688.7019,161764.3709,161.7644,7443.3086,26795.911,7443.3086,1814.1523,7218.843,-0.0,-9.8066,9.8066,inf,2.0,0.0,0.0,0.0,0.0,0.0,8000.0,221611372627.79,221611.3726
107.5,Agni_Class,MIDCOURSE,692308.8425,692.3088,162671.4471,162.6714,7438.5533,26778.7917,7438.5533,1814.1523,7213.9397,-0.0,-9.8066,9.8066,inf,2.0,0.0,0.0,0.0,0.0,0.0,8000.0,221328298130.31,221328.2981
108.0,Agni_Class,MIDCOURSE,695913.3607,695.9134,163578.5232,163.5785,7433.7981,26761.6731,7433.7981,1814.1523,7209.0364,-0.0,-9.8066,9.8066,inf,2.0,0.0,0.0,0.0,0.0,0.0,8000.0,221045415973.59,221045.416
108.5,Agni_Class,MIDCOURSE,699515.4272,699.5154,164485.5994,164.4856,7429.0431,26744.5552,7429.0431,1814.1523,7204.1331,-0.0,-9.8066,9.8066,inf,2.0,0.0,0.0,0.0,0.0,0.0,8000.0,220762726157.65,220762.7262
109.0,Agni_Class,MIDCOURSE,703115.042,703.115,165392.6755,165.3927,7424.2883,26727.438,7424.2883,1814.1523,7199.2297,-0.0,-9.8066,9.8066,inf,2.0,0.0,0.0,0.0,0.0,0.0,8000.0,220480228682.47,220480.2287
109.5,Agni_Class,MIDCOURSE,706712.2052,706.7122,166299.7516,166.2998,7419.5337,26710.3215,7419.5337,1814.1523,7194.3264,-0.0,-9.8066,9.8066,inf,2.0,0.0,0.0,0.0,0.0,0.0,8000.0,220197923548.07,220197.9235
110.0,Agni_Class,MIDCOURSE,710306.9168,710.3069,167206.8278,167.2068,7414.7793,26693.2056,7414.7793,1814.1523,7189.4231,-0.0,-9.8066,9.8066,inf,2.0,0.0,0.0,0.0,0.0,0.0,8000.0,219915810754.43,219915.8108
110.5,Agni_Class,MIDCOURSE,713899.1767,713.8992,168113.9039,168.1139,7410.0251,26676.0905,7410.0251,1814.1523,7184.5198,-0.0,-9.8066,9.8066,inf,2.0,0.0,0.0,0.0,0.0,0.0,8000.0,219633890301.56,219633.8903
111.0,Agni_Class,MIDCOURSE,717488.9849,717.489,169020.9801,169.021,7405.2711,26658.9761,7405.2711,1814.1523,7179.6164,-0.0,-9.8066,9.8066,inf,2.0,0.0,0.0,0.0,0.0,0.0,8000.0,219352162189.45,219352.1622
111.5,Agni_Class,MIDCOURSE,721076.3414,721.0763,169928.0562,169.9281,7400.5173,26641.8624,7400.5173,1814.1523,7174.7131,-0.0,-9.8066,9.8066,inf,2.0,0.0,0.0,0.0,0.0,0.0,8000.0,219070626418.12,219070.6264
112.0,Agni_Class,MIDCOURSE,724661.2463,724.6612,170835.1324,170.8351,7395.7637,26624.7493,7395.7637,1814.1523,7169.8098,-0.0,-9.8066,9.8066,inf,2.0,0.0,0.0,0.0,0.0,0.0,8000.0,218789282987.56,218789.283
112.5,Agni_Class,MIDCOURSE,728243.6995,728.2437,171742.2085,171.7422,7391.0103,26607.637,7391.0103,1814.1523,7164.9065,-0.0,-9.8066,9.8066,inf,2.0,0.0,0.0,0.0,0.0,0.0,8000.0,218508131897.76,218508.1319
113.0,Agni_Class,MIDCOURSE,731823.7011,731.8237,172649.2846,172.6493,7386.2571,26590.5254,7386.2571,1814.1523,7160.0031,-0.0,-9.8066,9.8066,inf,2.0,0.0,0.0,0.0,0.0,0.0,8000.0,218227173148.73,218227.1731
113.5,Agni_Class,MIDCOURSE,735401.251,735.4013,173556.3608,173.5564,7381.504,26573.4145,7381.504,1814.1523,7155.0998,-0.0,-9.8066,9.8066,inf,2.0,0.0,0.0,0.0,0.0,0.0,8000.0,217946406740.47,217946.4067
114.0,Agni_Class,MIDCOURSE,738976.3492,738.9763,174463.4369,174.4634,7376.7512,26556.3043,7376.7512,1814.1523,7150.1965,-0.0,-9.8066,9.8066,inf,2.0,0.0,0.0,0.0,0.0,0.0,8000.0,217665832672.98,217665.8327
114.5,Agni_Class,MIDCOURSE,742548.9958,742.549,175370.5131,175.3705,7371.9986,26539.1948,7371.9986,1814.1523,7145.2932,-0.0,-9.8066,9.8066,inf,2.0,0.0,0.0,0.0,0.0,0.0,8000.0,217385450946.26,217385.4509
115.0,Agni_Class,MIDCOURSE,746119.1907,746.1192,176277.5892,176.2776,7367.2461,26522.086,7367.2461,1814.1523,7140.3898,-0.0,-9.8066,9.8066,inf,2.0,0.0,0.0,0.0,0.0,0.0,8000.0,217105261560.3,217105.2616
115.5,Agni_Class,MIDCOURSE,749686.934,749.6869,177184.6654,177.1847,7362.4939,26504.978,7362.4939,1814.1523,7135.4865,-0.0,-9.8066,9.8066,inf,2.0,0.0,0.0,0.0,0.0,0.0,8000.0,216825264515.12,216825.2645
116.0,Agni_Class,MIDCOURSE,753252.2256,753.2522,178091.7415,178.0917,7357.7418,26487.8706,7357.7418,1814.1523,7130.5832,-0.0,-9.8066,9.8066,inf,2.0,0.0,0.0,0.0,0.0,0.0,8000.0,216545459810.7,216545.4598
116.5,Agni_Class,MIDCOURSE,756815.0655,756.8151,178998.8176,178.9988,7352.99,26470.764,7352.99,1814.1523,7125.6799,-0.0,-9.8066,9.8066,inf,2.0,0.0,0.0,0.0,0.0,0.0,8000.0,216265847447.05,216265.8474
117.0,Agni_Class,MIDCOURSE,760375.4538,760.3755,179905.8938,179.9059,7348.2384,26453.6581,7348.2384,1814.1523,7120.7765,-0.0,-9.8066,9.8066,inf,2.0,0.0,0.0,0.0,0.0,0.0,8000.0,215986427424.17,215986.4274
117.5,Agni_Class,MIDCOURSE,763933.3904,763.9334,180812.9699,180.813,7343.4869,26436.5529,7343.4869,1814.1523,7115.8732,-0.0,-9.8066,9.8066,inf,2.0,0.0,0.0,0.0,0.0,0.0,8000.0,215707199742.06,215707.1997
118.0,Agni_Class,MIDCOURSE,767488.8753,767.4889,181720.0461,181.72,7338.7357,26419.4484,7338.7357,1814.1523,7110.9699,-0.0,-9.8066,9.8066,inf,2.0,0.0,0.0,0.0,0.0,0.0,8000.0,215428164400.71,215428.1644
118.5,Agni_Class,MIDCOURSE,771041.9086,771.0419,182627.1222,182.6271,7333.9846,26402.3446,7333.9846,1814.1523,7106.0666,-0.0,-9.8066,9.8066,inf,2.0,0.0,0.0,0.0,0.0,0.0,8000.0,215149321400.14,215149.3214
119.0,Agni_Class,MIDCOURSE,774592.4902,774.5925,183534.1984,183.5342,7329.2338,26385.2416,7329.2338,1814.1523,7101.1632,-0.0,-9.8066,9.8066,inf,2.0,0.0,0.0,0.0,0.0,0.0,8000.0,214870670740.33,214870.6707
119.5,Agni_Class,MIDCOURSE,778140.6201,778.1406,184441.2745,184.4413,7324.4831,26368.1393,7324.4831,1814.1523,7096.2599,-0.0,-9.8066,9.8066,inf,2.0,0.0,0.0,0.0,0.0,0.0,8000.0,214592212421.29,214592.2124
120.0,Agni_Class,MIDCOURSE,781686.2984,781.6863,185348.3506,185.3484,7319.7327,26351.0377,7319.7327,1814.1523,7091.3566,-0.0,-9.8066,9.8066,inf,2.0,0.0,0.0,0.0,0.0,0.0,8000.0,214313946443.02,214313.9464
120.5,Agni_Class,MIDCOURSE,785229.525,785.2295,186255.4268,186.2554,7314.9824,26333.9368,7314.9824,1814.1523,7086.4533,-0.0,-9.8066,9.8066,inf,2.0,0.0,0.0,0.0,0.0,0.0,8000.0,214035872805.52,214035.8728
121.0,Agni_Class,MIDCOURSE,788770.3,788.7703,187162.5029,187.1625,7310.2324,26316.8367,7310.2324,1814.1523,7081.5499,-0.0,-9.8066,9.8066,inf,2.0,0.0,0.0,0.0,0.0,0.0,8000.0,213757991508.79,213757.9915
121.5,Agni_Class,MIDCOURSE,792308.6233,792.3086,188069.5791,188.0696,7305.4826,26299.7373,7305.4826,1814.1523,7076.6466,-0.0,-9.8066,9.8066,inf,2.0,0.0,0.0,0.0,0.0,0.0,8000.0,213480302552.82,213480.3026
122.0,Agni_Class,MIDCOURSE,795844.495,795.8445,188976.6552,188.9767,7300.7329,26282.6386,7300.7329,1814.1523,7071.7433,-0.0,-9.8066,9.8066,inf,2.0,0.0,0.0,0.0,0.0,0.0,8000.0,213202805937.63,213202.8059
122.5,Agni_Class,MIDCOURSE,799377.9149,799.3779,189883.7314,189.8837,7295.9835,26265.5406,7295.9835,1814.1523,7066.84,-0.0,-9.8066,9.8066,inf,2.0,0.0,0.0,0.0,0.0,0.0,8000.0,212925501663.2,212925.5017
123.0,Agni_Class,MIDCOURSE,802908.8832,802.9089,190790.8075,190.7908,7291.2343,26248.4434,7291.2343,1814.1523,7061.9366,-0.0,-9.8066,9.8066,inf,2.0,0.0,0.0,0.0,0.0,0.0,8000.0,212648389729.54,212648.3897
123.5,Agni_Class,MIDCOURSE,806437.3999,806.4374,191697.8836,191.6979,7286.4853,26231.347,7286.4853,1814.1523,7057.0333,-0.0,-9.8066,9.8066,inf,2.0,0.0,0.0,0.0,0.0,0.0,8000.0,212371470136.65,212371.4701
124.0,Agni_Class,MIDCOURSE,809963.4649,809.9635,192604.9598,192.605,7281.7364,26214.2512,7281.7364,1814.1523,7052.13,-0.0,-9.8066,9.8066,inf,2.0,0.0,0.0,0.0,0.0,0.0,8000.0,212094742884.53,212094.7429
124.5,Agni_Class,MIDCOURSE,813487.0782,813.4871,193512.0359,193.512,7276.9878,26197.1562,7276.9878,1814.1523,7047.2267,-0.0,-9.8066,9.8066,inf,2.0,0.0,0.0,0.0,0.0,0.0,8000.0,211818207973.17,211818.208
125.0,Agni_Class,MIDCOURSE,817008.2399,817.0082,194419.1121,194.4191,7272.2394,26180.062,7272.2394,1814.1523,7042.3233,-0.0,-9.8066,9.8066,inf,2.0,0.0,0.0,0.0,0.0,0.0,8000.0,211541865402.59,211541.8654
125.5,Agni_Class,MIDCOURSE,820526.9499,820.5269,195326.1882,195.3262,7267.4912,26162.9684,7267.4912,1814.1523,7037.42,-0.0,-9.8066,9.8066,inf,2.0,0.0,0.0,0.0,0.0,0.0,8000.0,211265715172.77,211265.7152
126.0,Agni_Class,MIDCOURSE,824043.2082,824.0432,196233.2644,196.2333,7262.7432,26145.8757,7262.7432,1814.1523,7032.5167,-0.0,-9.8066,9.8066,inf,2.0,0.0,0.0,0.0,0.0,0.0,8000.0,210989757283.72,210989.7573
126.5,Agni_Class,MIDCOURSE,827557.0149,827.557,197140.3405,197.1403,7257.9954,26128.7836,7257.9954,1814.1523,7027.6134,-0.0,-9.8066,9.8066,inf,2.0,0.0,0.0,0.0,0.0,0.0,8000.0,210713991735.44,210713.9917
127.0,Agni_Class,MIDCOURSE,831068.3699,831.0684,198047.4166,198.0474,7253.2479,26111.6923,7253.2479,1814.1523,7022.71,-0.0,-9.8066,9.8066,inf,2.0,0.0,0.0,0.0,0.0,0.0,8000.0,210438418527.93,210438.4185
127.5,Agni_Class,MIDCOURSE,834577.2732,834.5773,198954.4928,198.9545,7248.5005,26094.6018,7248.5005,1814.1523,7017.8067,-0.0,-9.8066,9.8066,inf,2.0,0.0,0.0,0.0,0.0,0.0,8000.0,210163037661.18,210163.0377
128.0,Agni_Class,MIDCOURSE,838083.7249,838.0837,199861.5689,199.8616,7243.7533,26077.512,7243.7533,1814.1523,7012.9034,-0.0,-9.8066,9.8066,inf,2.0,0.0,0.0,0.0,0.0,0.0,8000.0,209887849135.21,209887.8491
128.5,Agni_Class,MIDCOURSE,841587.725,841.5877,200768.6451,200.7686,7239.0064,26060.4229,7239.0064,1814.1523,7008.0001,-0.0,-9.8066,9.8066,inf,2.0,0.0,0.0,0.0,0.0,0.0,8000.0,209612852950.0,209612.853
129.0,Agni_Class,MIDCOURSE,845089.2733,845.0893,201675.7212,201.6757,7234.2596,26043.3346,7234.2596,1814.1523,7003.0967,-0.0,-9.8066,9.8066,inf,2.0,0.0,0.0,0.0,0.0,0.0,8000.0,209338049105.57,209338.0491
129.5,Agni_Class,MIDCOURSE,848588.37,848.5884,202582.7974,202.5828,7229.5131,26026.2471,7229.5131,1814.1523,6998.1934,-0.0,-9.8066,9.8066,inf,2.0,0.0,0.0,0.0,0.0,0.0,8000.0,209063437601.9,209063.4376
130.0,Agni_Class,MIDCOURSE,852085.0151,852.085,203489.8735,203.4899,7224.7668,26009.1603,7224.7668,1814.1523,6993.2901,-0.0,-9.8066,9.8066,inf,2.0,0.0,0.0,0.0,0.0,0.0,8000.0,208789018438.99,208789.0184
130.5,Agni_Class,MIDCOURSE,855579.2084,855.5792,204396.9496,204.3969,7220.0206,25992.0743,7220.0206,1814.1523,6988.3868,-0.0,-9.8066,9.8066,inf,2.0,0.0,0.0,0.0,0.0,0.0,8000.0,208514791616.86,208514.7916
131.0,Agni_Class,MIDCOURSE,859070.9502,859.071,205304.0258,205.304,7215.2747,25974.989,7215.2747,1814.1523,6983.4834,-0.0,-9.8066,9.8066,inf,2.0,0.0,0.0,0.0,0.0,0.0,8000.0,208240757135.5,208240.7571
131.5,Agni_Class,MIDCOURSE,862560.2402,862.5602,206211.1019,206.2111,7210.529,25957.9045,7210.529,1814.1523,6978.5801,-0.0,-9.8066,9.8066,inf,2.0,0.0,0.0,0.0,0.0,0.0,8000.0,207966914994.9,207966.915
132.0,Agni_Class,MIDCOURSE,866047.0786,866.0471,207118.1781,207.1182,7205.7835,25940.8207,7205.7835,1814.1523,6973.6768,-0.0,-9.8066,9.8066,inf,2.0,0.0,0.0,0.0,0.0,0.0,8000.0,207693265195.07,207693.2652
132.5,Agni_Class,MIDCOURSE,869531.4653,869.5315,208025.2542,208.0253,7201.0383,25923.7377,7201.0383,1814.1523,6968.7735,-0.0,-9.8066,9.8066,inf,2.0,0.0,0.0,0.0,0.0,0.0,8000.0,207419807736.02,207419.8077
133.0,Agni_Class,MIDCOURSE,873013.4004,873.0134,208932.3304,208.9323,7196.2932,25906.6555,7196.2932,1814.1523,6963.8701,-0.0,-9.8066,9.8066,inf,2.0,0.0,0.0,0.0,0.0,0.0,8000.0,207146542617.72,207146.5426
133.5,Agni_Class,MIDCOURSE,876492.8838,876.4929,209839.4065,209.8394,7191.5483,25889.574,7191.5483,1814.1523,6958.9668,-0.0,-9.8066,9.8066,inf,2.0,0.0,0.0,0.0,0.0,0.0,8000.0,206873469840.2,206873.4698
134.0,Agni_Class,MIDCOURSE,879969.9155,879.9699,210746.4826,210.7465,7186.8037,25872.4933,7186.8037,1814.1523,6954.0635,-0.0,-9.8066,9.8066,inf,2.0,0.0,0.0,0.0,0.0,0.0,8000.0,206600589403.45,206600.5894
134.5,Agni_Class,MIDCOURSE,883444.4956,883.4445,211653.5588,211.6536,7182.0593,25855.4134,7182.0593,1814.1523,6949.1602,-0.0,-9.8066,9.8066,inf,2.0,0.0,0.0,0.0,0.0,0.0,8000.0,206327901307.46,206327.9013
135.0,Agni_Class,MIDCOURSE,886916.624,886.9166,212560.6349,212.5606,7177.3151,25838.3342,7177.3151,1814.1523,6944.2568,-0.0,-9.8066,9.8066,inf,2.0,0.0,0.0,0.0,0.0,0.0,8000.0,206055405552.25,206055.4056
135.5,Agni_Class,MIDCOURSE,890386.3008,890.3863,213467.7111,213.4677,7172.5711,25821.2558,7172.5711,1814.1523,6939.3535,-0.0,-9.8066,9.8066,inf,2.0,0.0,0.0,0.0,0.0,0.0,8000.0,205783102137.8,205783.1021
136.0,Agni_Class,MIDCOURSE,893853.5258,893.8535,214374.7872,214.3748,7167.8273,25804.1782,7167.8273,1814.1523,6934.4502,-0.0,-9.8066,9.8066,inf,2.0,0.0,0.0,0.0,0.0,0.0,8000.0,205510991064.12,205510.9911
136.5,Agni_Class,MIDCOURSE,897318.2993,897.3183,215281.8634,215.2819,7163.0837,25787.1013,7163.0837,1814.1523,6929.5469,-0.0,-9.8066,9.8066,inf,2.0,0.0,0.0,0.0,0.0,0.0,8000.0,205239072331.21,205239.0723
137.0,Agni_Class,MIDCOURSE,900780.621,900.7806,216188.9395,216.1889,7158.3403,25770.0252,7158.3403,1814.1523,6924.6435,-0.0,-9.8066,9.8066,inf,2.0,0.0,0.0,0.0,0.0,0.0,8000.0,204967345939.07,204967.3459
137.5,Agni_Class,MIDCOURSE,904240.4911,904.2405,217096.0156,217.096,7153.5972,25752.9499,7153.5972,1814.1523,6919.7402,-0.0,-9.8066,9.8066,inf,2.0,0.0,0.0,0.0,0.0,0.0,8000.0,204695811887.69,204695.8119
138.0,Agni_Class,MIDCOURSE,907697.9096,907.6979,218003.0918,218.0031,7148.8543,25735.8754,7148.8543,1814.1523,6914.8369,-0.0,-9.8066,9.8066,inf,2.0,0.0,0.0,0.0,0.0,0.0,8000.0,204424470177.08,204424.4702
138.5,Agni_Class,MIDCOURSE,911152.8764,911.1529,218910.1679,218.9102,7144.1116,25718.8017,7144.1116,1814.1523,6909.9336,-0.0,-9.8066,9.8066,inf,2.0,0.0,0.0,0.0,0.0,0.0,8000.0,204153320807.25,204153.3208
139.0,Agni_Class,MIDCOURSE,914605.3915,914.6054,219817.2441,219.8172,7139.3691,25701.7287,7139.3691,1814.1523,6905.0302,-0.0,-9.8066,9.8066,inf,2.0,0.0,0.0,0.0,0.0,0.0,8000.0,203882363778.18,203882.3638
139.5,Agni_Class,MIDCOURSE,918055.4549,918.0555,220724.3202,220.7243,7134.6268,25684.6565,7134.6268,1814.1523,6900.1269,-0.0,-9.8066,9.8066,inf,2.0,0.0,0.0,0.0,0.0,0.0,8000.0,203611599089.88,203611.5991
140.0,Agni_Class,MIDCOURSE,921503.0667,921.5031,221631.3964,221.6314,7129.8848,25667.5851,7129.8848,1814.1523,6895.2236,-0.0,-9.8066,9.8066,inf,2.0,0.0,0.0,0.0,0.0,0.0,8000.0,203341026742.35,203341.0267
140.5,Agni_Class,MIDCOURSE,924948.2268,924.9482,222538.4725,222.5385,7125.1429,25650.5145,7125.1429,1814.1523,6890.3203,-0.0,-9.8066,9.8066,inf,2.0,0.0,0.0,0.0,0.0,0.0,8000.0,203070646735.58,203070.6467
141.0,Agni_Class,MIDCOURSE,928390.9353,928.3909,223445.5486,223.4455,7120.4013,25633.4447,7120.4013,1814.1523,6885.4169,-0.0,-9.8066,9.8066,inf,2.0,0.0,0.0,0.0,0.0,0.0,8000.0,202800459069.59,202800.4591
141.5,Agni_Class,MIDCOURSE,931831.1921,931.8312,224352.6248,224.3526,7115.6599,25616.3757,7115.6599,1814.1523,6880.5136,-0.0,-9.8066,9.8066,inf,2.0,0.0,0.0,0.0,0.0,0.0,8000.0,202530463744.36,202530.4637
142.0,Agni_Class,MIDCOURSE,935268.9972,935.269,225259.7009,225.2597,7110.9187,25599.3074,7110.9187,1814.1523,6875.6103,-0.0,-9.8066,9.8066,inf,2.0,0.0,0.0,0.0,0.0,0.0,8000.0,202260660759.9,202260.6608
142.5,Agni_Class,MIDCOURSE,938704.3507,938.7044,226166.7771,226.1668,7106.1778,25582.24,7106.1778,1814.1523,6870.707,-0.0,-9.8066,9.8066,inf,2.0,0.0,0.0,0.0,0.0,0.0,8000.0,201991050116.21,201991.0501
143.0,Agni_Class,MIDCOURSE,942137.2525,942.1373,227073.8532,227.0739,7101.437,25565.1733,7101.437,1814.1523,6865.8036,-0.0,-9.8066,9.8066,inf,2.0,0.0,0.0,0.0,0.0,0.0,8000.0,201721631813.29,201721.6318
143.5,Agni_Class,MIDCOURSE,945567.7027,945.5677,227980.9294,227.9809,7096.6965,25548.1075,7096.6965,1814.1523,6860.9003,-0.0,-9.8066,9.8066,inf,2.0,0.0,0.0,0.0,0.0,0.0,8000.0,201452405851.14,201452.4059
144.0,Agni_Class,MIDCOURSE,948995.7012,948.9957,228888.0055,228.888,7091.9562,25531.0424,7091.9562,1814.1523,6855.997,-0.0,-9.8066,9.8066,inf,2.0,0.0,0.0,0.0,0.0,0.0,8000.0,201183372229.75,201183.3722
144.5,Agni_Class,MIDCOURSE,952421.248,952.4212,229795.0816,229.7951,7087.2161,25513.9781,7087.2161,1814.1523,6851.0937,-0.0,-9.8066,9.8066,inf,2.0,0.0,0.0,0.0,0.0,0.0,8000.0,200914530949.14,200914.5309
145.0,Agni_Class,MIDCOURSE,955844.3431,955.8443,230702.1578,230.7022,7082.4763,25496.9147,7082.4763,1814.1523,6846.1903,-0.0,-9.8066,9.8066,inf,2.0,0.0,0.0,0.0,0.0,0.0,8000.0,200645882009.29,200645.882
145.5,Agni_Class,MIDCOURSE,959264.9867,959.265,231609.2339,231.6092,7077.7367,25479.852,7077.7367,1814.1523,6841.287,-0.0,-9.8066,9.8066,inf,2.0,0.0,0.0,0.0,0.0,0.0,8000.0,200377425410.21,200377.4254
146.0,Agni_Class,MIDCOURSE,962683.1785,962.6832,232516.3101,232.5163,7072.9973,25462.7901,7072.9973,1814.1523,6836.3837,-0.0,-9.8066,9.8066,inf,2.0,0.0,0.0,0.0,0.0,0.0,8000.0,200109161151.9,200109.1612
146.5,Agni_Class,MIDCOURSE,966098.9187,966.0989,233423.3862,233.4234,7068.2581,25445.7291,7068.2581,1814.1523,6831.4804,-0.0,-9.8066,9.8066,inf,2.0,0.0,0.0,0.0,0.0,0.0,8000.0,199841089234.35,199841.0892
147.0,Agni_Class,MIDCOURSE,969512.2072,969.5122,234330.4624,234.3305,7063.5191,25428.6688,7063.5191,1814.1523,6826.577,-0.0,-9.8066,9.8066,inf,2.0,0.0,0.0,0.0,0.0,0.0,8000.0,199573209657.58,199573.2097
147.5,Agni_Class,MIDCOURSE,972923.044,972.923,235237.5385,235.2375,7058.7804,25411.6094,7058.7804,1814.1523,6821.6737,-0.0,-9.8066,9.8066,inf,2.0,0.0,0.0,0.0,0.0,0.0,8000.0,199305522421.57,199305.5224
148.0,Agni_Class,MIDCOURSE,976331.4292,976.3314,236144.6146,236.1446,7054.0419,25394.5508,7054.0419,1814.1523,6816.7704,-0.0,-9.8066,9.8066,inf,2.0,0.0,0.0,0.0,0.0,0.0,8000.0,199038027526.34,199038.0275
148.5,Agni_Class,MIDCOURSE,979737.3627,979.7374,237051.6908,237.0517,7049.3036,25377.493,7049.3036,1814.1523,6811.8671,-0.0,-9.8066,9.8066,inf,2.0,0.0,0.0,0.0,0.0,0.0,8000.0,198770724971.87,198770.725
149.0,Agni_Class,MIDCOURSE,983140.8446,983.1408,237958.7669,237.9588,7044.5655,25360.436,7044.5655,1814.1523,6806.9637,-0.0,-9.8066,9.8066,inf,2.0,0.0,0.0,0.0,0.0,0.0,8000.0,198503614758.17,198503.6148
149.5,Agni_Class,MIDCOURSE,986541.8748,986.5419,238865.8431,238.8658,7039.8277,25343.3798,7039.8277,1814.1523,6802.0604,-0.0,-9.8066,9.8066,inf,2.0,0.0,0.0,0.0,0.0,0.0,8000.0,198236696885.24,198236.6969
150.0,Agni_Class,MIDCOURSE,989940.4533,989.9405,239772.9192,239.7729,7035.0901,25326.3244,7035.0901,1814.1523,6797.1571,-0.0,-9.8066,9.8066,inf,2.0,0.0,0.0,0.0,0.0,0.0,8000.0,197969971353.07,197969.9714
150.5,Agni_Class,MIDCOURSE,993336.5802,993.3366,240679.9954,240.68,7030.3527,25309.2698,7030.3527,1814.1523,6792.2538,-0.0,-9.8066,9.8066,inf,2.0,0.0,0.0,0.0,0.0,0.0,8000.0,197703438161.68,197703.4382
151.0,Agni_Class,MIDCOURSE,996730.2554,996.7303,241587.0715,241.5871,7025.6156,25292.2161,7025.6156,1814.1523,6787.3504,-0.0,-9.8066,9.8066,inf,2.0,0.0,0.0,0.0,0.0,0.0,8000.0,197437097311.05,197437.0973
151.5,Agni_Class,MIDCOURSE,1000121.479,1000.1215,242494.1476,242.4941,7020.8787,25275.1632,7020.8787,1814.1523,6782.4471,-0.0,-9.8066,9.8066,inf,2.0,0.0,0.0,0.0,0.0,0.0,8000.0,197170948801.19,197170.9488
152.0,Agni_Class,MIDCOURSE,1003510.2509,1003.5103,243401.2238,243.4012,7016.142,25258.1111,7016.142,1814.1523,6777.5438,-0.0,-9.8066,9.8066,inf,2.0,0.0,0.0,0.0,0.0,0.0,8000.0,196904992632.1,196904.9926
152.5,Agni_Class,MIDCOURSE,1006896.5711,1006.8966,244308.2999,244.3083,7011.4055,25241.0598,7011.4055,1814.1523,6772.6405,-0.0,-9.8066,9.8066,inf,2.0,0.0,0.0,0.0,0.0,0.0,8000.0,196639228803.78,196639.2288
153.0,Agni_Class,MIDCOURSE,1010280.4397,1010.2804,245215.3761,245.2154,7006.6693,25224.0094,7006.6693,1814.1523,6767.7371,-0.0,-9.8066,9.8066,inf,2.0,0.0,0.0,0.0,0.0,0.0,8000.0,196373657316.23,196373.6573
153.5,Agni_Class,MIDCOURSE,1013661.8566,1013.6619,246122.4522,246.1225,7001.9333,25206.9598,7001.9333,1814.1523,6762.8338,-0.0,-9.8066,9.8066,inf,2.0,0.0,0.0,0.0,0.0,0.0,8000.0,196108278169.45,196108.2782
154.0,Agni_Class,MIDCOURSE,1017040.8218,1017.0408,247029.5283,247.0295,6997.1975,25189.911,6997.1975,1814.1523,6757.9305,-0.0,-9.8066,9.8066,inf,2.0,0.0,0.0,0.0,0.0,0.0,8000.0,195843091363.43,195843.0914
154.5,Agni_Class,MIDCOURSE,1020417.3354,1020.4173,247936.6045,247.9366,6992.462,25172.863,6992.462,1814.1523,6753.0272,-0.0,-9.8066,9.8066,inf,2.0,0.0,0.0,0.0,0.0,0.0,8000.0,195578096898.18,195578.0969
155.0,Agni_Class,MIDCOURSE,1023791.3973,1023.7914,248843.6806,248.8437,6987.7266,25155.8159,6987.7266,1814.1523,6748.1238,-0.0,-9.8066,9.8066,inf,2.0,0.0,0.0,0.0,0.0,0.0,8000.0,195313294773.7,195313.2948
155.5,Agni_Class,MIDCOURSE,1027163.0075,1027.163,249750.7568,249.7508,6982.9916,25138.7696,6982.9916,1814.1523,6743.2205,-0.0,-9.8066,9.8066,inf,2.0,0.0,0.0,0.0,0.0,0.0,8000.0,195048684989.99,195048.685
156.0,Agni_Class,MIDCOURSE,1030532.1661,1030.5322,250657.8329,250.6578,6978.2567,25121.7242,6978.2567,1814.1523,6738.3172,-0.0,-9.8066,9.8066,inf,2.0,0.0,0.0,0.0,0.0,0.0,8000.0,194784267547.05,194784.2675
156.5,Agni_Class,MIDCOURSE,1033898.8731,1033.8989,251564.9091,251.5649,6973.5221,25104.6796,6973.5221,1814.1523,6733.4139,-0.0,-9.8066,9.8066,inf,2.0,0.0,0.0,0.0,0.0,0.0,8000.0,194520042444.88,194520.0424
157.0,Agni_Class,MIDCOURSE,1037263.1283,1037.2631,252471.9852,252.472,6968.7877,25087.6358,6968.7877,1814.1523,6728.5105,-0.0,-9.8066,9.8066,inf,2.0,0.0,0.0,0.0,0.0,0.0,8000.0,194256009683.47,194256.0097
157.5,Agni_Class,MIDCOURSE,1040624.9319,1040.6249,253379.0613,253.3791,6964.0536,25070.5929,6964.0536,1814.1523,6723.6072,-0.0,-9.8066,9.8066,inf,2.0,0.0,0.0,0.0,0.0,0.0,8000.0,193992169262.84,193992.1693
158.0,Agni_Class,MIDCOURSE,1043984.2839,1043.9843,254286.1375,254.2861,6959.3197,25053.5508,6959.3197,1814.1523,6718.7039,-0.0,-9.8066,9.8066,inf,2.0,0.0,0.0,0.0,0.0,0.0,8000.0,193728521182.97,193728.5212
158.5,Agni_Class,MIDCOURSE,1047341.1841,1047.3412,255193.2136,255.1932,6954.586,25036.5096,6954.586,1814.1523,6713.8006,-0.0,-9.8066,9.8066,inf,2.0,0.0,0.0,0.0,0.0,0.0,8000.0,193465065443.87,193465.0654
159.0,Agni_Class,MIDCOURSE,1050695.6327,1050.6956,256100.2898,256.1003,6949.8526,25019.4692,6949.8526,1814.1523,6708.8972,-0.0,-9.8066,9.8066,inf,2.0,0.0,0.0,0.0,0.0,0.0,8000.0,193201802045.54,193201.802
159.5,Agni_Class,MIDCOURSE,1054047.6297,1054.0476,257007.3659,257.0074,6945.1193,25002.4296,6945.1193,1814.1523,6703.9939,-0.0,-9.8066,9.8066,inf,2.0,0.0,0.0,0.0,0.0,0.0,8000.0,192938730987.98,192938.731
160.0,Agni_Class,MIDCOURSE,1057397.175,1057.3972,257914.4421,257.9144,6940.3864,24985.391,6940.3864,1814.1523,6699.0906,-0.0,-9.8066,9.8066,inf,2.0,0.0,0.0,0.0,0.0,0.0,8000.0,192675852271.18,192675.8523
160.5,Agni_Class,MIDCOURSE,1060744.2686,1060.7443,258821.5182,258.8215,6935.6536,24968.3531,6935.6536,1814.1523,6694.1873,-0.0,-9.8066,9.8066,inf,2.0,0.0,0.0,0.0,0.0,0.0,8000.0,192413165895.15,192413.1659
161.0,Agni_Class,MIDCOURSE,1064088.9106,1064.0889,259728.5943,259.7286,6930.9211,24951.3161,6930.9211,1814.1523,6689.2839,-0.0,-9.8066,9.8066,inf,2.0,0.0,0.0,0.0,0.0,0.0,8000.0,192150671859.9,192150.6719
161.5,Agni_Class,MIDCOURSE,1067431.1009,1067.4311,260635.6705,260.6357,6926.1889,24934.28,6926.1889,1814.1523,6684.3806,-0.0,-9.8066,9.8066,inf,2.0,0.0,0.0,0.0,0.0,0.0,8000.0,191888370165.41,191888.3702
162.0,Agni_Class,MIDCOURSE,1070770.8395,1070.7708,261542.7466,261.5427,6921.4569,24917.2447,6921.4569,1814.1523,6679.4773,-0.0,-9.8066,9.8066,inf,2.0,0.0,0.0,0.0,0.0,0.0,8000.0,191626260811.69,191626.2608
162.5,Agni_Class,MIDCOURSE,1074108.1265,1074.1081,262449.8228,262.4498,6916.7251,24900.2103,6916.7251,1814.1523,6674.574,-0.0,-9.8066,9.8066,inf,2.0,0.0,0.0,0.0,0.0,0.0,8000.0,191364343798.74,191364.3438
163.0,Agni_Class,MIDCOURSE,1077442.9618,1077.443,263356.8989,263.3569,6911.9935,24883.1768,6911.9935,1814.1523,6669.6706,-0.0,-9.8066,9.8066,inf,2.0,0.0,0.0,0.0,0.0,0.0,8000.0,191102619126.55,191102.6191
163.5,Agni_Class,MIDCOURSE,1080775.3455,1080.7753,264263.9751,264.264,6907.2622,24866.1441,6907.2622,1814.1523,6664.7673,-0.0,-9.8066,9.8066,inf,2.0,0.0,0.0,0.0,0.0,0.0,8000.0,190841086795.14,190841.0868
164.0,Agni_Class,MIDCOURSE,1084105.2774,1084.1053,265171.0512,265.1711,6902.5312,24849.1123,6902.5312,1814.1523,6659.864,-0.0,-9.8066,9.8066,inf,2.0,0.0,0.0,0.0,0.0,0.0,8000.0,190579746804.49,190579.7468
164.5,Agni_Class,MIDCOURSE,1087432.7578,1087.4328,266078.1273,266.0781,6897.8004,24832.0813,6897.8004,1814.1523,6654.9607,-0.0,-9.8066,9.8066,inf,2.0,0.0,0.0,0.0,0.0,0.0,8000.0,190318599154.61,190318.5992
165.0,Agni_Class,MIDCOURSE,1090757.7864,1090.7578,266985.2035,266.9852,6893.0698,24815.0512,6893.0698,1814.1523,6650.0573,-0.0,-9.8066,9.8066,inf,2.0,0.0,0.0,0.0,0.0,0.0,8000.0,190057643845.5,190057.6438
165.5,Agni_Class,MIDCOURSE,1094080.3634,1094.0804,267892.2796,267.8923,6888.3394,24798.022,6888.3394,1814.1523,6645.154,-0.0,-9.8066,9.8066,inf,2.0,0.0,0.0,0.0,0.0,0.0,8000.0,189796880877.16,189796.8809
166.0,Agni_Class,MIDCOURSE,1097400.4888,1097.4005,268799.3558,268.7994,6883.6093,24780.9936,6883.6093,1814.1523,6640.2507,-0.0,-9.8066,9.8066,inf,2.0,0.0,0.0,0.0,0.0,0.0,8000.0,189536310249.59,189536.3102
166.5,Agni_Class,MIDCOURSE,1100718.1624,1100.7182,269706.4319,269.7064,6878.8795,24763.9662,6878.8795,1814.1523,6635.3474,-0.0,-9.8066,9.8066,inf,2.0,0.0,0.0,0.0,0.0,0.0,8000.0,189275931962.78,189275.932
167.0,Agni_Class,MIDCOURSE,1104033.3845,1104.0334,270613.5081,270.6135,6874.1499,24746.9396,6874.1499,1814.1523,6630.444,-0.0,-9.8066,9.8066,inf,2.0,0.0,0.0,0.0,0.0,0.0,8000.0,189015746016.75,189015.746
167.5,Agni_Class,MIDCOURSE,1107346.1548,1107.3462,271520.5842,271.5206,6869.4205,24729.9138,6869.4205,1814.1523,6625.5407,-0.0,-9.8066,9.8066,inf,2.0,0.0,0.0,0.0,0.0,0.0,8000.0,188755752411.48,188755.7524
168.0,Agni_Class,MIDCOURSE,1110656.4735,1110.6565,272427.6603,272.4277,6864.6914,24712.889,6864.6914,1814.1523,6620.6374,-0.0,-9.8066,9.8066,inf,2.0,0.0,0.0,0.0,0.0,0.0,8000.0,188495951146.98,188495.9511
168.5,Agni_Class,MIDCOURSE,1113964.3405,1113.9643,273334.7365,273.3347,6859.9625,24695.865,6859.9625,1814.1523,6615.7341,-0.0,-9.8066,9.8066,inf,2.0,0.0,0.0,0.0,0.0,0.0,8000.0,188236342223.25,188236.3422
169.0,Agni_Class,MIDCOURSE,1117269.7559,1117.2698,274241.8126,274.2418,6855.2339,24678.8419,6855.2339,1814.1523,6610.8307,-0.0,-9.8066,9.8066,inf,2.0,0.0,0.0,0.0,0.0,0.0,8000.0,187976925640.28,187976.9256
169.5,Agni_Class,MIDCOURSE,1120572.7196,1120.5727,275148.8888,275.1489,6850.5055,24661.8197,6850.5055,1814.1523,6605.9274,-0.0,-9.8066,9.8066,inf,2.0,0.0,0.0,0.0,0.0,0.0,8000.0,187717701398.09,187717.7014
170.0,Agni_Class,MIDCOURSE,1123873.2316,1123.8732,276055.9649,276.056,6845.7773,24644.7984,6845.7773,1814.1523,6601.0241,-0.0,-9.8066,9.8066,inf,2.0,0.0,0.0,0.0,0.0,0.0,8000.0,187458669496.67,187458.6695
170.5,Agni_Class,MIDCOURSE,1127171.292,1127.1713,276963.0411,276.963,6841.0494,24627.778,6841.0494,1814.1523,6596.1208,-0.0,-9.8066,9.8066,inf,2.0,0.0,0.0,0.0,0.0,0.0,8000.0,187199829936.01,187199.8299
171.0,Agni_Class,MIDCOURSE,1130466.9007,1130.4669,277870.1172,277.8701,6836.3218,24610.7585,6836.3218,1814.1523,6591.2174,-0.0,-9.8066,9.8066,inf,2.0,0.0,0.0,0.0,0.0,0.0,8000.0,186941182716.12,186941.1827
171.5,Agni_Class,MIDCOURSE,1133760.0578,1133.7601,278777.1933,278.7772,6831.5944,24593.7398,6831.5944,1814.1523,6586.3141,-0.0,-9.8066,9.8066,inf,2.0,0.0,0.0,0.0,0.0,0.0,8000.0,186682727837.0,186682.7278
172.0,Agni_Class,MIDCOURSE,1137050.7632,1137.0508,279684.2695,279.6843,6826.8672,24576.7221,6826.8672,1814.1523,6581.4108,-0.0,-9.8066,9.8066,inf,2.0,0.0,0.0,0.0,0.0,0.0,8000.0,186424465298.65,186424.4653
172.5,Agni_Class,MIDCOURSE,1140339.0169,1140.339,280591.3456,280.5913,6822.1403,24559.7052,6822.1403,1814.1523,6576.5075,-0.0,-9.8066,9.8066,inf,2.0,0.0,0.0,0.0,0.0,0.0,8000.0,186166395101.06,186166.3951
173.0,Agni_Class,MIDCOURSE,1143624.8189,1143.6248,281498.4218,281.4984,6817.4137,24542.6893,6817.4137,1814.1523,6571.6041,-0.0,-9.8066,9.8066,inf,2.0,0.0,0.0,0.0,0.0,0.0,8000.0,185908517244.25,185908.5172
173.5,Agni_Class,MIDCOURSE,1146908.1693,1146.9082,282405.4979,282.4055,6812.6873,24525.6742,6812.6873,1814.1523,6566.7008,-0.0,-9.8066,9.8066,inf,2.0,0.0,0.0,0.0,0.0,0.0,8000.0,185650831728.2,185650.8317
174.0,Agni_Class,MIDCOURSE,1150189.0681,1150.1891,283312.5741,283.3126,6807.9611,24508.66,6807.9611,1814.1523,6561.7975,-0.0,-9.8066,9.8066,inf,2.0,0.0,0.0,0.0,0.0,0.0,8000.0,185393338552.93,185393.3386
174.5,Agni_Class,MIDCOURSE,1153467.5152,1153.4675,284219.6502,284.2197,6803.2352,24491.6468,6803.2352,1814.1523,6556.8942,-0.0,-9.8066,9.8066,inf,2.0,0.0,0.0,0.0,0.0,0.0,8000.0,185136037718.42,185136.0377
175.0,Agni_Class,MIDCOURSE,1156743.5106,1156.7435,285126.7263,285.1267,6798.5096,24474.6344,6798.5096,1814.1523,6551.9908,-0.0,-9.8066,9.8066,inf,2.0,0.0,0.0,0.0,0.0,0.0,8000.0,184878929224.67,184878.9292
175.5,Agni_Class,MIDCOURSE,1160017.0543,1160.0171,286033.8025,286.0338,6793.7842,24457.623,6793.7842,1814.1523,6547.0875,-0.0,-9.8066,9.8066,inf,2.0,0.0,0.0,0.0,0.0,0.0,8000.0,184622013071.7,184622.0131
176.0,Agni_Class,MIDCOURSE,1163288.1464,1163.2881,286940.8786,286.9409,6789.059,24440.6125,6789.059,1814.1523,6542.1842,-0.0,-9.8066,9.8066,inf,2.0,0.0,0.0,0.0,0.0,0.0,8000.0,184365289259.5,184365.2893
176.5,Agni_Class,MIDCOURSE,1166556.7868,1166.5568,287847.9548,287.848,6784.3341,24423.6028,6784.3341,1814.1523,6537.2809,-0.0,-9.8066,9.8066,inf,2.0,0.0,0.0,0.0,0.0,0.0,8000.0,184108757788.06,184108.7578
177.0,Agni_Class,MIDCOURSE,1169822.9756,1169.823,288755.0309,288.755,6779.6095,24406.5941,6779.6095,1814.1523,6532.3775,-0.0,-9.8066,9.8066,inf,2.0,0.0,0.0,0.0,0.0,0.0,8000.0,183852418657.39,183852.4187
177.5,Agni_Class,MIDCOURSE,1173086.7127,1173.0867,289662.1071,289.6621,6774.8851,24389.5863,6774.8851,1814.1523,6527.4742,-0.0,-9.8066,9.8066,inf,2.0,0.0,0.0,0.0,0.0,0.0,8000.0,183596271867.5,183596.2719
178.0,Agni_Class,MIDCOURSE,1176347.9981,1176.348,290569.1832,290.5692,6770.161,24372.5794,6770.161,1814.1523,6522.5709,-0.0,-9.8066,9.8066,inf,2.0,0.0,0.0,0.0,0.0,0.0,8000.0,183340317418.37,183340.3174
178.5,Agni_Class,MIDCOURSE,1179606.8319,1179.6068,291476.2593,291.4763,6765.4371,24355.5735,6765.4371,1814.1523,6517.6676,-0.0,-9.8066,9.8066,inf,2.0,0.0,0.0,0.0,0.0,0.0,8000.0,183084555310.0,183084.5553
179.0,Agni_Class,MIDCOURSE,1182863.214,1182.8632,292383.3355,292.3833,6760.7135,24338.5684,6760.7135,1814.1523,6512.7642,-0.0,-9.8066,9.8066,inf,2.0,0.0,0.0,0.0,0.0,0.0,8000.0,182828985542.41,182828.9855
179.5,Agni_Class,MIDCOURSE,1186117.1445,1186.1171,293290.4116,293.2904,6755.9901,24321.5643,6755.9901,1814.1523,6507.8609,-0.0,-9.8066,9.8066,inf,2.0,0.0,0.0,0.0,0.0,0.0,8000.0,182573608115.58,182573.6081
180.0,Agni_Class,MIDCOURSE,1189368.6233,1189.3686,294197.4878,294.1975,6751.267,24304.5611,6751.267,1814.1523,6502.9576,-0.0,-9.8066,9.8066,inf,2.0,0.0,0.0,0.0,0.0,0.0,8000.0,182318423029.53,182318.423
180.5,Agni_Class,MIDCOURSE,1192617.6504,1192.6177,295104.5639,295.1046,6746.5441,24287.5588,6746.5441,1814.1523,6498.0543,-0.0,-9.8066,9.8066,inf,2.0,0.0,0.0,0.0,0.0,0.0,8000.0,182063430284.24,182063.4303
181.0,Agni_Class,MIDCOURSE,1195864.2259,1195.8642,296011.6401,296.0116,6741.8215,24270.5575,6741.8215,1814.1523,6493.1509,-0.0,-9.8066,9.8066,inf,2.0,0.0,0.0,0.0,0.0,0.0,8000.0,181808629879.72,181808.6299
181.5,Agni_Class,MIDCOURSE,1199108.3497,1199.1083,296918.7162,296.9187,6737.0992,24253.5571,6737.0992,1814.1523,6488.2476,-0.0,-9.8066,9.8066,inf,2.0,0.0,0.0,0.0,0.0,0.0,8000.0,181554021815.97,181554.0218
182.0,Agni_Class,MIDCOURSE,1202350.0218,1202.35,297825.7923,297.8258,6732.3771,24236.5576,6732.3771,1814.1523,6483.3443,-0.0,-9.8066,9.8066,inf,2.0,0.0,0.0,0.0,0.0,0.0,8000.0,181299606092.99,181299.6061
182.5,Agni_Class,MIDCOURSE,1205589.2423,1205.5892,298732.8685,298.7329,6727.6553,24219.559,6727.6553,1814.1523,6478.441,-0.0,-9.8066,9.8066,inf,2.0,0.0,0.0,0.0,0.0,0.0,8000.0,181045382710.77,181045.3827
183.0,Agni_Class,MIDCOURSE,1208826.0111,1208.826,299639.9446,299.6399,6722.9337,24202.5614,6722.9337,1814.1523,6473.5376,-0.0,-9.8066,9.8066,inf,2.0,0.0,0.0,0.0,0.0,0.0,8000.0,180791351669.33,180791.3517
183.5,Agni_Class,MIDCOURSE,1212060.3282,1212.0603,300547.0208,300.547,6718.2124,24185.5647,6718.2124,1814.1523,6468.6343,-0.0,-9.8066,9.8066,inf,2.0,0.0,0.0,0.0,0.0,0.0,8000.0,180537512968.65,180537.513
184.0,Agni_Class,MIDCOURSE,1215292.1937,1215.2922,301454.0969,301.4541,6713.4914,24168.569,6713.4914,1814.1523,6463.731,-0.0,-9.8066,9.8066,inf,2.0,0.0,0.0,0.0,0.0,0.0,8000.0,180283866608.74,180283.8666
184.5,Agni_Class,MIDCOURSE,1218521.6075,1218.5216,302361.1731,302.3612,6708.7706,24151.5742,6708.7706,1814.1523,6458.8277,-0.0,-9.8066,9.8066,inf,2.0,0.0,0.0,0.0,0.0,0.0,8000.0,180030412589.6,180030.4126
185.0,Agni_Class,MIDCOURSE,1221748.5697,1221.7486,303268.2492,303.2682,6704.0501,24134.5804,6704.0501,1814.1523,6453.9243,-0.0,-9.8066,9.8066,inf,2.0,0.0,0.0,0.0,0.0,0.0,8000.0,179777150911.23,179777.1509
185.5,Agni_Class,MIDCOURSE,1224973.0802,1224.9731,304175.3253,304.1753,6699.3298,24117.5874,6699.3298,1814.1523,6449.021,-0.0,-9.8066,9.8066,inf,2.0,0.0,0.0,0.0,0.0,0.0,8000.0,179524081573.62,179524.0816
186.0,Agni_Class,MIDCOURSE,1228195.1391,1228.1951,305082.4015,305.0824,6694.6099,24100.5955,6694.6099,1814.1523,6444.1177,-0.0,-9.8066,9.8066,inf,2.0,0.0,0.0,0.0,0.0,0.0,8000.0,179271204576.79,179271.2046
186.5,Agni_Class,MIDCOURSE,1231414.7462,1231.4147,305989.4776,305.9895,6689.8901,24083.6045,6689.8901,1814.1523,6439.2144,-0.0,-9.8066,9.8066,inf,2.0,0.0,0.0,0.0,0.0,0.0,8000.0,179018519920.72,179018.5199
187.0,Agni_Class,MIDCOURSE,1234631.9017,1234.6319,306896.5538,306.8966,6685.1707,24066.6144,6685.1707,1814.1523,6434.311,-0.0,-9.8066,9.8066,inf,2.0,0.0,0.0,0.0,0.0,0.0,8000.0,178766027605.42,178766.0276
187.5,Agni_Class,MIDCOURSE,1237846.6056,1237.8466,307803.6299,307.8036,6680.4515,24049.6253,6680.4515,1814.1523,6429.4077,-0.0,-9.8066,9.8066,inf,2.0,0.0,0.0,0.0,0.0,0.0,8000.0,178513727630.89,178513.7276
188.0,Agni_Class,MIDCOURSE,1241058.8578,1241.0589,308710.7061,308.7107,6675.7325,24032.6372,6675.7325,1814.1523,6424.5044,-0.0,-9.8066,9.8066,inf,2.0,0.0,0.0,0.0,0.0,0.0,8000.0,178261619997.13,178261.62
188.5,Agni_Class,MIDCOURSE,1244268.6583,1244.2687,309617.7822,309.6178,6671.0139,24015.65,6671.0139,1814.1523,6419.6011,-0.0,-9.8066,9.8066,inf,2.0,0.0,0.0,0.0,0.0,0.0,8000.0,178009704704.14,178009.7047
189.0,Agni_Class,MIDCOURSE,1247476.0072,1247.476,310524.8583,310.5249,6666.2955,23998.6637,6666.2955,1814.1523,6414.6977,-0.0,-9.8066,9.8066,inf,2.0,0.0,0.0,0.0,0.0,0.0,8000.0,177757981751.91,177757.9818
189.5,Agni_Class,MIDCOURSE,1250680.9044,1250.6809,311431.9345,311.4319,6661.5773,23981.6785,6661.5773,1814.1523,6409.7944,-0.0,-9.8066,9.8066,inf,2.0,0.0,0.0,0.0,0.0,0.0,8000.0,177506451140.46,177506.4511
190.0,Agni_Class,MIDCOURSE,1253883.3499,1253.8833,312339.0106,312.339,6656.8595,23964.6941,6656.8595,1814.1523,6404.8911,-0.0,-9.8066,9.8066,inf,2.0,0.0,0.0,0.0,0.0,0.0,8000.0,177255112869.77,177255.1129
190.5,Agni_Class,MIDCOURSE,1257083.3438,1257.0833,313246.0868,313.2461,6652.1419,23947.7108,6652.1419,1814.1523,6399.9878,-0.0,-9.8066,9.8066,inf,2.0,0.0,0.0,0.0,0.0,0.0,8000.0,177003966939.85,177003.9669
191.0,Agni_Class,MIDCOURSE,1260280.886,1260.2809,314153.1629,314.1532,6647.4246,23930.7284,6647.4246,1814.1523,6395.0844,-0.0,-9.8066,9.8066,inf,2.0,0.0,0.0,0.0,0.0,0.0,8000.0,176753013350.7,176753.0134
191.5,Agni_Class,MIDCOURSE,1263475.9765,1263.476,315060.2391,315.0602,6642.7075,23913.747,6642.7075,1814.1523,6390.1811,-0.0,-9.8066,9.8066,inf,2.0,0.0,0.0,0.0,0.0,0.0,8000.0,176502252102.32,176502.2521
192.0,Agni_Class,MIDCOURSE,1266668.6154,1266.6686,315967.3152,315.9673,6637.9907,23896.7666,6637.9907,1814.1523,6385.2778,-0.0,-9.8066,9.8066,inf,2.0,0.0,0.0,0.0,0.0,0.0,8000.0,176251683194.7,176251.6832
192.5,Agni_Class,MIDCOURSE,1269858.8027,1269.8588,316874.3913,316.8744,6633.2742,23879.7871,6633.2742,1814.1523,6380.3745,-0.0,-9.8066,9.8066,inf,2.0,0.0,0.0,0.0,0.0,0.0,8000.0,176001306627.86,176001.3066
193.0,Agni_Class,MIDCOURSE,1273046.5382,1273.0465,317781.4675,317.7815,6628.558,23862.8086,6628.558,1814.1523,6375.4711,-0.0,-9.8066,9.8066,inf,2.0,0.0,0.0,0.0,0.0,0.0,8000.0,175751122401.78,175751.1224
193.5,Agni_Class,MIDCOURSE,1276231.8221,1276.2318,318688.5436,318.6885,6623.842,23845.8311,6623.842,1814.1523,6370.5678,-0.0,-9.8066,9.8066,inf,2.0,0.0,0.0,0.0,0.0,0.0,8000.0,175501130516.47,175501.1305
194.0,Agni_Class,MIDCOURSE,1279414.6544,1279.4147,319595.6198,319.5956,6619.1263,23828.8546,6619.1263,1814.1523,6365.6645,-0.0,-9.8066,9.8066,inf,2.0,0.0,0.0,0.0,0.0,0.0,8000.0,175251330971.93,175251.331
194.5,Agni_Class,MIDCOURSE,1282595.0349,1282.595,320502.6959,320.5027,6614.4109,23811.8791,6614.4109,1814.1523,6360.7612,-0.0,-9.8066,9.8066,inf,2.0,0.0,0.0,0.0,0.0,0.0,8000.0,175001723768.16,175001.7238
195.0,Agni_Class,MIDCOURSE,1285772.9639,1285.773,321409.7721,321.4098,6609.6957,23794.9045,6609.6957,1814.1523,6355.8578,-0.0,-9.8066,9.8066,inf,2.0,0.0,0.0,0.0,0.0,0.0,8000.0,174752308905.16,174752.3089
195.5,Agni_Class,MIDCOURSE,1288948.4411,1288.9484,322316.8482,322.3168,6604.9808,23777.9309,6604.9808,1814.1523,6350.9545,-0.0,-9.8066,9.8066,inf,2.0,0.0,0.0,0.0,0.0,0.0,8000.0,174503086382.92,174503.0864
196.0,Agni_Class,MIDCOURSE,1292121.4667,1292.1215,323223.9243,323.2239,6600.2662,23760.9584,6600.2662,1814.1523,6346.0512,-0.0,-9.8066,9.8066,inf,2.0,0.0,0.0,0.0,0.0,0.0,8000.0,174254056201.45,174254.0562
196.5,Agni_Class,MIDCOURSE,1295292.0406,1295.292,324131.0005,324.131,6595.5519,23743.9868,6595.5519,1814.1523,6341.1479,-0.0,-9.8066,9.8066,inf,2.0,0.0,0.0,0.0,0.0,0.0,8000.0,174005218360.76,174005.2184
197.0,Agni_Class,MIDCOURSE,1298460.1629,1298.4602,325038.0766,325.0381,6590.8378,23727.0162,6590.8378,1814.1523,6336.2445,-0.0,-9.8066,9.8066,inf,2.0,0.0,0.0,0.0,0.0,0.0,8000.0,173756572860.83,173756.5729
197.5,Agni_Class,MIDCOURSE,1301625.8335,1301.6258,325945.1528,325.9452,6586.124,23710.0466,6586.124,1814.1523,6331.3412,-0.0,-9.8066,9.8066,inf,2.0,0.0,0.0,0.0,0.0,0.0,8000.0,173508119701.67,173508.1197
198.0,Agni_Class,MIDCOURSE,1304789.0524,1304.7891,326852.2289,326.8522,6581.4105,23693.078,6581.4105,1814.1523,6326.4379,-0.0,-9.8066,9.8066,inf,2.0,0.0,0.0,0.0,0.0,0.0,8000.0,173259858883.27,173259.8589
198.5,Agni_Class,MIDCOURSE,1307949.8197,1307.9498,327759.3051,327.7593,6576.6973,23676.1103,6576.6973,1814.1523,6321.5346,-0.0,-9.8066,9.8066,inf,2.0,0.0,0.0,0.0,0.0,0.0,8000.0,173011790405.65,173011.7904
199.0,Agni_Class,MIDCOURSE,1311108.1353,1311.1081,328666.3812,328.6664,6571.9844,23659.1437,6571.9844,1814.1523,6316.6312,-0.0,-9.8066,9.8066,inf,2.0,0.0,0.0,0.0,0.0,0.0,8000.0,172763914268.79,172763.9143
199.5,Agni_Class,MIDCOURSE,1314263.9993,1314.264,329573.4573,329.5735,6567.2717,23642.1781,6567.2717,1814.1523,6311.7279,-0.0,-9.8066,9.8066,inf,2.0,0.0,0.0,0.0,0.0,0.0,8000.0,172516230472.71,172516.2305
200.0,Agni_Class,MIDCOURSE,1317417.4115,1317.4174,330480.5335,330.4805,6562.5593,23625.2135,6562.5593,1814.1523,6306.8246,-0.0,-9.8066,9.8066,inf,2.0,0.0,0.0,0.0,0.0,0.0,8000.0,172268739017.39,172268.739
200.5,Agni_Class,MIDCOURSE,1320568.3722,1320.5684,331387.6096,331.3876,6557.8472,23608.2499,6557.8472,1814.1523,6301.9213,-0.0,-9.8066,9.8066,inf,2.0,0.0,0.0,0.0,0.0,0.0,8000.0,172021439902.84,172021.4399
201.0,Agni_Class,MIDCOURSE,1323716.8811,1323.7169,332294.6858,332.2947,6553.1354,23591.2874,6553.1354,1814.1523,6297.0179,-0.0,-9.8066,9.8066,inf,2.0,0.0,0.0,0.0,0.0,0.0,8000.0,171774333129.06,171774.3331
201.5,Agni_Class,MIDCOURSE,1326862.9384,1326.8629,333201.7619,333.2018,6548.4238,23574.3258,6548.4238,1814.1523,6292.1146,-0.0,-9.8066,9.8066,inf,2.0,0.0,0.0,0.0,0.0,0.0,8000.0,171527418696.04,171527.4187
202.0,Agni_Class,MIDCOURSE,1330006.5441,1330.0065,334108.8381,334.1088,6543.7126,23557.3652,6543.7126,1814.1523,6287.2113,-0.0,-9.8066,9.8066,inf,2.0,0.0,0.0,0.0,0.0,0.0,8000.0,171280696603.8,171280.6966
202.5,Agni_Class,MIDCOURSE,1333147.6981,1333.1477,335015.9142,335.0159,6539.0016,23540.4057,6539.0016,1814.1523,6282.308,-0.0,-9.8066,9.8066,inf,2.0,0.0,0.0,0.0,0.0,0.0,8000.0,171034166852.32,171034.1669
203.0,Agni_Class,MIDCOURSE,1336286.4004,1336.2864,335922.9903,335.923,6534.2909,23523.4472,6534.2909,1814.1523,6277.4046,-0.0,-9.8066,9.8066,inf,2.0,0.0,0.0,0.0,0.0,0.0,8000.0,170787829441.61,170787.8294
203.5,Agni_Class,MIDCOURSE,1339422.651,1339.4227,336830.0665,336.8301,6529.5805,23506.4897,6529.5805,1814.1523,6272.5013,-0.0,-9.8066,9.8066,inf,2.0,0.0,0.0,0.0,0.0,0.0,8000.0,170541684371.67,170541.6844
204.0,Agni_Class,MIDCOURSE,1342556.45,1342.5565,337737.1426,337.7371,6524.8703,23489.5332,6524.8703,1814.1523,6267.598,-0.0,-9.8066,9.8066,inf,2.0,0.0,0.0,0.0,0.0,0.0,8000.0,170295731642.5,170295.7316
204.5,Agni_Class,MIDCOURSE,1345687.7973,1345.6878,338644.2188,338.6442,6520.1605,23472.5778,6520.1605,1814.1523,6262.6947,-0.0,-9.8066,9.8066,inf,2.0,0.0,0.0,0.0,0.0,0.0,8000.0,170049971254.1,170049.9713
205.0,Agni_Class,MIDCOURSE,1348816.693,1348.8167,339551.2949,339.5513,6515.4509,23455.6233,6515.4509,1814.1523,6257.7913,-0.0,-9.8066,9.8066,inf,2.0,0.0,0.0,0.0,0.0,0.0,8000.0,169804403206.46,169804.4032
205.5,Agni_Class,MIDCOURSE,1351943.137,1351.9431,340458.3711,340.4584,6510.7417,23438.67,6510.7417,1814.1523,6252.888,-0.0,-9.8066,9.8066,inf,2.0,0.0,0.0,0.0,0.0,0.0,8000.0,169559027499.6,169559.0275
206.0,Agni_Class,MIDCOURSE,1355067.1293,1355.0671,341365.4472,341.3654,6506.0327,23421.7176,6506.0327,1814.1523,6247.9847,-0.0,-9.8066,9.8066,inf,2.0,0.0,0.0,0.0,0.0,0.0,8000.0,169313844133.5,169313.8441
206.5,Agni_Class,MIDCOURSE,1358188.67,1358.1887,342272.5233,342.2725,6501.324,23404.7663,6501.324,1814.1523,6243.0814,-0.0,-9.8066,9.8066,inf,2.0,0.0,0.0,0.0,0.0,0.0,8000.0,169068853108.17,169068.8531
207.0,Agni_Class,MIDCOURSE,1361307.759,1361.3078,343179.5995,343.1796,6496.6156,23387.816,6496.6156,1814.1523,6238.178,-0.0,-9.8066,9.8066,inf,2.0,0.0,0.0,0.0,0.0,0.0,8000.0,168824054423.61,168824.0544
207.5,Agni_Class,MIDCOURSE,1364424.3964,1364.4244,344086.6756,344.0867,6491.9074,23370.8667,6491.9074,1814.1523,6233.2747,-0.0,-9.8066,9.8066,inf,2.0,0.0,0.0,0.0,0.0,0.0,8000.0,168579448079.82,168579.4481
208.0,Agni_Class,MIDCOURSE,1367538.5821,1367.5386,344993.7518,344.9938,6487.1996,23353.9185,6487.1996,1814.1523,6228.3714,-0.0,-9.8066,9.8066,inf,2.0,0.0,0.0,0.0,0.0,0.0,8000.0,168335034076.79,168335.0341
208.5,Agni_Class,MIDCOURSE,1370650.3161,1370.6503,345900.8279,345.9008,6482.492,23336.9714,6482.492,1814.1523,6223.4681,-0.0,-9.8066,9.8066,inf,2.0,0.0,0.0,0.0,0.0,0.0,8000.0,168090812414.54,168090.8124
209.0,Agni_Class,MIDCOURSE,1373759.5984,1373.7596,346807.9041,346.8079,6477.7848,23320.0252,6477.7848,1814.1523,6218.5647,-0.0,-9.8066,9.8066,inf,2.0,0.0,0.0,0.0,0.0,0.0,8000.0,167846783093.05,167846.7831
209.5,Agni_Class,MIDCOURSE,1376866.4291,1376.8664,347714.9802,347.715,6473.0778,23303.0802,6473.0778,1814.1523,6213.6614,-0.0,-9.8066,9.8066,inf,2.0,0.0,0.0,0.0,0.0,0.0,8000.0,167602946112.33,167602.9461
210.0,Agni_Class,MIDCOURSE,1379970.8082,1379.9708,348622.0563,348.6221,6468.3712,23286.1361,6468.3712,1814.1523,6208.7581,-0.0,-9.8066,9.8066,inf,2.0,0.0,0.0,0.0,0.0,0.0,8000.0,167359301472.38,167359.3015
210.5,Agni_Class,MIDCOURSE,1383072.7356,1383.0727,349529.1325,349.5291,6463.6648,23269.1932,6463.6648,1814.1523,6203.8548,-0.0,-9.8066,9.8066,inf,2.0,0.0,0.0,0.0,0.0,0.0,8000.0,167115849173.2,167115.8492
211.0,Agni_Class,MIDCOURSE,1386172.2113,1386.1722,350436.2086,350.4362,6458.9587,23252.2513,6458.9587,1814.1523,6198.9514,-0.0,-9.8066,9.8066,inf,2.0,0.0,0.0,0.0,0.0,0.0,8000.0,166872589214.79,166872.5892
211.5,Agni_Class,MIDCOURSE,1389269.2353,1389.2692,351343.2848,351.3433,6454.2529,23235.3104,6454.2529,1814.1523,6194.0481,-0.0,-9.8066,9.8066,inf,2.0,0.0,0.0,0.0,0.0,0.0,8000.0,166629521597.15,166629.5216
212.0,Agni_Class,MIDCOURSE,1392363.8077,1392.3638,352250.3609,352.2504,6449.5474,23218.3706,6449.5474,1814.1523,6189.1448,-0.0,-9.8066,9.8066,inf,2.0,0.0,0.0,0.0,0.0,0.0,8000.0,166386646320.27,166386.6463
212.5,Agni_Class,MIDCOURSE,1395455.9284,1395.4559,353157.4371,353.1574,6444.8422,23201.4319,6444.8422,1814.1523,6184.2415,-0.0,-9.8066,9.8066,inf,2.0,0.0,0.0,0.0,0.0,0.0,8000.0,166143963384.16,166143.9634
213.0,Agni_Class,MIDCOURSE,1398545.5975,1398.5456,354064.5132,354.0645,6440.1373,23184.4942,6440.1373,1814.1523,6179.3381,-0.0,-9.8066,9.8066,inf,2.0,0.0,0.0,0.0,0.0,0.0,8000.0,165901472788.82,165901.4728
213.5,Agni_Class,MIDCOURSE,1401632.8149,1401.6328,354971.5893,354.9716,6435.4327,23167.5576,6435.4327,1814.1523,6174.4348,-0.0,-9.8066,9.8066,inf,2.0,0.0,0.0,0.0,0.0,0.0,8000.0,165659174534.25,165659.1745
214.0,Agni_Class,MIDCOURSE,1404717.5806,1404.7176,355878.6655,355.8787,6430.7284,23150.6221,6430.7284,1814.1523,6169.5315,-0.0,-9.8066,9.8066,inf,2.0,0.0,0.0,0.0,0.0,0.0,8000.0,165417068620.45,165417.0686
214.5,Agni_Class,MIDCOURSE,1407799.8947,1407.7999,356785.7416,356.7857,6426.0243,23133.6876,6426.0243,1814.1523,6164.6282,-0.0,-9.8066,9.8066,inf,2.0,0.0,0.0,0.0,0.0,0.0,8000.0,165175155047.41,165175.155
215.0,Agni_Class,MIDCOURSE,1410879.7571,1410.8798,357692.8178,357.6928,6421.3206,23116.7542,6421.3206,1814.1523,6159.7248,-0.0,-9.8066,9.8066,inf,2.0,0.0,0.0,0.0,0.0,0.0,8000.0,164933433815.15,164933.4338
215.5,Agni_Class,MIDCOURSE,1413957.1679,1413.9572,358599.8939,358.5999,6416.6172,23099.8219,6416.6172,1814.1523,6154.8215,-0.0,-9.8066,9.8066,inf,2.0,0.0,0.0,0.0,0.0,0.0,8000.0,164691904923.65,164691.9049
216.0,Agni_Class,MIDCOURSE,1417032.127,1417.0321,359506.97,359.507,6411.9141,23082.8907,6411.9141,1814.1523,6149.9182,-0.0,-9.8066,9.8066,inf,2.0,0.0,0.0,0.0,0.0,0.0,8000.0,164450568372.92,164450.5684
216.5,Agni_Class,MIDCOURSE,1420104.6344,1420.1046,360414.0462,360.414,6407.2113,23065.9605,6407.2113,1814.1523,6145.0149,-0.0,-9.8066,9.8066,inf,2.0,0.0,0.0,0.0,0.0,0.0,8000.0,164209424162.96,164209.4242
217.0,Agni_Class,MIDCOURSE,1423174.6902,1423.1747,361321.1223,361.3211,6402.5087,23049.0314,6402.5087,1814.1523,6140.1115,-0.0,-9.8066,9.8066,inf,2.0,0.0,0.0,0.0,0.0,0.0,8000.0,163968472293.77,163968.4723
217.5,Agni_Class,MIDCOURSE,1426242.2943,1426.2423,362228.1985,362.2282,6397.8065,23032.1035,6397.8065,1814.1523,6135.2082,-0.0,-9.8066,9.8066,inf,2.0,0.0,0.0,0.0,0.0,0.0,8000.0,163727712765.35,163727.7128
218.0,Agni_Class,MIDCOURSE,1429307.4467,1429.3074,363135.2746,363.1353,6393.1046,23015.1766,6393.1046,1814.1523,6130.3049,-0.0,-9.8066,9.8066,inf,2.0,0.0,0.0,0.0,0.0,0.0,8000.0,163487145577.69,163487.1456
218.5,Agni_Class,MIDCOURSE,1432370.1475,1432.3701,364042.3508,364.0424,6388.403,22998.2507,6388.403,1814.1523,6125.4016,-0.0,-9.8066,9.8066,inf,2.0,0.0,0.0,0.0,0.0,0.0,8000.0,163246770730.81,163246.7707
219.0,Agni_Class,MIDCOURSE,1435430.3966,1435.4304,364949.4269,364.9494,6383.7017,22981.326,6383.7017,1814.1523,6120.4982,-0.0,-9.8066,9.8066,inf,2.0,0.0,0.0,0.0,0.0,0.0,8000.0,163006588224.69,163006.5882
219.5,Agni_Class,MIDCOURSE,1438488.194,1438.4882,365856.503,365.8565,6379.0007,22964.4024,6379.0007,1814.1523,6115.5949,-0.0,-9.8066,9.8066,inf,2.0,0.0,0.0,0.0,0.0,0.0,8000.0,162766598059.34,162766.5981
220.0,Agni_Class,MIDCOURSE,1441543.5398,1441.5435,366763.5792,366.7636,6374.3,22947.4799,6374.3,1814.1523,6110.6916,-0.0,-9.8066,9.8066,inf,2.0,0.0,0.0,0.0,0.0,0.0,8000.0,162526800234.76,162526.8002
220.5,Agni_Class,MIDCOURSE,1444596.434,1444.5964,367670.6553,367.6707,6369.5996,22930.5585,6369.5996,1814.1523,6105.7883,-0.0,-9.8066,9.8066,inf,2.0,0.0,0.0,0.0,0.0,0.0,8000.0,162287194750.95,162287.1948
221.0,Agni_Class,MIDCOURSE,1447646.8764,1447.6469,368577.7315,368.5777,6364.8995,22913.6381,6364.8995,1814.1523,6100.8849,-0.0,-9.8066,9.8066,inf,2.0,0.0,0.0,0.0,0.0,0.0,8000.0,162047781607.9,162047.7816
221.5,Agni_Class,MIDCOURSE,1450694.8672,1450.6949,369484.8076,369.4848,6360.1997,22896.7189,6360.1997,1814.1523,6095.9816,-0.0,-9.8066,9.8066,inf,2.0,0.0,0.0,0.0,0.0,0.0,8000.0,161808560805.63,161808.5608
222.0,Agni_Class,MIDCOURSE,1453740.4064,1453.7404,370391.8838,370.3919,6355.5002,22879.8008,6355.5002,1814.1523,6091.0783,-0.0,-9.8066,9.8066,inf,2.0,0.0,0.0,0.0,0.0,0.0,8000.0,161569532344.12,161569.5323
222.5,Agni_Class,MIDCOURSE,1456783.4938,1456.7835,371298.9599,371.299,6350.8011,22862.8838,6350.8011,1814.1523,6086.175,-0.0,-9.8066,9.8066,inf,2.0,0.0,0.0,0.0,0.0,0.0,8000.0,161330696223.38,161330.6962
223.0,Agni_Class,MIDCOURSE,1459824.1296,1459.8241,372206.036,372.206,6346.1022,22845.9679,6346.1022,1814.1523,6081.2716,-0.0,-9.8066,9.8066,inf,2.0,0.0,0.0,0.0,0.0,0.0,8000.0,161092052443.41,161092.0524
223.5,Agni_Class,MIDCOURSE,1462862.3138,1462.8623,373113.1122,373.1131,6341.4036,22829.0531,6341.4036,1814.1523,6076.3683,-0.0,-9.8066,9.8066,inf,2.0,0.0,0.0,0.0,0.0,0.0,8000.0,160853601004.21,160853.601
224.0,Agni_Class,MIDCOURSE,1465898.0463,1465.898,374020.1883,374.0202,6336.7054,22812.1395,6336.7054,1814.1523,6071.465,-0.0,-9.8066,9.8066,inf,2.0,0.0,0.0,0.0,0.0,0.0,8000.0,160615341905.77,160615.3419
224.5,Agni_Class,MIDCOURSE,1468931.3271,1468.9313,374927.2645,374.9273,6332.0075,22795.2269,6332.0075,1814.1523,6066.5617,-0.0,-9.8066,9.8066,inf,2.0,0.0,0.0,0.0,0.0,0.0,8000.0,160377275148.11,160377.2751
225.0,Agni_Class,MIDCOURSE,1471962.1563,1471.9622,375834.3406,375.8343,6327.3099,22778.3155,6327.3099,1814.1523,6061.6583,-0.0,-9.8066,9.8066,inf,2.0,0.0,0.0,0.0,0.0,0.0,8000.0,160139400731.21,160139.4007
225.5,Agni_Class,MIDCOURSE,1474990.5338,1474.9905,376741.4168,376.7414,6322.6126,22761.4052,6322.6126,1814.1523,6056.755,-0.0,-9.8066,9.8066,inf,2.0,0.0,0.0,0.0,0.0,0.0,8000.0,159901718655.09,159901.7187
226.0,Agni_Class,MIDCOURSE,1478016.4596,1478.0165,377648.4929,377.6485,6317.9156,22744.4961,6317.9156,1814.1523,6051.8517,-0.0,-9.8066,9.8066,inf,2.0,0.0,0.0,0.0,0.0,0.0,8000.0,159664228919.73,159664.2289
226.5,Agni_Class,MIDCOURSE,1481039.9338,1481.0399,378555.569,378.5556,6313.2189,22727.588,6313.2189,1814.1523,6046.9484,-0.0,-9.8066,9.8066,inf,2.0,0.0,0.0,0.0,0.0,0.0,8000.0,159426931525.13,159426.9315
227.0,Agni_Class,MIDCOURSE,1484060.9563,1484.061,379462.6452,379.4626,6308.5225,22710.6811,6308.5225,1814.1523,6042.045,-0.0,-9.8066,9.8066,inf,2.0,0.0,0.0,0.0,0.0,0.0,8000.0,159189826471.31,159189.8265
227.5,Agni_Class,MIDCOURSE,1487079.5272,1487.0795,380369.7213,380.3697,6303.8265,22693.7754,6303.8265,1814.1523,6037.1417,-0.0,-9.8066,9.8066,inf,2.0,0.0,0.0,0.0,0.0,0.0,8000.0,158952913758.26,158952.9138
228.0,Agni_Class,MIDCOURSE,1490095.6463,1490.0956,381276.7975,381.2768,6299.1308,22676.8707,6299.1308,1814.1523,6032.2384,-0.0,-9.8066,9.8066,inf,2.0,0.0,0.0,0.0,0.0,0.0,8000.0,158716193385.97,158716.1934
228.5,Agni_Class,MIDCOURSE,1493109.3139,1493.1093,382183.8736,382.1839,6294.4353,22659.9672,6294.4353,1814.1523,6027.3351,-0.0,-9.8066,9.8066,inf,2.0,0.0,0.0,0.0,0.0,0.0,8000.0,158479665354.45,158479.6654
229.0,Agni_Class,MIDCOURSE,1496120.5297,1496.1205,383090.9498,383.0909,6289.7403,22643.0649,6289.7403,1814.1523,6022.4317,-0.0,-9.8066,9.8066,inf,2.0,0.0,0.0,0.0,0.0,0.0,8000.0,158243329663.7,158243.3297
229.5,Agni_Class,MIDCOURSE,1499129.2939,1499.1293,383998.0259,383.998,6285.0455,22626.1637,6285.0455,1814.1523,6017.5284,-0.0,-9.8066,9.8066,inf,2.0,0.0,0.0,0.0,0.0,0.0,8000.0,158007186313.72,158007.1863
230.0,Agni_Class,MIDCOURSE,1502135.6065,1502.1356,384905.102,384.9051,6280.351,22609.2636,6280.351,1814.1523,6012.6251,-0.0,-9.8066,9.8066,inf,2.0,0.0,0.0,0.0,0.0,0.0,8000.0,157771235304.51,157771.2353
230.5,Agni_Class,MIDCOURSE,1505139.4673,1505.1395,385812.1782,385.8122,6275.6569,22592.3647,6275.6569,1814.1523,6007.7218,-0.0,-9.8066,9.8066,inf,2.0,0.0,0.0,0.0,0.0,0.0,8000.0,157535476636.07,157535.4766
231.0,Agni_Class,MIDCOURSE,1508140.8766,1508.1409,386719.2543,386.7193,6270.9631,22575.467,6270.9631,1814.1523,6002.8184,-0.0,-9.8066,9.8066,inf,2.0,0.0,0.0,0.0,0.0,0.0,8000.0,157299910308.39,157299.9103
231.5,Agni_Class,MIDCOURSE,1511139.8341,1511.1398,387626.3305,387.6263,6266.2696,22558.5704,6266.2696,1814.1523,5997.9151,-0.0,-9.8066,9.8066,inf,2.0,0.0,0.0,0.0,0.0,0.0,8000.0,157064536321.49,157064.5363
232.0,Agni_Class,MIDCOURSE,1514136.34,1514.1363,388533.4066,388.5334,6261.5764,22541.6749,6261.5764,1814.1523,5993.0118,-0.0,-9.8066,9.8066,inf,2.0,0.0,0.0,0.0,0.0,0.0,8000.0,156829354675.35,156829.3547
232.5,Agni_Class,MIDCOURSE,1517130.3942,1517.1304,389440.4828,389.4405,6256.8835,22524.7807,6256.8835,1814.1523,5988.1085,-0.0,-9.8066,9.8066,inf,2.0,0.0,0.0,0.0,0.0,0.0,8000.0,156594365369.98,156594.3654
233.0,Agni_Class,MIDCOURSE,1520121.9968,1520.122,390347.5589,390.3476,6252.191,22507.8875,6252.191,1814.1523,5983.2051,-0.0,-9.8066,9.8066,inf,2.0,0.0,0.0,0.0,0.0,0.0,8000.0,156359568405.38,156359.5684
233.5,Agni_Class,MIDCOURSE,1523111.1477,1523.1111,391254.635,391.2546,6247.4988,22490.9956,6247.4988,1814.1523,5978.3018,-0.0,-9.8066,9.8066,inf,2.0,0.0,0.0,0.0,0.0,0.0,8000.0,156124963781.54,156124.9638
234.0,Agni_Class,MIDCOURSE,1526097.8469,1526.0978,392161.7112,392.1617,6242.8069,22474.1048,6242.8069,1814.1523,5973.3985,-0.0,-9.8066,9.8066,inf,2.0,0.0,0.0,0.0,0.0,0.0,8000.0,155890551498.48,155890.5515
234.5,Agni_Class,MIDCOURSE,1529082.0945,1529.0821,393068.7873,393.0688,6238.1153,22457.2152,6238.1153,1814.1523,5968.4952,-0.0,-9.8066,9.8066,inf,2.0,0.0,0.0,0.0,0.0,0.0,8000.0,155656331556.18,155656.3316
235.0,Agni_Class,MIDCOURSE,1532063.8904,1532.0639,393975.8635,393.9759,6233.4241,22440.3268,6233.4241,1814.1523,5963.5918,-0.0,-9.8066,9.8066,inf,2.0,0.0,0.0,0.0,0.0,0.0,8000.0,155422303954.66,155422.304
235.5,Agni_Class,MIDCOURSE,1535043.2347,1535.0432,394882.9396,394.8829,6228.7332,22423.4395,6228.7332,1814.1523,5958.6885,-0.0,-9.8066,9.8066,inf,2.0,0.0,0.0,0.0,0.0,0.0,8000.0,155188468693.9,155188.4687
236.0,Agni_Class,MIDCOURSE,1538020.1273,1538.0201,395790.0158,395.79,6224.0426,22406.5534,6224.0426,1814.1523,5953.7852,-0.0,-9.8066,9.8066,inf,2.0,0.0,0.0,0.0,0.0,0.0,8000.0,154954825773.91,154954.8258
236.5,Agni_Class,MIDCOURSE,1540994.5682,1540.9946,396697.0919,396.6971,6219.3524,22389.6685,6219.3524,1814.1523,5948.8819,-0.0,-9.8066,9.8066,inf,2.0,0.0,0.0,0.0,0.0,0.0,8000.0,154721375194.68,154721.3752
237.0,Agni_Class,MIDCOURSE,1543966.5574,1543.9666,397604.168,397.6042,6214.6624,22372.7848,6214.6624,1814.1523,5943.9785,-0.0,-9.8066,9.8066,inf,2.0,0.0,0.0,0.0,0.0,0.0,8000.0,154488116956.23,154488.117
237.5,Agni_Class,MIDCOURSE,1546936.095,1546.9361,398511.2442,398.5112,6209.9728,22355.9023,6209.9728,1814.1523,5939.0752,-0.0,-9.8066,9.8066,inf,2.0,0.0,0.0,0.0,0.0,0.0,8000.0,154255051058.54,154255.0511
238.0,Agni_Class,MIDCOURSE,1549903.181,1549.9032,399418.3203,399.4183,6205.2836,22339.0209,6205.2836,1814.1523,5934.1719,-0.0,-9.8066,9.8066,inf,2.0,0.0,0.0,0.0,0.0,0.0,8000.0,154022177501.63,154022.1775
238.5,Agni_Class,MIDCOURSE,1552867.8153,1552.8678,400325.3965,400.3254,6200.5947,22322.1408,6200.5947,1814.1523,5929.2686,-0.0,-9.8066,9.8066,inf,2.0,0.0,0.0,0.0,0.0,0.0,8000.0,153789496285.48,153789.4963
239.0,Agni_Class,MIDCOURSE,1555829.9979,1555.83,401232.4726,401.2325,6195.9061,22305.2618,6195.9061,1814.1523,5924.3652,-0.0,-9.8066,9.8066,inf,2.0,0.0,0.0,0.0,0.0,0.0,8000.0,153557007410.1,153557.0074
239.5,Agni_Class,MIDCOURSE,1558789.7288,1558.7897,402139.5488,402.1395,6191.2178,22288.384,6191.2178,1814.1523,5919.4619,-0.0,-9.8066,9.8066,inf,2.0,0.0,0.0,0.0,0.0,0.0,8000.0,153324710875.49,153324.7109
240.0,Agni_Class,MIDCOURSE,1561747.0081,1561.747,403046.6249,403.0466,6186.5299,22271.5075,6186.5299,1814.1523,5914.5586,-0.0,-9.8066,9.8066,inf,2.0,0.0,0.0,0.0,0.0,0.0,8000.0,153092606681.64,153092.6067
240.5,Agni_Class,MIDCOURSE,1564701.8357,1564.7018,403953.701,403.9537,6181.8423,22254.6321,6181.8423,1814.1523,5909.6553,-0.0,-9.8066,9.8066,inf,2.0,0.0,0.0,0.0,0.0,0.0,8000.0,152860694828.57,152860.6948
241.0,Agni_Class,MIDCOURSE,1567654.2117,1567.6542,404860.7772,404.8608,6177.155,22237.758,6177.155,1814.1523,5904.7519,-0.0,-9.8066,9.8066,inf,2.0,0.0,0.0,0.0,0.0,0.0,8000.0,152628975316.26,152628.9753
241.5,Agni_Class,MIDCOURSE,1570604.136,1570.6041,405767.8533,405.7679,6172.4681,22220.885,6172.4681,1814.1523,5899.8486,-0.0,-9.8066,9.8066,inf,2.0,0.0,0.0,0.0,0.0,0.0,8000.0,152397448144.72,152397.4481
242.0,Agni_Class,MIDCOURSE,1573551.6086,1573.5516,406674.9295,406.6749,6167.7815,22204.0133,6167.7815,1814.1523,5894.9453,-0.0,-9.8066,9.8066,inf,2.0,0.0,0.0,0.0,0.0,0.0,8000.0,152166113313.95,152166.1133
242.5,Agni_Class,MIDCOURSE,1576496.6296,1576.4966,407582.0056,407.582,6163.0952,22187.1428,6163.0952,1814.1523,5890.042,-0.0,-9.8066,9.8066,inf,2.0,0.0,0.0,0.0,0.0,0.0,8000.0,151934970823.95,151934.9708
243.0,Agni_Class,MIDCOURSE,1579439.1989,1579.4392,408489.0818,408.4891,6158.4093,22170.2735,6158.4093,1814.1523,5885.1386,-0.0,-9.8066,9.8066,inf,2.0,0.0,0.0,0.0,0.0,0.0,8000.0,151704020674.72,151704.0207
243.5,Agni_Class,MIDCOURSE,1582379.3166,1582.3793,409396.1579,409.3962,6153.7237,22153.4054,6153.7237,1814.1523,5880.2353,-0.0,-9.8066,9.8066,inf,2.0,0.0,0.0,0.0,0.0,0.0,8000.0,151473262866.26,151473.2629
244.0,Agni_Class,MIDCOURSE,1585316.9826,1585.317,410303.234,410.3032,6149.0385,22136.5386,6149.0385,1814.1523,5875.332,-0.0,-9.8066,9.8066,inf,2.0,0.0,0.0,0.0,0.0,0.0,8000.0,151242697398.56,151242.6974
244.5,Agni_Class,MIDCOURSE,1588252.1969,1588.2522,411210.3102,411.2103,6144.3536,22119.6729,6144.3536,1814.1523,5870.4287,-0.0,-9.8066,9.8066,inf,2.0,0.0,0.0,0.0,0.0,0.0,8000.0,151012324271.63,151012.3243
245.0,Agni_Class,MIDCOURSE,1591184.9596,1591.185,412117.3863,412.1174,6139.669,22102.8085,6139.669,1814.1523,5865.5253,-0.0,-9.8066,9.8066,inf,2.0,0.0,0.0,0.0,0.0,0.0,8000.0,150782143485.47,150782.1435
245.5,Agni_Class,MIDCOURSE,1594115.2706,1594.1153,413024.4625,413.0245,6134.9848,22085.9454,6134.9848,1814.1523,5860.622,-0.0,-9.8066,9.8066,inf,2.0,0.0,0.0,0.0,0.0,0.0,8000.0,150552155040.08,150552.155
246.0,Agni_Class,MIDCOURSE,1597043.1299,1597.0431,413931.5386,413.9315,6130.3009,22069.0834,6130.3009,1814.1523,5855.7187,-0.0,-9.8066,9.8066,inf,2.0,0.0,0.0,0.0,0.0,0.0,8000.0,150322358935.46,150322.3589
246.5,Agni_Class,MIDCOURSE,1599968.5376,1599.9685,414838.6148,414.8386,6125.6174,22052.2227,6125.6174,1814.1523,5850.8154,-0.0,-9.8066,9.8066,inf,2.0,0.0,0.0,0.0,0.0,0.0,8000.0,150092755171.61,150092.7552
247.0,Agni_Class,MIDCOURSE,1602891.4936,1602.8915,415745.6909,415.7457,6120.9342,22035.3633,6120.9342,1814.1523,5845.912,-0.0,-9.8066,9.8066,inf,2.0,0.0,0.0,0.0,0.0,0.0,8000.0,149863343748.52,149863.3437
247.5,Agni_Class,MIDCOURSE,1605811.9979,1605.812,416652.767,416.6528,6116.2514,22018.505,6116.2514,1814.1523,5841.0087,-0.0,-9.8066,9.8066,inf,2.0,0.0,0.0,0.0,0.0,0.0,8000.0,149634124666.21,149634.1247
248.0,Agni_Class,MIDCOURSE,1608730.0506,1608.7301,417559.8432,417.5598,6111.5689,22001.6481,6111.5689,1814.1523,5836.1054,-0.0,-9.8066,9.8066,inf,2.0,0.0,0.0,0.0,0.0,0.0,8000.0,149405097924.66,149405.0979
248.5,Agni_Class,MIDCOURSE,1611645.6516,1611.6457,418466.9193,418.4669,6106.8868,21984.7923,6106.8868,1814.1523,5831.2021,-0.0,-9.8066,9.8066,inf,2.0,0.0,0.0,0.0,0.0,0.0,8000.0,149176263523.88,149176.2635
249.0,Agni_Class,MIDCOURSE,1614558.801,1614.5588,419373.9955,419.374,6102.205,21967.9379,6102.205,1814.1523,5826.2987,-0.0,-9.8066,9.8066,inf,2.0,0.0,0.0,0.0,0.0,0.0,8000.0,148947621463.87,148947.6215
249.5,Agni_Class,MIDCOURSE,1617469.4987,1617.4695,420281.0716,420.2811,6097.5235,21951.0846,6097.5235,1814.1523,5821.3954,-0.0,-9.8066,9.8066,inf,2.0,0.0,0.0,0.0,0.0,0.0,8000.0,148719171744.63,148719.1717
250.0,Agni_Class,MIDCOURSE,1620377.7448,1620.3777,421188.1478,421.1881,6092.8424,21934.2327,6092.8424,1814.1523,5816.4921,-0.0,-9.8066,9.8066,inf,2.0,0.0,0.0,0.0,0.0,0.0,8000.0,148490914366.15,148490.9144
250.5,Agni_Class,MIDCOURSE,1623283.5391,1623.2835,422095.2239,422.0952,6088.1617,21917.382,6088.1617,1814.1523,5811.5888,-0.0,-9.8066,9.8066,inf,2.0,0.0,0.0,0.0,0.0,0.0,8000.0,148262849328.45,148262.8493
251.0,Agni_Class,MIDCOURSE,1626186.8818,1626.1869,423002.3,423.0023,6083.4813,21900.5325,6083.4813,1814.1523,5806.6854,-0.0,-9.8066,9.8066,inf,2.0,0.0,0.0,0.0,0.0,0.0,8000.0,148034976631.51,148034.9766
251.5,Agni_Class,MIDCOURSE,1629087.7729,1629.0878,423909.3762,423.9094,6078.8012,21883.6843,6078.8012,1814.1523,5801.7821,-0.0,-9.8066,9.8066,inf,2.0,0.0,0.0,0.0,0.0,0.0,8000.0,147807296275.34,147807.2963
252.0,Agni_Class,MIDCOURSE,1631986.2123,1631.9862,424816.4523,424.8165,6074.1215,21866.8374,6074.1215,1814.1523,5796.8788,-0.0,-9.8066,9.8066,inf,2.0,0.0,0.0,0.0,0.0,0.0,8000.0,147579808259.94,147579.8083
252.5,Agni_Class,MIDCOURSE,1634882.2,1634.8822,425723.5285,425.7235,6069.4422,21849.9918,6069.4422,1814.1523,5791.9755,-0.0,-9.8066,9.8066,inf,2.0,0.0,0.0,0.0,0.0,0.0,8000.0,147352512585.31,147352.5126
253.0,Agni_Class,MIDCOURSE,1637775.7361,1637.7757,426630.6046,426.6306,6064.7632,21833.1474,6064.7632,1814.1523,5787.0721,-0.0,-9.8066,9.8066,inf,2.0,0.0,0.0,0.0,0.0,0.0,8000.0,147125409251.44,147125.4093
253.5,Agni_Class,MIDCOURSE,1640666.8205,1640.6668,427537.6808,427.5377,6060.0845,21816.3043,6060.0845,1814.1523,5782.1688,-0.0,-9.8066,9.8066,inf,2.0,0.0,0.0,0.0,0.0,0.0,8000.0,146898498258.35,146898.4983
254.0,Agni_Class,MIDCOURSE,1643555.4532,1643.5555,428444.7569,428.4448,6055.4063,21799.4625,6055.4063,1814.1523,5777.2655,-0.0,-9.8066,9.8066,inf,2.0,0.0,0.0,0.0,0.0,0.0,8000.0,146671779606.02,146671.7796
254.5,Agni_Class,MIDCOURSE,1646441.6343,1646.4416,429351.833,429.3518,6050.7283,21782.622,6050.7283,1814.1523,5772.3622,-0.0,-9.8066,9.8066,inf,2.0,0.0,0.0,0.0,0.0,0.0,8000.0,146445253294.46,146445.2533
255.0,Agni_Class,MIDCOURSE,1649325.3637,1649.3254,430258.9092,430.2589,6046.0508,21765.7827,6046.0508,1814.1523,5767.4588,-0.0,-9.8066,9.8066,inf,2.0,0.0,0.0,0.0,0.0,0.0,8000.0,146218919323.67,146218.9193
255.5,Agni_Class,MIDCOURSE,1652206.6414,1652.2066,431165.9853,431.166,6041.3736,21748.9448,6041.3736,1814.1523,5762.5555,-0.0,-9.8066,9.8066,inf,2.0,0.0,0.0,0.0,0.0,0.0,8000.0,145992777693.65,145992.7777
256.0,Agni_Class,MIDCOURSE,1655085.4675,1655.0855,432073.0615,432.0731,6036.6967,21732.1081,6036.6967,1814.1523,5757.6522,-0.0,-9.8066,9.8066,inf,2.0,0.0,0.0,0.0,0.0,0.0,8000.0,145766828404.4,145766.8284
256.5,Agni_Class,MIDCOURSE,1657961.842,1657.9618,432980.1376,432.9801,6032.0202,21715.2728,6032.0202,1814.1523,5752.7489,-0.0,-9.8066,9.8066,inf,2.0,0.0,0.0,0.0,0.0,0.0,8000.0,145541071455.91,145541.0715
257.0,Agni_Class,MIDCOURSE,1660835.7647,1660.8358,433887.2138,433.8872,6027.3441,21698.4387,6027.3441,1814.1523,5747.8455,-0.0,-9.8066,9.8066,inf,2.0,0.0,0.0,0.0,0.0,0.0,8000.0,145315506848.2,145315.5068
257.5,Agni_Class,MIDCOURSE,1663707.2358,1663.7072,434794.2899,434.7943,6022.6683,21681.6059,6022.6683,1814.1523,5742.9422,-0.0,-9.8066,9.8066,inf,2.0,0.0,0.0,0.0,0.0,0.0,8000.0,145090134581.25,145090.1346
258.0,Agni_Class,MIDCOURSE,1666576.2553,1666.5763,435701.366,435.7014,6017.9929,21664.7745,6017.9929,1814.1523,5738.0389,-0.0,-9.8066,9.8066,inf,2.0,0.0,0.0,0.0,0.0,0.0,8000.0,144864954655.07,144864.9547
258.5,Agni_Class,MIDCOURSE,1669442.823,1669.4428,436608.4422,436.6084,6013.3179,21647.9443,6013.3179,1814.1523,5733.1356,-0.0,-9.8066,9.8066,inf,2.0,0.0,0.0,0.0,0.0,0.0,8000.0,144639967069.66,144639.9671
259.0,Agni_Class,MIDCOURSE,1672306.9392,1672.3069,437515.5183,437.5155,6008.6432,21631.1155,6008.6432,1814.1523,5728.2322,-0.0,-9.8066,9.8066,inf,2.0,0.0,0.0,0.0,0.0,0.0,8000.0,144415171825.02,144415.1718
259.5,Agni_Class,MIDCOURSE,1675168.6036,1675.1686,438422.5945,438.4226,6003.9689,21614.2879,6003.9689,1814.1523,5723.3289,-0.0,-9.8066,9.8066,inf,2.0,0.0,0.0,0.0,0.0,0.0,8000.0,144190568921.14,144190.5689
260.0,Agni_Class,MIDCOURSE,1678027.8164,1678.0278,439329.6706,439.3297,5999.2949,21597.4617,5999.2949,1814.1523,5718.4256,-0.0,-9.8066,9.8066,inf,2.0,0.0,0.0,0.0,0.0,0.0,8000.0,143966158358.04,143966.1584
260.5,Agni_Class,MIDCOURSE,1680884.5775,1680.8846,440236.7468,440.2367,5994.6213,21580.6368,5994.6213,1814.1523,5713.5223,-0.0,-9.8066,9.8066,inf,2.0,0.0,0.0,0.0,0.0,0.0,8000.0,143741940135.7,143741.9401
261.0,Agni_Class,MIDCOURSE,1683738.887,1683.7389,441143.8229,441.1438,5989.9481,21563.8133,5989.9481,1814.1523,5708.6189,-0.0,-9.8066,9.8066,inf,2.0,0.0,0.0,0.0,0.0,0.0,8000.0,143517914254.13,143517.9143
261.5,Agni_Class,MIDCOURSE,1686590.7448,1686.5907,442050.899,442.0509,5985.2753,21546.991,5985.2753,1814.1523,5703.7156,-0.0,-9.8066,9.8066,inf,2.0,0.0,0.0,0.0,0.0,0.0,8000.0,143294080713.33,143294.0807
262.0,Agni_Class,MIDCOURSE,1689440.1509,1689.4402,442957.9752,442.958,5980.6028,21530.1701,5980.6028,1814.1523,5698.8123,-0.0,-9.8066,9.8066,inf,2.0,0.0,0.0,0.0,0.0,0.0,8000.0,143070439513.3,143070.4395
262.5,Agni_Class,MIDCOURSE,1692287.1054,1692.2871,443865.0513,443.8651,5975.9307,21513.3505,5975.9307,1814.1523,5693.909,-0.0,-9.8066,9.8066,inf,2.0,0.0,0.0,0.0,0.0,0.0,8000.0,142846990654.04,142846.9907
263.0,Agni_Class,MIDCOURSE,1695131.6082,1695.1316,444772.1275,444.7721,5971.259,21496.5322,5971.259,1814.1523,5689.0056,-0.0,-9.8066,9.8066,inf,2.0,0.0,0.0,0.0,0.0,0.0,8000.0,142623734135.54,142623.7341
263.5,Agni_Class,MIDCOURSE,1697973.6594,1697.9737,445679.2036,445.6792,5966.5876,21479.7153,5966.5876,1814.1523,5684.1023,-0.0,-9.8066,9.8066,inf,2.0,0.0,0.0,0.0,0.0,0.0,8000.0,142400669957.82,142400.67
264.0,Agni_Class,MIDCOURSE,1700813.2588,1700.8133,446586.2798,446.5863,5961.9166,21462.8998,5961.9166,1814.1523,5679.199,-0.0,-9.8066,9.8066,inf,2.0,0.0,0.0,0.0,0.0,0.0,8000.0,142177798120.86,142177.7981
264.5,Agni_Class,MIDCOURSE,1703650.4067,1703.6504,447493.3559,447.4934,5957.246,21446.0855,5957.246,1814.1523,5674.2957,-0.0,-9.8066,9.8066,inf,2.0,0.0,0.0,0.0,0.0,0.0,8000.0,141955118624.67,141955.1186
265.0,Agni_Class,MIDCOURSE,1706485.1028,1706.4851,448400.432,448.4004,5952.5757,21429.2726,5952.5757,1814.1523,5669.3923,-0.0,-9.8066,9.8066,inf,2.0,0.0,0.0,0.0,0.0,0.0,8000.0,141732631469.25,141732.6315
265.5,Agni_Class,MIDCOURSE,1709317.3473,1709.3173,449307.5082,449.3075,5947.9059,21412.4611,5947.9059,1814.1523,5664.489,-0.0,-9.8066,9.8066,inf,2.0,0.0,0.0,0.0,0.0,0.0,8000.0,141510336654.6,141510.3367
266.0,Agni_Class,MIDCOURSE,1712147.1402,1712.1471,450214.5843,450.2146,5943.2364,21395.6509,5943.2364,1814.1523,5659.5857,-0.0,-9.8066,9.8066,inf,2.0,0.0,0.0,0.0,0.0,0.0,8000.0,141288234180.71,141288.2342
266.5,Agni_Class,MIDCOURSE,1714974.4814,1714.9745,451121.6605,451.1217,5938.5673,21378.8421,5938.5673,1814.1523,5654.6824,-0.0,-9.8066,9.8066,inf,2.0,0.0,0.0,0.0,0.0,0.0,8000.0,141066324047.6,141066.324
267.0,Agni_Class,MIDCOURSE,1717799.3709,1717.7994,452028.7366,452.0287,5933.8985,21362.0346,5933.8985,1814.1523,5649.779,-0.0,-9.8066,9.8066,inf,2.0,0.0,0.0,0.0,0.0,0.0,8000.0,140844606255.25,140844.6063
267.5,Agni_Class,MIDCOURSE,1720621.8087,1720.6218,452935.8128,452.9358,5929.2302,21345.2285,5929.2302,1814.1523,5644.8757,-0.0,-9.8066,9.8066,inf,2.0,0.0,0.0,0.0,0.0,0.0,8000.0,140623080803.67,140623.0808
268.0,Agni_Class,MIDCOURSE,1723441.7949,1723.4418,453842.8889,453.8429,5924.5622,21328.4238,5924.5622,1814.1523,5639.9724,-0.0,-9.8066,9.8066,inf,2.0,0.0,0.0,0.0,0.0,0.0,8000.0,140401747692.86,140401.7477
268.5,Agni_Class,MIDCOURSE,1726259.3294,1726.2593,454749.965,454.75,5919.8946,21311.6205,5919.8946,1814.1523,5635.0691,-0.0,-9.8066,9.8066,inf,2.0,0.0,0.0,0.0,0.0,0.0,8000.0,140180606922.82,140180.6069
269.0,Agni_Class,MIDCOURSE,1729074.4123,1729.0744,455657.0412,455.657,5915.2274,21294.8185,5915.2274,1814.1523,5630.1657,-0.0,-9.8066,9.8066,inf,2.0,0.0,0.0,0.0,0.0,0.0,8000.0,139959658493.54,139959.6585
269.5,Agni_Class,MIDCOURSE,1731887.0435,1731.887,456564.1173,456.5641,5910.5605,21278.0179,5910.5605,1814.1523,5625.2624,-0.0,-9.8066,9.8066,inf,2.0,0.0,0.0,0.0,0.0,0.0,8000.0,139738902405.04,139738.9024
270.0,Agni_Class,MIDCOURSE,1734697.223,1734.6972,457471.1935,457.4712,5905.8941,21261.2186,5905.8941,1814.1523,5620.3591,-0.0,-9.8066,9.8066,inf,2.0,0.0,0.0,0.0,0.0,0.0,8000.0,139518338657.3,139518.3387
270.5,Agni_Class,MIDCOURSE,1737504.9509,1737.505,458378.2696,458.3783,5901.228,21244.4208,5901.228,1814.1523,5615.4558,-0.0,-9.8066,9.8066,inf,2.0,0.0,0.0,0.0,0.0,0.0,8000.0,139297967250.34,139297.9673
271.0,Agni_Class,MIDCOURSE,1740310.2271,1740.3102,459285.3458,459.2853,5896.5623,21227.6243,5896.5623,1814.1523,5610.5524,-0.0,-9.8066,9.8066,inf,2.0,0.0,0.0,0.0,0.0,0.0,8000.0,139077788184.14,139077.7882
271.5,Agni_Class,MIDCOURSE,1743113.0517,1743.1131,460192.4219,460.1924,5891.897,21210.8292,5891.897,1814.1523,5605.6491,-0.0,-9.8066,9.8066,inf,2.0,0.0,0.0,0.0,0.0,0.0,8000.0,138857801458.7,138857.8015
272.0,Agni_Class,MIDCOURSE,1745913.4246,1745.9134,461099.498,461.0995,5887.2321,21194.0356,5887.2321,1814.1523,5600.7458,-0.0,-9.8066,9.8066,inf,2.0,0.0,0.0,0.0,0.0,0.0,8000.0,138638007074.04,138638.0071
272.5,Agni_Class,MIDCOURSE,1748711.3458,1748.7113,462006.5742,462.0066,5882.5676,21177.2433,5882.5676,1814.1523,5595.8425,-0.0,-9.8066,9.8066,inf,2.0,0.0,0.0,0.0,0.0,0.0,8000.0,138418405030.15,138418.405
273.0,Agni_Class,MIDCOURSE,1751506.8153,1751.5068,462913.6503,462.9137,5877.9034,21160.4524,5877.9034,1814.1523,5590.9391,-0.0,-9.8066,9.8066,inf,2.0,0.0,0.0,0.0,0.0,0.0,8000.0,138198995327.02,138198.9953
273.5,Agni_Class,MIDCOURSE,1754299.8332,1754.2998,463820.7265,463.8207,5873.2397,21143.6629,5873.2397,1814.1523,5586.0358,-0.0,-9.8066,9.8066,inf,2.0,0.0,0.0,0.0,0.0,0.0,8000.0,137979777964.66,137979.778
274.0,Agni_Class,MIDCOURSE,1757090.3995,1757.0904,464727.8026,464.7278,5868.5763,21126.8748,5868.5763,1814.1523,5581.1325,-0.0,-9.8066,9.8066,inf,2.0,0.0,0.0,0.0,0.0,0.0,8000.0,137760752943.07,137760.7529
274.5,Agni_Class,MIDCOURSE,1759878.5141,1759.8785,465634.8788,465.6349,5863.9134,21110.0881,5863.9134,1814.1523,5576.2292,-0.0,-9.8066,9.8066,inf,2.0,0.0,0.0,0.0,0.0,0.0,8000.0,137541920262.25,137541.9203
275.0,Agni_Class,MIDCOURSE,1762664.177,1762.6642,466541.9549,466.542,5859.2508,21093.3029,5859.2508,1814.1523,5571.3258,-0.0,-9.8066,9.8066,inf,2.0,0.0,0.0,0.0,0.0,0.0,8000.0,137323279922.2,137323.2799
275.5,Agni_Class,MIDCOURSE,1765447.3882,1765.4474,467449.031,467.449,5854.5886,21076.5191,5854.5886,1814.1523,5566.4225,-0.0,-9.8066,9.8066,inf,2.0,0.0,0.0,0.0,0.0,0.0,8000.0,137104831922.92,137104.8319
276.0,Agni_Class,MIDCOURSE,1768228.1478,1768.2281,468356.1072,468.3561,5849.9268,21059.7366,5849.9268,1814.1523,5561.5192,-0.0,-9.8066,9.8066,inf,2.0,0.0,0.0,0.0,0.0,0.0,8000.0,136886576264.4,136886.5763
276.5,Agni_Class,MIDCOURSE,1771006.4557,1771.0065,469263.1833,469.2632,5845.2655,21042.9556,5845.2655,1814.1523,5556.6159,-0.0,-9.8066,9.8066,inf,2.0,0.0,0.0,0.0,0.0,0.0,8000.0,136668512946.66,136668.5129
277.0,Agni_Class,MIDCOURSE,1773782.312,1773.7823,470170.2595,470.1703,5840.6045,21026.1761,5840.6045,1814.1523,5551.7125,-0.0,-9.8066,9.8066,inf,2.0,0.0,0.0,0.0,0.0,0.0,8000.0,136450641969.68,136450.642
277.5,Agni_Class,MIDCOURSE,1776555.7166,1776.5557,471077.3356,471.0773,5835.9439,21009.3979,5835.9439,1814.1523,5546.8092,-0.0,-9.8066,9.8066,inf,2.0,0.0,0.0,0.0,0.0,0.0,8000.0,136232963333.47,136232.9633
278.0,Agni_Class,MIDCOURSE,1779326.6695,1779.3267,471984.4117,471.9844,5831.2837,20992.6212,5831.2837,1814.1523,5541.9059,-0.0,-9.8066,9.8066,inf,2.0,0.0,0.0,0.0,0.0,0.0,8000.0,136015477038.03,136015.477
278.5,Agni_Class,MIDCOURSE,1782095.1708,1782.0952,472891.4879,472.8915,5826.6239,20975.8459,5826.6239,1814.1523,5537.0026,-0.0,-9.8066,9.8066,inf,2.0,0.0,0.0,0.0,0.0,0.0,8000.0,135798183083.35,135798.1831
279.0,Agni_Class,MIDCOURSE,1784861.2204,1784.8612,473798.564,473.7986,5821.9645,20959.0721,5821.9645,1814.1523,5532.0992,-0.0,-9.8066,9.8066,inf,2.0,0.0,0.0,0.0,0.0,0.0,8000.0,135581081469.45,135581.0815
279.5,Agni_Class,MIDCOURSE,1787624.8184,1787.6248,474705.6402,474.7056,5817.3055,20942.2997,5817.3055,1814.1523,5527.1959,-0.0,-9.8066,9.8066,inf,2.0,0.0,0.0,0.0,0.0,0.0,8000.0,135364172196.31,135364.1722
280.0,Agni_Class,MIDCOURSE,1790385.9647,1790.386,475612.7163,475.6127,5812.6469,20925.5288,5812.6469,1814.1523,5522.2926,-0.0,-9.8066,9.8066,inf,2.0,0.0,0.0,0.0,0.0,0.0,8000.0,135147455263.95,135147.4553
280.5,Agni_Class,MIDCOURSE,1793144.6593,1793.1447,476519.7925,476.5198,5807.9887,20908.7593,5807.9887,1814.1523,5517.3893,-0.0,-9.8066,9.8066,inf,2.0,0.0,0.0,0.0,0.0,0.0,8000.0,134930930672.35,134930.9307
281.0,Agni_Class,MIDCOURSE,1795900.9023,1795.9009,477426.8686,477.4269,5803.3309,20891.9913,5803.3309,1814.1523,5512.4859,-0.0,-9.8066,9.8066,inf,2.0,0.0,0.0,0.0,0.0,0.0,8000.0,134714598421.52,134714.5984
281.5,Agni_Class,MIDCOURSE,1798654.6936,1798.6547,478333.9447,478.3339,5798.6735,20875.2247,5798.6735,1814.1523,5507.5826,-0.0,-9.8066,9.8066,inf,2.0,0.0,0.0,0.0,0.0,0.0,8000.0,134498458511.45,134498.4585
282.0,Agni_Class,MIDCOURSE,1801406.0332,1801.406,479241.0209,479.241,5794.0165,20858.4596,5794.0165,1814.1523,5502.6793,-0.0,-9.8066,9.8066,inf,2.0,0.0,0.0,0.0,0.0,0.0,8000.0,134282510942.16,134282.5109
282.5,Agni_Class,MIDCOURSE,1804154.9212,1804.1549,480148.097,480.1481,5789.36,20841.6959,5789.36,1814.1523,5497.776,-0.0,-9.8066,9.8066,inf,2.0,0.0,0.0,0.0,0.0,0.0,8000.0,134066755713.63,134066.7557
283.0,Agni_Class,MIDCOURSE,1806901.3575,1806.9014,481055.1732,481.0552,5784.7038,20824.9337,5784.7038,1814.1523,5492.8726,-0.0,-9.8066,9.8066,inf,2.0,0.0,0.0,0.0,0.0,0.0,8000.0,133851192825.88,133851.1928
283.5,Agni_Class,MIDCOURSE,1809645.3421,1809.6453,481962.2493,481.9622,5780.0481,20808.173,5780.0481,1814.1523,5487.9693,-0.0,-9.8066,9.8066,inf,2.0,0.0,0.0,0.0,0.0,0.0,8000.0,133635822278.89,133635.8223
284.0,Agni_Class,MIDCOURSE,1812386.8751,1812.3869,482869.3255,482.8693,5775.3927,20791.4138,5775.3927,1814.1523,5483.066,-0.0,-9.8066,9.8066,inf,2.0,0.0,0.0,0.0,0.0,0.0,8000.0,133420644072.67,133420.6441
284.5,Agni_Class,MIDCOURSE,1815125.9565,1815.126,483776.4016,483.7764,5770.7378,20774.656,5770.7378,1814.1523,5478.1627,-0.0,-9.8066,9.8066,inf,2.0,0.0,0.0,0.0,0.0,0.0,8000.0,133205658207.22,133205.6582
285.0,Agni_Class,MIDCOURSE,1817862.5861,1817.8626,484683.4777,484.6835,5766.0833,20757.8997,5766.0833,1814.1523,5473.2593,-0.0,-9.8066,9.8066,inf,2.0,0.0,0.0,0.0,0.0,0.0,8000.0,132990864682.53,132990.8647
285.5,Agni_Class,MIDCOURSE,1820596.7641,1820.5968,485590.5539,485.5906,5761.4292,20741.1449,5761.4292,1814.1523,5468.356,-0.0,-9.8066,9.8066,inf,2.0,0.0,0.0,0.0,0.0,0.0,8000.0,132776263498.62,132776.2635
286.0,Agni_Class,MIDCOURSE,1823328.4905,1823.3285,486497.63,486.4976,5756.7755,20724.3916,5756.7755,1814.1523,5463.4527,-0.0,-9.8066,9.8066,inf,2.0,0.0,0.0,0.0,0.0,0.0,8000.0,132561854655.47,132561.8547
286.5,Agni_Class,MIDCOURSE,1826057.7651,1826.0578,487404.7062,487.4047,5752.1222,20707.6398,5752.1222,1814.1523,5458.5494,-0.0,-9.8066,9.8066,inf,2.0,0.0,0.0,0.0,0.0,0.0,8000.0,132347638153.1,132347.6382
287.0,Agni_Class,MIDCOURSE,1828784.5881,1828.7846,488311.7823,488.3118,5747.4693,20690.8895,5747.4693,1814.1523,5453.646,-0.0,-9.8066,9.8066,inf,2.0,0.0,0.0,0.0,0.0,0.0,8000.0,132133613991.49,132133.614
287.5,Agni_Class,MIDCOURSE,1831508.9595,1831.509,489218.8585,489.2189,5742.8169,20674.1407,5742.8169,1814.1523,5448.7427,-0.0,-9.8066,9.8066,inf,2.0,0.0,0.0,0.0,0.0,0.0,8000.0,131919782170.64,131919.7822
288.0,Agni_Class,MIDCOURSE,1834230.8792,1834.2309,490125.9346,490.1259,5738.1648,20657.3934,5738.1648,1814.1523,5443.8394,-0.0,-9.8066,9.8066,inf,2.0,0.0,0.0,0.0,0.0,0.0,8000.0,131706142690.57,131706.1427
288.5,Agni_Class,MIDCOURSE,1836950.3472,1836.9503,491033.0107,491.033,5733.5132,20640.6476,5733.5132,1814.1523,5438.9361,-0.0,-9.8066,9.8066,inf,2.0,0.0,0.0,0.0,0.0,0.0,8000.0,131492695551.27,131492.6956
289.0,Agni_Class,MIDCOURSE,1839667.3636,1839.6674,491940.0869,491.9401,5728.862,20623.9033,5728.862,1814.1523,5434.0327,-0.0,-9.8066,9.8066,inf,2.0,0.0,0.0,0.0,0.0,0.0,8000.0,131279440752.73,131279.4408
289.5,Agni_Class,MIDCOURSE,1842381.9283,1842.3819,492847.163,492.8472,5724.2113,20607.1605,5724.2113,1814.1523,5429.1294,-0.0,-9.8066,9.8066,inf,2.0,0.0,0.0,0.0,0.0,0.0,8000.0,131066378294.97,131066.3783
290.0,Agni_Class,MIDCOURSE,1845094.0413,1845.094,493754.2392,493.7542,5719.5609,20590.4193,5719.5609,1814.1523,5424.2261,-0.0,-9.8066,9.8066,inf,2.0,0.0,0.0,0.0,0.0,0.0,8000.0,130853508177.97,130853.5082
290.5,Agni_Class,MIDCOURSE,1847803.7027,1847.8037,494661.3153,494.6613,5714.911,20573.6796,5714.911,1814.1523,5419.3228,-0.0,-9.8066,9.8066,inf,2.0,0.0,0.0,0.0,0.0,0.0,8000.0,130640830401.74,130640.8304
291.0,Agni_Class,MIDCOURSE,1850510.9124,1850.5109,495568.3915,495.5684,5710.2615,20556.9414,5710.2615,1814.1523,5414.4194,-0.0,-9.8066,9.8066,inf,2.0,0.0,0.0,0.0,0.0,0.0,8000.0,130428344966.27,130428.345
291.5,Agni_Class,MIDCOURSE,1853215.6705,1853.2157,496475.4676,496.4755,5705.6124,20540.2047,5705.6124,1814.1523,5409.5161,-0.0,-9.8066,9.8066,inf,2.0,0.0,0.0,0.0,0.0,0.0,8000.0,130216051871.58,130216.0519
292.0,Agni_Class,MIDCOURSE,1855917.9768,1855.918,497382.5437,497.3825,5700.9638,20523.4695,5700.9638,1814.1523,5404.6128,-0.0,-9.8066,9.8066,inf,2.0,0.0,0.0,0.0,0.0,0.0,8000.0,130003951117.66,130003.9511
292.5,Agni_Class,MIDCOURSE,1858617.8316,1858.6178,498289.6199,498.2896,5696.3155,20506.7359,5696.3155,1814.1523,5399.7095,-0.0,-9.8066,9.8066,inf,2.0,0.0,0.0,0.0,0.0,0.0,8000.0,129792042704.5,129792.0427
293.0,Agni_Class,MIDCOURSE,1861315.2346,1861.3152,499196.696,499.1967,5691.6677,20490.0039,5691.6677,1814.1523,5394.8061,-0.0,-9.8066,9.8066,inf,2.0,0.0,0.0,0.0,0.0,0.0,8000.0,129580326632.11,129580.3266
293.5,Agni_Class,MIDCOURSE,1864010.186,1864.0102,500103.7722,500.1038,5687.0204,20473.2733,5687.0204,1814.1523,5389.9028,-0.0,-9.8066,9.8066,inf,2.0,0.0,0.0,0.0,0.0,0.0,8000.0,129368802900.49,129368.8029
294.0,Agni_Class,MIDCOURSE,1866702.6858,1866.7027,501010.8483,501.0108,5682.3734,20456.5444,5682.3734,1814.1523,5384.9995,-0.0,-9.8066,9.8066,inf,2.0,0.0,0.0,0.0,0.0,0.0,8000.0,129157471509.64,129157.4715
294.5,Agni_Class,MIDCOURSE,1869392.7338,1869.3927,501917.9245,501.9179,5677.7269,20439.817,5677.7269,1814.1523,5380.0962,-0.0,-9.8066,9.8066,inf,2.0,0.0,0.0,0.0,0.0,0.0,8000.0,128946332459.56,128946.3325
295.0,Agni_Class,MIDCOURSE,1872080.3303,1872.0803,502825.0006,502.825,5673.0809,20423.0911,5673.0809,1814.1523,5375.1928,-0.0,-9.8066,9.8066,inf,2.0,0.0,0.0,0.0,0.0,0.0,8000.0,128735385750.24,128735.3858
295.5,Agni_Class,MIDCOURSE,1874765.475,1874.7655,503732.0767,503.7321,5668.4352,20406.3668,5668.4352,1814.1523,5370.2895,-0.0,-9.8066,9.8066,inf,2.0,0.0,0.0,0.0,0.0,0.0,8000.0,128524631381.7,128524.6314
296.0,Agni_Class,MIDCOURSE,1877448.1681,1877.4482,504639.1529,504.6392,5663.79,20389.6441,5663.79,1814.1523,5365.3862,-0.0,-9.8066,9.8066,inf,2.0,0.0,0.0,0.0,0.0,0.0,8000.0,128314069353.92,128314.0694
296.5,Agni_Class,MIDCOURSE,1880128.4095,1880.1284,505546.229,505.5462,5659.1452,20372.9229,5659.1452,1814.1523,5360.4829,-0.0,-9.8066,9.8066,inf,2.0,0.0,0.0,0.0,0.0,0.0,8000.0,128103699666.91,128103.6997
297.0,Agni_Class,MIDCOURSE,1882806.1993,1882.8062,506453.3052,506.4533,5654.5009,20356.2033,5654.5009,1814.1523,5355.5795,-0.0,-9.8066,9.8066,inf,2.0,0.0,0.0,0.0,0.0,0.0,8000.0,127893522320.67,127893.5223
297.5,Agni_Class,MIDCOURSE,1885481.5374,1885.4815,507360.3813,507.3604,5649.857,20339.4853,5649.857,1814.1523,5350.6762,-0.0,-9.8066,9.8066,inf,2.0,0.0,0.0,0.0,0.0,0.0,8000.0,127683537315.2,127683.5373
298.0,Agni_Class,MIDCOURSE,1888154.4238,1888.1544,508267.4575,508.2675,5645.2136,20322.7688,5645.2136,1814.1523,5345.7729,-0.0,-9.8066,9.8066,inf,2.0,0.0,0.0,0.0,0.0,0.0,8000.0,127473744650.5,127473.7447
298.5,Agni_Class,MIDCOURSE,1890824.8586,1890.8249,509174.5336,509.1745,5640.5705,20306.054,5640.5705,1814.1523,5340.8696,-0.0,-9.8066,9.8066,inf,2.0,0.0,0.0,0.0,0.0,0.0,8000.0,127264144326.56,127264.1443
299.0,Agni_Class,MIDCOURSE,1893492.8417,1893.4928,510081.6097,510.0816,5635.928,20289.3407,5635.928,1814.1523,5335.9662,-0.0,-9.8066,9.8066,inf,2.0,0.0,0.0,0.0,0.0,0.0,8000.0,127054736343.39,127054.7363
299.5,Agni_Class,MIDCOURSE,1896158.3732,1896.1584,510988.6859,510.9887,5631.2858,20272.629,5631.2858,1814.1523,5331.0629,-0.0,-9.8066,9.8066,inf,2.0,0.0,0.0,0.0,0.0,0.0,8000.0,126845520701.0,126845.5207
300.0,Agni_Class,MIDCOURSE,1898821.453,1898.8215,511895.762,511.8958,5626.6441,20255.9189,5626.6441,1814.1523,5326.1596,-0.0,-9.8066,9.8066,inf,2.0,0.0,0.0,0.0,0.0,0.0,8000.0,126636497399.37,126636.4974
300.5,Agni_Class,MIDCOURSE,1901482.0811,1901.4821,512802.8382,512.8028,5622.0029,20239.2104,5622.0029,1814.1523,5321.2563,-0.0,-9.8066,9.8066,inf,2.0,0.0,0.0,0.0,0.0,0.0,8000.0,126427666438.5,126427.6664
301.0,Agni_Class,MIDCOURSE,1904140.2575,1904.1403,513709.9143,513.7099,5617.3621,20222.5036,5617.3621,1814.1523,5316.3529,-0.0,-9.8066,9.8066,inf,2.0,0.0,0.0,0.0,0.0,0.0,8000.0,126219027818.41,126219.0278
301.5,Agni_Class,MIDCOURSE,1906795.9823,1906.796,514616.9905,514.617,5612.7217,20205.7983,5612.7217,1814.1523,5311.4496,-0.0,-9.8066,9.8066,inf,2.0,0.0,0.0,0.0,0.0,0.0,8000.0,126010581539.09,126010.5815
302.0,Agni_Class,MIDCOURSE,1909449.2555,1909.4493,515524.0666,515.5241,5608.0818,20189.0946,5608.0818,1814.1523,5306.5463,-0.0,-9.8066,9.8066,inf,2.0,0.0,0.0,0.0,0.0,0.0,8000.0,125802327600.53,125802.3276
302.5,Agni_Class,MIDCOURSE,1912100.077,1912.1001,516431.1427,516.4311,5603.4424,20172.3926,5603.4424,1814.1523,5301.643,-0.0,-9.8066,9.8066,inf,2.0,0.0,0.0,0.0,0.0,0.0,8000.0,125594266002.74,125594.266
303.0,Agni_Class,MIDCOURSE,1914748.4468,1914.7484,517338.2189,517.3382,5598.8034,20155.6921,5598.8034,1814.1523,5296.7396,-0.0,-9.8066,9.8066,inf,2.0,0.0,0.0,0.0,0.0,0.0,8000.0,125386396745.72,125386.3967
303.5,Agni_Class,MIDCOURSE,1917394.3649,1917.3944,518245.295,518.2453,5594.1648,20138.9933,5594.1648,1814.1523,5291.8363,-0.0,-9.8066,9.8066,inf,2.0,0.0,0.0,0.0,0.0,0.0,8000.0,125178719829.47,125178.7198
304.0,Agni_Class,MIDCOURSE,1920037.8314,1920.0378,519152.3712,519.1524,5589.5267,20122.2961,5589.5267,1814.1523,5286.933,-0.0,-9.8066,9.8066,inf,2.0,0.0,0.0,0.0,0.0,0.0,8000.0,124971235253.99,124971.2353
304.5,Agni_Class,MIDCOURSE,1922678.8462,1922.6788,520059.4473,520.0594,5584.8891,20105.6006,5584.8891,1814.1523,5282.0297,-0.0,-9.8066,9.8066,inf,2.0,0.0,0.0,0.0,0.0,0.0,8000.0,124763943019.28,124763.943
305.0,Agni_Class,MIDCOURSE,1925317.4094,1925.3174,520966.5235,520.9665,5580.2519,20088.9067,5580.2519,1814.1523,5277.1263,-0.0,-9.8066,9.8066,inf,2.0,0.0,0.0,0.0,0.0,0.0,8000.0,124556843125.33,124556.8431
305.5,Agni_Class,MIDCOURSE,1927953.5209,1927.9535,521873.5996,521.8736,5575.6151,20072.2144,5575.6151,1814.1523,5272.223,-0.0,-9.8066,9.8066,inf,2.0,0.0,0.0,0.0,0.0,0.0,8000.0,124349935572.15,124349.9356
306.0,Agni_Class,MIDCOURSE,1930587.1807,1930.5872,522780.6757,522.7807,5570.9788,20055.5238,5570.9788,1814.1523,5267.3197,-0.0,-9.8066,9.8066,inf,2.0,0.0,0.0,0.0,0.0,0.0,8000.0,124143220359.75,124143.2204
306.5,Agni_Class,MIDCOURSE,1933218.3889,1933.2184,523687.7519,523.6878,5566.343,20038.8348,5566.343,1814.1523,5262.4164,-0.0,-9.8066,9.8066,inf,2.0,0.0,0.0,0.0,0.0,0.0,8000.0,123936697488.11,123936.6975
307.0,Agni_Class,MIDCOURSE,1935847.1454,1935.8471,524594.828,524.5948,5561.7076,20022.1475,5561.7076,1814.1523,5257.513,-0.0,-9.8066,9.8066,inf,2.0,0.0,0.0,0.0,0.0,0.0,8000.0,123730366957.23,123730.367
307.5,Agni_Class,MIDCOURSE,1938473.4503,1938.4735,525501.9042,525.5019,5557.0727,20005.4618,5557.0727,1814.1523,5252.6097,-0.0,-9.8066,9.8066,inf,2.0,0.0,0.0,0.0,0.0,0.0,8000.0,123524228767.13,123524.2288
308.0,Agni_Class,MIDCOURSE,1941097.3035,1941.0973,526408.9803,526.409,5552.4383,19988.7778,5552.4383,1814.1523,5247.7064,-0.0,-9.8066,9.8066,inf,2.0,0.0,0.0,0.0,0.0,0.0,8000.0,123318282917.8,123318.2829
308.5,Agni_Class,MIDCOURSE,1943718.705,1943.7187,527316.0565,527.3161,5547.8043,19972.0954,5547.8043,1814.1523,5242.8031,-0.0,-9.8066,9.8066,inf,2.0,0.0,0.0,0.0,0.0,0.0,8000.0,123112529409.23,123112.5294
309.0,Agni_Class,MIDCOURSE,1946337.6549,1946.3377,528223.1326,528.2231,5543.1708,19955.4147,5543.1708,1814.1523,5237.8997,-0.0,-9.8066,9.8066,inf,2.0,0.0,0.0,0.0,0.0,0.0,8000.0,122906968241.43,122906.9682
309.5,Agni_Class,MIDCOURSE,1948954.1531,1948.9542,529130.2087,529.1302,5538.5377,19938.7357,5538.5377,1814.1523,5232.9964,-0.0,-9.8066,9.8066,inf,2.0,0.0,0.0,0.0,0.0,0.0,8000.0,122701599414.4,122701.5994
310.0,Agni_Class,MIDCOURSE,1951568.1996,1951.5682,530037.2849,530.0373,5533.9051,19922.0584,5533.9051,1814.1523,5228.0931,-0.0,-9.8066,9.8066,inf,2.0,0.0,0.0,0.0,0.0,0.0,8000.0,122496422928.14,122496.4229
310.5,Agni_Class,MIDCOURSE,1954179.7945,1954.1798,530944.361,530.9444,5529.273,19905.3827,5529.273,1814.1523,5223.1898,-0.0,-9.8066,9.8066,inf,2.0,0.0,0.0,0.0,0.0,0.0,8000.0,122291438782.65,122291.4388
311.0,Agni_Class,MIDCOURSE,1956788.9377,1956.7889,531851.4372,531.8514,5524.6413,19888.7088,5524.6413,1814.1523,5218.2864,-0.0,-9.8066,9.8066,inf,2.0,0.0,0.0,0.0,0.0,0.0,8000.0,122086646977.93,122086.647
311.5,Agni_Class,MIDCOURSE,1959395.6292,1959.3956,532758.5133,532.7585,5520.0101,19872.0365,5520.0101,1814.1523,5213.3831,-0.0,-9.8066,9.8066,inf,2.0,0.0,0.0,0.0,0.0,0.0,8000.0,121882047513.97,121882.0475
312.0,Agni_Class,MIDCOURSE,1961999.8691,1961.9999,533665.5895,533.6656,5515.3794,19855.3659,5515.3794,1814.1523,5208.4798,-0.0,-9.8066,9.8066,inf,2.0,0.0,0.0,0.0,0.0,0.0,8000.0,121677640390.78,121677.6404
312.5,Agni_Class,MIDCOURSE,1964601.6573,1964.6017,534572.6656,534.5727,5510.7492,19838.697,5510.7492,1814.1523,5203.5765,-0.0,-9.8066,9.8066,inf,2.0,0.0,0.0,0.0,0.0,0.0,8000.0,121473425608.36,121473.4256
313.0,Agni_Class,MIDCOURSE,1967200.9939,1967.201,535479.7417,535.4797,5506.1194,19822.0298,5506.1194,1814.1523,5198.6731,-0.0,-9.8066,9.8066,inf,2.0,0.0,0.0,0.0,0.0,0.0,8000.0,121269403166.71,121269.4032
313.5,Agni_Class,MIDCOURSE,1969797.8788,1969.7979,536386.8179,536.3868,5501.4901,19805.3643,5501.4901,1814.1523,5193.7698,-0.0,-9.8066,9.8066,inf,2.0,0.0,0.0,0.0,0.0,0.0,8000.0,121065573065.83,121065.5731
314.0,Agni_Class,MIDCOURSE,1972392.312,1972.3923,537293.894,537.2939,5496.8613,19788.7006,5496.8613,1814.1523,5188.8665,-0.0,-9.8066,9.8066,inf,2.0,0.0,0.0,0.0,0.0,0.0,8000.0,120861935305.72,120861.9353
314.5,Agni_Class,MIDCOURSE,1974984.2936,1974.9843,538200.9702,538.201,5492.2329,19772.0385,5492.2329,1814.1523,5183.9632,-0.0,-9.8066,9.8066,inf,2.0,0.0,0.0,0.0,0.0,0.0,8000.0,120658489886.37,120658.4899
315.0,Agni_Class,MIDCOURSE,1977573.8235,1977.5738,539108.0463,539.108,5487.6051,19755.3782,5487.6051,1814.1523,5179.0598,-0.0,-9.8066,9.8066,inf,2.0,0.0,0.0,0.0,0.0,0.0,8000.0,120455236807.8,120455.2368
315.5,Agni_Class,MIDCOURSE,1980160.9018,1980.1609,540015.1225,540.0151,5482.9777,19738.7196,5482.9777,1814.1523,5174.1565,-0.0,-9.8066,9.8066,inf,2.0,0.0,0.0,0.0,0.0,0.0,8000.0,120252176069.99,120252.1761
316.0,Agni_Class,MIDCOURSE,1982745.5284,1982.7455,540922.1986,540.9222,5478.3507,19722.0627,5478.3507,1814.1523,5169.2532,-0.0,-9.8066,9.8066,inf,2.0,0.0,0.0,0.0,0.0,0.0,8000.0,120049307672.95,120049.3077
316.5,Agni_Class,MIDCOURSE,1985327.7033,1985.3277,541829.2747,541.8293,5473.7243,19705.4075,5473.7243,1814.1523,5164.3499,-0.0,-9.8066,9.8066,inf,2.0,0.0,0.0,0.0,0.0,0.0,8000.0,119846631616.68,119846.6316
317.0,Agni_Class,MIDCOURSE,1987907.4266,1987.9074,542736.3509,542.7364,5469.0984,19688.7541,5469.0984,1814.1523,5159.4465,-0.0,-9.8066,9.8066,inf,2.0,0.0,0.0,0.0,0.0,0.0,8000.0,119644147901.18,119644.1479
317.5,Agni_Class,MIDCOURSE,1990484.6982,1990.4847,543643.427,543.6434,5464.4729,19672.1025,5464.4729,1814.1523,5154.5432,-0.0,-9.8066,9.8066,inf,2.0,0.0,0.0,0.0,0.0,0.0,8000.0,119441856526.44,119441.8565
318.0,Agni_Class,MIDCOURSE,1993059.5181,1993.0595,544550.5032,544.5505,5459.8479,19655.4525,5459.8479,1814.1523,5149.6399,-0.0,-9.8066,9.8066,inf,2.0,0.0,0.0,0.0,0.0,0.0,8000.0,119239757492.48,119239.7575
318.5,Agni_Class,MIDCOURSE,1995631.8864,1995.6319,545457.5793,545.4576,5455.2234,19638.8044,5455.2234,1814.1523,5144.7366,-0.0,-9.8066,9.8066,inf,2.0,0.0,0.0,0.0,0.0,0.0,8000.0,119037850799.28,119037.8508
319.0,Agni_Class,MIDCOURSE,1998201.803,1998.2018,546364.6555,546.3647,5450.5994,19622.1579,5450.5994,1814.1523,5139.8332,-0.0,-9.8066,9.8066,inf,2.0,0.0,0.0,0.0,0.0,0.0,8000.0,118836136446.85,118836.1364
319.5,Agni_Class,MIDCOURSE,2000769.2679,2000.7693,547271.7316,547.2717,5445.9759,19605.5133,5445.9759,1814.1523,5134.9299,-0.0,-9.8066,9.8066,inf,2.0,0.0,0.0,0.0,0.0,0.0,8000.0,118634614435.19,118634.6144
320.0,Agni_Class,MIDCOURSE,2003334.2812,2003.3343,548178.8077,548.1788,5441.3529,19588.8704,5441.3529,1814.1523,5130.0266,-0.0,-9.8066,9.8066,inf,2.0,0.0,0.0,0.0,0.0,0.0,8000.0,118433284764.3,118433.2848
320.5,Agni_Class,MIDCOURSE,2005896.8429,2005.8968,549085.8839,549.0859,5436.7303,19572.2292,5436.7303,1814.1523,5125.1233,-0.0,-9.8066,9.8066,inf,2.0,0.0,0.0,0.0,0.0,0.0,8000.0,118232147434.17,118232.1474
321.0,Agni_Class,MIDCOURSE,2008456.9528,2008.457,549992.96,549.993,5432.1083,19555.5899,5432.1083,1814.1523,5120.2199,-0.0,-9.8066,9.8066,inf,2.0,0.0,0.0,0.0,0.0,0.0,8000.0,118031202444.82,118031.2024
321.5,Agni_Class,MIDCOURSE,2011014.6111,2011.0146,550900.0362,550.9,5427.4868,19538.9523,5427.4868,1814.1523,5115.3166,-0.0,-9.8066,9.8066,inf,2.0,0.0,0.0,0.0,0.0,0.0,8000.0,117830449796.23,117830.4498
322.0,Agni_Class,MIDCOURSE,2013569.8178,2013.5698,551807.1123,551.8071,5422.8657,19522.3165,5422.8657,1814.1523,5110.4133,-0.0,-9.8066,9.8066,inf,2.0,0.0,0.0,0.0,0.0,0.0,8000.0,117629889488.41,117629.8895
322.5,Agni_Class,MIDCOURSE,2016122.5727,2016.1226,552714.1885,552.7142,5418.2451,19505.6825,5418.2451,1814.1523,5105.51,-0.0,-9.8066,9.8066,inf,2.0,0.0,0.0,0.0,0.0,0.0,8000.0,117429521521.36,117429.5215
323.0,Agni_Class,MIDCOURSE,2018672.8761,2018.6729,553621.2646,553.6213,5413.6251,19489.0503,5413.6251,1814.1523,5100.6066,-0.0,-9.8066,9.8066,inf,2.0,0.0,0.0,0.0,0.0,0.0,8000.0,117229345895.08,117229.3459
323.5,Agni_Class,MIDCOURSE,2021220.7277,2021.2207,554528.3407,554.5283,5409.0055,19472.4199,5409.0055,1814.1523,5095.7033,-0.0,-9.8066,9.8066,inf,2.0,0.0,0.0,0.0,0.0,0.0,8000.0,117029362609.57,117029.3626
324.0,Agni_Class,MIDCOURSE,2023766.1277,2023.7661,555435.4169,555.4354,5404.3865,19455.7912,5404.3865,1814.1523,5090.8,-0.0,-9.8066,9.8066,inf,2.0,0.0,0.0,0.0,0.0,0.0,8000.0,116829571664.83,116829.5717
324.5,Agni_Class,MIDCOURSE,2026309.076,2026.3091,556342.493,556.3425,5399.7679,19439.1644,5399.7679,1814.1523,5085.8967,-0.0,-9.8066,9.8066,inf,2.0,0.0,0.0,0.0,0.0,0.0,8000.0,116629973060.85,116629.9731
325.0,Agni_Class,MIDCOURSE,2028849.5727,2028.8496,557249.5692,557.2496,5395.1498,19422.5394,5395.1498,1814.1523,5080.9933,-0.0,-9.8066,9.8066,inf,2.0,0.0,0.0,0.0,0.0,0.0,8000.0,116430566797.64,116430.5668
325.5,Agni_Class,MIDCOURSE,2031387.6177,2031.3876,558156.6453,558.1566,5390.5323,19405.9162,5390.5323,1814.1523,5076.09,-0.0,-9.8066,9.8066,inf,2.0,0.0,0.0,0.0,0.0,0.0,8000.0,116231352875.2,116231.3529
326.0,Agni_Class,MIDCOURSE,2033923.211,2033.9232,559063.7215,559.0637,5385.9152,19389.2948,5385.9152,1814.1523,5071.1867,-0.0,-9.8066,9.8066,inf,2.0,0.0,0.0,0.0,0.0,0.0,8000.0,116032331293.53,116032.3313
326.5,Agni_Class,MIDCOURSE,2036456.3527,2036.4564,559970.7976,559.9708,5381.2987,19372.6753,5381.2987,1814.1523,5066.2834,-0.0,-9.8066,9.8066,inf,2.0,0.0,0.0,0.0,0.0,0.0,8000.0,115833502052.63,115833.5021
327.0,Agni_Class,MIDCOURSE,2038987.0427,2038.987,560877.8737,560.8779,5376.6826,19356.0575,5376.6826,1814.1523,5061.38,-0.0,-9.8066,9.8066,inf,2.0,0.0,0.0,0.0,0.0,0.0,8000.0,115634865152.5,115634.8652
327.5,Agni_Class,MIDCOURSE,2041515.2811,2041.5153,561784.9499,561.7849,5372.0671,19339.4416,5372.0671,1814.1523,5056.4767,-0.0,-9.8066,9.8066,inf,2.0,0.0,0.0,0.0,0.0,0.0,8000.0,115436420593.13,115436.4206
328.0,Agni_Class,MIDCOURSE,2044041.0677,2044.0411,562692.026,562.692,5367.4521,19322.8276,5367.4521,1814.1523,5051.5734,-0.0,-9.8066,9.8066,inf,2.0,0.0,0.0,0.0,0.0,0.0,8000.0,115238168374.53,115238.1684
328.5,Agni_Class,MIDCOURSE,2046564.4028,2046.5644,563599.1022,563.5991,5362.8376,19306.2154,5362.8376,1814.1523,5046.6701,-0.0,-9.8066,9.8066,inf,2.0,0.0,0.0,0.0,0.0,0.0,8000.0,115040108496.7,115040.1085
329.0,Agni_Class,MIDCOURSE,2049085.2861,2049.0853,564506.1783,564.5062,5358.2236,19289.605,5358.2236,1814.1523,5041.7667,-0.0,-9.8066,9.8066,inf,2.0,0.0,0.0,0.0,0.0,0.0,8000.0,114842240959.64,114842.241
329.5,Agni_Class,MIDCOURSE,2051603.7178,2051.6037,565413.2545,565.4133,5353.6101,19272.9965,5353.6101,1814.1523,5036.8634,-0.0,-9.8066,9.8066,inf,2.0,0.0,0.0,0.0,0.0,0.0,8000.0,114644565763.35,114644.5658
330.0,Agni_Class,MIDCOURSE,2054119.6979,2054.1197,566320.3306,566.3203,5348.9972,19256.3898,5348.9972,1814.1523,5031.9601,-0.0,-9.8066,9.8066,inf,2.0,0.0,0.0,0.0,0.0,0.0,8000.0,114447082907.83,114447.0829
330.5,Agni_Class,MIDCOURSE,2056633.2262,2056.6332,567227.4067,567.2274,5344.3847,19239.785,5344.3847,1814.1523,5027.0568,-0.0,-9.8066,9.8066,inf,2.0,0.0,0.0,0.0,0.0,0.0,8000.0,114249792393.08,114249.7924
331.0,Agni_Class,MIDCOURSE,2059144.303,2059.1443,568134.4829,568.1345,5339.7728,19223.1821,5339.7728,1814.1523,5022.1534,-0.0,-9.8066,9.8066,inf,2.0,0.0,0.0,0.0,0.0,0.0,8000.0,114052694219.09,114052.6942
331.5,Agni_Class,MIDCOURSE,2061652.928,2061.6529,569041.559,569.0416,5335.1614,19206.581,5335.1614,1814.1523,5017.2501,-0.0,-9.8066,9.8066,inf,2.0,0.0,0.0,0.0,0.0,0.0,8000.0,113855788385.87,113855.7884
332.0,Agni_Class,MIDCOURSE,2064159.1014,2064.1591,569948.6352,569.9486,5330.5505,19189.9818,5330.5505,1814.1523,5012.3468,-0.0,-9.8066,9.8066,inf,2.0,0.0,0.0,0.0,0.0,0.0,8000.0,113659074893.42,113659.0749
332.5,Agni_Class,MIDCOURSE,2066662.8231,2066.6628,570855.7113,570.8557,5325.9401,19173.3845,5325.9401,1814.1523,5007.4435,-0.0,-9.8066,9.8066,inf,2.0,0.0,0.0,0.0,0.0,0.0,8000.0,113462553741.74,113462.5537
333.0,Agni_Class,MIDCOURSE,2069164.0932,2069.1641,571762.7875,571.7628,5321.3303,19156.7891,5321.3303,1814.1523,5002.5401,-0.0,-9.8066,9.8066,inf,2.0,0.0,0.0,0.0,0.0,0.0,8000.0,113266224930.83,113266.2249
333.5,Agni_Class,MIDCOURSE,2071662.9116,2071.6629,572669.8636,572.6699,5316.721,19140.1956,5316.721,1814.1523,4997.6368,-0.0,-9.8066,9.8066,inf,2.0,0.0,0.0,0.0,0.0,0.0,8000.0,113070088460.68,113070.0885
334.0,Agni_Class,MIDCOURSE,2074159.2783,2074.1593,573576.9397,573.5769,5312.1122,19123.6039,5312.1122,1814.1523,4992.7335,-0.0,-9.8066,9.8066,inf,2.0,0.0,0.0,0.0,0.0,0.0,8000.0,112874144331.31,112874.1443
334.5,Agni_Class,MIDCOURSE,2076653.1934,2076.6532,574484.0159,574.484,5307.5039,19107.0142,5307.5039,1814.1523,4987.8302,-0.0,-9.8066,9.8066,inf,2.0,0.0,0.0,0.0,0.0,0.0,8000.0,112678392542.7,112678.3925
335.0,Agni_Class,MIDCOURSE,2079144.6568,2079.1447,575391.092,575.3911,5302.8962,19090.4264,5302.8962,1814.1523,4982.9268,-0.0,-9.8066,9.8066,inf,2.0,0.0,0.0,0.0,0.0,0.0,8000.0,112482833094.86,112482.8331
335.5,Agni_Class,MIDCOURSE,2081633.6686,2081.6337,576298.1682,576.2982,5298.289,19073.8405,5298.289,1814.1523,4978.0235,-0.0,-9.8066,9.8066,inf,2.0,0.0,0.0,0.0,0.0,0.0,8000.0,112287465987.79,112287.466
336.0,Agni_Class,MIDCOURSE,2084120.2287,2084.1202,577205.2443,577.2052,5293.6823,19057.2565,5293.6823,1814.1523,4973.1202,-0.0,-9.8066,9.8066,inf,2.0,0.0,0.0,0.0,0.0,0.0,8000.0,112092291221.49,112092.2912
336.5,Agni_Class,MIDCOURSE,2086604.3371,2086.6043,578112.3205,578.1123,5289.0762,19040.6744,5289.0762,1814.1523,4968.2169,-0.0,-9.8066,9.8066,inf,2.0,0.0,0.0,0.0,0.0,0.0,8000.0,111897308795.96,111897.3088
337.0,Agni_Class,MIDCOURSE,2089085.9938,2089.086,579019.3966,579.0194,5284.4706,19024.0942,5284.4706,1814.1523,4963.3135,-0.0,-9.8066,9.8066,inf,2.0,0.0,0.0,0.0,0.0,0.0,8000.0,111702518711.19,111702.5187
337.5,Agni_Class,MIDCOURSE,2091565.1989,2091.5652,579926.4727,579.9265,5279.8656,19007.516,5279.8656,1814.1523,4958.4102,-0.0,-9.8066,9.8066,inf,2.0,0.0,0.0,0.0,0.0,0.0,8000.0,111507920967.2,111507.921
338.0,Agni_Class,MIDCOURSE,2094041.9524,2094.042,580833.5489,580.8335,5275.261,18990.9397,5275.261,1814.1523,4953.5069,-0.0,-9.8066,9.8066,inf,2.0,0.0,0.0,0.0,0.0,0.0,8000.0,111313515563.97,111313.5156
338.5,Agni_Class,MIDCOURSE,2096516.2542,2096.5163,581740.625,581.7406,5270.657,18974.3653,5270.657,1814.1523,4948.6036,-0.0,-9.8066,9.8066,inf,2.0,0.0,0.0,0.0,0.0,0.0,8000.0,111119302501.51,111119.3025
339.0,Agni_Class,MIDCOURSE,2098988.1043,2098.9881,582647.7012,582.6477,5266.0536,18957.7929,5266.0536,1814.1523,4943.7002,-0.0,-9.8066,9.8066,inf,2.0,0.0,0.0,0.0,0.0,0.0,8000.0,110925281779.82,110925.2818
339.5,Agni_Class,MIDCOURSE,2101457.5027,2101.4575,583554.7773,583.5548,5261.4507,18941.2225,5261.4507,1814.1523,4938.7969,-0.0,-9.8066,9.8066,inf,2.0,0.0,0.0,0.0,0.0,0.0,8000.0,110731453398.9,110731.4534
340.0,Agni_Class,MIDCOURSE,2103924.4495,2103.9244,584461.8535,584.4619,5256.8483,18924.654,5256.8483,1814.1523,4933.8936,-0.0,-9.8066,9.8066,inf,2.0,0.0,0.0,0.0,0.0,0.0,8000.0,110537817358.74,110537.8174
340.5,Agni_Class,MIDCOURSE,2106388.9446,2106.3889,585368.9296,585.3689,5252.2465,18908.0874,5252.2465,1814.1523,4928.9903,-0.0,-9.8066,9.8066,inf,2.0,0.0,0.0,0.0,0.0,0.0,8000.0,110344373659.36,110344.3737
341.0,Agni_Class,MIDCOURSE,2108850.9881,2108.851,586276.0057,586.276,5247.6452,18891.5229,5247.6452,1814.1523,4924.0869,-0.0,-9.8066,9.8066,inf,2.0,0.0,0.0,0.0,0.0,0.0,8000.0,110151122300.74,110151.1223
341.5,Agni_Class,MIDCOURSE,2111310.5799,2111.3106,587183.0819,587.1831,5243.0445,18874.9603,5243.0445,1814.1523,4919.1836,-0.0,-9.8066,9.8066,inf,2.0,0.0,0.0,0.0,0.0,0.0,8000.0,109958063282.89,109958.0633
342.0,Agni_Class,MIDCOURSE,2113767.72,2113.7677,588090.158,588.0902,5238.4443,18858.3996,5238.4443,1814.1523,4914.2803,-0.0,-9.8066,9.8066,inf,2.0,0.0,0.0,0.0,0.0,0.0,8000.0,109765196605.81,109765.1966
342.5,Agni_Class,MIDCOURSE,2116222.4085,2116.2224,588997.2342,588.9972,5233.8447,18841.841,5233.8447,1814.1523,4909.377,-0.0,-9.8066,9.8066,inf,2.0,0.0,0.0,0.0,0.0,0.0,8000.0,109572522269.5,109572.5223
343.0,Agni_Class,MIDCOURSE,2118674.6453,2118.6746,589904.3103,589.9043,5229.2457,18825.2843,5229.2457,1814.1523,4904.4736,-0.0,-9.8066,9.8066,inf,2.0,0.0,0.0,0.0,0.0,0.0,8000.0,109380040273.95,109380.0403
343.5,Agni_Class,MIDCOURSE,2121124.4305,2121.1244,590811.3864,590.8114,5224.6471,18808.7297,5224.6471,1814.1523,4899.5703,-0.0,-9.8066,9.8066,inf,2.0,0.0,0.0,0.0,0.0,0.0,8000.0,109187750619.18,109187.7506
344.0,Agni_Class,MIDCOURSE,2123571.764,2123.5718,591718.4626,591.7185,5220.0492,18792.177,5220.0492,1814.1523,4894.667,-0.0,-9.8066,9.8066,inf,2.0,0.0,0.0,0.0,0.0,0.0,8000.0,108995653305.17,108995.6533
344.5,Agni_Class,MIDCOURSE,2126016.6458,2126.0166,592625.5387,592.6255,5215.4518,18775.6263,5215.4518,1814.1523,4889.7637,-0.0,-9.8066,9.8066,inf,2.0,0.0,0.0,0.0,0.0,0.0,8000.0,108803748331.93,108803.7483
345.0,Agni_Class,MIDCOURSE,2128459.076,2128.4591,593532.6149,593.5326,5210.8549,18759.0777,5210.8549,1814.1523,4884.8603,-0.0,-9.8066,9.8066,inf,2.0,0.0,0.0,0.0,0.0,0.0,8000.0,108612035699.46,108612.0357
345.5,Agni_Class,MIDCOURSE,2130899.0545,2130.8991,594439.691,594.4397,5206.2586,18742.531,5206.2586,1814.1523,4879.957,-0.0,-9.8066,9.8066,inf,2.0,0.0,0.0,0.0,0.0,0.0,8000.0,108420515407.76,108420.5154
346.0,Agni_Class,MIDCOURSE,2133336.5813,2133.3366,595346.7672,595.3468,5201.6629,18725.9864,5201.6629,1814.1523,4875.0537,-0.0,-9.8066,9.8066,inf,2.0,0.0,0.0,0.0,0.0,0.0,8000.0,108229187456.83,108229.1875
346.5,Agni_Class,MIDCOURSE,2135771.6565,2135.7717,596253.8433,596.2538,5197.0677,18709.4438,5197.0677,1814.1523,4870.1504,-0.0,-9.8066,9.8066,inf,2.0,0.0,0.0,0.0,0.0,0.0,8000.0,108038051846.66,108038.0518
347.0,Agni_Class,MIDCOURSE,2138204.28,2138.2043,597160.9194,597.1609,5192.4731,18692.9032,5192.4731,1814.1523,4865.247,-0.0,-9.8066,9.8066,inf,2.0,0.0,0.0,0.0,0.0,0.0,8000.0,107847108577.27,107847.1086
347.5,Agni_Class,MIDCOURSE,2140634.4518,2140.6345,598067.9956,598.068,5187.8791,18676.3647,5187.8791,1814.1523,4860.3437,-0.0,-9.8066,9.8066,inf,2.0,0.0,0.0,0.0,0.0,0.0,8000.0,107656357648.64,107656.3576
348.0,Agni_Class,MIDCOURSE,2143062.172,2143.0622,598975.0717,598.9751,5183.2856,18659.8282,5183.2856,1814.1523,4855.4404,-0.0,-9.8066,9.8066,inf,2.0,0.0,0.0,0.0,0.0,0.0,8000.0,107465799060.78,107465.7991
348.5,Agni_Class,MIDCOURSE,2145487.4406,2145.4874,599882.1479,599.8821,5178.6927,18643.2938,5178.6927,1814.1523,4850.5371,-0.0,-9.8066,9.8066,inf,2.0,0.0,0.0,0.0,0.0,0.0,8000.0,107275432813.69,107275.4328
349.0,Agni_Class,MIDCOURSE,2147910.2574,2147.9103,600789.224,600.7892,5174.1004,18626.7614,5174.1004,1814.1523,4845.6337,-0.0,-9.8066,9.8066,inf,2.0,0.0,0.0,0.0,0.0,0.0,8000.0,107085258907.37,107085.2589
349.5,Agni_Class,MIDCOURSE,2150330.6226,2150.3306,601696.3002,601.6963,5169.5086,18610.231,5169.5086,1814.1523,4840.7304,-0.0,-9.8066,9.8066,inf,2.0,0.0,0.0,0.0,0.0,0.0,8000.0,106895277341.82,106895.2773
350.0,Agni_Class,MIDCOURSE,2152748.5362,2152.7485,602603.3763,602.6034,5164.9174,18593.7027,5164.9174,1814.1523,4835.8271,-0.0,-9.8066,9.8066,inf,2.0,0.0,0.0,0.0,0.0,0.0,8000.0,106705488117.03,106705.4881
350.5,Agni_Class,MIDCOURSE,2155163.998,2155.164,603510.4524,603.5105,5160.3268,18577.1765,5160.3268,1814.1523,4830.9238,-0.0,-9.8066,9.8066,inf,2.0,0.0,0.0,0.0,0.0,0.0,8000.0,106515891233.01,106515.8912
351.0,Agni_Class,MIDCOURSE,2157577.0082,2157.577,604417.5286,604.4175,5155.7368,18560.6524,5155.7368,1814.1523,4826.0204,-0.0,-9.8066,9.8066,inf,2.0,0.0,0.0,0.0,0.0,0.0,8000.0,106326486689.76,106326.4867
351.5,Agni_Class,MIDCOURSE,2159987.5668,2159.9876,605324.6047,605.3246,5151.1473,18544.1303,5151.1473,1814.1523,4821.1171,-0.0,-9.8066,9.8066,inf,2.0,0.0,0.0,0.0,0.0,0.0,8000.0,106137274487.28,106137.2745
352.0,Agni_Class,MIDCOURSE,2162395.6737,2162.3957,606231.6809,606.2317,5146.5584,18527.6103,5146.5584,1814.1523,4816.2138,-0.0,-9.8066,9.8066,inf,2.0,0.0,0.0,0.0,0.0,0.0,8000.0,105948254625.57,105948.2546
352.5,Agni_Class,MIDCOURSE,2164801.3289,2164.8013,607138.757,607.1388,5141.9701,18511.0925,5141.9701,1814.1523,4811.3105,-0.0,-9.8066,9.8066,inf,2.0,0.0,0.0,0.0,0.0,0.0,8000.0,105759427104.63,105759.4271
353.0,Agni_Class,MIDCOURSE,2167204.5325,2167.2045,608045.8332,608.0458,5137.3824,18494.5767,5137.3824,1814.1523,4806.4071,-0.0,-9.8066,9.8066,inf,2.0,0.0,0.0,0.0,0.0,0.0,8000.0,105570791924.46,105570.7919
353.5,Agni_Class,MIDCOURSE,2169605.2844,2169.6053,608952.9093,608.9529,5132.7953,18478.063,5132.7953,1814.1523,4801.5038,-0.0,-9.8066,9.8066,inf,2.0,0.0,0.0,0.0,0.0,0.0,8000.0,105382349085.05,105382.3491
354.0,Agni_Class,MIDCOURSE,2172003.5846,2172.0036,609859.9854,609.86,5128.2087,18461.5514,5128.2087,1814.1523,4796.6005,-0.0,-9.8066,9.8066,inf,2.0,0.0,0.0,0.0,0.0,0.0,8000.0,105194098586.41,105194.0986
354.5,Agni_Class,MIDCOURSE,2174399.4332,2174.3994,610767.0616,610.7671,5123.6228,18445.0419,5123.6228,1814.1523,4791.6972,-0.0,-9.8066,9.8066,inf,2.0,0.0,0.0,0.0,0.0,0.0,8000.0,105006040428.54,105006.0404
355.0,Agni_Class,MIDCOURSE,2176792.8301,2176.7928,611674.1377,611.6741,5119.0374,18428.5346,5119.0374,1814.1523,4786.7938,-0.0,-9.8066,9.8066,inf,2.0,0.0,0.0,0.0,0.0,0.0,8000.0,104818174611.44,104818.1746
355.5,Agni_Class,MIDCOURSE,2179183.7754,2179.1838,612581.2139,612.5812,5114.4526,18412.0293,5114.4526,1814.1523,4781.8905,-0.0,-9.8066,9.8066,inf,2.0,0.0,0.0,0.0,0.0,0.0,8000.0,104630501135.11,104630.5011
356.0,Agni_Class,MIDCOURSE,2181572.2689,2181.5723,613488.29,613.4883,5109.8684,18395.5262,5109.8684,1814.1523,4776.9872,-0.0,-9.8066,9.8066,inf,2.0,0.0,0.0,0.0,0.0,0.0,8000.0,104443019999.54,104443.02
356.5,Agni_Class,MIDCOURSE,2183958.3109,2183.9583,614395.3662,614.3954,5105.2848,18379.0252,5105.2848,1814.1523,4772.0839,-0.0,-9.8066,9.8066,inf,2.0,0.0,0.0,0.0,0.0,0.0,8000.0,104255731204.75,104255.7312
357.0,Agni_Class,MIDCOURSE,2186341.9011,2186.3419,615302.4423,615.3024,5100.7018,18362.5264,5100.7018,1814.1523,4767.1805,-0.0,-9.8066,9.8066,inf,2.0,0.0,0.0,0.0,0.0,0.0,8000.0,104068634750.72,104068.6348
357.5,Agni_Class,MIDCOURSE,2188723.0397,2188.723,616209.5184,616.2095,5096.1194,18346.0297,5096.1194,1814.1523,4762.2772,-0.0,-9.8066,9.8066,inf,2.0,0.0,0.0,0.0,0.0,0.0,8000.0,103881730637.46,103881.7306
358.0,Agni_Class,MIDCOURSE,2191101.7267,2191.1017,617116.5946,617.1166,5091.5376,18329.5352,5091.5376,1814.1523,4757.3739,-0.0,-9.8066,9.8066,inf,2.0,0.0,0.0,0.0,0.0,0.0,8000.0,103695018864.97,103695.0189
358.5,Agni_Class,MIDCOURSE,2193477.9619,2193.478,618023.6707,618.0237,5086.9563,18313.0428,5086.9563,1814.1523,4752.4706,-0.0,-9.8066,9.8066,inf,2.0,0.0,0.0,0.0,0.0,0.0,8000.0,103508499433.25,103508.4994
359.0,Agni_Class,MIDCOURSE,2195851.7456,2195.8517,618930.7469,618.9307,5082.3757,18296.5526,5082.3757,1814.1523,4747.5672,-0.0,-9.8066,9.8066,inf,2.0,0.0,0.0,0.0,0.0,0.0,8000.0,103322172342.3,103322.1723
359.5,Agni_Class,MIDCOURSE,2198223.0775,2198.2231,619837.823,619.8378,5077.7957,18280.0646,5077.7957,1814.1523,4742.6639,-0.0,-9.8066,9.8066,inf,2.0,0.0,0.0,0.0,0.0,0.0,8000.0,103136037592.11,103136.0376
360.0,Agni_Class,MIDCOURSE,2200591.9578,2200.592,620744.8992,620.7449,5073.2163,18263.5787,5073.2163,1814.1523,4737.7606,-0.0,-9.8066,9.8066,inf,2.0,0.0,0.0,0.0,0.0,0.0,8000.0,102950095182.7,102950.0952
360.5,Agni_Class,MIDCOURSE,2202958.3864,2202.9584,621651.9753,621.652,5068.6375,18247.0951,5068.6375,1814.1523,4732.8573,-0.0,-9.8066,9.8066,inf,2.0,0.0,0.0,0.0,0.0,0.0,8000.0,102764345114.05,102764.3451
361.0,Agni_Class,MIDCOURSE,2205322.3634,2205.3224,622559.0514,622.5591,5064.0593,18230.6136,5064.0593,1814.1523,4727.9539,-0.0,-9.8066,9.8066,inf,2.0,0.0,0.0,0.0,0.0,0.0,8000.0,102578787386.17,102578.7874
361.5,Agni_Class,MIDCOURSE,2207683.8887,2207.6839,623466.1276,623.4661,5059.4817,18214.1343,5059.4817,1814.1523,4723.0506,-0.0,-9.8066,9.8066,inf,2.0,0.0,0.0,0.0,0.0,0.0,8000.0,102393421999.06,102393.422
362.0,Agni_Class,MIDCOURSE,2210042.9623,2210.043,624373.2037,624.3732,5054.9048,18197.6572,5054.9048,1814.1523,4718.1473,-0.0,-9.8066,9.8066,inf,2.0,0.0,0.0,0.0,0.0,0.0,8000.0,102208248952.72,102208.249
362.5,Agni_Class,MIDCOURSE,2212399.5843,2212.3996,625280.2799,625.2803,5050.3284,18181.1823,5050.3284,1814.1523,4713.244,-0.0,-9.8066,9.8066,inf,2.0,0.0,0.0,0.0,0.0,0.0,8000.0,102023268247.14,102023.2682
363.0,Agni_Class,MIDCOURSE,2214753.7546,2214.7538,626187.356,626.1874,5045.7527,18164.7096,5045.7527,1814.1523,4708.3406,-0.0,-9.8066,9.8066,inf,2.0,0.0,0.0,0.0,0.0,0.0,8000.0,101838479882.34,101838.4799
363.5,Agni_Class,MIDCOURSE,2217105.4733,2217.1055,627094.4322,627.0944,5041.1775,18148.2391,5041.1775,1814.1523,4703.4373,-0.0,-9.8066,9.8066,inf,2.0,0.0,0.0,0.0,0.0,0.0,8000.0,101653883858.3,101653.8839
364.0,Agni_Class,MIDCOURSE,2219454.7403,2219.4547,628001.5083,628.0015,5036.603,18131.7709,5036.603,1814.1523,4698.534,-0.0,-9.8066,9.8066,inf,2.0,0.0,0.0,0.0,0.0,0.0,8000.0,101469480175.03,101469.4802
364.5,Agni_Class,MIDCOURSE,2221801.5556,2221.8016,628908.5844,628.9086,5032.0291,18115.3049,5032.0291,1814.1523,4693.6307,-0.0,-9.8066,9.8066,inf,2.0,0.0,0.0,0.0,0.0,0.0,8000.0,101285268832.53,101285.2688
365.0,Agni_Class,MIDCOURSE,2224145.9192,2224.1459,629815.6606,629.8157,5027.4559,18098.8411,5027.4559,1814.1523,4688.7273,-0.0,-9.8066,9.8066,inf,2.0,0.0,0.0,0.0,0.0,0.0,8000.0,101101249830.8,101101.2498
365.5,Agni_Class,MIDCOURSE,2226487.8312,2226.4878,630722.7367,630.7227,5022.8832,18082.3796,5022.8832,1814.1523,4683.824,-0.0,-9.8066,9.8066,inf,2.0,0.0,0.0,0.0,0.0,0.0,8000.0,100917423169.83,100917.4232
366.0,Agni_Class,MIDCOURSE,2228827.2916,2228.8273,631629.8129,631.6298,5018.3112,18065.9203,5018.3112,1814.1523,4678.9207,-0.0,-9.8066,9.8066,inf,2.0,0.0,0.0,0.0,0.0,0.0,8000.0,100733788849.64,100733.7888
366.5,Agni_Class,MIDCOURSE,2231164.3003,2231.1643,632536.889,632.5369,5013.7398,18049.4633,5013.7398,1814.1523,4674.0174,-0.0,-9.8066,9.8066,inf,2.0,0.0,0.0,0.0,0.0,0.0,8000.0,100550346870.21,100550.3469
367.0,Agni_Class,MIDCOURSE,2233498.8573,2233.4989,633443.9652,633.444,5009.169,18033.0085,5009.169,1814.1523,4669.114,-0.0,-9.8066,9.8066,inf,2.0,0.0,0.0,0.0,0.0,0.0,8000.0,100367097231.55,100367.0972
367.5,Agni_Class,MIDCOURSE,2235830.9626,2235.831,634351.0413,634.351,5004.5989,18016.556,5004.5989,1814.1523,4664.2107,-0.0,-9.8066,9.8066,inf,2.0,0.0,0.0,0.0,0.0,0.0,8000.0,100184039933.66,100184.0399
368.0,Agni_Class,MIDCOURSE,2238160.6163,2238.1606,635258.1174,635.2581,5000.0294,18000.1057,5000.0294,1814.1523,4659.3074,-0.0,-9.8066,9.8066,inf,2.0,0.0,0.0,0.0,0.0,0.0,8000.0,100001174976.54,100001.175
368.5,Agni_Class,MIDCOURSE,2240487.8183,2240.4878,636165.1936,636.1652,4995.4605,17983.6578,4995.4605,1814.1523,4654.4041,-0.0,-9.8066,9.8066,inf,2.0,0.0,0.0,0.0,0.0,0.0,8000.0,99818502360.19,99818.5024
369.0,Agni_Class,MIDCOURSE,2242812.5687,2242.8126,637072.2697,637.0723,4990.8923,17967.2121,4990.8923,1814.1523,4649.5007,-0.0,-9.8066,9.8066,inf,2.0,0.0,0.0,0.0,0.0,0.0,8000.0,99636022084.61,99636.0221
369.5,Agni_Class,MIDCOURSE,2245134.8674,2245.1349,637979.3459,637.9793,4986.3247,17950.7687,4986.3247,1814.1523,4644.5974,-0.0,-9.8066,9.8066,inf,2.0,0.0,0.0,0.0,0.0,0.0,8000.0,99453734149.79,99453.7341
370.0,Agni_Class,MIDCOURSE,2247454.7144,2247.4547,638886.422,638.8864,4981.7577,17934.3277,4981.7577,1814.1523,4639.6941,-0.0,-9.8066,9.8066,inf,2.0,0.0,0.0,0.0,0.0,0.0,8000.0,99271638555.74,99271.6386
370.5,Agni_Class,MIDCOURSE,2249772.1098,2249.7721,639793.4982,639.7935,4977.1914,17917.8889,4977.1914,1814.1523,4634.7908,-0.0,-9.8066,9.8066,inf,2.0,0.0,0.0,0.0,0.0,0.0,8000.0,99089735302.46,99089.7353
371.0,Agni_Class,MIDCOURSE,2252087.0535,2252.0871,640700.5743,640.7006,4972.6257,17901.4524,4972.6257,1814.1523,4629.8874,-0.0,-9.8066,9.8066,inf,2.0,0.0,0.0,0.0,0.0,0.0,8000.0,98908024389.95,98908.0244
371.5,Agni_Class,MIDCOURSE,2254399.5456,2254.3995,641607.6504,641.6077,4968.0606,17885.0183,4968.0606,1814.1523,4624.9841,-0.0,-9.8066,9.8066,inf,2.0,0.0,0.0,0.0,0.0,0.0,8000.0,98726505818.21,98726.5058
372.0,Agni_Class,MIDCOURSE,2256709.586,2256.7096,642514.7266,642.5147,4963.4962,17868.5865,4963.4962,1814.1523,4620.0808,-0.0,-9.8066,9.8066,inf,2.0,0.0,0.0,0.0,0.0,0.0,8000.0,98545179587.24,98545.1796
372.5,Agni_Class,MIDCOURSE,2259017.1747,2259.0172,643421.8027,643.4218,4958.9325,17852.157,4958.9325,1814.1523,4615.1775,-0.0,-9.8066,9.8066,inf,2.0,0.0,0.0,0.0,0.0,0.0,8000.0,98364045697.03,98364.0457
373.0,Agni_Class,MIDCOURSE,2261322.3118,2261.3223,644328.8789,644.3289,4954.3694,17835.7298,4954.3694,1814.1523,4610.2741,-0.0,-9.8066,9.8066,inf,2.0,0.0,0.0,0.0,0.0,0.0,8000.0,98183104147.59,98183.1041
373.5,Agni_Class,MIDCOURSE,2263624.9972,2263.625,645235.955,645.236,4949.8069,17819.305,4949.8069,1814.1523,4605.3708,-0.0,-9.8066,9.8066,inf,2.0,0.0,0.0,0.0,0.0,0.0,8000.0,98002354938.93,98002.3549
374.0,Agni_Class,MIDCOURSE,2265925.2309,2265.9252,646143.0312,646.143,4945.2451,17802.8825,4945.2451,1814.1523,4600.4675,-0.0,-9.8066,9.8066,inf,2.0,0.0,0.0,0.0,0.0,0.0,8000.0,97821798071.03,97821.7981
374.5,Agni_Class,MIDCOURSE,2268223.013,2268.223,647050.1073,647.0501,4940.684,17786.4624,4940.684,1814.1523,4595.5642,-0.0,-9.8066,9.8066,inf,2.0,0.0,0.0,0.0,0.0,0.0,8000.0,97641433543.89,97641.4335
375.0,Agni_Class,MIDCOURSE,2270518.3434,2270.5183,647957.1834,647.9572,4936.1235,17770.0446,4936.1235,1814.1523,4590.6608,-0.0,-9.8066,9.8066,inf,2.0,0.0,0.0,0.0,0.0,0.0,8000.0,97461261357.53,97461.2614
375.5,Agni_Class,MIDCOURSE,2272811.2221,2272.8112,648864.2596,648.8643,4931.5637,17753.6293,4931.5637,1814.1523,4585.7575,-0.0,-9.8066,9.8066,inf,2.0,0.0,0.0,0.0,0.0,0.0,8000.0,97281281511.94,97281.2815
376.0,Agni_Class,MIDCOURSE,2275101.6492,2275.1016,649771.3357,649.7713,4927.0045,17737.2163,4927.0045,1814.1523,4580.8542,-0.0,-9.8066,9.8066,inf,2.0,0.0,0.0,0.0,0.0,0.0,8000.0,97101494007.11,97101.494
376.5,Agni_Class,MIDCOURSE,2277389.6246,2277.3896,650678.4119,650.6784,4922.446,17720.8056,4922.446,1814.1523,4575.9509,-0.0,-9.8066,9.8066,inf,2.0,0.0,0.0,0.0,0.0,0.0,8000.0,96921898843.05,96921.8988
377.0,Agni_Class,MIDCOURSE,2279675.1484,2279.6751,651585.488,651.5855,4917.8882,17704.3974,4917.8882,1814.1523,4571.0475,-0.0,-9.8066,9.8066,inf,2.0,0.0,0.0,0.0,0.0,0.0,8000.0,96742496019.76,96742.496
377.5,Agni_Class,MIDCOURSE,2281958.2205,2281.9582,652492.5642,652.4926,4913.331,17687.9916,4913.331,1814.1523,4566.1442,-0.0,-9.8066,9.8066,inf,2.0,0.0,0.0,0.0,0.0,0.0,8000.0,96563285537.24,96563.2855
378.0,Agni_Class,MIDCOURSE,2284238.8409,2284.2388,653399.6403,653.3996,4908.7745,17671.5881,4908.7745,1814.1523,4561.2409,-0.0,-9.8066,9.8066,inf,2.0,0.0,0.0,0.0,0.0,0.0,8000.0,96384267395.49,96384.2674
378.5,Agni_Class,MIDCOURSE,2286517.0097,2286.517,654306.7164,654.3067,4904.2186,17655.1871,4904.2186,1814.1523,4556.3376,-0.0,-9.8066,9.8066,inf,2.0,0.0,0.0,0.0,0.0,0.0,8000.0,96205441594.51,96205.4416
379.0,Agni_Class,MIDCOURSE,2288792.7268,2288.7927,655213.7926,655.2138,4899.6635,17638.7885,4899.6635,1814.1523,4551.4342,-0.0,-9.8066,9.8066,inf,2.0,0.0,0.0,0.0,0.0,0.0,8000.0,96026808134.29,96026.8081
379.5,Agni_Class,MIDCOURSE,2291065.9923,2291.066,656120.8687,656.1209,4895.109,17622.3923,4895.109,1814.1523,4546.5309,-0.0,-9.8066,9.8066,inf,2.0,0.0,0.0,0.0,0.0,0.0,8000.0,95848367014.84,95848.367
380.0,Agni_Class,MIDCOURSE,2293336.8061,2293.3368,657027.9449,657.0279,4890.5551,17605.9985,4890.5551,1814.1523,4541.6276,-0.0,-9.8066,9.8066,inf,2.0,0.0,0.0,0.0,0.0,0.0,8000.0,95670118236.16,95670.1182
380.5,Agni_Class,MIDCOURSE,2295605.1682,2295.6052,657935.021,657.935,4886.002,17589.6072,4886.002,1814.1523,4536.7243,-0.0,-9.8066,9.8066,inf,2.0,0.0,0.0,0.0,0.0,0.0,8000.0,95492061798.25,95492.0618
381.0,Agni_Class,MIDCOURSE,2297871.0787,2297.8711,658842.0972,658.8421,4881.4495,17573.2183,4881.4495,1814.1523,4531.8209,-0.0,-9.8066,9.8066,inf,2.0,0.0,0.0,0.0,0.0,0.0,8000.0,95314197701.11,95314.1977
381.5,Agni_Class,MIDCOURSE,2300134.5375,2300.1345,659749.1733,659.7492,4876.8977,17556.8318,4876.8977,1814.1523,4526.9176,-0.0,-9.8066,9.8066,inf,2.0,0.0,0.0,0.0,0.0,0.0,8000.0,95136525944.74,95136.5259
382.0,Agni_Class,MIDCOURSE,2302395.5446,2302.3955,660656.2494,660.6562,4872.3466,17540.4478,4872.3466,1814.1523,4522.0143,-0.0,-9.8066,9.8066,inf,2.0,0.0,0.0,0.0,0.0,0.0,8000.0,94959046529.13,94959.0465
382.5,Agni_Class,MIDCOURSE,2304654.1001,2304.6541,661563.3256,661.5633,4867.7962,17524.0663,4867.7962,1814.1523,4517.111,-0.0,-9.8066,9.8066,inf,2.0,0.0,0.0,0.0,0.0,0.0,8000.0,94781759454.3,94781.7595
383.0,Agni_Class,MIDCOURSE,2306910.2039,2306.9102,662470.4017,662.4704,4863.2465,17507.6873,4863.2465,1814.1523,4512.2076,-0.0,-9.8066,9.8066,inf,2.0,0.0,0.0,0.0,0.0,0.0,8000.0,94604664720.23,94604.6647
383.5,Agni_Class,MIDCOURSE,2309163.856,2309.1639,663377.4779,663.3775,4858.6974,17491.3107,4858.6974,1814.1523,4507.3043,-0.0,-9.8066,9.8066,inf,2.0,0.0,0.0,0.0,0.0,0.0,8000.0,94427762326.93,94427.7623
384.0,Agni_Class,MIDCOURSE,2311415.0565,2311.4151,664284.554,664.2846,4854.1491,17474.9366,4854.1491,1814.1523,4502.401,-0.0,-9.8066,9.8066,inf,2.0,0.0,0.0,0.0,0.0,0.0,8000.0,94251052274.4,94251.0523
384.5,Agni_Class,MIDCOURSE,2313663.8054,2313.6638,665191.6302,665.1916,4849.6014,17458.565,4849.6014,1814.1523,4497.4977,-0.0,-9.8066,9.8066,inf,2.0,0.0,0.0,0.0,0.0,0.0,8000.0,94074534562.64,94074.5346
385.0,Agni_Class,MIDCOURSE,2315910.1025,2315.9101,666098.7063,666.0987,4845.0544,17442.1959,4845.0544,1814.1523,4492.5943,-0.0,-9.8066,9.8066,inf,2.0,0.0,0.0,0.0,0.0,0.0,8000.0,93898209191.64,93898.2092
385.5,Agni_Class,MIDCOURSE,2318153.948,2318.1539,667005.7824,667.0058,4840.5081,17425.8293,4840.5081,1814.1523,4487.691,-0.0,-9.8066,9.8066,inf,2.0,0.0,0.0,0.0,0.0,0.0,8000.0,93722076161.42,93722.0762
386.0,Agni_Class,MIDCOURSE,2320395.3419,2320.3953,667912.8586,667.9129,4835.9626,17409.4652,4835.9626,1814.1523,4482.7877,-0.0,-9.8066,9.8066,inf,2.0,0.0,0.0,0.0,0.0,0.0,8000.0,93546135471.96,93546.1355
386.5,Agni_Class,MIDCOURSE,2322634.284,2322.6343,668819.9347,668.8199,4831.4177,17393.1036,4831.4177,1814.1523,4477.8844,-0.0,-9.8066,9.8066,inf,2.0,0.0,0.0,0.0,0.0,0.0,8000.0,93370387123.27,93370.3871
387.0,Agni_Class,MIDCOURSE,2324870.7746,2324.8708,669727.0109,669.727,4826.8735,17376.7446,4826.8735,1814.1523,4472.981,-0.0,-9.8066,9.8066,inf,2.0,0.0,0.0,0.0,0.0,0.0,8000.0,93194831115.35,93194.8311
387.5,Agni_Class,MIDCOURSE,2327104.8134,2327.1048,670634.087,670.6341,4822.33,17360.3881,4822.33,1814.1523,4468.0777,-0.0,-9.8066,9.8066,inf,2.0,0.0,0.0,0.0,0.0,0.0,8000.0,93019467448.2,93019.4674
388.0,Agni_Class,MIDCOURSE,2329336.4006,2329.3364,671541.1632,671.5412,4817.7873,17344.0341,4817.7873,1814.1523,4463.1744,-0.0,-9.8066,9.8066,inf,2.0,0.0,0.0,0.0,0.0,0.0,8000.0,92844296121.82,92844.2961
388.5,Agni_Class,MIDCOURSE,2331565.5361,2331.5655,672448.2393,672.4482,4813.2452,17327.6827,4813.2452,1814.1523,4458.2711,-0.0,-9.8066,9.8066,inf,2.0,0.0,0.0,0.0,0.0,0.0,8000.0,92669317136.2,92669.3171
389.0,Agni_Class,MIDCOURSE,2333792.22,2333.7922,673355.3154,673.3553,4808.7038,17311.3338,4808.7038,1814.1523,4453.3677,-0.0,-9.8066,9.8066,inf,2.0,0.0,0.0,0.0,0.0,0.0,8000.0,92494530491.35,92494.5305
389.5,Agni_Class,MIDCOURSE,2336016.4522,2336.0165,674262.3916,674.2624,4804.1632,17294.9875,4804.1632,1814.1523,4448.4644,-0.0,-9.8066,9.8066,inf,2.0,0.0,0.0,0.0,0.0,0.0,8000.0,92319936187.28,92319.9362
390.0,Agni_Class,MIDCOURSE,2338238.2327,2338.2382,675169.4677,675.1695,4799.6233,17278.6438,4799.6233,1814.1523,4443.5611,-0.0,-9.8066,9.8066,inf,2.0,0.0,0.0,0.0,0.0,0.0,8000.0,92145534223.97,92145.5342
390.5,Agni_Class,MIDCOURSE,2340457.5616,2340.4576,676076.5439,676.0765,4795.0841,17262.3026,4795.0841,1814.1523,4438.6578,-0.0,-9.8066,9.8066,inf,2.0,0.0,0.0,0.0,0.0,0.0,8000.0,91971324601.42,91971.3246
391.0,Agni_Class,MIDCOURSE,2342674.4388,2342.6744,676983.62,676.9836,4790.5456,17245.964,4790.5456,1814.1523,4433.7544,-0.0,-9.8066,9.8066,inf,2.0,0.0,0.0,0.0,0.0,0.0,8000.0,91797307319.65,91797.3073
391.5,Agni_Class,MIDCOURSE,2344888.8644,2344.8889,677890.6962,677.8907,4786.0078,17229.6281,4786.0078,1814.1523,4428.8511,-0.0,-9.8066,9.8066,inf,2.0,0.0,0.0,0.0,0.0,0.0,8000.0,91623482378.65,91623.4824
392.0,Agni_Class,MIDCOURSE,2347100.8382,2347.1008,678797.7723,678.7978,4781.4707,17213.2947,4781.4707,1814.1523,4423.9478,-0.0,-9.8066,9.8066,inf,2.0,0.0,0.0,0.0,0.0,0.0,8000.0,91449849778.41,91449.8498
392.5,Agni_Class,MIDCOURSE,2349310.3605,2349.3104,679704.8484,679.7048,4776.9344,17196.9639,4776.9344,1814.1523,4419.0445,-0.0,-9.8066,9.8066,inf,2.0,0.0,0.0,0.0,0.0,0.0,8000.0,91276409518.94,91276.4095
393.0,Agni_Class,MIDCOURSE,2351517.431,2351.5174,680611.9246,680.6119,4772.3988,17180.6357,4772.3988,1814.1523,4414.1411,-0.0,-9.8066,9.8066,inf,2.0,0.0,0.0,0.0,0.0,0.0,8000.0,91103161600.24,91103.1616
393.5,Agni_Class,MIDCOURSE,2353722.0499,2353.722,681519.0007,681.519,4767.8639,17164.3102,4767.8639,1814.1523,4409.2378,-0.0,-9.8066,9.8066,inf,2.0,0.0,0.0,0.0,0.0,0.0,8000.0,90930106022.31,90930.106
394.0,Agni_Class,MIDCOURSE,2355924.2172,2355.9242,682426.0769,682.4261,4763.3298,17147.9872,4763.3298,1814.1523,4404.3345,-0.0,-9.8066,9.8066,inf,2.0,0.0,0.0,0.0,0.0,0.0,8000.0,90757242785.15,90757.2428
394.5,Agni_Class,MIDCOURSE,2358123.9327,2358.1239,683333.153,683.3332,4758.7964,17131.667,4758.7964,1814.1523,4399.4312,-0.0,-9.8066,9.8066,inf,2.0,0.0,0.0,0.0,0.0,0.0,8000.0,90584571888.76,90584.5719
395.0,Agni_Class,MIDCOURSE,2360321.1967,2360.3212,684240.2292,684.2402,4754.2637,17115.3493,4754.2637,1814.1523,4394.5278,-0.0,-9.8066,9.8066,inf,2.0,0.0,0.0,0.0,0.0,0.0,8000.0,90412093333.13,90412.0933
395.5,Agni_Class,MIDCOURSE,2362516.0089,2362.516,685147.3053,685.1473,4749.7318,17099.0343,4749.7318,1814.1523,4389.6245,-0.0,-9.8066,9.8066,inf,2.0,0.0,0.0,0.0,0.0,0.0,8000.0,90239807118.28,90239.8071
396.0,Agni_Class,MIDCOURSE,2364708.3695,2364.7084,686054.3814,686.0544,4745.2006,17082.722,4745.2006,1814.1523,4384.7212,-0.0,-9.8066,9.8066,inf,2.0,0.0,0.0,0.0,0.0,0.0,8000.0,90067713244.19,90067.7132
396.5,Agni_Class,MIDCOURSE,2366898.2784,2366.8983,686961.4576,686.9615,4740.6701,17066.4123,4740.6701,1814.1523,4379.8179,-0.0,-9.8066,9.8066,inf,2.0,0.0,0.0,0.0,0.0,0.0,8000.0,89895811710.87,89895.8117
397.0,Agni_Class,MIDCOURSE,2369085.7357,2369.0857,687868.5337,687.8685,4736.1404,17050.1053,4736.1404,1814.1523,4374.9145,-0.0,-9.8066,9.8066,inf,2.0,0.0,0.0,0.0,0.0,0.0,8000.0,89724102518.32,89724.1025
397.5,Agni_Class,MIDCOURSE,2371270.7413,2371.2707,688775.6099,688.7756,4731.6114,17033.801,4731.6114,1814.1523,4370.0112,-0.0,-9.8066,9.8066,inf,2.0,0.0,0.0,0.0,0.0,0.0,8000.0,89552585666.53,89552.5857
398.0,Agni_Class,MIDCOURSE,2373453.2952,2373.4533,689682.686,689.6827,4727.0832,17017.4994,4727.0832,1814.1523,4365.1079,-0.0,-9.8066,9.8066,inf,2.0,0.0,0.0,0.0,0.0,0.0,8000.0,89381261155.52,89381.2612
398.5,Agni_Class,MIDCOURSE,2375633.3975,2375.6334,690589.7622,690.5898,4722.5557,17001.2005,4722.5557,1814.1523,4360.2046,-0.0,-9.8066,9.8066,inf,2.0,0.0,0.0,0.0,0.0,0.0,8000.0,89210128985.27,89210.129
399.0,Agni_Class,MIDCOURSE,2377811.0481,2377.811,691496.8383,691.4968,4718.029,16984.9043,4718.029,1814.1523,4355.3012,-0.0,-9.8066,9.8066,inf,2.0,0.0,0.0,0.0,0.0,0.0,8000.0,89039189155.79,89039.1892
399.5,Agni_Class,MIDCOURSE,2379986.2471,2379.9862,692403.9144,692.4039,4713.503,16968.6108,4713.503,1814.1523,4350.3979,-0.0,-9.8066,9.8066,inf,2.0,0.0,0.0,0.0,0.0,0.0,8000.0,88868441667.09,88868.4417
400.0,Agni_Class,MIDCOURSE,2382158.9944,2382.159,693310.9906,693.311,4708.9778,16952.32,4708.9778,1814.1523,4345.4946,-0.0,-9.8066,9.8066,inf,2.0,0.0,0.0,0.0,0.0,0.0,8000.0,88697886519.14,88697.8865
400.5,Agni_Class,MIDCOURSE,2384329.29,2384.3293,694218.0667,694.2181,4704.4533,16936.0319,4704.4533,1814.1523,4340.5913,-0.0,-9.8066,9.8066,inf,2.0,0.0,0.0,0.0,0.0,0.0,8000.0,88527523711.97,88527.5237
401.0,Agni_Class,MIDCOURSE,2386497.1339,2386.4971,695125.1429,695.1251,4699.9296,16919.7466,4699.9296,1814.1523,4335.6879,-0.0,-9.8066,9.8066,inf,2.0,0.0,0.0,0.0,0.0,0.0,8000.0,88357353245.57,88357.3532
401.5,Agni_Class,MIDCOURSE,2388662.5262,2388.6625,696032.219,696.0322,4695.4067,16903.464,4695.4067,1814.1523,4330.7846,-0.0,-9.8066,9.8066,inf,2.0,0.0,0.0,0.0,0.0,0.0,8000.0,88187375119.93,88187.3751
402.0,Agni_Class,MIDCOURSE,2390825.4669,2390.8255,696939.2952,696.9393,4690.8845,16887.1842,4690.8845,1814.1523,4325.8813,-0.0,-9.8066,9.8066,inf,2.0,0.0,0.0,0.0,0.0,0.0,8000.0,88017589335.07,88017.5893
402.5,Agni_Class,MIDCOURSE,2392985.9559,2392.986,697846.3713,697.8464,4686.3631,16870.9071,4686.3631,1814.1523,4320.978,-0.0,-9.8066,9.8066,inf,2.0,0.0,0.0,0.0,0.0,0.0,8000.0,87847995890.97,87847.9959
403.0,Agni_Class,MIDCOURSE,2395143.9932,2395.144,698753.4474,698.7534,4681.8424,16854.6328,4681.8424,1814.1523,4316.0746,-0.0,-9.8066,9.8066,inf,2.0,0.0,0.0,0.0,0.0,0.0,8000.0,87678594787.64,87678.5948
403.5,Agni_Class,MIDCOURSE,2397299.5788,2397.2996,699660.5236,699.6605,4677.3226,16838.3613,4677.3226,1814.1523,4311.1713,-0.0,-9.8066,9.8066,inf,2.0,0.0,0.0,0.0,0.0,0.0,8000.0,87509386025.08,87509.386
404.0,Agni_Class,MIDCOURSE,2399452.7128,2399.4527,700567.5997,700.5676,4672.8035,16822.0925,4672.8035,1814.1523,4306.268,-0.0,-9.8066,9.8066,inf,2.0,0.0,0.0,0.0,0.0,0.0,8000.0,87340369603.28,87340.3696
404.5,Agni_Class,MIDCOURSE,2401603.3951,2401.6034,701474.6759,701.4747,4668.2852,16805.8266,4668.2852,1814.1523,4301.3647,-0.0,-9.8066,9.8066,inf,2.0,0.0,0.0,0.0,0.0,0.0,8000.0,87171545522.26,87171.5455
405.0,Agni_Class,MIDCOURSE,2403751.6258,2403.7516,702381.752,702.3818,4663.7676,16789.5634,4663.7676,1814.1523,4296.4613,-0.0,-9.8066,9.8066,inf,2.0,0.0,0.0,0.0,0.0,0.0,8000.0,87002913782.0,87002.9138
405.5,Agni_Class,MIDCOURSE,2405897.4048,2405.8974,703288.8281,703.2888,4659.2509,16773.3031,4659.2509,1814.1523,4291.558,-0.0,-9.8066,9.8066,inf,2.0,0.0,0.0,0.0,0.0,0.0,8000.0,86834474382.51,86834.4744
406.0,Agni_Class,MIDCOURSE,2408040.7321,2408.0407,704195.9043,704.1959,4654.7349,16757.0456,4654.7349,1814.1523,4286.6547,-0.0,-9.8066,9.8066,inf,2.0,0.0,0.0,0.0,0.0,0.0,8000.0,86666227323.79,86666.2273
406.5,Agni_Class,MIDCOURSE,2410181.6078,2410.1816,705102.9804,705.103,4650.2197,16740.7909,4650.2197,1814.1523,4281.7514,-0.0,-9.8066,9.8066,inf,2.0,0.0,0.0,0.0,0.0,0.0,8000.0,86498172605.84,86498.1726
407.0,Agni_Class,MIDCOURSE,2412320.0318,2412.32,706010.0566,706.0101,4645.7053,16724.539,4645.7053,1814.1523,4276.848,-0.0,-9.8066,9.8066,inf,2.0,0.0,0.0,0.0,0.0,0.0,8000.0,86330310228.66,86330.3102
407.5,Agni_Class,MIDCOURSE,2414456.0042,2414.456,706917.1327,706.9171,4641.1917,16708.29,4641.1917,1814.1523,4271.9447,-0.0,-9.8066,9.8066,inf,2.0,0.0,0.0,0.0,0.0,0.0,8000.0,86162640192.25,86162.6402
408.0,Agni_Class,MIDCOURSE,2416589.5249,2416.5895,707824.2089,707.8242,4636.6788,16692.0438,4636.6788,1814.1523,4267.0414,-0.0,-9.8066,9.8066,inf,2.0,0.0,0.0,0.0,0.0,0.0,8000.0,85995162496.6,85995.1625
408.5,Agni_Class,MIDCOURSE,2418720.5939,2418.7206,708731.285,708.7313,4632.1668,16675.8005,4632.1668,1814.1523,4262.1381,-0.0,-9.8066,9.8066,inf,2.0,0.0,0.0,0.0,0.0,0.0,8000.0,85827877141.72,85827.8771
409.0,Agni_Class,MIDCOURSE,2420849.2113,2420.8492,709638.3611,709.6384,4627.6556,16659.56,4627.6556,1814.1523,4257.2347,-0.0,-9.8066,9.8066,inf,2.0,0.0,0.0,0.0,0.0,0.0,8000.0,85660784127.61,85660.7841
409.5,Agni_Class,MIDCOURSE,2422975.377,2422.9754,710545.4373,710.5454,4623.1451,16643.3225,4623.1451,1814.1523,4252.3314,-0.0,-9.8066,9.8066,inf,2.0,0.0,0.0,0.0,0.0,0.0,8000.0,85493883454.27,85493.8835
410.0,Agni_Class,MIDCOURSE,2425099.091,2425.0991,711452.5134,711.4525,4618.6355,16627.0878,4618.6355,1814.1523,4247.4281,-0.0,-9.8066,9.8066,inf,2.0,0.0,0.0,0.0,0.0,0.0,8000.0,85327175121.7,85327.1751
410.5,Agni_Class,MIDCOURSE,2427220.3534,2427.2204,712359.5896,712.3596,4614.1267,16610.856,4614.1267,1814.1523,4242.5248,-0.0,-9.8066,9.8066,inf,2.0,0.0,0.0,0.0,0.0,0.0,8000.0,85160659129.9,85160.6591
411.0,Agni_Class,MIDCOURSE,2429339.1641,2429.3392,713266.6657,713.2667,4609.6186,16594.6271,4609.6186,1814.1523,4237.6214,-0.0,-9.8066,9.8066,inf,2.0,0.0,0.0,0.0,0.0,0.0,8000.0,84994335478.86,84994.3355
411.5,Agni_Class,MIDCOURSE,2431455.5231,2431.4555,714173.7419,714.1737,4605.1114,16578.4011,4605.1114,1814.1523,4232.7181,-0.0,-9.8066,9.8066,inf,2.0,0.0,0.0,0.0,0.0,0.0,8000.0,84828204168.6,84828.2042
412.0,Agni_Class,MIDCOURSE,2433569.4305,2433.5694,715080.818,715.0808,4600.605,16562.178,4600.605,1814.1523,4227.8148,-0.0,-9.8066,9.8066,inf,2.0,0.0,0.0,0.0,0.0,0.0,8000.0,84662265199.1,84662.2652
412.5,Agni_Class,MIDCOURSE,2435680.8863,2435.6809,715987.8941,715.9879,4596.0994,16545.9578,4596.0994,1814.1523,4222.9115,-0.0,-9.8066,9.8066,inf,2.0,0.0,0.0,0.0,0.0,0.0,8000.0,84496518570.37,84496.5186
413.0,Agni_Class,MIDCOURSE,2437789.8903,2437.7899,716894.9703,716.895,4591.5946,16529.7406,4591.5946,1814.1523,4218.0081,-0.0,-9.8066,9.8066,inf,2.0,0.0,0.0,0.0,0.0,0.0,8000.0,84330964282.41,84330.9643
413.5,Agni_Class,MIDCOURSE,2439896.4427,2439.8964,717802.0464,717.802,4587.0906,16513.5263,4587.0906,1814.1523,4213.1048,-0.0,-9.8066,9.8066,inf,2.0,0.0,0.0,0.0,0.0,0.0,8000.0,84165602335.21,84165.6023
414.0,Agni_Class,MIDCOURSE,2442000.5435,2442.0005,718709.1226,718.7091,4582.5875,16497.315,4582.5875,1814.1523,4208.2015,-0.0,-9.8066,9.8066,inf,2.0,0.0,0.0,0.0,0.0,0.0,8000.0,84000432728.79,84000.4327
414.5,Agni_Class,MIDCOURSE,2444102.1925,2444.1022,719616.1987,719.6162,4578.0852,16481.1066,4578.0852,1814.1523,4203.2982,-0.0,-9.8066,9.8066,inf,2.0,0.0,0.0,0.0,0.0,0.0,8000.0,83835455463.13,83835.4555
415.0,Agni_Class,MIDCOURSE,2446201.3899,2446.2014,720523.2749,720.5233,4573.5837,16464.9012,4573.5837,1814.1523,4198.3948,-0.0,-9.8066,9.8066,inf,2.0,0.0,0.0,0.0,0.0,0.0,8000.0,83670670538.25,83670.6705
415.5,Agni_Class,MIDCOURSE,2448298.1357,2448.2981,721430.351,721.4304,4569.083,16448.6988,4569.083,1814.1523,4193.4915,-0.0,-9.8066,9.8066,inf,2.0,0.0,0.0,0.0,0.0,0.0,8000.0,83506077954.13,83506.078
416.0,Agni_Class,MIDCOURSE,2450392.4298,2450.3924,722337.4271,722.3374,4564.5832,16432.4994,4564.5832,1814.1523,4188.5882,-0.0,-9.8066,9.8066,inf,2.0,0.0,0.0,0.0,0.0,0.0,8000.0,83341677710.78,83341.6777
416.5,Agni_Class,MIDCOURSE,2452484.2722,2452.4843,723244.5033,723.2445,4560.0841,16416.3029,4560.0841,1814.1523,4183.6849,-0.0,-9.8066,9.8066,inf,2.0,0.0,0.0,0.0,0.0,0.0,8000.0,83177469808.19,83177.4698
417.0,Agni_Class,MIDCOURSE,2454573.663,2454.5737,724151.5794,724.1516,4555.586,16400.1095,4555.586,1814.1523,4178.7815,-0.0,-9.8066,9.8066,inf,2.0,0.0,0.0,0.0,0.0,0.0,8000.0,83013454246.38,83013.4542
417.5,Agni_Class,MIDCOURSE,2456660.6021,2456.6606,725058.6556,725.0587,4551.0886,16383.9191,4551.0886,1814.1523,4173.8782,-0.0,-9.8066,9.8066,inf,2.0,0.0,0.0,0.0,0.0,0.0,8000.0,82849631025.34,82849.631
418.0,Agni_Class,MIDCOURSE,2458745.0895,2458.7451,725965.7317,725.9657,4546.5921,16367.7317,4546.5921,1814.1523,4168.9749,-0.0,-9.8066,9.8066,inf,2.0,0.0,0.0,0.0,0.0,0.0,8000.0,82686000145.06,82686.0001
418.5,Agni_Class,MIDCOURSE,2460827.1253,2460.8271,726872.8079,726.8728,4542.0965,16351.5473,4542.0965,1814.1523,4164.0716,-0.0,-9.8066,9.8066,inf,2.0,0.0,0.0,0.0,0.0,0.0,8000.0,82522561605.55,82522.5616
419.0,Agni_Class,MIDCOURSE,2462906.7094,2462.9067,727779.884,727.7799,4537.6017,16335.366,4537.6017,1814.1523,4159.1682,-0.0,-9.8066,9.8066,inf,2.0,0.0,0.0,0.0,0.0,0.0,8000.0,82359315406.81,82359.3154
419.5,Agni_Class,MIDCOURSE,2464983.8419,2464.9838,728686.9601,728.687,4533.1077,16319.1877,4533.1077,1814.1523,4154.2649,-0.0,-9.8066,9.8066,inf,2.0,0.0,0.0,0.0,0.0,0.0,8000.0,82196261548.84,82196.2615
420.0,Agni_Class,MIDCOURSE,2467058.5226,2467.0585,729594.0363,729.594,4528.6146,16303.0125,4528.6146,1814.1523,4149.3616,-0.0,-9.8066,9.8066,inf,2.0,0.0,0.0,0.0,0.0,0.0,8000.0,82033400031.64,82033.4
420.5,Agni_Class,MIDCOURSE,2469130.7518,2469.1308,730501.1124,730.5011,4524.1223,16286.8403,4524.1223,1814.1523,4144.4583,-0.0,-9.8066,9.8066,inf,2.0,0.0,0.0,0.0,0.0,0.0,8000.0,81870730855.2,81870.7309
421.0,Agni_Class,MIDCOURSE,2471200.5292,2471.2005,731408.1886,731.4082,4519.6309,16270.6713,4519.6309,1814.1523,4139.5549,-0.0,-9.8066,9.8066,inf,2.0,0.0,0.0,0.0,0.0,0.0,8000.0,81708254019.54,81708.254
421.5,Agni_Class,MIDCOURSE,2473267.855,2473.2679,732315.2647,732.3153,4515.1404,16254.5053,4515.1404,1814.1523,4134.6516,-0.0,-9.8066,9.8066,inf,2.0,0.0,0.0,0.0,0.0,0.0,8000.0,81545969524.64,81545.9695
422.0,Agni_Class,MIDCOURSE,2475332.7292,2475.3327,733222.3409,733.2223,4510.6507,16238.3424,4510.6507,1814.1523,4129.7483,-0.0,-9.8066,9.8066,inf,2.0,0.0,0.0,0.0,0.0,0.0,8000.0,81383877370.51,81383.8774
422.5,Agni_Class,MIDCOURSE,2477395.1516,2477.3952,734129.417,734.1294,4506.1618,16222.1826,4506.1618,1814.1523,4124.845,-0.0,-9.8066,9.8066,inf,2.0,0.0,0.0,0.0,0.0,0.0,8000.0,81221977557.15,81221.9776
423.0,Agni_Class,MIDCOURSE,2479455.1225,2479.4551,735036.4931,735.0365,4501.6739,16206.0259,4501.6739,1814.1523,4119.9416,-0.0,-9.8066,9.8066,inf,2.0,0.0,0.0,0.0,0.0,0.0,8000.0,81060270084.56,81060.2701
423.5,Agni_Class,MIDCOURSE,2481512.6416,2481.5126,735943.5693,735.9436,4497.1868,16189.8723,4497.1868,1814.1523,4115.0383,-0.0,-9.8066,9.8066,inf,2.0,0.0,0.0,0.0,0.0,0.0,8000.0,80898754952.73,80898.755
424.0,Agni_Class,MIDCOURSE,2483567.7091,2483.5677,736850.6454,736.8506,4492.7005,16173.7219,4492.7005,1814.1523,4110.135,-0.0,-9.8066,9.8066,inf,2.0,0.0,0.0,0.0,0.0,0.0,8000.0,80737432161.68,80737.4322
424.5,Agni_Class,MIDCOURSE,2485620.3249,2485.6203,737757.7216,737.7577,4488.2152,16157.5746,4488.2152,1814.1523,4105.2317,-0.0,-9.8066,9.8066,inf,2.0,0.0,0.0,0.0,0.0,0.0,8000.0,80576301711.39,80576.3017
425.0,Agni_Class,MIDCOURSE,2487670.4891,2487.6705,738664.7977,738.6648,4483.7307,16141.4305,4483.7307,1814.1523,4100.3283,-0.0,-9.8066,9.8066,inf,2.0,0.0,0.0,0.0,0.0,0.0,8000.0,80415363601.87,80415.3636
425.5,Agni_Class,MIDCOURSE,2489718.2016,2489.7182,739571.8739,739.5719,4479.2471,16125.2895,4479.2471,1814.1523,4095.425,-0.0,-9.8066,9.8066,inf,2.0,0.0,0.0,0.0,0.0,0.0,8000.0,80254617833.12,80254.6178
426.0,Agni_Class,MIDCOURSE,2491763.4624,2491.7635,740478.95,740.479,4474.7644,16109.1517,4474.7644,1814.1523,4090.5217,-0.0,-9.8066,9.8066,inf,2.0,0.0,0.0,0.0,0.0,0.0,8000.0,80094064405.14,80094.0644
426.5,Agni_Class,MIDCOURSE,2493806.2716,2493.8063,741386.0261,741.386,4470.2825,16093.0171,4470.2825,1814.1523,4085.6184,-0.0,-9.8066,9.8066,inf,2.0,0.0,0.0,0.0,0.0,0.0,8000.0,79933703317.93,79933.7033
427.0,Agni_Class,MIDCOURSE,2495846.6291,2495.8466,742293.1023,742.2931,4465.8016,16076.8856,4465.8016,1814.1523,4080.715,-0.0,-9.8066,9.8066,inf,2.0,0.0,0.0,0.0,0.0,0.0,8000.0,79773534571.48,79773.5346
427.5,Agni_Class,MIDCOURSE,2497884.535,2497.8845,743200.1784,743.2002,4461.3215,16060.7574,4461.3215,1814.1523,4075.8117,-0.0,-9.8066,9.8066,inf,2.0,0.0,0.0,0.0,0.0,0.0,8000.0,79613558165.8,79613.5582
428.0,Agni_Class,MIDCOURSE,2499919.9892,2499.92,744107.2546,744.1073,4456.8423,16044.6324,4456.8423,1814.1523,4070.9084,-0.0,-9.8066,9.8066,inf,2.0,0.0,0.0,0.0,0.0,0.0,8000.0,79453774100.9,79453.7741
428.5,Agni_Class,MIDCOURSE,2501952.9917,2501.953,745014.3307,745.0143,4452.364,16028.5106,4452.364,1814.1523,4066.0051,-0.0,-9.8066,9.8066,inf,2.0,0.0,0.0,0.0,0.0,0.0,8000.0,79294182376.76,79294.1824
429.0,Agni_Class,MIDCOURSE,2503983.5425,2503.9835,745921.4069,745.9214,4447.8867,16012.392,4447.8867,1814.1523,4061.1017,-0.0,-9.8066,9.8066,inf,2.0,0.0,0.0,0.0,0.0,0.0,8000.0,79134782993.39,79134.783
429.5,Agni_Class,MIDCOURSE,2506011.6417,2506.0116,746828.483,746.8285,4443.4102,15996.2766,4443.4102,1814.1523,4056.1984,-0.0,-9.8066,9.8066,inf,2.0,0.0,0.0,0.0,0.0,0.0,8000.0,78975575950.78,78975.576
430.0,Agni_Class,MIDCOURSE,2508037.2893,2508.0373,747735.5591,747.7356,4438.9346,15980.1645,4438.9346,1814.1523,4051.2951,-0.0,-9.8066,9.8066,inf,2.0,0.0,0.0,0.0,0.0,0.0,8000.0,78816561248.95,78816.5612
430.5,Agni_Class,MIDCOURSE,2510060.4852,2510.0605,748642.6353,748.6426,4434.4599,15964.0557,4434.4599,1814.1523,4046.3918,-0.0,-9.8066,9.8066,inf,2.0,0.0,0.0,0.0,0.0,0.0,8000.0,78657738887.88,78657.7389
431.0,Agni_Class,MIDCOURSE,2512081.2294,2512.0812,749549.7114,749.5497,4429.9861,15947.9501,4429.9861,1814.1523,4041.4884,-0.0,-9.8066,9.8066,inf,2.0,0.0,0.0,0.0,0.0,0.0,8000.0,78499108867.59,78499.1089
431.5,Agni_Class,MIDCOURSE,2514099.5219,2514.0995,750456.7876,750.4568,4425.5133,15931.8478,4425.5133,1814.1523,4036.5851,-0.0,-9.8066,9.8066,inf,2.0,0.0,0.0,0.0,0.0,0.0,8000.0,78340671188.06,78340.6712
432.0,Agni_Class,MIDCOURSE,2516115.3628,2516.1154,751363.8637,751.3639,4421.0413,15915.7488,4421.0413,1814.1523,4031.6818,-0.0,-9.8066,9.8066,inf,2.0,0.0,0.0,0.0,0.0,0.0,8000.0,78182425849.3,78182.4258
432.5,Agni_Class,MIDCOURSE,2518128.752,2518.1288,752270.9399,752.2709,4416.5703,15899.6531,4416.5703,1814.1523,4026.7785,-0.0,-9.8066,9.8066,inf,2.0,0.0,0.0,0.0,0.0,0.0,8000.0,78024372851.31,78024.3729
433.0,Agni_Class,MIDCOURSE,2520139.6896,2520.1397,753178.016,753.178,4412.1002,15883.5607,4412.1002,1814.1523,4021.8751,-0.0,-9.8066,9.8066,inf,2.0,0.0,0.0,0.0,0.0,0.0,8000.0,77866512194.08,77866.5122
433.5,Agni_Class,MIDCOURSE,2522148.1755,2522.1482,754085.0921,754.0851,4407.631,15867.4716,4407.631,1814.1523,4016.9718,-0.0,-9.8066,9.8066,inf,2.0,0.0,0.0,0.0,0.0,0.0,8000.0,77708843877.63,77708.8439
434.0,Agni_Class,MIDCOURSE,2524154.2097,2524.1542,754992.1683,754.9922,4403.1627,15851.3858,4403.1627,1814.1523,4012.0685,-0.0,-9.8066,9.8066,inf,2.0,0.0,0.0,0.0,0.0,0.0,8000.0,77551367901.94,77551.3679
434.5,Agni_Class,MIDCOURSE,2526157.7923,2526.1578,755899.2444,755.8992,4398.6954,15835.3034,4398.6954,1814.1523,4007.1652,-0.0,-9.8066,9.8066,inf,2.0,0.0,0.0,0.0,0.0,0.0,8000.0,77394084267.02,77394.0843
435.0,Agni_Class,MIDCOURSE,2528158.9232,2528.1589,756806.3206,756.8063,4394.229,15819.2243,4394.229,1814.1523,4002.2618,-0.0,-9.8066,9.8066,inf,2.0,0.0,0.0,0.0,0.0,0.0,8000.0,77236992972.87,77236.993
435.5,Agni_Class,MIDCOURSE,2530157.6025,2530.1576,757713.3967,757.7134,4389.7635,15803.1486,4389.7635,1814.1523,3997.3585,-0.0,-9.8066,9.8066,inf,2.0,0.0,0.0,0.0,0.0,0.0,8000.0,77080094019.49,77080.094
436.0,Agni_Class,MIDCOURSE,2532153.8301,2532.1538,758620.4729,758.6205,4385.2989,15787.0762,4385.2989,1814.1523,3992.4552,-0.0,-9.8066,9.8066,inf,2.0,0.0,0.0,0.0,0.0,0.0,8000.0,76923387406.88,76923.3874
436.5,Agni_Class,MIDCOURSE,2534147.606,2534.1476,759527.549,759.5275,4380.8353,15771.0072,4380.8353,1814.1523,3987.5519,-0.0,-9.8066,9.8066,inf,2.0,0.0,0.0,0.0,0.0,0.0,8000.0,76766873135.03,76766.8731
437.0,Agni_Class,MIDCOURSE,2536138.9303,2536.1389,760434.6251,760.4346,4376.3727,15754.9416,4376.3727,1814.1523,3982.6485,-0.0,-9.8066,9.8066,inf,2.0,0.0,0.0,0.0,0.0,0.0,8000.0,76610551203.96,76610.5512
437.5,Agni_Class,MIDCOURSE,2538127.8029,2538.1278,761341.7013,761.3417,4371.911,15738.8794,4371.911,1814.1523,3977.7452,-0.0,-9.8066,9.8066,inf,2.0,0.0,0.0,0.0,0.0,0.0,8000.0,76454421613.65,76454.4216
438.0,Agni_Class,MIDCOURSE,2540114.2238,2540.1142,762248.7774,762.2488,4367.4502,15722.8207,4367.4502,1814.1523,3972.8419,-0.0,-9.8066,9.8066,inf,2.0,0.0,0.0,0.0,0.0,0.0,8000.0,76298484364.11,76298.4844
438.5,Agni_Class,MIDCOURSE,2542098.1931,2542.0982,763155.8536,763.1559,4362.9904,15706.7653,4362.9904,1814.1523,3967.9386,-0.0,-9.8066,9.8066,inf,2.0,0.0,0.0,0.0,0.0,0.0,8000.0,76142739455.34,76142.7395
439.0,Agni_Class,MIDCOURSE,2544079.7107,2544.0797,764062.9297,764.0629,4358.5315,15690.7134,4358.5315,1814.1523,3963.0352,-0.0,-9.8066,9.8066,inf,2.0,0.0,0.0,0.0,0.0,0.0,8000.0,75987186887.34,75987.1869
439.5,Agni_Class,MIDCOURSE,2546058.7766,2546.0588,764970.0059,764.97,4354.0736,15674.6649,4354.0736,1814.1523,3958.1319,-0.0,-9.8066,9.8066,inf,2.0,0.0,0.0,0.0,0.0,0.0,8000.0,75831826660.11,75831.8267
440.0,Agni_Class,MIDCOURSE,2548035.3909,2548.0354,765877.082,765.8771,4349.6166,15658.6198,4349.6166,1814.1523,3953.2286,-0.0,-9.8066,9.8066,inf,2.0,0.0,0.0,0.0,0.0,0.0,8000.0,75676658773.64,75676.6588
440.5,Agni_Class,MIDCOURSE,2550009.5535,2550.0096,766784.1581,766.7842,4345.1606,15642.5782,4345.1606,1814.1523,3948.3253,-0.0,-9.8066,9.8066,inf,2.0,0.0,0.0,0.0,0.0,0.0,8000.0,75521683227.94,75521.6832
441.0,Agni_Class,MIDCOURSE,2551981.2645,2551.9813,767691.2343,767.6912,4340.7056,15626.5401,4340.7056,1814.1523,3943.4219,-0.0,-9.8066,9.8066,inf,2.0,0.0,0.0,0.0,0.0,0.0,8000.0,75366900023.02,75366.9
441.5,Agni_Class,MIDCOURSE,2553950.5238,2553.9505,768598.3104,768.5983,4336.2515,15610.5055,4336.2515,1814.1523,3938.5186,-0.0,-9.8066,9.8066,inf,2.0,0.0,0.0,0.0,0.0,0.0,8000.0,75212309158.86,75212.3092
442.0,Agni_Class,MIDCOURSE,2555917.3314,2555.9173,769505.3866,769.5054,4331.7984,15594.4744,4331.7984,1814.1523,3933.6153,-0.0,-9.8066,9.8066,inf,2.0,0.0,0.0,0.0,0.0,0.0,8000.0,75057910635.46,75057.9106
442.5,Agni_Class,MIDCOURSE,2557881.6874,2557.8817,770412.4627,770.4125,4327.3463,15578.4467,4327.3463,1814.1523,3928.712,-0.0,-9.8066,9.8066,inf,2.0,0.0,0.0,0.0,0.0,0.0,8000.0,74903704452.84,74903.7045
443.0,Agni_Class,MIDCOURSE,2559843.5917,2559.8436,771319.5389,771.3195,4322.8952,15562.4226,4322.8952,1814.1523,3923.8086,-0.0,-9.8066,9.8066,inf,2.0,0.0,0.0,0.0,0.0,0.0,8000.0,74749690610.99,74749.6906
443.5,Agni_Class,MIDCOURSE,2561803.0444,2561.803,772226.615,772.2266,4318.445,15546.402,4318.445,1814.1523,3918.9053,-0.0,-9.8066,9.8066,inf,2.0,0.0,0.0,0.0,0.0,0.0,8000.0,74595869109.9,74595.8691
444.0,Agni_Class,MIDCOURSE,2563760.0454,2563.76,773133.6911,773.1337,4313.9958,15530.385,4313.9958,1814.1523,3914.002,-0.0,-9.8066,9.8066,inf,2.0,0.0,0.0,0.0,0.0,0.0,8000.0,74442239949.58,74442.2399
444.5,Agni_Class,MIDCOURSE,2565714.5947,2565.7146,774040.7673,774.0408,4309.5476,15514.3715,4309.5476,1814.1523,3909.0987,-0.0,-9.8066,9.8066,inf,2.0,0.0,0.0,0.0,0.0,0.0,8000.0,74288803130.03,74288.8031
445.0,Agni_Class,MIDCOURSE,2567666.6924,2567.6667,774947.8434,774.9478,4305.1004,15498.3615,4305.1004,1814.1523,3904.1953,-0.0,-9.8066,9.8066,inf,2.0,0.0,0.0,0.0,0.0,0.0,8000.0,74135558651.25,74135.5587
445.5,Agni_Class,MIDCOURSE,2569616.3384,2569.6163,775854.9196,775.8549,4300.6542,15482.3552,4300.6542,1814.1523,3899.292,-0.0,-9.8066,9.8066,inf,2.0,0.0,0.0,0.0,0.0,0.0,8000.0,73982506513.24,73982.5065
446.0,Agni_Class,MIDCOURSE,2571563.5327,2571.5635,776761.9957,776.762,4296.209,15466.3524,4296.209,1814.1523,3894.3887,-0.0,-9.8066,9.8066,inf,2.0,0.0,0.0,0.0,0.0,0.0,8000.0,73829646716.0,73829.6467
446.5,Agni_Class,MIDCOURSE,2573508.2754,2573.5083,777669.0719,777.6691,4291.7648,15450.3532,4291.7648,1814.1523,3889.4854,-0.0,-9.8066,9.8066,inf,2.0,0.0,0.0,0.0,0.0,0.0,8000.0,73676979259.52,73676.9793
447.0,Agni_Class,MIDCOURSE,2575450.5664,2575.4506,778576.148,778.5761,4287.3215,15434.3576,4287.3215,1814.1523,3884.582,-0.0,-9.8066,9.8066,inf,2.0,0.0,0.0,0.0,0.0,0.0,8000.0,73524504143.81,73524.5041
447.5,Agni_Class,MIDCOURSE,2577390.4057,2577.3904,779483.2241,779.4832,4282.8793,15418.3656,4282.8793,1814.1523,3879.6787,-0.0,-9.8066,9.8066,inf,2.0,0.0,0.0,0.0,0.0,0.0,8000.0,73372221368.88,73372.2214
448.0,Agni_Class,MIDCOURSE,2579327.7934,2579.3278,780390.3003,780.3903,4278.4381,15402.3772,4278.4381,1814.1523,3874.7754,-0.0,-9.8066,9.8066,inf,2.0,0.0,0.0,0.0,0.0,0.0,8000.0,73220130934.71,73220.1309
448.5,Agni_Class,MIDCOURSE,2581262.7295,2581.2627,781297.3764,781.2974,4273.9979,15386.3925,4273.9979,1814.1523,3869.8721,-0.0,-9.8066,9.8066,inf,2.0,0.0,0.0,0.0,0.0,0.0,8000.0,73068232841.3,73068.2328
449.0,Agni_Class,MIDCOURSE,2583195.2138,2583.1952,782204.4526,782.2045,4269.5587,15370.4114,4269.5587,1814.1523,3864.9687,-0.0,-9.8066,9.8066,inf,2.0,0.0,0.0,0.0,0.0,0.0,8000.0,72916527088.67,72916.5271
449.5,Agni_Class,MIDCOURSE,2585125.2465,2585.1252,783111.5287,783.1115,4265.1206,15354.434,4265.1206,1814.1523,3860.0654,-0.0,-9.8066,9.8066,inf,2.0,0.0,0.0,0.0,0.0,0.0,8000.0,72765013676.81,72765.0137
450.0,Agni_Class,MIDCOURSE,2587052.8276,2587.0528,784018.6049,784.0186,4260.6834,15338.4603,4260.6834,1814.1523,3855.1621,-0.0,-9.8066,9.8066,inf,2.0,0.0,0.0,0.0,0.0,0.0,8000.0,72613692605.71,72613.6926
450.5,Agni_Class,MIDCOURSE,2588977.9569,2588.978,784925.681,784.9257,4256.2473,15322.4902,4256.2473,1814.1523,3850.2588,-0.0,-9.8066,9.8066,inf,2.0,0.0,0.0,0.0,0.0,0.0,8000.0,72462563875.38,72462.5639
451.0,Agni_Class,MIDCOURSE,2590900.6346,2590.9006,785832.7571,785.8328,4251.8122,15306.5239,4251.8122,1814.1523,3845.3554,-0.0,-9.8066,9.8066,inf,2.0,0.0,0.0,0.0,0.0,0.0,8000.0,72311627485.82,72311.6275
451.5,Agni_Class,MIDCOURSE,2592820.8607,2592.8209,786739.8333,786.7398,4247.3781,15290.5612,4247.3781,1814.1523,3840.4521,-0.0,-9.8066,9.8066,inf,2.0,0.0,0.0,0.0,0.0,0.0,8000.0,72160883437.03,72160.8834
452.0,Agni_Class,MIDCOURSE,2594738.6351,2594.7386,787646.9094,787.6469,4242.9451,15274.6023,4242.9451,1814.1523,3835.5488,-0.0,-9.8066,9.8066,inf,2.0,0.0,0.0,0.0,0.0,0.0,8000.0,72010331729.01,72010.3317
452.5,Agni_Class,MIDCOURSE,2596653.9578,2596.654,788553.9856,788.554,4238.5131,15258.6471,4238.5131,1814.1523,3830.6455,-0.0,-9.8066,9.8066,inf,2.0,0.0,0.0,0.0,0.0,0.0,8000.0,71859972361.75,71859.9724
453.0,Agni_Class,MIDCOURSE,2598566.8289,2598.5668,789461.0617,789.4611,4234.0821,15242.6956,4234.0821,1814.1523,3825.7421,-0.0,-9.8066,9.8066,inf,2.0,0.0,0.0,0.0,0.0,0.0,8000.0,71709805335.27,71709.8053
453.5,Agni_Class,MIDCOURSE,2600477.2483,2600.4772,790368.1379,790.3681,4229.6522,15226.7479,4229.6522,1814.1523,3820.8388,-0.0,-9.8066,9.8066,inf,2.0,0.0,0.0,0.0,0.0,0.0,8000.0,71559830649.55,71559.8306
454.0,Agni_Class,MIDCOURSE,2602385.216,2602.3852,791275.214,791.2752,4225.2233,15210.8039,4225.2233,1814.1523,3815.9355,-0.0,-9.8066,9.8066,inf,2.0,0.0,0.0,0.0,0.0,0.0,8000.0,71410048304.6,71410.0483
454.5,Agni_Class,MIDCOURSE,2604290.7321,2604.2907,792182.2901,792.1823,4220.7955,15194.8638,4220.7955,1814.1523,3811.0322,-0.0,-9.8066,9.8066,inf,2.0,0.0,0.0,0.0,0.0,0.0,8000.0,71260458300.42,71260.4583
455.0,Agni_Class,MIDCOURSE,2606193.7965,2606.1938,793089.3663,793.0894,4216.3687,15178.9274,4216.3687,1814.1523,3806.1288,-0.0,-9.8066,9.8066,inf,2.0,0.0,0.0,0.0,0.0,0.0,8000.0,71111060637.01,71111.0606
455.5,Agni_Class,MIDCOURSE,2608094.4093,2608.0944,793996.4424,793.9964,4211.943,15162.9948,4211.943,1814.1523,3801.2255,-0.0,-9.8066,9.8066,inf,2.0,0.0,0.0,0.0,0.0,0.0,8000.0,70961855314.37,70961.8553
456.0,Agni_Class,MIDCOURSE,2609992.5703,2609.9926,794903.5186,794.9035,4207.5183,15147.066,4207.5183,1814.1523,3796.3222,-0.0,-9.8066,9.8066,inf,2.0,0.0,0.0,0.0,0.0,0.0,8000.0,70812842332.49,70812.8423
456.5,Agni_Class,MIDCOURSE,2611888.2798,2611.8883,795810.5947,795.8106,4203.0947,15131.1411,4203.0947,1814.1523,3791.4189,-0.0,-9.8066,9.8066,inf,2.0,0.0,0.0,0.0,0.0,0.0,8000.0,70664021691.39,70664.0217
457.0,Agni_Class,MIDCOURSE,2613781.5375,2613.7815,796717.6709,796.7177,4198.6722,15115.22,4198.6722,1814.1523,3786.5155,-0.0,-9.8066,9.8066,inf,2.0,0.0,0.0,0.0,0.0,0.0,8000.0,70515393391.05,70515.3934
457.5,Agni_Class,MIDCOURSE,2615672.3436,2615.6723,797624.747,797.6247,4194.2508,15099.3027,4194.2508,1814.1523,3781.6122,-0.0,-9.8066,9.8066,inf,2.0,0.0,0.0,0.0,0.0,0.0,8000.0,70366957431.48,70366.9574
458.0,Agni_Class,MIDCOURSE,2617560.6981,2617.5607,798531.8231,798.5318,4189.8304,15083.3893,4189.8304,1814.1523,3776.7089,-0.0,-9.8066,9.8066,inf,2.0,0.0,0.0,0.0,0.0,0.0,8000.0,70218713812.68,70218.7138
458.5,Agni_Class,MIDCOURSE,2619446.6008,2619.4466,799438.8993,799.4389,4185.411,15067.4798,4185.411,1814.1523,3771.8056,-0.0,-9.8066,9.8066,inf,2.0,0.0,0.0,0.0,0.0,0.0,8000.0,70070662534.64,70070.6625
459.0,Agni_Class,MIDCOURSE,2621330.052,2621.3301,800345.9754,800.346,4180.9928,15051.5741,4180.9928,1814.1523,3766.9022,-0.0,-9.8066,9.8066,inf,2.0,0.0,0.0,0.0,0.0,0.0,8000.0,69922803597.38,69922.8036
459.5,Agni_Class,MIDCOURSE,2623211.0514,2623.2111,801253.0516,801.2531,4176.5757,15035.6724,4176.5757,1814.1523,3761.9989,-0.0,-9.8066,9.8066,inf,2.0,0.0,0.0,0.0,0.0,0.0,8000.0,69775137000.88,69775.137
460.0,Agni_Class,MIDCOURSE,2625089.5992,2625.0896,802160.1277,802.1601,4172.1596,15019.7745,4172.1596,1814.1523,3757.0956,-0.0,-9.8066,9.8066,inf,2.0,0.0,0.0,0.0,0.0,0.0,8000.0,69627662745.16,69627.6627
460.5,Agni_Class,MIDCOURSE,2626965.6953,2626.9657,803067.2039,803.0672,4167.7446,15003.8806,4167.7446,1814.1523,3752.1923,-0.0,-9.8066,9.8066,inf,2.0,0.0,0.0,0.0,0.0,0.0,8000.0,69480380830.2,69480.3808
461.0,Agni_Class,MIDCOURSE,2628839.3398,2628.8393,803974.28,803.9743,4163.3307,14987.9906,4163.3307,1814.1523,3747.2889,-0.0,-9.8066,9.8066,inf,2.0,0.0,0.0,0.0,0.0,0.0,8000.0,69333291256.01,69333.2913
461.5,Agni_Class,MIDCOURSE,2630710.5326,2630.7105,804881.3561,804.8814,4158.9179,14972.1046,4158.9179,1814.1523,3742.3856,-0.0,-9.8066,9.8066,inf,2.0,0.0,0.0,0.0,0.0,0.0,8000.0,69186394022.58,69186.394
462.0,Agni_Class,MIDCOURSE,2632579.2737,2632.5793,805788.4323,805.7884,4154.5063,14956.2225,4154.5063,1814.1523,3737.4823,-0.0,-9.8066,9.8066,inf,2.0,0.0,0.0,0.0,0.0,0.0,8000.0,69039689129.93,69039.6891
462.5,Agni_Class,MIDCOURSE,2634445.5632,2634.4456,806695.5084,806.6955,4150.0957,14940.3444,4150.0957,1814.1523,3732.579,-0.0,-9.8066,9.8066,inf,2.0,0.0,0.0,0.0,0.0,0.0,8000.0,68893176578.05,68893.1766
463.0,Agni_Class,MIDCOURSE,2636309.401,2636.3094,807602.5846,807.6026,4145.6862,14924.4703,4145.6862,1814.1523,3727.6756,-0.0,-9.8066,9.8066,inf,2.0,0.0,0.0,0.0,0.0,0.0,8000.0,68746856366.93,68746.8564
463.5,Agni_Class,MIDCOURSE,2638170.7872,2638.1708,808509.6607,808.5097,4141.2778,14908.6002,4141.2778,1814.1523,3722.7723,-0.0,-9.8066,9.8066,inf,2.0,0.0,0.0,0.0,0.0,0.0,8000.0,68600728496.58,68600.7285
464.0,Agni_Class,MIDCOURSE,2640029.7217,2640.0297,809416.7369,809.4167,4136.8706,14892.7341,4136.8706,1814.1523,3717.869,-0.0,-9.8066,9.8066,inf,2.0,0.0,0.0,0.0,0.0,0.0,8000.0,68454792967.0,68454.793
464.5,Agni_Class,MIDCOURSE,2641886.2045,2641.8862,810323.813,810.3238,4132.4645,14876.872,4132.4645,1814.1523,3712.9657,-0.0,-9.8066,9.8066,inf,2.0,0.0,0.0,0.0,0.0,0.0,8000.0,68309049778.19,68309.0498
465.0,Agni_Class,MIDCOURSE,2643740.2356,2643.7402,811230.8891,811.2309,4128.0594,14861.014,4128.0594,1814.1523,3708.0623,-0.0,-9.8066,9.8066,inf,2.0,0.0,0.0,0.0,0.0,0.0,8000.0,68163498930.15,68163.4989
465.5,Agni_Class,MIDCOURSE,2645591.8151,2645.5918,812137.9653,812.138,4123.6556,14845.16,4123.6556,1814.1523,3703.159,-0.0,-9.8066,9.8066,inf,2.0,0.0,0.0,0.0,0.0,0.0,8000.0,68018140422.87,68018.1404
466.0,Agni_Class,MIDCOURSE,2647440.943,2647.4409,813045.0414,813.045,4119.2528,14829.3101,4119.2528,1814.1523,3698.2557,-0.0,-9.8066,9.8066,inf,2.0,0.0,0.0,0.0,0.0,0.0,8000.0,67872974256.37,67872.9743
466.5,Agni_Class,MIDCOURSE,2649287.6192,2649.2876,813952.1176,813.9521,4114.8512,14813.4642,4114.8512,1814.1523,3693.3524,-0.0,-9.8066,9.8066,inf,2.0,0.0,0.0,0.0,0.0,0.0,8000.0,67728000430.63,67728.0004
467.0,Agni_Class,MIDCOURSE,2651131.8437,2651.1318,814859.1937,814.8592,4110.4507,14797.6224,4110.4507,1814.1523,3688.449,-0.0,-9.8066,9.8066,inf,2.0,0.0,0.0,0.0,0.0,0.0,8000.0,67583218945.66,67583.2189
467.5,Agni_Class,MIDCOURSE,2652973.6165,2652.9736,815766.2698,815.7663,4106.0513,14781.7848,4106.0513,1814.1523,3683.5457,-0.0,-9.8066,9.8066,inf,2.0,0.0,0.0,0.0,0.0,0.0,8000.0,67438629801.46,67438.6298
468.0,Agni_Class,MIDCOURSE,2654812.9377,2654.8129,816673.346,816.6733,4101.6531,14765.9512,4101.6531,1814.1523,3678.6424,-0.0,-9.8066,9.8066,inf,2.0,0.0,0.0,0.0,0.0,0.0,8000.0,67294232998.03,67294.233
468.5,Agni_Class,MIDCOURSE,2656649.8072,2656.6498,817580.4221,817.5804,4097.256,14750.1218,4097.256,1814.1523,3673.7391,-0.0,-9.8066,9.8066,inf,2.0,0.0,0.0,0.0,0.0,0.0,8000.0,67150028535.36,67150.0285
469.0,Agni_Class,MIDCOURSE,2658484.2251,2658.4842,818487.4983,818.4875,4092.8601,14734.2965,4092.8601,1814.1523,3668.8357,-0.0,-9.8066,9.8066,inf,2.0,0.0,0.0,0.0,0.0,0.0,8000.0,67006016413.47,67006.0164
469.5,Agni_Class,MIDCOURSE,2660316.1913,2660.3162,819394.5744,819.3946,4088.4654,14718.4754,4088.4654,1814.1523,3663.9324,-0.0,-9.8066,9.8066,inf,2.0,0.0,0.0,0.0,0.0,0.0,8000.0,66862196632.34,66862.1966
470.0,Agni_Class,MIDCOURSE,2662145.7058,2662.1457,820301.6506,820.3017,4084.0718,14702.6584,4084.0718,1814.1523,3659.0291,-0.0,-9.8066,9.8066,inf,2.0,0.0,0.0,0.0,0.0,0.0,8000.0,66718569191.98,66718.5692
470.5,Agni_Class,MIDCOURSE,2663972.7687,2663.9728,821208.7267,821.2087,4079.6793,14686.8456,4079.6793,1814.1523,3654.1258,-0.0,-9.8066,9.8066,inf,2.0,0.0,0.0,0.0,0.0,0.0,8000.0,66575134092.39,66575.1341
471.0,Agni_Class,MIDCOURSE,2665797.3799,2665.7974,822115.8028,822.1158,4075.2881,14671.037,4075.2881,1814.1523,3649.2224,-0.0,-9.8066,9.8066,inf,2.0,0.0,0.0,0.0,0.0,0.0,8000.0,66431891333.57,66431.8913
471.5,Agni_Class,MIDCOURSE,2667619.5395,2667.6195,823022.879,823.0229,4070.898,14655.2327,4070.898,1814.1523,3644.3191,-0.0,-9.8066,9.8066,inf,2.0,0.0,0.0,0.0,0.0,0.0,8000.0,66288840915.52,66288.8409
472.0,Agni_Class,MIDCOURSE,2669439.2474,2669.4392,823929.9551,823.93,4066.509,14639.4325,4066.509,1814.1523,3639.4158,-0.0,-9.8066,9.8066,inf,2.0,0.0,0.0,0.0,0.0,0.0,8000.0,66145982838.23,66145.9828
472.5,Agni_Class,MIDCOURSE,2671256.5036,2671.2565,824837.0313,824.837,4062.1213,14623.6366,4062.1213,1814.1523,3634.5125,-0.0,-9.8066,9.8066,inf,2.0,0.0,0.0,0.0,0.0,0.0,8000.0,66003317101.72,66003.3171
473.0,Agni_Class,MIDCOURSE,2673071.3082,2673.0713,825744.1074,825.7441,4057.7347,14607.8449,4057.7347,1814.1523,3629.6091,-0.0,-9.8066,9.8066,inf,2.0,0.0,0.0,0.0,0.0,0.0,8000.0,65860843705.97,65860.8437
473.5,Agni_Class,MIDCOURSE,2674883.6611,2674.8837,826651.1836,826.6512,4053.3493,14592.0575,4053.3493,1814.1523,3624.7058,-0.0,-9.8066,9.8066,inf,2.0,0.0,0.0,0.0,0.0,0.0,8000.0,65718562650.99,65718.5627
474.0,Agni_Class,MIDCOURSE,2676693.5623,2676.6936,827558.2597,827.5583,4048.9651,14576.2744,4048.9651,1814.1523,3619.8025,-0.0,-9.8066,9.8066,inf,2.0,0.0,0.0,0.0,0.0,0.0,8000.0,65576473936.78,65576.4739
474.5,Agni_Class,MIDCOURSE,2678501.0119,2678.501,828465.3358,828.4653,4044.5821,14560.4956,4044.5821,1814.1523,3614.8992,-0.0,-9.8066,9.8066,inf,2.0,0.0,0.0,0.0,0.0,0.0,8000.0,65434577563.33,65434.5776
475.0,Agni_Class,MIDCOURSE,2680306.0098,2680.306,829372.412,829.3724,4040.2003,14544.721,4040.2003,1814.1523,3609.9958,-0.0,-9.8066,9.8066,inf,2.0,0.0,0.0,0.0,0.0,0.0,8000.0,65292873530.66,65292.8735
475.5,Agni_Class,MIDCOURSE,2682108.556,2682.1086,830279.4881,830.2795,4035.8197,14528.9508,4035.8197,1814.1523,3605.0925,-0.0,-9.8066,9.8066,inf,2.0,0.0,0.0,0.0,0.0,0.0,8000.0,65151361838.75,65151.3618
476.0,Agni_Class,MIDCOURSE,2683908.6506,2683.9087,831186.5643,831.1866,4031.4403,14513.185,4031.4403,1814.1523,3600.1892,-0.0,-9.8066,9.8066,inf,2.0,0.0,0.0,0.0,0.0,0.0,8000.0,65010042487.62,65010.0425
476.5,Agni_Class,MIDCOURSE,2685706.2936,2685.7063,832093.6404,832.0936,4027.0621,14497.4234,4027.0621,1814.1523,3595.2859,-0.0,-9.8066,9.8066,inf,2.0,0.0,0.0,0.0,0.0,0.0,8000.0,64868915477.25,64868.9155
477.0,Agni_Class,MIDCOURSE,2687501.4848,2687.5015,833000.7166,833.0007,4022.6851,14481.6663,4022.6851,1814.1523,3590.3825,-0.0,-9.8066,9.8066,inf,2.0,0.0,0.0,0.0,0.0,0.0,8000.0,64727980807.65,64727.9808
477.5,Agni_Class,MIDCOURSE,2689294.2244,2689.2942,833907.7927,833.9078,4018.3093,14465.9135,4018.3093,1814.1523,3585.4792,-0.0,-9.8066,9.8066,inf,2.0,0.0,0.0,0.0,0.0,0.0,8000.0,64587238478.82,64587.2385
478.0,Agni_Class,MIDCOURSE,2691084.5124,2691.0845,834814.8688,834.8149,4013.9347,14450.1651,4013.9347,1814.1523,3580.5759,-0.0,-9.8066,9.8066,inf,2.0,0.0,0.0,0.0,0.0,0.0,8000.0,64446688490.75,64446.6885
478.5,Agni_Class,MIDCOURSE,2692872.3486,2692.8723,835721.945,835.7219,4009.5614,14434.4211,4009.5614,1814.1523,3575.6726,-0.0,-9.8066,9.8066,inf,2.0,0.0,0.0,0.0,0.0,0.0,8000.0,64306330843.46,64306.3308
479.0,Agni_Class,MIDCOURSE,2694657.7332,2694.6577,836629.0211,836.629,4005.1893,14418.6815,4005.1893,1814.1523,3570.7692,-0.0,-9.8066,9.8066,inf,2.0,0.0,0.0,0.0,0.0,0.0,8000.0,64166165536.93,64166.1655
479.5,Agni_Class,MIDCOURSE,2696440.6662,2696.4407,837536.0973,837.5361,4000.8184,14402.9464,4000.8184,1814.1523,3565.8659,-0.0,-9.8066,9.8066,inf,2.0,0.0,0.0,0.0,0.0,0.0,8000.0,64026192571.17,64026.1926
480.0,Agni_Class,MIDCOURSE,2698221.1475,2698.2211,838443.1734,838.4432,3996.4488,14387.2157,3996.4488,1814.1523,3560.9626,-0.0,-9.8066,9.8066,inf,2.0,0.0,0.0,0.0,0.0,0.0,8000.0,63886411946.18,63886.4119
480.5,Agni_Class,MIDCOURSE,2699999.1771,2699.9992,839350.2496,839.3502,3992.0804,14371.4894,3992.0804,1814.1523,3556.0593,-0.0,-9.8066,9.8066,inf,2.0,0.0,0.0,0.0,0.0,0.0,8000.0,63746823661.96,63746.8237
481.0,Agni_Class,MIDCOURSE,2701774.7551,2701.7748,840257.3257,840.2573,3987.7132,14355.7677,3987.7132,1814.1523,3551.1559,-0.0,-9.8066,9.8066,inf,2.0,0.0,0.0,0.0,0.0,0.0,8000.0,63607427718.51,63607.4277
481.5,Agni_Class,MIDCOURSE,2703547.8814,2703.5479,841164.4018,841.1644,3983.3473,14340.0504,3983.3473,1814.1523,3546.2526,-0.0,-9.8066,9.8066,inf,2.0,0.0,0.0,0.0,0.0,0.0,8000.0,63468224115.83,63468.2241
482.0,Agni_Class,MIDCOURSE,2705318.556,2705.3186,842071.478,842.0715,3978.9827,14324.3377,3978.9827,1814.1523,3541.3493,-0.0,-9.8066,9.8066,inf,2.0,0.0,0.0,0.0,0.0,0.0,8000.0,63329212853.91,63329.2129
482.5,Agni_Class,MIDCOURSE,2707086.779,2707.0868,842978.5541,842.9786,3974.6193,14308.6294,3974.6193,1814.1523,3536.446,-0.0,-9.8066,9.8066,inf,2.0,0.0,0.0,0.0,0.0,0.0,8000.0,63190393932.76,63190.3939
483.0,Agni_Class,MIDCOURSE,2708852.5503,2708.8526,843885.6303,843.8856,3970.2572,14292.9257,3970.2572,1814.1523,3531.5426,-0.0,-9.8066,9.8066,inf,2.0,0.0,0.0,0.0,0.0,0.0,8000.0,63051767352.38,63051.7674
483.5,Agni_Class,MIDCOURSE,2710615.87,2710.6159,844792.7064,844.7927,3965.8963,14277.2266,3965.8963,1814.1523,3526.6393,-0.0,-9.8066,9.8066,inf,2.0,0.0,0.0,0.0,0.0,0.0,8000.0,62913333112.77,62913.3331
484.0,Agni_Class,MIDCOURSE,2712376.7379,2712.3767,845699.7826,845.6998,3961.5367,14261.532,3961.5367,1814.1523,3521.736,-0.0,-9.8066,9.8066,inf,2.0,0.0,0.0,0.0,0.0,0.0,8000.0,62775091213.93,62775.0912
484.5,Agni_Class,MIDCOURSE,2714135.1543,2714.1352,846606.8587,846.6069,3957.1783,14245.842,3957.1783,1814.1523,3516.8327,-0.0,-9.8066,9.8066,inf,2.0,0.0,0.0,0.0,0.0,0.0,8000.0,62637041655.86,62637.0417
485.0,Agni_Class,MIDCOURSE,2715891.1189,2715.8911,847513.9348,847.5139,3952.8213,14230.1566,3952.8213,1814.1523,3511.9293,-0.0,-9.8066,9.8066,inf,2.0,0.0,0.0,0.0,0.0,0.0,8000.0,62499184438.55,62499.1844
485.5,Agni_Class,MIDCOURSE,2717644.6319,2717.6446,848421.011,848.421,3948.4655,14214.4758,3948.4655,1814.1523,3507.026,-0.0,-9.8066,9.8066,inf,2.0,0.0,0.0,0.0,0.0,0.0,8000.0,62361519562.02,62361.5196
486.0,Agni_Class,MIDCOURSE,2719395.6933,2719.3957,849328.0871,849.3281,3944.111,14198.7997,3944.111,1814.1523,3502.1227,-0.0,-9.8066,9.8066,inf,2.0,0.0,0.0,0.0,0.0,0.0,8000.0,62224047026.25,62224.047
486.5,Agni_Class,MIDCOURSE,2721144.3029,2721.1443,850235.1633,850.2352,3939.7578,14183.1282,3939.7578,1814.1523,3497.2194,-0.0,-9.8066,9.8066,inf,2.0,0.0,0.0,0.0,0.0,0.0,8000.0,62086766831.25,62086.7668
487.0,Agni_Class,MIDCOURSE,2722890.461,2722.8905,851142.2394,851.1422,3935.4059,14167.4613,3935.4059,1814.1523,3492.316,-0.0,-9.8066,9.8066,inf,2.0,0.0,0.0,0.0,0.0,0.0,8000.0,61949678977.02,61949.679
487.5,Agni_Class,MIDCOURSE,2724634.1673,2724.6342,852049.3156,852.0493,3931.0553,14151.7991,3931.0553,1814.1523,3487.4127,-0.0,-9.8066,9.8066,inf,2.0,0.0,0.0,0.0,0.0,0.0,8000.0,61812783463.55,61812.7835
488.0,Agni_Class,MIDCOURSE,2726375.422,2726.3754,852956.3917,852.9564,3926.706,14136.1416,3926.706,1814.1523,3482.5094,-0.0,-9.8066,9.8066,inf,2.0,0.0,0.0,0.0,0.0,0.0,8000.0,61676080290.86,61676.0803
488.5,Agni_Class,MIDCOURSE,2728114.225,2728.1142,853863.4678,853.8635,3922.358,14120.4888,3922.358,1814.1523,3477.6061,-0.0,-9.8066,9.8066,inf,2.0,0.0,0.0,0.0,0.0,0.0,8000.0,61539569458.93,61539.5695
489.0,Agni_Class,MIDCOURSE,2729850.5764,2729.8506,854770.544,854.7705,3918.0113,14104.8408,3918.0113,1814.1523,3472.7027,-0.0,-9.8066,9.8066,inf,2.0,0.0,0.0,0.0,0.0,0.0,8000.0,61403250967.78,61403.251
489.5,Agni_Class,MIDCOURSE,2731584.4761,2731.5845,855677.6201,855.6776,3913.666,14089.1974,3913.666,1814.1523,3467.7994,-0.0,-9.8066,9.8066,inf,2.0,0.0,0.0,0.0,0.0,0.0,8000.0,61267124817.39,61267.1248
490.0,Agni_Class,MIDCOURSE,2733315.9241,2733.3159,856584.6963,856.5847,3909.3219,14073.5589,3909.3219,1814.1523,3462.8961,-0.0,-9.8066,9.8066,inf,2.0,0.0,0.0,0.0,0.0,0.0,8000.0,61131191007.77,61131.191
490.5,Agni_Class,MIDCOURSE,2735044.9205,2735.0449,857491.7724,857.4918,3904.9792,14057.925,3904.9792,1814.1523,3457.9928,-0.0,-9.8066,9.8066,inf,2.0,0.0,0.0,0.0,0.0,0.0,8000.0,60995449538.91,60995.4495
491.0,Agni_Class,MIDCOURSE,2736771.4652,2736.7715,858398.8486,858.3988,3900.6378,14042.296,3900.6378,1814.1523,3453.0894,-0.0,-9.8066,9.8066,inf,2.0,0.0,0.0,0.0,0.0,0.0,8000.0,60859900410.83,60859.9004
491.5,Agni_Class,MIDCOURSE,2738495.5583,2738.4956,859305.9247,859.3059,3896.2977,14026.6718,3896.2977,1814.1523,3448.1861,-0.0,-9.8066,9.8066,inf,2.0,0.0,0.0,0.0,0.0,0.0,8000.0,60724543623.51,60724.5436
492.0,Agni_Class,MIDCOURSE,2740217.1997,2740.2172,860213.0008,860.213,3891.959,14011.0524,3891.959,1814.1523,3443.2828,-0.0,-9.8066,9.8066,inf,2.0,0.0,0.0,0.0,0.0,0.0,8000.0,60589379176.97,60589.3792
492.5,Agni_Class,MIDCOURSE,2741936.3894,2741.9364,861120.077,861.1201,3887.6216,13995.4378,3887.6216,1814.1523,3438.3795,-0.0,-9.8066,9.8066,inf,2.0,0.0,0.0,0.0,0.0,0.0,8000.0,60454407071.19,60454.4071
493.0,Agni_Class,MIDCOURSE,2743653.1274,2743.6531,862027.1531,862.0272,3883.2856,13979.8281,3883.2856,1814.1523,3433.4761,-0.0,-9.8066,9.8066,inf,2.0,0.0,0.0,0.0,0.0,0.0,8000.0,60319627306.18,60319.6273
493.5,Agni_Class,MIDCOURSE,2745367.4138,2745.3674,862934.2293,862.9342,3878.9509,13964.2232,3878.9509,1814.1523,3428.5728,-0.0,-9.8066,9.8066,inf,2.0,0.0,0.0,0.0,0.0,0.0,8000.0,60185039881.94,60185.0399
494.0,Agni_Class,MIDCOURSE,2747079.2486,2747.0792,863841.3054,863.8413,3874.6176,13948.6232,3874.6176,1814.1523,3423.6695,-0.0,-9.8066,9.8066,inf,2.0,0.0,0.0,0.0,0.0,0.0,8000.0,60050644798.46,60050.6448
494.5,Agni_Class,MIDCOURSE,2748788.6317,2748.7886,864748.3816,864.7484,3870.2856,13933.0281,3870.2856,1814.1523,3418.7662,-0.0,-9.8066,9.8066,inf,2.0,0.0,0.0,0.0,0.0,0.0,8000.0,59916442055.76,59916.4421
495.0,Agni_Class,MIDCOURSE,2750495.5631,2750.4956,865655.4577,865.6555,3865.955,13917.4379,3865.955,1814.1523,3413.8628,-0.0,-9.8066,9.8066,inf,2.0,0.0,0.0,0.0,0.0,0.0,8000.0,59782431653.82,59782.4317
495.5,Agni_Class,MIDCOURSE,2752200.0428,2752.2,866562.5338,866.5625,3861.6257,13901.8527,3861.6257,1814.1523,3408.9595,-0.0,-9.8066,9.8066,inf,2.0,0.0,0.0,0.0,0.0,0.0,8000.0,59648613592.65,59648.6136
496.0,Agni_Class,MIDCOURSE,2753902.0709,2753.9021,867469.61,867.4696,3857.2979,13886.2724,3857.2979,1814.1523,3404.0562,-0.0,-9.8066,9.8066,inf,2.0,0.0,0.0,0.0,0.0,0.0,8000.0,59514987872.26,59514.9879
496.5,Agni_Class,MIDCOURSE,2755601.6473,2755.6016,868376.6861,868.3767,3852.9714,13870.697,3852.9714,1814.1523,3399.1529,-0.0,-9.8066,9.8066,inf,2.0,0.0,0.0,0.0,0.0,0.0,8000.0,59381554492.62,59381.5545
497.0,Agni_Class,MIDCOURSE,2757298.7721,2757.2988,869283.7623,869.2838,3848.6463,13855.1267,3848.6463,1814.1523,3394.2495,-0.0,-9.8066,9.8066,inf,2.0,0.0,0.0,0.0,0.0,0.0,8000.0,59248313453.76,59248.3135
497.5,Agni_Class,MIDCOURSE,2758993.4452,2758.9934,870190.8384,870.1908,3844.3226,13839.5613,3844.3226,1814.1523,3389.3462,-0.0,-9.8066,9.8066,inf,2.0,0.0,0.0,0.0,0.0,0.0,8000.0,59115264755.67,59115.2648
498.0,Agni_Class,MIDCOURSE,2760685.6666,2760.6857,871097.9146,871.0979,3840.0003,13824.001,3840.0003,1814.1523,3384.4429,-0.0,-9.8066,9.8066,inf,2.0,0.0,0.0,0.0,0.0,0.0,8000.0,58982408398.34,58982.4084
498.5,Agni_Class,MIDCOURSE,2762375.4364,2762.3754,872004.9907,872.005,3835.6794,13808.4457,3835.6794,1814.1523,3379.5396,-0.0,-9.8066,9.8066,inf,2.0,0.0,0.0,0.0,0.0,0.0,8000.0,58849744381.78,58849.7444
499.0,Agni_Class,MIDCOURSE,2764062.7545,2764.0628,872912.0668,872.9121,3831.3598,13792.8954,3831.3598,1814.1523,3374.6362,-0.0,-9.8066,9.8066,inf,2.0,0.0,0.0,0.0,0.0,0.0,8000.0,58717272706.0,58717.2727
499.5,Agni_Class,MIDCOURSE,2765747.621,2765.7476,873819.143,873.8191,3827.0417,13777.3502,3827.0417,1814.1523,3369.7329,-0.0,-9.8066,9.8066,inf,2.0,0.0,0.0,0.0,0.0,0.0,8000.0,58584993370.98,58584.9934
500.0,Agni_Class,MIDCOURSE,2767430.0358,2767.43,874726.2191,874.7262,3822.725,13761.8101,3822.725,1814.1523,3364.8296,-0.0,-9.8066,9.8066,inf,2.0,0.0,0.0,0.0,0.0,0.0,8000.0,58452906376.72,58452.9064
500.5,Agni_Class,MIDCOURSE,2769109.9989,2769.11,875633.2953,875.6333,3818.4097,13746.2751,3818.4097,1814.1523,3359.9263,-0.0,-9.8066,9.8066,inf,2.0,0.0,0.0,0.0,0.0,0.0,8000.0,58321011723.24,58321.0117
501.0,Agni_Class,MIDCOURSE,2770787.5104,2770.7875,876540.3714,876.5404,3814.0959,13730.7452,3814.0959,1814.1523,3355.0229,-0.0,-9.8066,9.8066,inf,2.0,0.0,0.0,0.0,0.0,0.0,8000.0,58189309410.53,58189.3094
501.5,Agni_Class,MIDCOURSE,2772462.5702,2772.4626,877447.4476,877.4474,3809.7834,13715.2204,3809.7834,1814.1523,3350.1196,-0.0,-9.8066,9.8066,inf,2.0,0.0,0.0,0.0,0.0,0.0,8000.0,58057799438.58,58057.7994
502.0,Agni_Class,MIDCOURSE,2774135.1783,2774.1352,878354.5237,878.3545,3805.4724,13699.7008,3805.4724,1814.1523,3345.2163,-0.0,-9.8066,9.8066,inf,2.0,0.0,0.0,0.0,0.0,0.0,8000.0,57926481807.4,57926.4818
502.5,Agni_Class,MIDCOURSE,2775805.3348,2775.8053,879261.5998,879.2616,3801.1629,13684.1863,3801.1629,1814.1523,3340.313,-0.0,-9.8066,9.8066,inf,2.0,0.0,0.0,0.0,0.0,0.0,8000.0,57795356516.99,57795.3565
503.0,Agni_Class,MIDCOURSE,2777473.0396,2777.473,880168.676,880.1687,3796.8547,13668.6771,3796.8547,1814.1523,3335.4096,-0.0,-9.8066,9.8066,inf,2.0,0.0,0.0,0.0,0.0,0.0,8000.0,57664423567.35,57664.4236
503.5,Agni_Class,MIDCOURSE,2779138.2927,2779.1383,881075.7521,881.0758,3792.5481,13653.173,3792.5481,1814.1523,3330.5063,-0.0,-9.8066,9.8066,inf,2.0,0.0,0.0,0.0,0.0,0.0,8000.0,57533682958.48,57533.683
504.0,Agni_Class,MIDCOURSE,2780801.0942,2780.8011,881982.8283,881.9828,3788.2428,13637.6742,3788.2428,1814.1523,3325.603,-0.0,-9.8066,9.8066,inf,2.0,0.0,0.0,0.0,0.0,0.0,8000.0,57403134690.37,57403.1347
504.5,Agni_Class,MIDCOURSE,2782461.444,2782.4614,882889.9044,882.8899,3783.939,13622.1806,3783.939,1814.1523,3320.6997,-0.0,-9.8066,9.8066,inf,2.0,0.0,0.0,0.0,0.0,0.0,8000.0,57272778763.04,57272.7788
505.0,Agni_Class,MIDCOURSE,2784119.3422,2784.1193,883796.9806,883.797,3779.6367,13606.6922,3779.6367,1814.1523,3315.7963,-0.0,-9.8066,9.8066,inf,2.0,0.0,0.0,0.0,0.0,0.0,8000.0,57142615176.47,57142.6152
505.5,Agni_Class,MIDCOURSE,2785774.7887,2785.7748,884704.0567,884.7041,3775.3359,13591.2092,3775.3359,1814.1523,3310.893,-0.0,-9.8066,9.8066,inf,2.0,0.0,0.0,0.0,0.0,0.0,8000.0,57012643930.67,57012.6439
506.0,Agni_Class,MIDCOURSE,2787427.7835,2787.4278,885611.1328,885.6111,3771.0365,13575.7314,3771.0365,1814.1523,3305.9897,-0.0,-9.8066,9.8066,inf,2.0,0.0,0.0,0.0,0.0,0.0,8000.0,56882865025.64,56882.865
506.5,Agni_Class,MIDCOURSE,2789078.3267,2789.0783,886518.209,886.5182,3766.7386,13560.2589,3766.7386,1814.1523,3301.0864,-0.0,-9.8066,9.8066,inf,2.0,0.0,0.0,0.0,0.0,0.0,8000.0,56753278461.38,56753.2785
507.0,Agni_Class,MIDCOURSE,2790726.4182,2790.7264,887425.2851,887.4253,3762.4422,13544.7918,3762.4422,1814.1523,3296.183,-0.0,-9.8066,9.8066,inf,2.0,0.0,0.0,0.0,0.0,0.0,8000.0,56623884237.89,56623.8842
507.5,Agni_Class,MIDCOURSE,2792372.0581,2792.3721,888332.3613,888.3324,3758.1472,13529.33,3758.1472,1814.1523,3291.2797,-0.0,-9.8066,9.8066,inf,2.0,0.0,0.0,0.0,0.0,0.0,8000.0,56494682355.16,56494.6824
508.0,Agni_Class,MIDCOURSE,2794015.2463,2794.0152,889239.4374,889.2394,3753.8538,13513.8736,3753.8538,1814.1523,3286.3764,-0.0,-9.8066,9.8066,inf,2.0,0.0,0.0,0.0,0.0,0.0,8000.0,56365672813.2,56365.6728
508.5,Agni_Class,MIDCOURSE,2795655.9828,2795.656,890146.5136,890.1465,3749.5618,13498.4226,3749.5618,1814.1523,3281.4731,-0.0,-9.8066,9.8066,inf,2.0,0.0,0.0,0.0,0.0,0.0,8000.0,56236855612.02,56236.8556
509.0,Agni_Class,MIDCOURSE,2797294.2677,2797.2943,891053.5897,891.0536,3745.2714,13482.977,3745.2714,1814.1523,3276.5697,-0.0,-9.8066,9.8066,inf,2.0,0.0,0.0,0.0,0.0,0.0,8000.0,56108230751.6,56108.2308
509.5,Agni_Class,MIDCOURSE,2798930.1009,2798.9301,891960.6658,891.9607,3740.9824,13467.5368,3740.9824,1814.1523,3271.6664,-0.0,-9.8066,9.8066,inf,2.0,0.0,0.0,0.0,0.0,0.0,8000.0,55979798231.94,55979.7982
510.0,Agni_Class,MIDCOURSE,2800563.4824,2800.5635,892867.742,892.8677,3736.695,13452.102,3736.695,1814.1523,3266.7631,-0.0,-9.8066,9.8066,inf,2.0,0.0,0.0,0.0,0.0,0.0,8000.0,55851558053.06,55851.5581
510.5,Agni_Class,MIDCOURSE,2802194.4123,2802.1944,893774.8181,893.7748,3732.4091,13436.6727,3732.4091,1814.1523,3261.8598,-0.0,-9.8066,9.8066,inf,2.0,0.0,0.0,0.0,0.0,0.0,8000.0,55723510214.95,55723.5102
511.0,Agni_Class,MIDCOURSE,2803822.8905,2803.8229,894681.8943,894.6819,3728.1247,13421.2489,3728.1247,1814.1523,3256.9564,-0.0,-9.8066,9.8066,inf,2.0,0.0,0.0,0.0,0.0,0.0,8000.0,55595654717.6,55595.6547
511.5,Agni_Class,MIDCOURSE,2805448.917,2805.4489,895588.9704,895.589,3723.8418,13405.8305,3723.8418,1814.1523,3252.0531,-0.0,-9.8066,9.8066,inf,2.0,0.0,0.0,0.0,0.0,0.0,8000.0,55467991561.02,55467.9916
512.0,Agni_Class,MIDCOURSE,2807072.4919,2807.0725,896496.0466,896.496,3719.5605,13390.4177,3719.5605,1814.1523,3247.1498,-0.0,-9.8066,9.8066,inf,2.0,0.0,0.0,0.0,0.0,0.0,8000.0,55340520745.21,55340.5207
512.5,Agni_Class,MIDCOURSE,2808693.6152,2808.6936,897403.1227,897.4031,3715.2807,13375.0105,3715.2807,1814.1523,3242.2465,-0.0,-9.8066,9.8066,inf,2.0,0.0,0.0,0.0,0.0,0.0,8000.0,55213242270.17,55213.2423
513.0,Agni_Class,MIDCOURSE,2810312.2867,2810.3123,898310.1988,898.3102,3711.0024,13359.6087,3711.0024,1814.1523,3237.3431,-0.0,-9.8066,9.8066,inf,2.0,0.0,0.0,0.0,0.0,0.0,8000.0,55086156135.9,55086.1561
513.5,Agni_Class,MIDCOURSE,2811928.5066,2811.9285,899217.275,899.2173,3706.7257,13344.2126,3706.7257,1814.1523,3232.4398,-0.0,-9.8066,9.8066,inf,2.0,0.0,0.0,0.0,0.0,0.0,8000.0,54959262342.4,54959.2623
514.0,Agni_Class,MIDCOURSE,2813542.2749,2813.5423,900124.3511,900.1244,3702.4506,13328.8221,3702.4506,1814.1523,3227.5365,-0.0,-9.8066,9.8066,inf,2.0,0.0,0.0,0.0,0.0,0.0,8000.0,54832560889.66,54832.5609
514.5,Agni_Class,MIDCOURSE,2815153.5914,2815.1536,901031.4273,901.0314,3698.177,13313.4371,3698.177,1814.1523,3222.6332,-0.0,-9.8066,9.8066,inf,2.0,0.0,0.0,0.0,0.0,0.0,8000.0,54706051777.69,54706.0518
515.0,Agni_Class,MIDCOURSE,2816762.4563,2816.7625,901938.5034,901.9385,3693.9049,13298.0578,3693.9049,1814.1523,3217.7298,-0.0,-9.8066,9.8066,inf,2.0,0.0,0.0,0.0,0.0,0.0,8000.0,54579735006.5,54579.735
515.5,Agni_Class,MIDCOURSE,2818368.8696,2818.3689,902845.5796,902.8456,3689.6345,13282.6842,3689.6345,1814.1523,3212.8265,-0.0,-9.8066,9.8066,inf,2.0,0.0,0.0,0.0,0.0,0.0,8000.0,54453610576.07,54453.6106
516.0,Agni_Class,MIDCOURSE,2819972.8312,2819.9728,903752.6557,903.7527,3685.3656,13267.3162,3685.3656,1814.1523,3207.9232,-0.0,-9.8066,9.8066,inf,2.0,0.0,0.0,0.0,0.0,0.0,8000.0,54327678486.4,54327.6785
516.5,Agni_Class,MIDCOURSE,2821574.3411,2821.5743,904659.7318,904.6597,3681.0983,13251.9539,3681.0983,1814.1523,3203.0199,-0.0,-9.8066,9.8066,inf,2.0,0.0,0.0,0.0,0.0,0.0,8000.0,54201938737.51,54201.9387
517.0,Agni_Class,MIDCOURSE,2823173.3994,2823.1734,905566.808,905.5668,3676.8326,13236.5973,3676.8326,1814.1523,3198.1165,-0.0,-9.8066,9.8066,inf,2.0,0.0,0.0,0.0,0.0,0.0,8000.0,54076391329.39,54076.3913
517.5,Agni_Class,MIDCOURSE,2824770.006,2824.77,906473.8841,906.4739,3672.5685,13221.2464,3672.5685,1814.1523,3193.2132,-0.0,-9.8066,9.8066,inf,2.0,0.0,0.0,0.0,0.0,0.0,8000.0,53951036262.03,53951.0363
518.0,Agni_Class,MIDCOURSE,2826364.1609,2826.3642,907380.9603,907.381,3668.3059,13205.9013,3668.3059,1814.1523,3188.3099,-0.0,-9.8066,9.8066,inf,2.0,0.0,0.0,0.0,0.0,0.0,8000.0,53825873535.44,53825.8735
518.5,Agni_Class,MIDCOURSE,2827955.8642,2827.9559,908288.0364,908.288,3664.045,13190.562,3664.045,1814.1523,3183.4066,-0.0,-9.8066,9.8066,inf,2.0,0.0,0.0,0.0,0.0,0.0,8000.0,53700903149.62,53700.9031
519.0,Agni_Class,MIDCOURSE,2829545.1158,2829.5451,909195.1126,909.1951,3659.7857,13175.2285,3659.7857,1814.1523,3178.5032,-0.0,-9.8066,9.8066,inf,2.0,0.0,0.0,0.0,0.0,0.0,8000.0,53576125104.57,53576.1251
519.5,Agni_Class,MIDCOURSE,2831131.9158,2831.1319,910102.1887,910.1022,3655.528,13159.9007,3655.528,1814.1523,3173.5999,-0.0,-9.8066,9.8066,inf,2.0,0.0,0.0,0.0,0.0,0.0,8000.0,53451539400.29,53451.5394
520.0,Agni_Class,MIDCOURSE,2832716.264,2832.7163,911009.2648,911.0093,3651.2719,13144.5789,3651.2719,1814.1523,3168.6966,-0.0,-9.8066,9.8066,inf,2.0,0.0,0.0,0.0,0.0,0.0,8000.0,53327146036.78,53327.146
520.5,Agni_Class,MIDCOURSE,2834298.1607,2834.2982,911916.341,911.9163,3647.0174,13129.2628,3647.0174,1814.1523,3163.7933,-0.0,-9.8066,9.8066,inf,2.0,0.0,0.0,0.0,0.0,0.0,8000.0,53202945014.03,53202.945
521.0,Agni_Class,MIDCOURSE,2835877.6056,2835.8776,912823.4171,912.8234,3642.7646,13113.9526,3642.7646,1814.1523,3158.8899,-0.0,-9.8066,9.8066,inf,2.0,0.0,0.0,0.0,0.0,0.0,8000.0,53078936332.05,53078.9363
521.5,Agni_Class,MIDCOURSE,2837454.5989,2837.4546,913730.4933,913.7305,3638.5134,13098.6484,3638.5134,1814.1523,3153.9866,-0.0,-9.8066,9.8066,inf,2.0,0.0,0.0,0.0,0.0,0.0,8000.0,52955119990.84,52955.12
522.0,Agni_Class,MIDCOURSE,2839029.1406,2839.0291,914637.5694,914.6376,3634.2639,13083.35,3634.2639,1814.1523,3149.0833,-0.0,-9.8066,9.8066,inf,2.0,0.0,0.0,0.0,0.0,0.0,8000.0,52831495990.4,52831.496
522.5,Agni_Class,MIDCOURSE,2840601.2305,2840.6012,915544.6456,915.5446,3630.016,13068.0576,3630.016,1814.1523,3144.18,-0.0,-9.8066,9.8066,inf,2.0,0.0,0.0,0.0,0.0,0.0,8000.0,52708064330.73,52708.0643
523.0,Agni_Class,MIDCOURSE,2842170.8689,2842.1709,916451.7217,916.4517,3625.7697,13052.7711,3625.7697,1814.1523,3139.2766,-0.0,-9.8066,9.8066,inf,2.0,0.0,0.0,0.0,0.0,0.0,8000.0,52584825011.83,52584.825
523.5,Agni_Class,MIDCOURSE,2843738.0555,2843.7381,917358.7978,917.3588,3621.5252,13037.4906,3621.5252,1814.1523,3134.3733,-0.0,-9.8066,9.8066,inf,2.0,0.0,0.0,0.0,0.0,0.0,8000.0,52461778033.69,52461.778
524.0,Agni_Class,MIDCOURSE,2845302.7905,2845.3028,918265.874,918.2659,3617.2822,13022.2161,3617.2822,1814.1523,3129.47,-0.0,-9.8066,9.8066,inf,2.0,0.0,0.0,0.0,0.0,0.0,8000.0,52338923396.33,52338.9234
524.5,Agni_Class,MIDCOURSE,2846865.0738,2846.8651,919172.9501,919.173,3613.041,13006.9476,3613.041,1814.1523,3124.5667,-0.0,-9.8066,9.8066,inf,2.0,0.0,0.0,0.0,0.0,0.0,8000.0,52216261099.73,52216.2611
525.0,Agni_Class,MIDCOURSE,2848424.9055,2848.4249,920080.0263,920.08,3608.8014,12991.6852,3608.8014,1814.1523,3119.6633,-0.0,-9.8066,9.8066,inf,2.0,0.0,0.0,0.0,0.0,0.0,8000.0,52093791143.9,52093.7911
525.5,Agni_Class,MIDCOURSE,2849982.2855,2849.9823,920987.1024,920.9871,3604.5635,12976.4288,3604.5635,1814.1523,3114.76,-0.0,-9.8066,9.8066,inf,2.0,0.0,0.0,0.0,0.0,0.0,8000.0,51971513528.84,51971.5135
526.0,Agni_Class,MIDCOURSE,2851537.2138,2851.5372,921894.1786,921.8942,3600.3274,12961.1785,3600.3274,1814.1523,3109.8567,-0.0,-9.8066,9.8066,inf,2.0,0.0,0.0,0.0,0.0,0.0,8000.0,51849428254.55,51849.4283
526.5,Agni_Class,MIDCOURSE,2853089.6905,2853.0897,922801.2547,922.8013,3596.0929,12945.9343,3596.0929,1814.1523,3104.9534,-0.0,-9.8066,9.8066,inf,2.0,0.0,0.0,0.0,0.0,0.0,8000.0,51727535321.02,51727.5353
527.0,Agni_Class,MIDCOURSE,2854639.7155,2854.6397,923708.3308,923.7083,3591.8601,12930.6962,3591.8601,1814.1523,3100.05,-0.0,-9.8066,9.8066,inf,2.0,0.0,0.0,0.0,0.0,0.0,8000.0,51605834728.27,51605.8347
527.5,Agni_Class,MIDCOURSE,2856187.2889,2856.1873,924615.407,924.6154,3587.629,12915.4643,3587.629,1814.1523,3095.1467,-0.0,-9.8066,9.8066,inf,2.0,0.0,0.0,0.0,0.0,0.0,8000.0,51484326476.28,51484.3265
528.0,Agni_Class,MIDCOURSE,2857732.4106,2857.7324,925522.4831,925.5225,3583.3996,12900.2385,3583.3996,1814.1523,3090.2434,-0.0,-9.8066,9.8066,inf,2.0,0.0,0.0,0.0,0.0,0.0,8000.0,51363010565.06,51363.0106
528.5,Agni_Class,MIDCOURSE,2859275.0806,2859.2751,926429.5593,926.4296,3579.1719,12885.019,3579.1719,1814.1523,3085.3401,-0.0,-9.8066,9.8066,inf,2.0,0.0,0.0,0.0,0.0,0.0,8000.0,51241886994.61,51241.887
529.0,Agni_Class,MIDCOURSE,2860815.2989,2860.8153,927336.6354,927.3366,3574.946,12869.8056,3574.946,1814.1523,3080.4367,-0.0,-9.8066,9.8066,inf,2.0,0.0,0.0,0.0,0.0,0.0,8000.0,51120955764.93,51120.9558
529.5,Agni_Class,MIDCOURSE,2862353.0656,2862.3531,928243.7115,928.2437,3570.7218,12854.5985,3570.7218,1814.1523,3075.5334,-0.0,-9.8066,9.8066,inf,2.0,0.0,0.0,0.0,0.0,0.0,8000.0,51000216876.01,51000.2169
530.0,Agni_Class,MIDCOURSE,2863888.3807,2863.8884,929150.7877,929.1508,3566.4993,12839.3976,3566.4993,1814.1523,3070.6301,-0.0,-9.8066,9.8066,inf,2.0,0.0,0.0,0.0,0.0,0.0,8000.0,50879670327.87,50879.6703
530.5,Agni_Class,MIDCOURSE,2865421.2441,2865.4212,930057.8638,930.0579,3562.2786,12824.2031,3562.2786,1814.1523,3065.7268,-0.0,-9.8066,9.8066,inf,2.0,0.0,0.0,0.0,0.0,0.0,8000.0,50759316120.49,50759.3161
531.0,Agni_Class,MIDCOURSE,2866951.6558,2866.9517,930964.94,930.9649,3558.0597,12809.0148,3558.0597,1814.1523,3060.8234,-0.0,-9.8066,9.8066,inf,2.0,0.0,0.0,0.0,0.0,0.0,8000.0,50639154253.88,50639.1543
531.5,Agni_Class,MIDCOURSE,2868479.6158,2868.4796,931872.0161,931.872,3553.8425,12793.8328,3553.8425,1814.1523,3055.9201,-0.0,-9.8066,9.8066,inf,2.0,0.0,0.0,0.0,0.0,0.0,8000.0,50519184728.04,50519.1847
532.0,Agni_Class,MIDCOURSE,2870005.1242,2870.0051,932779.0923,932.7791,3549.627,12778.6572,3549.627,1814.1523,3051.0168,-0.0,-9.8066,9.8066,inf,2.0,0.0,0.0,0.0,0.0,0.0,8000.0,50399407542.97,50399.4075
532.5,Agni_Class,MIDCOURSE,2871528.1809,2871.5282,933686.1684,933.6862,3545.4133,12763.488,3545.4133,1814.1523,3046.1135,-0.0,-9.8066,9.8066,inf,2.0,0.0,0.0,0.0,0.0,0.0,8000.0,50279822698.67,50279.8227
533.0,Agni_Class,MIDCOURSE,2873048.786,2873.0488,934593.2445,934.5932,3541.2014,12748.3251,3541.2014,1814.1523,3041.2101,-0.0,-9.8066,9.8066,inf,2.0,0.0,0.0,0.0,0.0,0.0,8000.0,50160430195.14,50160.4302
533.5,Agni_Class,MIDCOURSE,2874566.9394,2874.5669,935500.3207,935.5003,3536.9913,12733.1687,3536.9913,1814.1523,3036.3068,-0.0,-9.8066,9.8066,inf,2.0,0.0,0.0,0.0,0.0,0.0,8000.0,50041230032.37,50041.23
534.0,Agni_Class,MIDCOURSE,2876082.6411,2876.0826,936407.3968,936.4074,3532.783,12718.0187,3532.783,1814.1523,3031.4035,-0.0,-9.8066,9.8066,inf,2.0,0.0,0.0,0.0,0.0,0.0,8000.0,49922222210.37,49922.2222
534.5,Agni_Class,MIDCOURSE,2877595.8912,2877.5959,937314.473,937.3145,3528.5764,12702.8752,3528.5764,1814.1523,3026.5002,-0.0,-9.8066,9.8066,inf,2.0,0.0,0.0,0.0,0.0,0.0,8000.0,49803406729.14,49803.4067
535.0,Agni_Class,MIDCOURSE,2879106.6896,2879.1067,938221.5491,938.2215,3524.3717,12687.7381,3524.3717,1814.1523,3021.5968,-0.0,-9.8066,9.8066,inf,2.0,0.0,0.0,0.0,0.0,0.0,8000.0,49684783588.68,49684.7836
535.5,Agni_Class,MIDCOURSE,2880615.0364,2880.615,939128.6253,939.1286,3520.1688,12672.6076,3520.1688,1814.1523,3016.6935,-0.0,-9.8066,9.8066,inf,2.0,0.0,0.0,0.0,0.0,0.0,8000.0,49566352788.99,49566.3528
536.0,Agni_Class,MIDCOURSE,2882120.9315,2882.1209,940035.7014,940.0357,3515.9677,12657.4836,3515.9677,1814.1523,3011.7902,-0.0,-9.8066,9.8066,inf,2.0,0.0,0.0,0.0,0.0,0.0,8000.0,49448114330.07,49448.1143
536.5,Agni_Class,MIDCOURSE,2883624.3749,2883.6244,940942.7775,940.9428,3511.7684,12642.3661,3511.7684,1814.1523,3006.8869,-0.0,-9.8066,9.8066,inf,2.0,0.0,0.0,0.0,0.0,0.0,8000.0,49330068211.91,49330.0682
537.0,Agni_Class,MIDCOURSE,2885125.3667,2885.1254,941849.8537,941.8499,3507.5709,12627.2552,3507.5709,1814.1523,3001.9835,-0.0,-9.8066,9.8066,inf,2.0,0.0,0.0,0.0,0.0,0.0,8000.0,49212214434.52,49212.2144
537.5,Agni_Class,MIDCOURSE,2886623.9068,2886.6239,942756.9298,942.7569,3503.3753,12612.151,3503.3753,1814.1523,2997.0802,-0.0,-9.8066,9.8066,inf,2.0,0.0,0.0,0.0,0.0,0.0,8000.0,49094552997.91,49094.553
538.0,Agni_Class,MIDCOURSE,2888119.9952,2888.12,943664.006,943.664,3499.1815,12597.0533,3499.1815,1814.1523,2992.1769,-0.0,-9.8066,9.8066,inf,2.0,0.0,0.0,0.0,0.0,0.0,8000.0,48977083902.06,48977.0839
538.5,Agni_Class,MIDCOURSE,2889613.632,2889.6136,944571.0821,944.5711,3494.9895,12581.9623,3494.9895,1814.1523,2987.2736,-0.0,-9.8066,9.8066,inf,2.0,0.0,0.0,0.0,0.0,0.0,8000.0,48859807146.97,48859.8071
539.0,Agni_Class,MIDCOURSE,2891104.8171,2891.1048,945478.1583,945.4782,3490.7994,12566.878,3490.7994,1814.1523,2982.3702,-0.0,-9.8066,9.8066,inf,2.0,0.0,0.0,0.0,0.0,0.0,8000.0,48742722732.66,48742.7227
539.5,Agni_Class,MIDCOURSE,2892593.5505,2892.5936,946385.2344,946.3852,3486.6112,12551.8003,3486.6112,1814.1523,2977.4669,-0.0,-9.8066,9.8066,inf,2.0,0.0,0.0,0.0,0.0,0.0,8000.0,48625830659.12,48625.8307
540.0,Agni_Class,MIDCOURSE,2894079.8323,2894.0798,947292.3105,947.2923,3482.4248,12536.7294,3482.4248,1814.1523,2972.5636,-0.0,-9.8066,9.8066,inf,2.0,0.0,0.0,0.0,0.0,0.0,8000.0,48509130926.34,48509.1309
540.5,Agni_Class,MIDCOURSE,2895563.6625,2895.5637,948199.3867,948.1994,3478.2403,12521.6652,3478.2403,1814.1523,2967.6603,-0.0,-9.8066,9.8066,inf,2.0,0.0,0.0,0.0,0.0,0.0,8000.0,48392623534.33,48392.6235
541.0,Agni_Class,MIDCOURSE,2897045.0409,2897.045,949106.4628,949.1065,3474.0577,12506.6078,3474.0577,1814.1523,2962.7569,-0.0,-9.8066,9.8066,inf,2.0,0.0,0.0,0.0,0.0,0.0,8000.0,48276308483.09,48276.3085
541.5,Agni_Class,MIDCOURSE,2898523.9677,2898.524,950013.539,950.0135,3469.877,12491.5572,3469.877,1814.1523,2957.8536,-0.0,-9.8066,9.8066,inf,2.0,0.0,0.0,0.0,0.0,0.0,8000.0,48160185772.62,48160.1858
542.0,Agni_Class,MIDCOURSE,2900000.4429,2900.0004,950920.6151,950.9206,3465.6982,12476.5134,3465.6982,1814.1523,2952.9503,-0.0,-9.8066,9.8066,inf,2.0,0.0,0.0,0.0,0.0,0.0,8000.0,48044255402.92,48044.2554
542.5,Agni_Class,MIDCOURSE,2901474.4663,2901.4745,951827.6913,951.8277,3461.5212,12461.4765,3461.5212,1814.1523,2948.047,-0.0,-9.8066,9.8066,inf,2.0,0.0,0.0,0.0,0.0,0.0,8000.0,47928517373.99,47928.5174
543.0,Agni_Class,MIDCOURSE,2902946.0381,2902.946,952734.7674,952.7348,3457.3462,12446.4464,3457.3462,1814.1523,2943.1436,-0.0,-9.8066,9.8066,inf,2.0,0.0,0.0,0.0,0.0,0.0,8000.0,47812971685.82,47812.9717
543.5,Agni_Class,MIDCOURSE,2904415.1583,2904.4152,953641.8435,953.6418,3453.1731,12431.4232,3453.1731,1814.1523,2938.2403,-0.0,-9.8066,9.8066,inf,2.0,0.0,0.0,0.0,0.0,0.0,8000.0,47697618338.42,47697.6183
544.0,Agni_Class,MIDCOURSE,2905881.8268,2905.8818,954548.9197,954.5489,3449.0019,12416.407,3449.0019,1814.1523,2933.337,-0.0,-9.8066,9.8066,inf,2.0,0.0,0.0,0.0,0.0,0.0,8000.0,47582457331.79,47582.4573
544.5,Agni_Class,MIDCOURSE,2907346.0436,2907.346,955455.9958,955.456,3444.8327,12401.3976,3444.8327,1814.1523,2928.4337,-0.0,-9.8066,9.8066,inf,2.0,0.0,0.0,0.0,0.0,0.0,8000.0,47467488665.93,47467.4887
545.0,Agni_Class,MIDCOURSE,2908807.8088,2908.8078,956363.072,956.3631,3440.6654,12386.3953,3440.6654,1814.1523,2923.5303,-0.0,-9.8066,9.8066,inf,2.0,0.0,0.0,0.0,0.0,0.0,8000.0,47352712340.84,47352.7123
545.5,Agni_Class,MIDCOURSE,2910267.1223,2910.2671,957270.1481,957.2701,3436.5,12371.3999,3436.5,1814.1523,2918.627,-0.0,-9.8066,9.8066,inf,2.0,0.0,0.0,0.0,0.0,0.0,8000.0,47238128356.52,47238.1284
546.0,Agni_Class,MIDCOURSE,2911723.9841,2911.724,958177.2243,958.1772,3432.3365,12356.4116,3432.3365,1814.1523,2913.7237,-0.0,-9.8066,9.8066,inf,2.0,0.0,0.0,0.0,0.0,0.0,8000.0,47123736712.96,47123.7367
546.5,Agni_Class,MIDCOURSE,2913178.3943,2913.1784,959084.3004,959.0843,3428.1751,12341.4303,3428.1751,1814.1523,2908.8204,-0.0,-9.8066,9.8066,inf,2.0,0.0,0.0,0.0,0.0,0.0,8000.0,47009537410.18,47009.5374
547.0,Agni_Class,MIDCOURSE,2914630.3528,2914.6304,959991.3765,959.9914,3424.0156,12326.456,3424.0156,1814.1523,2903.917,-0.0,-9.8066,9.8066,inf,2.0,0.0,0.0,0.0,0.0,0.0,8000.0,46895530448.16,46895.5304
547.5,Agni_Class,MIDCOURSE,2916079.8596,2916.0799,960898.4527,960.8985,3419.858,12311.4889,3419.858,1814.1523,2899.0137,-0.0,-9.8066,9.8066,inf,2.0,0.0,0.0,0.0,0.0,0.0,8000.0,46781715826.91,46781.7158
548.0,Agni_Class,MIDCOURSE,2917526.9148,2917.5269,961805.5288,961.8055,3415.7025,12296.5289,3415.7025,1814.1523,2894.1104,-0.0,-9.8066,9.8066,inf,2.0,0.0,0.0,0.0,0.0,0.0,8000.0,46668093546.43,46668.0935
548.5,Agni_Class,MIDCOURSE,2918971.5184,2918.9715,962712.605,962.7126,3411.5489,12281.576,3411.5489,1814.1523,2889.2071,-0.0,-9.8066,9.8066,inf,2.0,0.0,0.0,0.0,0.0,0.0,8000.0,46554663606.72,46554.6636
549.0,Agni_Class,MIDCOURSE,2920413.6702,2920.4137,963619.6811,963.6197,3407.3973,12266.6304,3407.3973,1814.1523,2884.3037,-0.0,-9.8066,9.8066,inf,2.0,0.0,0.0,0.0,0.0,0.0,8000.0,46441426007.77,46441.426
549.5,Agni_Class,MIDCOURSE,2921853.3704,2921.8534,964526.7573,964.5268,3403.2477,12251.6919,3403.2477,1814.1523,2879.4004,-0.0,-9.8066,9.8066,inf,2.0,0.0,0.0,0.0,0.0,0.0,8000.0,46328380749.6,46328.3807
550.0,Agni_Class,MIDCOURSE,2923290.619,2923.2906,965433.8334,965.4338,3399.1002,12236.7606,3399.1002,1814.1523,2874.4971,-0.0,-9.8066,9.8066,inf,2.0,0.0,0.0,0.0,0.0,0.0,8000.0,46215527832.19,46215.5278
550.5,Agni_Class,MIDCOURSE,2924725.4158,2924.7254,966340.9095,966.3409,3394.9546,12221.8366,3394.9546,1814.1523,2869.5938,-0.0,-9.8066,9.8066,inf,2.0,0.0,0.0,0.0,0.0,0.0,8000.0,46102867255.55,46102.8673
551.0,Agni_Class,MIDCOURSE,2926157.7611,2926.1578,967247.9857,967.248,3390.8111,12206.9199,3390.8111,1814.1523,2864.6904,-0.0,-9.8066,9.8066,inf,2.0,0.0,0.0,0.0,0.0,0.0,8000.0,45990399019.68,45990.399
551.5,Agni_Class,MIDCOURSE,2927587.6546,2927.5877,968155.0618,968.1551,3386.6696,12192.0105,3386.6696,1814.1523,2859.7871,-0.0,-9.8066,9.8066,inf,2.0,0.0,0.0,0.0,0.0,0.0,8000.0,45878123124.58,45878.1231
552.0,Agni_Class,MIDCOURSE,2929015.0965,2929.0151,969062.138,969.0621,3382.5301,12177.1084,3382.5301,1814.1523,2854.8838,-0.0,-9.8066,9.8066,inf,2.0,0.0,0.0,0.0,0.0,0.0,8000.0,45766039570.24,45766.0396
552.5,Agni_Class,MIDCOURSE,2930440.0867,2930.4401,969969.2141,969.9692,3378.3927,12162.2136,3378.3927,1814.1523,2849.9805,-0.0,-9.8066,9.8066,inf,2.0,0.0,0.0,0.0,0.0,0.0,8000.0,45654148356.68,45654.1484
553.0,Agni_Class,MIDCOURSE,2931862.6253,2931.8626,970876.2903,970.8763,3374.2573,12147.3263,3374.2573,1814.1523,2845.0771,-0.0,-9.8066,9.8066,inf,2.0,0.0,0.0,0.0,0.0,0.0,8000.0,45542449483.88,45542.4495
553.5,Agni_Class,MIDCOURSE,2933282.7122,2933.2827,971783.3664,971.7834,3370.124,12132.4464,3370.124,1814.1523,2840.1738,-0.0,-9.8066,9.8066,inf,2.0,0.0,0.0,0.0,0.0,0.0,8000.0,45430942951.85,45430.943
554.0,Agni_Class,MIDCOURSE,2934700.3474,2934.7003,972690.4425,972.6904,3365.9927,12117.5739,3365.9927,1814.1523,2835.2705,-0.0,-9.8066,9.8066,inf,2.0,0.0,0.0,0.0,0.0,0.0,8000.0,45319628760.59,45319.6288
554.5,Agni_Class,MIDCOURSE,2936115.531,2936.1155,973597.5187,973.5975,3361.8636,12102.7089,3361.8636,1814.1523,2830.3672,-0.0,-9.8066,9.8066,inf,2.0,0.0,0.0,0.0,0.0,0.0,8000.0,45208506910.1,45208.5069
555.0,Agni_Class,MIDCOURSE,2937528.2629,2937.5283,974504.5948,974.5046,3357.7365,12087.8514,3357.7365,1814.1523,2825.4638,-0.0,-9.8066,9.8066,inf,2.0,0.0,0.0,0.0,0.0,0.0,8000.0,45097577400.38,45097.5774
555.5,Agni_Class,MIDCOURSE,2938938.5432,2938.9385,975411.671,975.4117,3353.6115,12073.0014,3353.6115,1814.1523,2820.5605,-0.0,-9.8066,9.8066,inf,2.0,0.0,0.0,0.0,0.0,0.0,8000.0,44986840231.43,44986.8402
556.0,Agni_Class,MIDCOURSE,2940346.3718,2940.3464,976318.7471,976.3187,3349.4886,12058.1589,3349.4886,1814.1523,2815.6572,-0.0,-9.8066,9.8066,inf,2.0,0.0,0.0,0.0,0.0,0.0,8000.0,44876295403.24,44876.2954
556.5,Agni_Class,MIDCOURSE,2941751.7487,2941.7517,977225.8233,977.2258,3345.3678,12043.3241,3345.3678,1814.1523,2810.7539,-0.0,-9.8066,9.8066,inf,2.0,0.0,0.0,0.0,0.0,0.0,8000.0,44765942915.82,44765.9429
557.0,Agni_Class,MIDCOURSE,2943154.6739,2943.1547,978132.8994,978.1329,3341.2491,12028.4968,3341.2491,1814.1523,2805.8505,-0.0,-9.8066,9.8066,inf,2.0,0.0,0.0,0.0,0.0,0.0,8000.0,44655782769.17,44655.7828
557.5,Agni_Class,MIDCOURSE,2944555.1475,2944.5551,979039.9755,979.04,3337.1326,12013.6772,3337.1326,1814.1523,2800.9472,-0.0,-9.8066,9.8066,inf,2.0,0.0,0.0,0.0,0.0,0.0,8000.0,44545814963.29,44545.815
558.0,Agni_Class,MIDCOURSE,2945953.1695,2945.9532,979947.0517,979.9471,3333.0181,11998.8653,3333.0181,1814.1523,2796.0439,-0.0,-9.8066,9.8066,inf,2.0,0.0,0.0,0.0,0.0,0.0,8000.0,44436039498.18,44436.0395
558.5,Agni_Class,MIDCOURSE,2947348.7398,2947.3487,980854.1278,980.8541,3328.9058,11984.061,3328.9058,1814.1523,2791.1406,-0.0,-9.8066,9.8066,inf,2.0,0.0,0.0,0.0,0.0,0.0,8000.0,44326456373.84,44326.4564
559.0,Agni_Class,MIDCOURSE,2948741.8584,2948.7419,981761.204,981.7612,3324.7957,11969.2645,3324.7957,1814.1523,2786.2372,-0.0,-9.8066,9.8066,inf,2.0,0.0,0.0,0.0,0.0,0.0,8000.0,44217065590.26,44217.0656
559.5,Agni_Class,MIDCOURSE,2950132.5253,2950.1325,982668.2801,982.6683,3320.6877,11954.4757,3320.6877,1814.1523,2781.3339,-0.0,-9.8066,9.8066,inf,2.0,0.0,0.0,0.0,0.0,0.0,8000.0,44107867147.45,44107.8671
560.0,Agni_Class,MIDCOURSE,2951520.7406,2951.5207,983575.3563,983.5754,3316.5819,11939.6947,3316.5819,1814.1523,2776.4306,-0.0,-9.8066,9.8066,inf,2.0,0.0,0.0,0.0,0.0,0.0,8000.0,43998861045.42,43998.861
560.5,Agni_Class,MIDCOURSE,2952906.5042,2952.9065,984482.4324,984.4824,3312.4782,11924.9215,3312.4782,1814.1523,2771.5273,-0.0,-9.8066,9.8066,inf,2.0,0.0,0.0,0.0,0.0,0.0,8000.0,43890047284.15,43890.0473
561.0,Agni_Class,MIDCOURSE,2954289.8162,2954.2898,985389.5085,985.3895,3308.3767,11910.1562,3308.3767,1814.1523,2766.6239,-0.0,-9.8066,9.8066,inf,2.0,0.0,0.0,0.0,0.0,0.0,8000.0,43781425863.64,43781.4259
561.5,Agni_Class,MIDCOURSE,2955670.6765,2955.6707,986296.5847,986.2966,3304.2774,11895.3987,3304.2774,1814.1523,2761.7206,-0.0,-9.8066,9.8066,inf,2.0,0.0,0.0,0.0,0.0,0.0,8000.0,43672996783.91,43672.9968
562.0,Agni_Class,MIDCOURSE,2957049.0851,2957.0491,987203.6608,987.2037,3300.1803,11880.6491,3300.1803,1814.1523,2756.8173,-0.0,-9.8066,9.8066,inf,2.0,0.0,0.0,0.0,0.0,0.0,8000.0,43564760044.95,43564.76
562.5,Agni_Class,MIDCOURSE,2958425.0421,2958.425,988110.737,988.1107,3296.0854,11865.9074,3296.0854,1814.1523,2751.914,-0.0,-9.8066,9.8066,inf,2.0,0.0,0.0,0.0,0.0,0.0,8000.0,43456715646.75,43456.7156
563.0,Agni_Class,MIDCOURSE,2959798.5474,2959.7985,989017.8131,989.0178,3291.9927,11851.1737,3291.9927,1814.1523,2747.0106,-0.0,-9.8066,9.8066,inf,2.0,0.0,0.0,0.0,0.0,0.0,8000.0,43348863589.32,43348.8636
563.5,Agni_Class,MIDCOURSE,2961169.6011,2961.1696,989924.8893,989.9249,3287.9022,11836.448,3287.9022,1814.1523,2742.1073,-0.0,-9.8066,9.8066,inf,2.0,0.0,0.0,0.0,0.0,0.0,8000.0,43241203872.66,43241.2039
564.0,Agni_Class,MIDCOURSE,2962538.2031,2962.5382,990831.9654,990.832,3283.814,11821.7303,3283.814,1814.1523,2737.204,-0.0,-9.8066,9.8066,inf,2.0,0.0,0.0,0.0,0.0,0.0,8000.0,43133736496.77,43133.7365
564.5,Agni_Class,MIDCOURSE,2963904.3534,2963.9044,991739.0415,991.739,3279.7279,11807.0206,3279.7279,1814.1523,2732.3007,-0.0,-9.8066,9.8066,inf,2.0,0.0,0.0,0.0,0.0,0.0,8000.0,43026461461.65,43026.4615
565.0,Agni_Class,MIDCOURSE,2965268.0521,2965.2681,992646.1177,992.6461,3275.6442,11792.319,3275.6442,1814.1523,2727.3973,-0.0,-9.8066,9.8066,inf,2.0,0.0,0.0,0.0,0.0,0.0,8000.0,42919378767.3,42919.3788
565.5,Agni_Class,MIDCOURSE,2966629.2991,2966.6293,993553.1938,993.5532,3271.5626,11777.6255,3271.5626,1814.1523,2722.494,-0.0,-9.8066,9.8066,inf,2.0,0.0,0.0,0.0,0.0,0.0,8000.0,42812488413.71,42812.4884
566.0,Agni_Class,MIDCOURSE,2967988.0944,2967.9881,994460.27,994.4603,3267.4834,11762.9401,3267.4834,1814.1523,2717.5907,-0.0,-9.8066,9.8066,inf,2.0,0.0,0.0,0.0,0.0,0.0,8000.0,42705790400.89,42705.7904
566.5,Agni_Class,MIDCOURSE,2969344.4381,2969.3444,995367.3461,995.3673,3263.4064,11748.263,3263.4064,1814.1523,2712.6874,-0.0,-9.8066,9.8066,inf,2.0,0.0,0.0,0.0,0.0,0.0,8000.0,42599284728.85,42599.2847
567.0,Agni_Class,MIDCOURSE,2970698.3301,2970.6983,996274.4223,996.2744,3259.3317,11733.594,3259.3317,1814.1523,2707.784,-0.0,-9.8066,9.8066,inf,2.0,0.0,0.0,0.0,0.0,0.0,8000.0,42492971397.57,42492.9714
567.5,Agni_Class,MIDCOURSE,2972049.7704,2972.0498,997181.4984,997.1815,3255.2592,11718.9332,3255.2592,1814.1523,2702.8807,-0.0,-9.8066,9.8066,inf,2.0,0.0,0.0,0.0,0.0,0.0,8000.0,42386850407.05,42386.8504
568.0,Agni_Class,MIDCOURSE,2973398.7591,2973.3988,998088.5745,998.0886,3251.1891,11704.2807,3251.1891,1814.1523,2697.9774,-0.0,-9.8066,9.8066,inf,2.0,0.0,0.0,0.0,0.0,0.0,8000.0,42280921757.31,42280.9218
568.5,Agni_Class,MIDCOURSE,2974745.2961,2974.7453,998995.6507,998.9957,3247.1212,11689.6365,3247.1212,1814.1523,2693.0741,-0.0,-9.8066,9.8066,inf,2.0,0.0,0.0,0.0,0.0,0.0,8000.0,42175185448.34,42175.1854
569.0,Agni_Class,MIDCOURSE,2976089.3815,2976.0894,999902.7268,999.9027,3243.0557,11675.0006,3243.0557,1814.1523,2688.1707,-0.0,-9.8066,9.8066,inf,2.0,0.0,0.0,0.0,0.0,0.0,8000.0,42069641480.13,42069.6415
569.5,Agni_Class,MIDCOURSE,2977431.0152,2977.431,1000809.803,1000.8098,3238.9925,11660.373,3238.9925,1814.1523,2683.2674,-0.0,-9.8066,9.8066,inf,2.0,0.0,0.0,0.0,0.0,0.0,8000.0,41964289852.69,41964.2899
570.0,Agni_Class,MIDCOURSE,2978770.1972,2978.7702,1001716.8791,1001.7169,3234.9316,11645.7539,3234.9316,1814.1523,2678.3641,-0.0,-9.8066,9.8066,inf,2.0,0.0,0.0,0.0,0.0,0.0,8000.0,41859130566.02,41859.1306
570.5,Agni_Class,MIDCOURSE,2980106.9276,2980.1069,1002623.9553,1002.624,3230.8731,11631.1431,3230.8731,1814.1523,2673.4608,-0.0,-9.8066,9.8066,inf,2.0,0.0,0.0,0.0,0.0,0.0,8000.0,41754163620.12,41754.1636
571.0,Agni_Class,MIDCOURSE,2981441.2063,2981.4412,1003531.0314,1003.531,3226.8169,11616.5408,3226.8169,1814.1523,2668.5574,-0.0,-9.8066,9.8066,inf,2.0,0.0,0.0,0.0,0.0,0.0,8000.0,41649389014.99,41649.389
571.5,Agni_Class,MIDCOURSE,2982773.0334,2982.773,1004438.1075,1004.4381,3222.7631,11601.947,3222.7631,1814.1523,2663.6541,-0.0,-9.8066,9.8066,inf,2.0,0.0,0.0,0.0,0.0,0.0,8000.0,41544806750.62,41544.8068
572.0,Agni_Class,MIDCOURSE,2984102.4088,2984.1024,1005345.1837,1005.3452,3218.7116,11587.3617,3218.7116,1814.1523,2658.7508,-0.0,-9.8066,9.8066,inf,2.0,0.0,0.0,0.0,0.0,0.0,8000.0,41440416827.03,41440.4168
572.5,Agni_Class,MIDCOURSE,2985429.3325,2985.4293,1006252.2598,1006.2523,3214.6625,11572.7849,3214.6625,1814.1523,2653.8475,-0.0,-9.8066,9.8066,inf,2.0,0.0,0.0,0.0,0.0,0.0,8000.0,41336219244.2,41336.2192
573.0,Agni_Class,MIDCOURSE,2986753.8046,2986.7538,1007159.336,1007.1593,3210.6158,11558.2167,3210.6158,1814.1523,2648.9441,-0.0,-9.8066,9.8066,inf,2.0,0.0,0.0,0.0,0.0,0.0,8000.0,41232214002.14,41232.214
573.5,Agni_Class,MIDCOURSE,2988075.825,2988.0758,1008066.4121,1008.0664,3206.5714,11543.6571,3206.5714,1814.1523,2644.0408,-0.0,-9.8066,9.8066,inf,2.0,0.0,0.0,0.0,0.0,0.0,8000.0,41128401100.85,41128.4011
574.0,Agni_Class,MIDCOURSE,2989395.3937,2989.3954,1008973.4883,1008.9735,3202.5295,11529.1062,3202.5295,1814.1523,2639.1375,-0.0,-9.8066,9.8066,inf,2.0,0.0,0.0,0.0,0.0,0.0,8000.0,41024780540.33,41024.7805
574.5,Agni_Class,MIDCOURSE,2990712.5108,2990.7125,1009880.5644,1009.8806,3198.49,11514.5639,3198.49,1814.1523,2634.2342,-0.0,-9.8066,9.8066,inf,2.0,0.0,0.0,0.0,0.0,0.0,8000.0,40921352320.58,40921.3523
575.0,Agni_Class,MIDCOURSE,2992027.1762,2992.0272,1010787.6405,1010.7876,3194.4529,11500.0303,3194.4529,1814.1523,2629.3308,-0.0,-9.8066,9.8066,inf,2.0,0.0,0.0,0.0,0.0,0.0,8000.0,40818116441.59,40818.1164
575.5,Agni_Class,MIDCOURSE,2993339.3899,2993.3394,1011694.7167,1011.6947,3190.4182,11485.5055,3190.4182,1814.1523,2624.4275,-0.0,-9.8066,9.8066,inf,2.0,0.0,0.0,0.0,0.0,0.0,8000.0,40715072903.37,40715.0729
576.0,Agni_Class,MIDCOURSE,2994649.152,2994.6492,1012601.7928,1012.6018,3186.386,11470.9894,3186.386,1814.1523,2619.5242,-0.0,-9.8066,9.8066,inf,2.0,0.0,0.0,0.0,0.0,0.0,8000.0,40612221705.93,40612.2217
576.5,Agni_Class,MIDCOURSE,2995956.4625,2995.9565,1013508.869,1013.5089,3182.3562,11456.4822,3182.3562,1814.1523,2614.6209,-0.0,-9.8066,9.8066,inf,2.0,0.0,0.0,0.0,0.0,0.0,8000.0,40509562849.25,40509.5628
577.0,Agni_Class,MIDCOURSE,2997261.3212,2997.2613,1014415.9451,1014.4159,3178.3288,11441.9837,3178.3288,1814.1523,2609.7175,-0.0,-9.8066,9.8066,inf,2.0,0.0,0.0,0.0,0.0,0.0,8000.0,40407096333.33,40407.0963
577.5,Agni_Class,MIDCOURSE,2998563.7283,2998.5637,1015323.0213,1015.323,3174.3039,11427.4942,3174.3039,1814.1523,2604.8142,-0.0,-9.8066,9.8066,inf,2.0,0.0,0.0,0.0,0.0,0.0,8000.0,40304822158.19,40304.8222
578.0,Agni_Class,MIDCOURSE,2999863.6838,2999.8637,1016230.0974,1016.2301,3170.2815,11413.0136,3170.2815,1814.1523,2599.9109,-0.0,-9.8066,9.8066,inf,2.0,0.0,0.0,0.0,0.0,0.0,8000.0,40202740323.82,40202.7403
578.5,Agni_Class,MIDCOURSE,3001161.1875,3001.1612,1017137.1735,1017.1372,3166.2616,11398.5419,3166.2616,1814.1523,2595.0076,-0.0,-9.8066,9.8066,inf,2.0,0.0,0.0,0.0,0.0,0.0,8000.0,40100850830.21,40100.8508
579.0,Agni_Class,MIDCOURSE,3002456.2396,3002.4562,1018044.2497,1018.0442,3162.2442,11384.0791,3162.2442,1814.1523,2590.1042,-0.0,-9.8066,9.8066,inf,2.0,0.0,0.0,0.0,0.0,0.0,8000.0,39999153677.37,39999.1537
579.5,Agni_Class,MIDCOURSE,3003748.8401,3003.7488,1018951.3258,1018.9513,3158.2293,11369.6254,3158.2293,1814.1523,2585.2009,-0.0,-9.8066,9.8066,inf,2.0,0.0,0.0,0.0,0.0,0.0,8000.0,39897648865.31,39897.6489
580.0,Agni_Class,MIDCOURSE,3005038.9889,3005.039,1019858.402,1019.8584,3154.2169,11355.1808,3154.2169,1814.1523,2580.2976,-0.0,-9.8066,9.8066,inf,2.0,0.0,0.0,0.0,0.0,0.0,8000.0,39796336394.0,39796.3364
580.5,Agni_Class,MIDCOURSE,3006326.686,3006.3267,1020765.4781,1020.7655,3150.207,11340.7452,3150.207,1814.1523,2575.3943,-0.0,-9.8066,9.8066,inf,2.0,0.0,0.0,0.0,0.0,0.0,8000.0,39695216263.47,39695.2163
581.0,Agni_Class,MIDCOURSE,3007611.9315,3007.6119,1021672.5543,1021.6726,3146.1996,11326.3187,3146.1996,1814.1523,2570.4909,-0.0,-9.8066,9.8066,inf,2.0,0.0,0.0,0.0,0.0,0.0,8000.0,39594288473.71,39594.2885
581.5,Agni_Class,MIDCOURSE,3008894.7253,3008.8947,1022579.6304,1022.5796,3142.1948,11311.9013,3142.1948,1814.1523,2565.5876,-0.0,-9.8066,9.8066,inf,2.0,0.0,0.0,0.0,0.0,0.0,8000.0,39493553024.71,39493.553
582.0,Agni_Class,MIDCOURSE,3010175.0674,3010.1751,1023486.7065,1023.4867,3138.1925,11297.4932,3138.1925,1814.1523,2560.6843,-0.0,-9.8066,9.8066,inf,2.0,0.0,0.0,0.0,0.0,0.0,8000.0,39393009916.49,39393.0099
582.5,Agni_Class,MIDCOURSE,3011452.9579,3011.453,1024393.7827,1024.3938,3134.1928,11283.0942,3134.1928,1814.1523,2555.781,-0.0,-9.8066,9.8066,inf,2.0,0.0,0.0,0.0,0.0,0.0,8000.0,39292659149.03,39292.6591
583.0,Agni_Class,MIDCOURSE,3012728.3967,3012.7284,1025300.8588,1025.3009,3130.1957,11268.7046,3130.1957,1814.1523,2550.8776,-0.0,-9.8066,9.8066,inf,2.0,0.0,0.0,0.0,0.0,0.0,8000.0,39192500722.34,39192.5007
583.5,Agni_Class,MIDCOURSE,3014001.3839,3014.0014,1026207.935,1026.2079,3126.2012,11254.3242,3126.2012,1814.1523,2545.9743,-0.0,-9.8066,9.8066,inf,2.0,0.0,0.0,0.0,0.0,0.0,8000.0,39092534636.42,39092.5346
584.0,Agni_Class,MIDCOURSE,3015271.9193,3015.2719,1027115.0111,1027.115,3122.2092,11239.9531,3122.2092,1814.1523,2541.071,-0.0,-9.8066,9.8066,inf,2.0,0.0,0.0,0.0,0.0,0.0,8000.0,38992760891.26,38992.7609
584.5,Agni_Class,MIDCOURSE,3016540.0032,3016.54,1028022.0873,1028.0221,3118.2198,11225.5914,3118.2198,1814.1523,2536.1677,-0.0,-9.8066,9.8066,inf,2.0,0.0,0.0,0.0,0.0,0.0,8000.0,38893179486.88,38893.1795
585.0,Agni_Class,MIDCOURSE,3017805.6353,3017.8056,1028929.1634,1028.9292,3114.2331,11211.239,3114.2331,1814.1523,2531.2643,-0.0,-9.8066,9.8066,inf,2.0,0.0,0.0,0.0,0.0,0.0,8000.0,38793790423.26,38793.7904
585.5,Agni_Class,MIDCOURSE,3019068.8158,3019.0688,1029836.2395,1029.8362,3110.2489,11196.8962,3110.2489,1814.1523,2526.361,-0.0,-9.8066,9.8066,inf,2.0,0.0,0.0,0.0,0.0,0.0,8000.0,38694593700.41,38694.5937
586.0,Agni_Class,MIDCOURSE,3020329.5447,3020.3295,1030743.3157,1030.7433,3106.2674,11182.5627,3106.2674,1814.1523,2521.4577,-0.0,-9.8066,9.8066,inf,2.0,0.0,0.0,0.0,0.0,0.0,8000.0,38595589318.34,38595.5893
586.5,Agni_Class,MIDCOURSE,3021587.8218,3021.5878,1031650.3918,1031.6504,3102.2886,11168.2388,3102.2886,1814.1523,2516.5544,-0.0,-9.8066,9.8066,inf,2.0,0.0,0.0,0.0,0.0,0.0,8000.0,38496777277.02,38496.7773
587.0,Agni_Class,MIDCOURSE,3022843.6474,3022.8436,1032557.468,1032.5575,3098.3123,11153.9244,3098.3123,1814.1523,2511.651,-0.0,-9.8066,9.8066,inf,2.0,0.0,0.0,0.0,0.0,0.0,8000.0,38398157576.48,38398.1576
587.5,Agni_Class,MIDCOURSE,3024097.0212,3024.097,1033464.5441,1033.4645,3094.3388,11139.6196,3094.3388,1814.1523,2506.7477,-0.0,-9.8066,9.8066,inf,2.0,0.0,0.0,0.0,0.0,0.0,8000.0,38299730216.71,38299.7302
588.0,Agni_Class,MIDCOURSE,3025347.9434,3025.3479,1034371.6203,1034.3716,3090.3679,11125.3245,3090.3679,1814.1523,2501.8444,-0.0,-9.8066,9.8066,inf,2.0,0.0,0.0,0.0,0.0,0.0,8000.0,38201495197.7,38201.4952
588.5,Agni_Class,MIDCOURSE,3026596.4139,3026.5964,1035278.6964,1035.2787,3086.3997,11111.0389,3086.3997,1814.1523,2496.9411,-0.0,-9.8066,9.8066,inf,2.0,0.0,0.0,0.0,0.0,0.0,8000.0,38103452519.47,38103.4525
589.0,Agni_Class,MIDCOURSE,3027842.4328,3027.8424,1036185.7725,1036.1858,3082.4342,11096.7631,3082.4342,1814.1523,2492.0377,-0.0,-9.8066,9.8066,inf,2.0,0.0,0.0,0.0,0.0,0.0,8000.0,38005602182.0,38005.6022
589.5,Agni_Class,MIDCOURSE,3029086.0,3029.086,1037092.8487,1037.0928,3078.4714,11082.497,3078.4714,1814.1523,2487.1344,-0.0,-9.8066,9.8066,inf,2.0,0.0,0.0,0.0,0.0,0.0,8000.0,37907944185.3,37907.9442
590.0,Agni_Class,MIDCOURSE,3030327.1155,3030.3271,1037999.9248,1037.9999,3074.5113,11068.2406,3074.5113,1814.1523,2482.2311,-0.0,-9.8066,9.8066,inf,2.0,0.0,0.0,0.0,0.0,0.0,8000.0,37810478529.37,37810.4785
590.5,Agni_Class,MIDCOURSE,3031565.7794,3031.5658,1038907.001,1038.907,3070.5539,11053.9941,3070.5539,1814.1523,2477.3278,-0.0,-9.8066,9.8066,inf,2.0,0.0,0.0,0.0,0.0,0.0,8000.0,37713205214.2,37713.2052
591.0,Agni_Class,MIDCOURSE,3032801.9916,3032.802,1039814.0771,1039.8141,3066.5993,11039.7574,3066.5993,1814.1523,2472.4244,-0.0,-9.8066,9.8066,inf,2.0,0.0,0.0,0.0,0.0,0.0,8000.0,37616124239.81,37616.1242
591.5,Agni_Class,MIDCOURSE,3034035.7522,3034.0358,1040721.1533,1040.7212,3062.6474,11025.5305,3062.6474,1814.1523,2467.5211,-0.0,-9.8066,9.8066,inf,2.0,0.0,0.0,0.0,0.0,0.0,8000.0,37519235606.18,37519.2356
592.0,Agni_Class,MIDCOURSE,3035267.0611,3035.2671,1041628.2294,1041.6282,3058.6982,11011.3136,3058.6982,1814.1523,2462.6178,-0.0,-9.8066,9.8066,inf,2.0,0.0,0.0,0.0,0.0,0.0,8000.0,37422539313.32,37422.5393
592.5,Agni_Class,MIDCOURSE,3036495.9183,3036.4959,1042535.3055,1042.5353,3054.7518,10997.1066,3054.7518,1814.1523,2457.7145,-0.0,-9.8066,9.8066,inf,2.0,0.0,0.0,0.0,0.0,0.0,8000.0,37326035361.23,37326.0354
593.0,Agni_Class,MIDCOURSE,3037722.3238,3037.7223,1043442.3817,1043.4424,3050.8082,10982.9097,3050.8082,1814.1523,2452.8111,-0.0,-9.8066,9.8066,inf,2.0,0.0,0.0,0.0,0.0,0.0,8000.0,37229723749.91,37229.7237
593.5,Agni_Class,MIDCOURSE,3038946.2777,3038.9463,1044349.4578,1044.3495,3046.8674,10968.7227,3046.8674,1814.1523,2447.9078,-0.0,-9.8066,9.8066,inf,2.0,0.0,0.0,0.0,0.0,0.0,8000.0,37133604479.36,37133.6045
594.0,Agni_Class,MIDCOURSE,3040167.78,3040.1678,1045256.534,1045.2565,3042.9294,10954.5459,3042.9294,1814.1523,2443.0045,-0.0,-9.8066,9.8066,inf,2.0,0.0,0.0,0.0,0.0,0.0,8000.0,37037677549.58,37037.6775
594.5,Agni_Class,MIDCOURSE,3041386.8306,3041.3868,1046163.6101,1046.1636,3038.9942,10940.3791,3038.9942,1814.1523,2438.1012,-0.0,-9.8066,9.8066,inf,2.0,0.0,0.0,0.0,0.0,0.0,8000.0,36941942960.56,36941.943
595.0,Agni_Class,MIDCOURSE,3042603.4295,3042.6034,1047070.6862,1047.0707,3035.0618,10926.2225,3035.0618,1814.1523,2433.1978,-0.0,-9.8066,9.8066,inf,2.0,0.0,0.0,0.0,0.0,0.0,8000.0,36846400712.31,36846.4007
595.5,Agni_Class,MIDCOURSE,3043817.5767,3043.8176,1047977.7624,1047.9778,3031.1322,10912.0761,3031.1322,1814.1523,2428.2945,-0.0,-9.8066,9.8066,inf,2.0,0.0,0.0,0.0,0.0,0.0,8000.0,36751050804.83,36751.0508
596.0,Agni_Class,MIDCOURSE,3045029.2723,3045.0293,1048884.8385,1048.8848,3027.2055,10897.9399,3027.2055,1814.1523,2423.3912,-0.0,-9.8066,9.8066,inf,2.0,0.0,0.0,0.0,0.0,0.0,8000.0,36655893238.12,36655.8932
596.5,Agni_Class,MIDCOURSE,3046238.5162,3046.2385,1049791.9147,1049.7919,3023.2817,10883.814,3023.2817,1814.1523,2418.4879,-0.0,-9.8066,9.8066,inf,2.0,0.0,0.0,0.0,0.0,0.0,8000.0,36560928012.18,36560.928
597.0,Agni_Class,MIDCOURSE,3047445.3085,3047.4453,1050698.9908,1050.699,3019.3607,10869.6984,3019.3607,1814.1523,2413.5845,-0.0,-9.8066,9.8066,inf,2.0,0.0,0.0,0.0,0.0,0.0,8000.0,36466155127.01,36466.1551
597.5,Agni_Class,MIDCOURSE,3048649.6491,3048.6496,1051606.067,1051.6061,3015.4425,10855.5931,3015.4425,1814.1523,2408.6812,-0.0,-9.8066,9.8066,inf,2.0,0.0,0.0,0.0,0.0,0.0,8000.0,36371574582.6,36371.5746
598.0,Agni_Class,MIDCOURSE,3049851.538,3049.8515,1052513.1431,1052.5131,3011.5273,10841.4982,3011.5273,1814.1523,2403.7779,-0.0,-9.8066,9.8066,inf,2.0,0.0,0.0,0.0,0.0,0.0,8000.0,36277186378.97,36277.1864
598.5,Agni_Class,MIDCOURSE,3051050.9753,3051.051,1053420.2192,1053.4202,3007.6149,10827.4138,3007.6149,1814.1523,2398.8746,-0.0,-9.8066,9.8066,inf,2.0,0.0,0.0,0.0,0.0,0.0,8000.0,36182990516.1,36182.9905
599.0,Agni_Class,MIDCOURSE,3052247.9609,3052.248,1054327.2954,1054.3273,3003.7055,10813.3398,3003.7055,1814.1523,2393.9712,-0.0,-9.8066,9.8066,inf,2.0,0.0,0.0,0.0,0.0,0.0,8000.0,36088986994.0,36088.987
599.5,Agni_Class,MIDCOURSE,3053442.4949,3053.4425,1055234.3715,1055.2344,2999.799,10799.2763,2999.799,1814.1523,2389.0679,-0.0,-9.8066,9.8066,inf,2.0,0.0,0.0,0.0,0.0,0.0,8000.0,35995175812.67,35995.1758
600.0,Agni_Class,MIDCOURSE,3054634.5772,3054.6346,1056141.4477,1056.1414,2995.8954,10785.2234,2995.8954,1814.1523,2384.1646,-0.0,-9.8066,9.8066,inf,2.0,0.0,0.0,0.0,0.0,0.0,8000.0,35901556972.1,35901.557
600.5,Agni_Class,MIDCOURSE,3055824.2078,3055.8242,1057048.5238,1057.0485,2991.9948,10771.1811,2991.9948,1814.1523,2379.2613,-0.0,-9.8066,9.8066,inf,2.0,0.0,0.0,0.0,0.0,0.0,8000.0,35808130472.31,35808.1305
601.0,Agni_Class,MIDCOURSE,3057011.3868,3057.0114,1057955.6,1057.9556,2988.0971,10757.1494,2988.0971,1814.1523,2374.3579,-0.0,-9.8066,9.8066,inf,2.0,0.0,0.0,0.0,0.0,0.0,8000.0,35714896313.28,35714.8963
601.5,Agni_Class,MIDCOURSE,3058196.1141,3058.1961,1058862.6761,1058.8627,2984.2023,10743.1284,2984.2023,1814.1523,2369.4546,-0.0,-9.8066,9.8066,inf,2.0,0.0,0.0,0.0,0.0,0.0,8000.0,35621854495.03,35621.8545
602.0,Agni_Class,MIDCOURSE,3059378.3897,3059.3784,1059769.7522,1059.7698,2980.3106,10729.1181,2980.3106,1814.1523,2364.5513,-0.0,-9.8066,9.8066,inf,2.0,0.0,0.0,0.0,0.0,0.0,8000.0,35529005017.54,35529.005
602.5,Agni_Class,MIDCOURSE,3060558.2137,3060.5582,1060676.8284,1060.6768,2976.4218,10715.1186,2976.4218,1814.1523,2359.648,-0.0,-9.8066,9.8066,inf,2.0,0.0,0.0,0.0,0.0,0.0,8000.0,35436347880.82,35436.3479
603.0,Agni_Class,MIDCOURSE,3061735.586,3061.7356,1061583.9045,1061.5839,2972.5361,10701.1299,2972.5361,1814.1523,2354.7446,-0.0,-9.8066,9.8066,inf,2.0,0.0,0.0,0.0,0.0,0.0,8000.0,35343883084.86,35343.8831
603.5,Agni_Class,MIDCOURSE,3062910.5066,3062.9105,1062490.9807,1062.491,2968.6533,10687.152,2968.6533,1814.1523,2349.8413,-0.0,-9.8066,9.8066,inf,2.0,0.0,0.0,0.0,0.0,0.0,8000.0,35251610629.68,35251.6106
604.0,Agni_Class,MIDCOURSE,3064082.9756,3064.083,1063398.0568,1063.3981,2964.7736,10673.185,2964.7736,1814.1523,2344.938,-0.0,-9.8066,9.8066,inf,2.0,0.0,0.0,0.0,0.0,0.0,8000.0,35159530515.27,35159.5305
604.5,Agni_Class,MIDCOURSE,3065252.993,3065.253,1064305.133,1064.3051,2960.8969,10659.229,2960.8969,1814.1523,2340.0347,-0.0,-9.8066,9.8066,inf,2.0,0.0,0.0,0.0,0.0,0.0,8000.0,35067642741.62,35067.6427
605.0,Agni_Class,MIDCOURSE,3066420.5586,3066.4206,1065212.2091,1065.2122,2957.0233,10645.2839,2957.0233,1814.1523,2335.1313,-0.0,-9.8066,9.8066,inf,2.0,0.0,0.0,0.0,0.0,0.0,8000.0,34975947308.74,34975.9473
605.5,Agni_Class,MIDCOURSE,3067585.6726,3067.5857,1066119.2852,1066.1193,2953.1527,10631.3498,2953.1527,1814.1523,2330.228,-0.0,-9.8066,9.8066,inf,2.0,0.0,0.0,0.0,0.0,0.0,8000.0,34884444216.63,34884.4442
606.0,Agni_Class,MIDCOURSE,3068748.335,3068.7483,1067026.3614,1067.0264,2949.2852,10617.4268,2949.2852,1814.1523,2325.3247,-0.0,-9.8066,9.8066,inf,2.0,0.0,0.0,0.0,0.0,0.0,8000.0,34793133465.29,34793.1335
606.5,Agni_Class,MIDCOURSE,3069908.5456,3069.9085,1067933.4375,1067.9334,2945.4208,10603.5149,2945.4208,1814.1523,2320.4214,-0.0,-9.8066,9.8066,inf,2.0,0.0,0.0,0.0,0.0,0.0,8000.0,34702015054.72,34702.0151
607.0,Agni_Class,MIDCOURSE,3071066.3046,3071.0663,1068840.5137,1068.8405,2941.5595,10589.6142,2941.5595,1814.1523,2315.518,-0.0,-9.8066,9.8066,inf,2.0,0.0,0.0,0.0,0.0,0.0,8000.0,34611088984.91,34611.089
607.5,Agni_Class,MIDCOURSE,3072221.612,3072.2216,1069747.5898,1069.7476,2937.7013,10575.7246,2937.7013,1814.1523,2310.6147,-0.0,-9.8066,9.8066,inf,2.0,0.0,0.0,0.0,0.0,0.0,8000.0,34520355255.88,34520.3553
608.0,Agni_Class,MIDCOURSE,3073374.4677,3073.3745,1070654.666,1070.6547,2933.8462,10561.8463,2933.8462,1814.1523,2305.7114,-0.0,-9.8066,9.8066,inf,2.0,0.0,0.0,0.0,0.0,0.0,8000.0,34429813867.61,34429.8139
608.5,Agni_Class,MIDCOURSE,3074524.8717,3074.5249,1071561.7421,1071.5617,2929.9942,10547.9792,2929.9942,1814.1523,2300.8081,-0.0,-9.8066,9.8066,inf,2.0,0.0,0.0,0.0,0.0,0.0,8000.0,34339464820.11,34339.4648
609.0,Agni_Class,MIDCOURSE,3075672.8241,3075.6728,1072468.8182,1072.4688,2926.1454,10534.1235,2926.1454,1814.1523,2295.9047,-0.0,-9.8066,9.8066,inf,2.0,0.0,0.0,0.0,0.0,0.0,8000.0,34249308113.38,34249.3081
609.5,Agni_Class,MIDCOURSE,3076818.3248,3076.8183,1073375.8944,1073.3759,2922.2998,10520.2792,2922.2998,1814.1523,2291.0014,-0.0,-9.8066,9.8066,inf,2.0,0.0,0.0,0.0,0.0,0.0,8000.0,34159343747.42,34159.3437
610.0,Agni_Class,MIDCOURSE,3077961.3738,3077.9614,1074282.9705,1074.283,2918.4573,10506.4462,2918.4573,1814.1523,2286.0981,-0.0,-9.8066,9.8066,inf,2.0,0.0,0.0,0.0,0.0,0.0,8000.0,34069571722.22,34069.5717
610.5,Agni_Class,MIDCOURSE,3079101.9712,3079.102,1075190.0467,1075.19,2914.618,10492.6248,2914.618,1814.1523,2281.1948,-0.0,-9.8066,9.8066,inf,2.0,0.0,0.0,0.0,0.0,0.0,8000.0,33979992037.8,33979.992
611.0,Agni_Class,MIDCOURSE,3080240.1169,3080.2401,1076097.1228,1076.0971,2910.7819,10478.8148,2910.7819,1814.1523,2276.2914,-0.0,-9.8066,9.8066,inf,2.0,0.0,0.0,0.0,0.0,0.0,8000.0,33890604694.14,33890.6047
611.5,Agni_Class,MIDCOURSE,3081375.8109,3081.3758,1077004.199,1077.0042,2906.949,10465.0164,2906.949,1814.1523,2271.3881,-0.0,-9.8066,9.8066,inf,2.0,0.0,0.0,0.0,0.0,0.0,8000.0,33801409691.25,33801.4097
612.0,Agni_Class,MIDCOURSE,3082509.0533,3082.5091,1077911.2751,1077.9113,2903.1193,10451.2295,2903.1193,1814.1523,2266.4848,-0.0,-9.8066,9.8066,inf,2.0,0.0,0.0,0.0,0.0,0.0,8000.0,33712407029.13,33712.407
612.5,Agni_Class,MIDCOURSE,3083639.8441,3083.6398,1078818.3512,1078.8184,2899.2929,10437.4544,2899.2929,1814.1523,2261.5815,-0.0,-9.8066,9.8066,inf,2.0,0.0,0.0,0.0,0.0,0.0,8000.0,33623596707.78,33623.5967
613.0,Agni_Class,MIDCOURSE,3084768.1831,3084.7682,1079725.4274,1079.7254,2895.4697,10423.6909,2895.4697,1814.1523,2256.6781,-0.0,-9.8066,9.8066,inf,2.0,0.0,0.0,0.0,0.0,0.0,8000.0,33534978727.2,33534.9787
613.5,Agni_Class,MIDCOURSE,3085894.0705,3085.8941,1080632.5035,1080.6325,2891.6497,10409.9391,2891.6497,1814.1523,2251.7748,-0.0,-9.8066,9.8066,inf,2.0,0.0,0.0,0.0,0.0,0.0,8000.0,33446553087.38,33446.5531
614.0,Agni_Class,MIDCOURSE,3087017.5063,3087.0175,1081539.5797,1081.5396,2887.8331,10396.1991,2887.8331,1814.1523,2246.8715,-0.0,-9.8066,9.8066,inf,2.0,0.0,0.0,0.0,0.0,0.0,8000.0,33358319788.33,33358.3198
614.5,Agni_Class,MIDCOURSE,3088138.4903,3088.1385,1082446.6558,1082.4467,2884.0197,10382.471,2884.0197,1814.1523,2241.9682,-0.0,-9.8066,9.8066,inf,2.0,0.0,0.0,0.0,0.0,0.0,8000.0,33270278830.06,33270.2788
615.0,Agni_Class,MIDCOURSE,3089257.0228,3089.257,1083353.732,1083.3537,2880.2096,10368.7547,2880.2096,1814.1523,2237.0648,-0.0,-9.8066,9.8066,inf,2.0,0.0,0.0,0.0,0.0,0.0,8000.0,33182430212.55,33182.4302
615.5,Agni_Class,MIDCOURSE,3090373.1035,3090.3731,1084260.8081,1084.2608,2876.4029,10355.0503,2876.4029,1814.1523,2232.1615,-0.0,-9.8066,9.8066,inf,2.0,0.0,0.0,0.0,0.0,0.0,8000.0,33094773935.81,33094.7739
616.0,Agni_Class,MIDCOURSE,3091486.7326,3091.4867,1085167.8842,1085.1679,2872.5994,10341.358,2872.5994,1814.1523,2227.2582,-0.0,-9.8066,9.8066,inf,2.0,0.0,0.0,0.0,0.0,0.0,8000.0,33007309999.83,33007.31
616.5,Agni_Class,MIDCOURSE,3092597.91,3092.5979,1086074.9604,1086.075,2868.7993,10327.6776,2868.7993,1814.1523,2222.3549,-0.0,-9.8066,9.8066,inf,2.0,0.0,0.0,0.0,0.0,0.0,8000.0,32920038404.63,32920.0384
617.0,Agni_Class,MIDCOURSE,3093706.6358,3093.7066,1086982.0365,1086.982,2865.0026,10314.0093,2865.0026,1814.1523,2217.4515,-0.0,-9.8066,9.8066,inf,2.0,0.0,0.0,0.0,0.0,0.0,8000.0,32832959150.19,32832.9592
617.5,Agni_Class,MIDCOURSE,3094812.9099,3094.8129,1087889.1127,1087.8891,2861.2092,10300.3531,2861.2092,1814.1523,2212.5482,-0.0,-9.8066,9.8066,inf,2.0,0.0,0.0,0.0,0.0,0.0,8000.0,32746072236.53,32746.0722
618.0,Agni_Class,MIDCOURSE,3095916.7323,3095.9167,1088796.1888,1088.7962,2857.4192,10286.7091,2857.4192,1814.1523,2207.6449,-0.0,-9.8066,9.8066,inf,2.0,0.0,0.0,0.0,0.0,0.0,8000.0,32659377663.63,32659.3777
618.5,Agni_Class,MIDCOURSE,3097018.1031,3097.0181,1089703.265,1089.7033,2853.6326,10273.0773,2853.6326,1814.1523,2202.7416,-0.0,-9.8066,9.8066,inf,2.0,0.0,0.0,0.0,0.0,0.0,8000.0,32572875431.5,32572.8754
619.0,Agni_Class,MIDCOURSE,3098117.0222,3098.117,1090610.3411,1090.6103,2849.8494,10259.4577,2849.8494,1814.1523,2197.8382,-0.0,-9.8066,9.8066,inf,2.0,0.0,0.0,0.0,0.0,0.0,8000.0,32486565540.14,32486.5655
619.5,Agni_Class,MIDCOURSE,3099213.4897,3099.2135,1091517.4172,1091.5174,2846.0696,10245.8505,2846.0696,1814.1523,2192.9349,-0.0,-9.8066,9.8066,inf,2.0,0.0,0.0,0.0,0.0,0.0,8000.0,32400447989.54,32400.448
620.0,Agni_Class,MIDCOURSE,3100307.5054,3100.3075,1092424.4934,1092.4245,2842.2932,10232.2556,2842.2932,1814.1523,2188.0316,-0.0,-9.8066,9.8066,inf,2.0,0.0,0.0,0.0,0.0,0.0,8000.0,32314522779.72,32314.5228
620.5,Agni_Class,MIDCOURSE,3101399.0696,3101.3991,1093331.5695,1093.3316,2838.5203,10218.6731,2838.5203,1814.1523,2183.1283,-0.0,-9.8066,9.8066,inf,2.0,0.0,0.0,0.0,0.0,0.0,8000.0,32228789910.66,32228.7899
621.0,Agni_Class,MIDCOURSE,3102488.182,3102.4882,1094238.6457,1094.2386,2834.7508,10205.103,2834.7508,1814.1523,2178.2249,-0.0,-9.8066,9.8066,inf,2.0,0.0,0.0,0.0,0.0,0.0,8000.0,32143249382.37,32143.2494
621.5,Agni_Class,MIDCOURSE,3103574.8428,3103.5748,1095145.7218,1095.1457,2830.9849,10191.5455,2830.9849,1814.1523,2173.3216,-0.0,-9.8066,9.8066,inf,2.0,0.0,0.0,0.0,0.0,0.0,8000.0,32057901194.85,32057.9012
622.0,Agni_Class,MIDCOURSE,3104659.052,3104.6591,1096052.798,1096.0528,2827.2224,10178.0005,2827.2224,1814.1523,2168.4183,-0.0,-9.8066,9.8066,inf,2.0,0.0,0.0,0.0,0.0,0.0,8000.0,31972745348.1,31972.7453
622.5,Agni_Class,MIDCOURSE,3105740.8095,3105.7408,1096959.8741,1096.9599,2823.4634,10164.4682,2823.4634,1814.1523,2163.515,-0.0,-9.8066,9.8066,inf,2.0,0.0,0.0,0.0,0.0,0.0,8000.0,31887781842.12,31887.7818
623.0,Agni_Class,MIDCOURSE,3106820.1153,3106.8201,1097866.9502,1097.867,2819.7079,10150.9485,2819.7079,1814.1523,2158.6116,-0.0,-9.8066,9.8066,inf,2.0,0.0,0.0,0.0,0.0,0.0,8000.0,31803010676.9,31803.0107
623.5,Agni_Class,MIDCOURSE,3107896.9694,3107.897,1098774.0264,1098.774,2815.956,10137.4415,2815.956,1814.1523,2153.7083,-0.0,-9.8066,9.8066,inf,2.0,0.0,0.0,0.0,0.0,0.0,8000.0,31718431852.46,31718.4319
624.0,Agni_Class,MIDCOURSE,3108971.3719,3108.9714,1099681.1025,1099.6811,2812.2076,10123.9472,2812.2076,1814.1523,2148.805,-0.0,-9.8066,9.8066,inf,2.0,0.0,0.0,0.0,0.0,0.0,8000.0,31634045368.78,31634.0454
624.5,Agni_Class,MIDCOURSE,3110043.3227,3110.0433,1100588.1787,1100.5882,2808.4627,10110.4658,2808.4627,1814.1523,2143.9017,-0.0,-9.8066,9.8066,inf,2.0,0.0,0.0,0.0,0.0,0.0,8000.0,31549851225.87,31549.8512
625.0,Agni_Class,MIDCOURSE,3111112.8219,3111.1128,1101495.2548,1101.4953,2804.7214,10096.9972,2804.7214,1814.1523,2138.9983,-0.0,-9.8066,9.8066,inf,2.0,0.0,0.0,0.0,0.0,0.0,8000.0,31465849423.73,31465.8494
625.5,Agni_Class,MIDCOURSE,3112179.8694,3112.1799,1102402.331,1102.4023,2800.9838,10083.5415,2800.9838,1814.1523,2134.095,-0.0,-9.8066,9.8066,inf,2.0,0.0,0.0,0.0,0.0,0.0,8000.0,31382039962.36,31382.04
626.0,Agni_Class,MIDCOURSE,3113244.4652,3113.2445,1103309.4071,1103.3094,2797.2497,10070.0988,2797.2497,1814.1523,2129.1917,-0.0,-9.8066,9.8066,inf,2.0,0.0,0.0,0.0,0.0,0.0,8000.0,31298422841.76,31298.4228
626.5,Agni_Class,MIDCOURSE,3114306.6094,3114.3066,1104216.4832,1104.2165,2793.5192,10056.6691,2793.5192,1814.1523,2124.2884,-0.0,-9.8066,9.8066,inf,2.0,0.0,0.0,0.0,0.0,0.0,8000.0,31214998061.92,31214.9981
627.0,Agni_Class,MIDCOURSE,3115366.3019,3115.3663,1105123.5594,1105.1236,2789.7924,10043.2525,2789.7924,1814.1523,2119.385,-0.0,-9.8066,9.8066,inf,2.0,0.0,0.0,0.0,0.0,0.0,8000.0,31131765622.85,31131.7656
627.5,Agni_Class,MIDCOURSE,3116423.5428,3116.4235,1106030.6355,1106.0306,2786.0692,10029.849,2786.0692,1814.1523,2114.4817,-0.0,-9.8066,9.8066,inf,2.0,0.0,0.0,0.0,0.0,0.0,8000.0,31048725524.55,31048.7255
628.0,Agni_Class,MIDCOURSE,3117478.332,3117.4783,1106937.7117,1106.9377,2782.3496,10016.4587,2782.3496,1814.1523,2109.5784,-0.0,-9.8066,9.8066,inf,2.0,0.0,0.0,0.0,0.0,0.0,8000.0,30965877767.02,30965.8778
628.5,Agni_Class,MIDCOURSE,3118530.6695,3118.5307,1107844.7878,1107.8448,2778.6338,10003.0815,2778.6338,1814.1523,2104.6751,-0.0,-9.8066,9.8066,inf,2.0,0.0,0.0,0.0,0.0,0.0,8000.0,30883222350.26,30883.2224
629.0,Agni_Class,MIDCOURSE,3119580.5554,3119.5806,1108751.864,1108.7519,2774.9216,9989.7177,2774.9216,1814.1523,2099.7717,-0.0,-9.8066,9.8066,inf,2.0,0.0,0.0,0.0,0.0,0.0,8000.0,30800759274.27,30800.7593
629.5,Agni_Class,MIDCOURSE,3120627.9896,3120.628,1109658.9401,1109.6589,2771.2131,9976.3672,2771.2131,1814.1523,2094.8684,-0.0,-9.8066,9.8066,inf,2.0,0.0,0.0,0.0,0.0,0.0,8000.0,30718488539.05,30718.4885
630.0,Agni_Class,MIDCOURSE,3121672.9721,3121.673,1110566.0162,1110.566,2767.5084,9963.0301,2767.5084,1814.1523,2089.9651,-0.0,-9.8066,9.8066,inf,2.0,0.0,0.0,0.0,0.0,0.0,8000.0,30636410144.59,30636.4101
630.5,Agni_Class,MIDCOURSE,3122715.503,3122.7155,1111473.0924,1111.4731,2763.8073,9949.7064,2763.8073,1814.1523,2085.0618,-0.0,-9.8066,9.8066,inf,2.0,0.0,0.0,0.0,0.0,0.0,8000.0,30554524090.9,30554.5241
631.0,Agni_Class,MIDCOURSE,3123755.5822,3123.7556,1112380.1685,1112.3802,2760.1101,9936.3962,2760.1101,1814.1523,2080.1584,-0.0,-9.8066,9.8066,inf,2.0,0.0,0.0,0.0,0.0,0.0,8000.0,30472830377.98,30472.8304
631.5,Agni_Class,MIDCOURSE,3124793.2097,3124.7932,1113287.2447,1113.2872,2756.4166,9923.0996,2756.4166,1814.1523,2075.2551,-0.0,-9.8066,9.8066,inf,2.0,0.0,0.0,0.0,0.0,0.0,8000.0,30391329005.83,30391.329
632.0,Agni_Class,MIDCOURSE,3125828.3856,3125.8284,1114194.3208,1114.1943,2752.7268,9909.8166,2752.7268,1814.1523,2070.3518,-0.0,-9.8066,9.8066,inf,2.0,0.0,0.0,0.0,0.0,0.0,8000.0,30310019974.45,30310.02
632.5,Agni_Class,MIDCOURSE,3126861.1098,3126.8611,1115101.397,1115.1014,2749.0409,9896.5472,2749.0409,1814.1523,2065.4485,-0.0,-9.8066,9.8066,inf,2.0,0.0,0.0,0.0,0.0,0.0,8000.0,30228903283.84,30228.9033
633.0,Agni_Class,MIDCOURSE,3127891.3824,3127.8914,1116008.4731,1116.0085,2745.3588,9883.2915,2745.3588,1814.1523,2060.5451,-0.0,-9.8066,9.8066,inf,2.0,0.0,0.0,0.0,0.0,0.0,8000.0,30147978933.99,30147.9789
633.5,Agni_Class,MIDCOURSE,3128919.2033,3128.9192,1116915.5492,1116.9155,2741.6805,9870.0496,2741.6805,1814.1523,2055.6418,-0.0,-9.8066,9.8066,inf,2.0,0.0,0.0,0.0,0.0,0.0,8000.0,30067246924.91,30067.2469
634.0,Agni_Class,MIDCOURSE,3129944.5725,3129.9446,1117822.6254,1117.8226,2738.006,9856.8216,2738.006,1814.1523,2050.7385,-0.0,-9.8066,9.8066,inf,2.0,0.0,0.0,0.0,0.0,0.0,8000.0,29986707256.6,29986.7073
634.5,Agni_Class,MIDCOURSE,3130967.4901,3130.9675,1118729.7015,1118.7297,2734.3354,9843.6074,2734.3354,1814.1523,2045.8352,-0.0,-9.8066,9.8066,inf,2.0,0.0,0.0,0.0,0.0,0.0,8000.0,29906359929.06,29906.3599
635.0,Agni_Class,MIDCOURSE,3131987.956,3131.988,1119636.7777,1119.6368,2730.6686,9830.4071,2730.6686,1814.1523,2040.9318,-0.0,-9.8066,9.8066,inf,2.0,0.0,0.0,0.0,0.0,0.0,8000.0,29826204942.29,29826.2049
635.5,Agni_Class,MIDCOURSE,3133005.9703,3133.006,1120543.8538,1120.5439,2727.0058,9817.2208,2727.0058,1814.1523,2036.0285,-0.0,-9.8066,9.8066,inf,2.0,0.0,0.0,0.0,0.0,0.0,8000.0,29746242296.29,29746.2423
636.0,Agni_Class,MIDCOURSE,3134021.5329,3134.0215,1121450.93,1121.4509,2723.3468,9804.0486,2723.3468,1814.1523,2031.1252,-0.0,-9.8066,9.8066,inf,2.0,0.0,0.0,0.0,0.0,0.0,8000.0,29666471991.06,29666.472
636.5,Agni_Class,MIDCOURSE,3135034.6438,3135.0346,1122358.0061,1122.358,2719.6918,9790.8905,2719.6918,1814.1523,2026.2219,-0.0,-9.8066,9.8066,inf,2.0,0.0,0.0,0.0,0.0,0.0,8000.0,29586894026.59,29586.894
637.0,Agni_Class,MIDCOURSE,3136045.3031,3136.0453,1123265.0822,1123.2651,2716.0407,9777.7465,2716.0407,1814.1523,2021.3185,-0.0,-9.8066,9.8066,inf,2.0,0.0,0.0,0.0,0.0,0.0,8000.0,29507508402.89,29507.5084
637.5,Agni_Class,MIDCOURSE,3137053.5107,3137.0535,1124172.1584,1124.1722,2712.3936,9764.6168,2712.3936,1814.1523,2016.4152,-0.0,-9.8066,9.8066,inf,2.0,0.0,0.0,0.0,0.0,0.0,8000.0,29428315119.96,29428.3151
638.0,Agni_Class,MIDCOURSE,3138059.2666,3138.0593,1125079.2345,1125.0792,2708.7504,9751.5013,2708.7504,1814.1523,2011.5119,-0.0,-9.8066,9.8066,inf,2.0,0.0,0.0,0.0,0.0,0.0,8000.0,29349314177.8,29349.3142
638.5,Agni_Class,MIDCOURSE,3139062.5709,3139.0626,1125986.3107,1125.9863,2705.1112,9738.4002,2705.1112,1814.1523,2006.6086,-0.0,-9.8066,9.8066,inf,2.0,0.0,0.0,0.0,0.0,0.0,8000.0,29270505576.41,29270.5056
639.0,Agni_Class,MIDCOURSE,3140063.4235,3140.0634,1126893.3868,1126.8934,2701.476,9725.3134,2701.476,1814.1523,2001.7052,-0.0,-9.8066,9.8066,inf,2.0,0.0,0.0,0.0,0.0,0.0,8000.0,29191889315.78,29191.8893
639.5,Agni_Class,MIDCOURSE,3141061.8244,3141.0618,1127800.463,1127.8005,2697.8448,9712.2411,2697.8448,1814.1523,1996.8019,-0.0,-9.8066,9.8066,inf,2.0,0.0,0.0,0.0,0.0,0.0,8000.0,29113465395.93,29113.4654
640.0,Agni_Class,MIDCOURSE,3142057.7737,3142.0578,1128707.5391,1128.7075,2694.2176,9699.1833,2694.2176,1814.1523,1991.8986,-0.0,-9.8066,9.8066,inf,2.0,0.0,0.0,0.0,0.0,0.0,8000.0,29035233816.84,29035.2338
640.5,Agni_Class,MIDCOURSE,3143051.2714,3143.0513,1129614.6152,1129.6146,2690.5945,9686.1401,2690.5945,1814.1523,1986.9953,-0.0,-9.8066,9.8066,inf,2.0,0.0,0.0,0.0,0.0,0.0,8000.0,28957194578.52,28957.1946
641.0,Agni_Class,MIDCOURSE,3144042.3173,3144.0423,1130521.6914,1130.5217,2686.9754,9673.1115,2686.9754,1814.1523,1982.0919,-0.0,-9.8066,9.8066,inf,2.0,0.0,0.0,0.0,0.0,0.0,8000.0,28879347680.97,28879.3477
641.5,Agni_Class,MIDCOURSE,3145030.9116,3145.0309,1131428.7675,1131.4288,2683.3604,9660.0976,2683.3604,1814.1523,1977.1886,-0.0,-9.8066,9.8066,inf,2.0,0.0,0.0,0.0,0.0,0.0,8000.0,28801693124.19,28801.6931
642.0,Agni_Class,MIDCOURSE,3146017.0543,3146.0171,1132335.8437,1132.3358,2679.7496,9647.0984,2679.7496,1814.1523,1972.2853,-0.0,-9.8066,9.8066,inf,2.0,0.0,0.0,0.0,0.0,0.0,8000.0,28724230908.18,28724.2309
642.5,Agni_Class,MIDCOURSE,3147000.7452,3147.0007,1133242.9198,1133.2429,2676.1428,9634.1141,2676.1428,1814.1523,1967.382,-0.0,-9.8066,9.8066,inf,2.0,0.0,0.0,0.0,0.0,0.0,8000.0,28646961032.93,28646.961
643.0,Agni_Class,MIDCOURSE,3147981.9845,3147.982,1134149.996,1134.15,2672.5402,9621.1446,2672.5402,1814.1523,1962.4786,-0.0,-9.8066,9.8066,inf,2.0,0.0,0.0,0.0,0.0,0.0,8000.0,28569883498.46,28569.8835
643.5,Agni_Class,MIDCOURSE,3148960.7722,3148.9608,1135057.0721,1135.0571,2668.9417,9608.19,2668.9417,1814.1523,1957.5753,-0.0,-9.8066,9.8066,inf,2.0,0.0,0.0,0.0,0.0,0.0,8000.0,28492998304.75,28492.9983
644.0,Agni_Class,MIDCOURSE,3149937.1082,3149.9371,1135964.1482,1135.9641,2665.3473,9595.2504,2665.3473,1814.1523,1952.672,-0.0,-9.8066,9.8066,inf,2.0,0.0,0.0,0.0,0.0,0.0,8000.0,28416305451.81,28416.3055
644.5,Agni_Class,MIDCOURSE,3150910.9925,3150.911,1136871.2244,1136.8712,2661.7572,9582.3258,2661.7572,1814.1523,1947.7687,-0.0,-9.8066,9.8066,inf,2.0,0.0,0.0,0.0,0.0,0.0,8000.0,28339804939.64,28339.8049
645.0,Agni_Class,MIDCOURSE,3151882.4252,3151.8824,1137778.3005,1137.7783,2658.1712,9569.4164,2658.1712,1814.1523,1942.8653,-0.0,-9.8066,9.8066,inf,2.0,0.0,0.0,0.0,0.0,0.0,8000.0,28263496768.23,28263.4968
645.5,Agni_Class,MIDCOURSE,3152851.4062,3152.8514,1138685.3767,1138.6854,2654.5895,9556.5221,2654.5895,1814.1523,1937.962,-0.0,-9.8066,9.8066,inf,2.0,0.0,0.0,0.0,0.0,0.0,8000.0,28187380937.6,28187.3809
646.0,Agni_Class,MIDCOURSE,3153817.9355,3153.8179,1139592.4528,1139.5925,2651.012,9543.643,2651.012,1814.1523,1933.0587,-0.0,-9.8066,9.8066,inf,2.0,0.0,0.0,0.0,0.0,0.0,8000.0,28111457447.73,28111.4574
646.5,Agni_Class,MIDCOURSE,3154782.0132,3154.782,1140499.529,1140.4995,2647.4387,9530.7793,2647.4387,1814.1523,1928.1554,-0.0,-9.8066,9.8066,inf,2.0,0.0,0.0,0.0,0.0,0.0,8000.0,28035726298.64,28035.7263
647.0,Agni_Class,MIDCOURSE,3155743.6392,3155.7436,1141406.6051,1141.4066,2643.8697,9517.9308,2643.8697,1814.1523,1923.252,-0.0,-9.8066,9.8066,inf,2.0,0.0,0.0,0.0,0.0,0.0,8000.0,27960187490.31,27960.1875
647.5,Agni_Class,MIDCOURSE,3156702.8136,3156.7028,1142313.6812,1142.3137,2640.305,9505.0978,2640.305,1814.1523,1918.3487,-0.0,-9.8066,9.8066,inf,2.0,0.0,0.0,0.0,0.0,0.0,8000.0,27884841022.75,27884.841
648.0,Agni_Class,MIDCOURSE,3157659.5362,3157.6595,1143220.7574,1143.2208,2636.7445,9492.2803,2636.7445,1814.1523,1913.4454,-0.0,-9.8066,9.8066,inf,2.0,0.0,0.0,0.0,0.0,0.0,8000.0,27809686895.95,27809.6869
648.5,Agni_Class,MIDCOURSE,3158613.8073,3158.6138,1144127.8335,1144.1278,2633.1884,9479.4783,2633.1884,1814.1523,1908.5421,-0.0,-9.8066,9.8066,inf,2.0,0.0,0.0,0.0,0.0,0.0,8000.0,27734725109.93,27734.7251
649.0,Agni_Class,MIDCOURSE,3159565.6266,3159.5656,1145034.9097,1145.0349,2629.6367,9466.6919,2629.6367,1814.1523,1903.6387,-0.0,-9.8066,9.8066,inf,2.0,0.0,0.0,0.0,0.0,0.0,8000.0,27659955664.68,27659.9557
649.5,Agni_Class,MIDCOURSE,3160514.9943,3160.515,1145941.9858,1145.942,2626.0892,9453.9212,2626.0892,1814.1523,1898.7354,-0.0,-9.8066,9.8066,inf,2.0,0.0,0.0,0.0,0.0,0.0,8000.0,27585378560.19,27585.3786
650.0,Agni_Class,MIDCOURSE,3161461.9104,3161.4619,1146849.062,1146.8491,2622.5462,9441.1662,2622.5462,1814.1523,1893.8321,-0.0,-9.8066,9.8066,inf,2.0,0.0,0.0,0.0,0.0,0.0,8000.0,27510993796.47,27510.9938
650.5,Agni_Class,MIDCOURSE,3162406.3747,3162.4064,1147756.1381,1147.7561,2619.0075,9428.427,2619.0075,1814.1523,1888.9288,-0.0,-9.8066,9.8066,inf,2.0,0.0,0.0,0.0,0.0,0.0,8000.0,27436801373.52,27436.8014
651.0,Agni_Class,MIDCOURSE,3163348.3875,3163.3484,1148663.2142,1148.6632,2615.4733,9415.7037,2615.4733,1814.1523,1884.0254,-0.0,-9.8066,9.8066,inf,2.0,0.0,0.0,0.0,0.0,0.0,8000.0,27362801291.34,27362.8013
651.5,Agni_Class,MIDCOURSE,3164287.9485,3164.2879,1149570.2904,1149.5703,2611.9434,9402.9963,2611.9434,1814.1523,1879.1221,-0.0,-9.8066,9.8066,inf,2.0,0.0,0.0,0.0,0.0,0.0,8000.0,27288993549.93,27288.9935
652.0,Agni_Class,MIDCOURSE,3165225.0579,3165.2251,1150477.3665,1150.4774,2608.418,9390.3049,2608.418,1814.1523,1874.2188,-0.0,-9.8066,9.8066,inf,2.0,0.0,0.0,0.0,0.0,0.0,8000.0,27215378149.28,27215.3781
652.5,Agni_Class,MIDCOURSE,3166159.7156,3166.1597,1151384.4427,1151.3844,2604.8971,9377.6295,2604.8971,1814.1523,1869.3155,-0.0,-9.8066,9.8066,inf,2.0,0.0,0.0,0.0,0.0,0.0,8000.0,27141955089.41,27141.9551
653.0,Agni_Class,MIDCOURSE,3167091.9217,3167.0919,1152291.5188,1152.2915,2601.3806,9364.9702,2601.3806,1814.1523,1864.4121,-0.0,-9.8066,9.8066,inf,2.0,0.0,0.0,0.0,0.0,0.0,8000.0,27068724370.3,27068.7244
653.5,Agni_Class,MIDCOURSE,3168021.6761,3168.0217,1153198.595,1153.1986,2597.8686,9352.3271,2597.8686,1814.1523,1859.5088,-0.0,-9.8066,9.8066,inf,2.0,0.0,0.0,0.0,0.0,0.0,8000.0,26995685991.96,26995.686
654.0,Agni_Class,MIDCOURSE,3168948.9788,3168.949,1154105.6711,1154.1057,2594.3612,9339.7003,2594.3612,1814.1523,1854.6055,-0.0,-9.8066,9.8066,inf,2.0,0.0,0.0,0.0,0.0,0.0,8000.0,26922839954.39,26922.84
654.5,Agni_Class,MIDCOURSE,3169873.8299,3169.8738,1155012.7472,1155.0127,2590.8583,9327.0898,2590.8583,1814.1523,1849.7022,-0.0,-9.8066,9.8066,inf,2.0,0.0,0.0,0.0,0.0,0.0,8000.0,26850186257.59,26850.1863
655.0,Agni_Class,MIDCOURSE,3170796.2293,3170.7962,1155919.8234,1155.9198,2587.3599,9314.4956,2587.3599,1814.1523,1844.7988,-0.0,-9.8066,9.8066,inf,2.0,0.0,0.0,0.0,0.0,0.0,8000.0,26777724901.55,26777.7249
655.5,Agni_Class,MIDCOURSE,3171716.1771,3171.7162,1156826.8995,1156.8269,2583.8661,9301.9179,2583.8661,1814.1523,1839.8955,-0.0,-9.8066,9.8066,inf,2.0,0.0,0.0,0.0,0.0,0.0,8000.0,26705455886.29,26705.4559
656.0,Agni_Class,MIDCOURSE,3172633.6732,3172.6337,1157733.9757,1157.734,2580.3769,9289.3567,2580.3769,1814.1523,1834.9922,-0.0,-9.8066,9.8066,inf,2.0,0.0,0.0,0.0,0.0,0.0,8000.0,26633379211.79,26633.3792
656.5,Agni_Class,MIDCOURSE,3173548.7176,3173.5487,1158641.0518,1158.6411,2576.8923,9276.8121,2576.8923,1814.1523,1830.0889,-0.0,-9.8066,9.8066,inf,2.0,0.0,0.0,0.0,0.0,0.0,8000.0,26561494878.06,26561.4949
657.0,Agni_Class,MIDCOURSE,3174461.3103,3174.4613,1159548.1279,1159.5481,2573.4123,9264.2842,2573.4123,1814.1523,1825.1855,-0.0,-9.8066,9.8066,inf,2.0,0.0,0.0,0.0,0.0,0.0,8000.0,26489802885.1,26489.8029
657.5,Agni_Class,MIDCOURSE,3175371.4514,3175.3715,1160455.2041,1160.4552,2569.9369,9251.7729,2569.9369,1814.1523,1820.2822,-0.0,-9.8066,9.8066,inf,2.0,0.0,0.0,0.0,0.0,0.0,8000.0,26418303232.91,26418.3032
658.0,Agni_Class,MIDCOURSE,3176279.1409,3176.2791,1161362.2802,1161.3623,2566.4662,9239.2785,2566.4662,1814.1523,1815.3789,-0.0,-9.8066,9.8066,inf,2.0,0.0,0.0,0.0,0.0,0.0,8000.0,26346995921.49,26346.9959
658.5,Agni_Class,MIDCOURSE,3177184.3787,3177.1844,1162269.3564,1162.2694,2563.0002,9226.8009,2563.0002,1814.1523,1810.4756,-0.0,-9.8066,9.8066,inf,2.0,0.0,0.0,0.0,0.0,0.0,8000.0,26275880950.83,26275.881
659.0,Agni_Class,MIDCOURSE,3178087.1648,3178.0872,1163176.4325,1163.1764,2559.5389,9214.3402,2559.5389,1814.1523,1805.5722,-0.0,-9.8066,9.8066,inf,2.0,0.0,0.0,0.0,0.0,0.0,8000.0,26204958320.94,26204.9583
659.5,Agni_Class,MIDCOURSE,3178987.4992,3178.9875,1164083.5087,1164.0835,2556.0824,9201.8965,2556.0824,1814.1523,1800.6689,-0.0,-9.8066,9.8066,inf,2.0,0.0,0.0,0.0,0.0,0.0,8000.0,26134228031.83,26134.228
660.0,Agni_Class,MIDCOURSE,3179885.382,3179.8854,1164990.5848,1164.9906,2552.6305,9189.4698,2552.6305,1814.1523,1795.7656,-0.0,-9.8066,9.8066,inf,2.0,0.0,0.0,0.0,0.0,0.0,8000.0,26063690083.48,26063.6901
660.5,Agni_Class,MIDCOURSE,3180780.8131,3180.7808,1165897.6609,1165.8977,2549.1834,9177.0603,2549.1834,1814.1523,1790.8623,-0.0,-9.8066,9.8066,inf,2.0,0.0,0.0,0.0,0.0,0.0,8000.0,25993344475.9,25993.3445
661.0,Agni_Class,MIDCOURSE,3181673.7926,3181.6738,1166804.7371,1166.8047,2545.7411,9164.668,2545.7411,1814.1523,1785.9589,-0.0,-9.8066,9.8066,inf,2.0,0.0,0.0,0.0,0.0,0.0,8000.0,25923191209.08,25923.1912
661.5,Agni_Class,MIDCOURSE,3182564.3204,3182.5643,1167711.8132,1167.7118,2542.3036,9152.2929,2542.3036,1814.1523,1781.0556,-0.0,-9.8066,9.8066,inf,2.0,0.0,0.0,0.0,0.0,0.0,8000.0,25853230283.04,25853.2303
662.0,Agni_Class,MIDCOURSE,3183452.3965,3183.4524,1168618.8894,1168.6189,2538.8709,9139.9352,2538.8709,1814.1523,1776.1523,-0.0,-9.8066,9.8066,inf,2.0,0.0,0.0,0.0,0.0,0.0,8000.0,25783461697.76,25783.4617
662.5,Agni_Class,MIDCOURSE,3184338.021,3184.338,1169525.9655,1169.526,2535.443,9127.5949,2535.443,1814.1523,1771.249,-0.0,-9.8066,9.8066,inf,2.0,0.0,0.0,0.0,0.0,0.0,8000.0,25713885453.26,25713.8855
663.0,Agni_Class,MIDCOURSE,3185221.1938,3185.2212,1170433.0417,1170.433,2532.02,9115.2721,2532.02,1814.1523,1766.3456,-0.0,-9.8066,9.8066,inf,2.0,0.0,0.0,0.0,0.0,0.0,8000.0,25644501549.52,25644.5015
663.5,Agni_Class,MIDCOURSE,3186101.915,3186.1019,1171340.1178,1171.3401,2528.6019,9102.9668,2528.6019,1814.1523,1761.4423,-0.0,-9.8066,9.8066,inf,2.0,0.0,0.0,0.0,0.0,0.0,8000.0,25575309986.55,25575.31
664.0,Agni_Class,MIDCOURSE,3186980.1845,3186.9802,1172247.1939,1172.2472,2525.1886,9090.6791,2525.1886,1814.1523,1756.539,-0.0,-9.8066,9.8066,inf,2.0,0.0,0.0,0.0,0.0,0.0,8000.0,25506310764.35,25506.3108
664.5,Agni_Class,MIDCOURSE,3187856.0023,3187.856,1173154.2701,1173.1543,2521.7803,9078.4091,2521.7803,1814.1523,1751.6357,-0.0,-9.8066,9.8066,inf,2.0,0.0,0.0,0.0,0.0,0.0,8000.0,25437503882.91,25437.5039
665.0,Agni_Class,MIDCOURSE,3188729.3685,3188.7294,1174061.3462,1174.0613,2518.3769,9066.1569,2518.3769,1814.1523,1746.7323,-0.0,-9.8066,9.8066,inf,2.0,0.0,0.0,0.0,0.0,0.0,8000.0,25368889342.25,25368.8893
665.5,Agni_Class,MIDCOURSE,3189600.283,3189.6003,1174968.4224,1174.9684,2514.9785,9053.9225,2514.9785,1814.1523,1741.829,-0.0,-9.8066,9.8066,inf,2.0,0.0,0.0,0.0,0.0,0.0,8000.0,25300467142.35,25300.4671
666.0,Agni_Class,MIDCOURSE,3190468.7458,3190.4687,1175875.4985,1175.8755,2511.585,9041.7061,2511.585,1814.1523,1736.9257,-0.0,-9.8066,9.8066,inf,2.0,0.0,0.0,0.0,0.0,0.0,8000.0,25232237283.22,25232.2373
666.5,Agni_Class,MIDCOURSE,3191334.757,3191.3348,1176782.5747,1176.7826,2508.1966,9029.5076,2508.1966,1814.1523,1732.0224,-0.0,-9.8066,9.8066,inf,2.0,0.0,0.0,0.0,0.0,0.0,8000.0,25164199764.86,25164.1998
667.0,Agni_Class,MIDCOURSE,3192198.3165,3192.1983,1177689.6508,1177.6897,2504.8131,9017.3271,2504.8131,1814.1523,1727.119,-0.0,-9.8066,9.8066,inf,2.0,0.0,0.0,0.0,0.0,0.0,8000.0,25096354587.27,25096.3546
667.5,Agni_Class,MIDCOURSE,3193059.4243,3193.0594,1178596.7269,1178.5967,2501.4347,9005.1648,2501.4347,1814.1523,1722.2157,-0.0,-9.8066,9.8066,inf,2.0,0.0,0.0,0.0,0.0,0.0,8000.0,25028701750.45,25028.7018
668.0,Agni_Class,MIDCOURSE,3193918.0805,3193.9181,1179503.8031,1179.5038,2498.0613,8993.0207,2498.0613,1814.1523,1717.3124,-0.0,-9.8066,9.8066,inf,2.0,0.0,0.0,0.0,0.0,0.0,8000.0,24961241254.4,24961.2413
668.5,Agni_Class,MIDCOURSE,3194774.285,3194.7743,1180410.8792,1180.4109,2494.693,8980.8949,2494.693,1814.1523,1712.4091,-0.0,-9.8066,9.8066,inf,2.0,0.0,0.0,0.0,0.0,0.0,8000.0,24893973099.11,24893.9731
669.0,Agni_Class,MIDCOURSE,3195628.0379,3195.628,1181317.9554,1181.318,2491.3298,8968.7874,2491.3298,1814.1523,1707.5057,-0.0,-9.8066,9.8066,inf,2.0,0.0,0.0,0.0,0.0,0.0,8000.0,24826897284.59,24826.8973
669.5,Agni_Class,MIDCOURSE,3196479.3391,3196.4793,1182225.0315,1182.225,2487.9718,8956.6983,2487.9718,1814.1523,1702.6024,-0.0,-9.8066,9.8066,inf,2.0,0.0,0.0,0.0,0.0,0.0,8000.0,24760013810.84,24760.0138
670.0,Agni_Class,MIDCOURSE,3197328.1887,3197.3282,1183132.1077,1183.1321,2484.6188,8944.6277,2484.6188,1814.1523,1697.6991,-0.0,-9.8066,9.8066,inf,2.0,0.0,0.0,0.0,0.0,0.0,8000.0,24693322677.86,24693.3227
670.5,Agni_Class,MIDCOURSE,3198174.5865,3198.1746,1184039.1838,1184.0392,2481.271,8932.5757,2481.271,1814.1523,1692.7958,-0.0,-9.8066,9.8066,inf,2.0,0.0,0.0,0.0,0.0,0.0,8000.0,24626823885.65,24626.8239
671.0,Agni_Class,MIDCOURSE,3199018.5327,3199.0185,1184946.2599,1184.9463,2477.9284,8920.5424,2477.9284,1814.1523,1687.8924,-0.0,-9.8066,9.8066,inf,2.0,0.0,0.0,0.0,0.0,0.0,8000.0,24560517434.21,24560.5174
671.5,Agni_Class,MIDCOURSE,3199860.0273,3199.86,1185853.3361,1185.8533,2474.591,8908.5278,2474.591,1814.1523,1682.9891,-0.0,-9.8066,9.8066,inf,2.0,0.0,0.0,0.0,0.0,0.0,8000.0,24494403323.53,24494.4033
672.0,Agni_Class,MIDCOURSE,3200699.0702,3200.6991,1186760.4122,1186.7604,2471.2589,8896.5319,2471.2589,1814.1523,1678.0858,-0.0,-9.8066,9.8066,inf,2.0,0.0,0.0,0.0,0.0,0.0,8000.0,24428481553.62,24428.4816
672.5,Agni_Class,MIDCOURSE,3201535.6614,3201.5357,1187667.4884,1187.6675,2467.9319,8884.555,2467.9319,1814.1523,1673.1825,-0.0,-9.8066,9.8066,inf,2.0,0.0,0.0,0.0,0.0,0.0,8000.0,24362752124.49,24362.7521
673.0,Agni_Class,MIDCOURSE,3202369.801,3202.3698,1188574.5645,1188.5746,2464.6103,8872.597,2464.6103,1814.1523,1668.2791,-0.0,-9.8066,9.8066,inf,2.0,0.0,0.0,0.0,0.0,0.0,8000.0,24297215036.12,24297.215
673.5,Agni_Class,MIDCOURSE,3203201.4889,3203.2015,1189481.6407,1189.4816,2461.2939,8860.658,2461.2939,1814.1523,1663.3758,-0.0,-9.8066,9.8066,inf,2.0,0.0,0.0,0.0,0.0,0.0,8000.0,24231870288.52,24231.8703
674.0,Agni_Class,MIDCOURSE,3204030.7251,3204.0307,1190388.7168,1190.3887,2457.9828,8848.7381,2457.9828,1814.1523,1658.4725,-0.0,-9.8066,9.8066,inf,2.0,0.0,0.0,0.0,0.0,0.0,8000.0,24166717881.68,24166.7179
674.5,Agni_Class,MIDCOURSE,3204857.5097,3204.8575,1191295.7929,1191.2958,2454.6771,8836.8374,2454.6771,1814.1523,1653.5692,-0.0,-9.8066,9.8066,inf,2.0,0.0,0.0,0.0,0.0,0.0,8000.0,24101757815.62,24101.7578
675.0,Agni_Class,MIDCOURSE,3205681.8426,3205.6818,1192202.8691,1192.2029,2451.3767,8824.956,2451.3767,1814.1523,1648.6658,-0.0,-9.8066,9.8066,inf,2.0,0.0,0.0,0.0,0.0,0.0,8000.0,24036990090.32,24036.9901
675.5,Agni_Class,MIDCOURSE,3206503.7238,3206.5037,1193109.9452,1193.1099,2448.0816,8813.0939,2448.0816,1814.1523,1643.7625,-0.0,-9.8066,9.8066,inf,2.0,0.0,0.0,0.0,0.0,0.0,8000.0,23972414705.79,23972.4147
676.0,Agni_Class,MIDCOURSE,3207323.1534,3207.3232,1194017.0214,1194.017,2444.792,8801.2512,2444.792,1814.1523,1638.8592,-0.0,-9.8066,9.8066,inf,2.0,0.0,0.0,0.0,0.0,0.0,8000.0,23908031662.04,23908.0317
676.5,Agni_Class,MIDCOURSE,3208140.1314,3208.1401,1194924.0975,1194.9241,2441.5078,8789.428,2441.5078,1814.1523,1633.9559,-0.0,-9.8066,9.8066,inf,2.0,0.0,0.0,0.0,0.0,0.0,8000.0,23843840959.04,23843.841
677.0,Agni_Class,MIDCOURSE,3208954.6576,3208.9547,1195831.1737,1195.8312,2438.229,8777.6244,2438.229,1814.1523,1629.0525,-0.0,-9.8066,9.8066,inf,2.0,0.0,0.0,0.0,0.0,0.0,8000.0,23779842596.82,23779.8426
677.5,Agni_Class,MIDCOURSE,3209766.7322,3209.7667,1196738.2498,1196.7382,2434.9557,8765.8404,2434.9557,1814.1523,1624.1492,-0.0,-9.8066,9.8066,inf,2.0,0.0,0.0,0.0,0.0,0.0,8000.0,23716036575.37,23716.0366
678.0,Agni_Class,MIDCOURSE,3210576.3552,3210.5764,1197645.3259,1197.6453,2431.6878,8754.0762,2431.6878,1814.1523,1619.2459,-0.0,-9.8066,9.8066,inf,2.0,0.0,0.0,0.0,0.0,0.0,8000.0,23652422894.68,23652.4229
678.5,Agni_Class,MIDCOURSE,3211383.5264,3211.3835,1198552.4021,1198.5524,2428.4255,8742.3318,2428.4255,1814.1523,1614.3426,-0.0,-9.8066,9.8066,inf,2.0,0.0,0.0,0.0,0.0,0.0,8000.0,23589001554.77,23589.0016
679.0,Agni_Class,MIDCOURSE,3212188.2461,3212.1882,1199459.4782,1199.4595,2425.1687,8730.6073,2425.1687,1814.1523,1609.4392,-0.0,-9.8066,9.8066,inf,2.0,0.0,0.0,0.0,0.0,0.0,8000.0,23525772555.62,23525.7726
679.5,Agni_Class,MIDCOURSE,3212990.514,3212.9905,1200366.5544,1200.3666,2421.9174,8718.9027,2421.9174,1814.1523,1604.5359,-0.0,-9.8066,9.8066,inf,2.0,0.0,0.0,0.0,0.0,0.0,8000.0,23462735897.24,23462.7359
680.0,Agni_Class,MIDCOURSE,3213790.3303,3213.7903,1201273.6305,1201.2736,2418.6717,8707.2182,2418.6717,1814.1523,1599.6326,-0.0,-9.8066,9.8066,inf,2.0,0.0,0.0,0.0,0.0,0.0,8000.0,23399891579.63,23399.8916
680.5,Agni_Class,MIDCOURSE,3214587.6949,3214.5877,1202180.7067,1202.1807,2415.4316,8695.5538,2415.4316,1814.1523,1594.7293,-0.0,-9.8066,9.8066,inf,2.0,0.0,0.0,0.0,0.0,0.0,8000.0,23337239602.78,23337.2396
681.0,Agni_Class,MIDCOURSE,3215382.6079,3215.3826,1203087.7828,1203.0878,2412.1971,8683.9097,2412.1971,1814.1523,1589.8259,-0.0,-9.8066,9.8066,inf,2.0,0.0,0.0,0.0,0.0,0.0,8000.0,23274779966.71,23274.78
681.5,Agni_Class,MIDCOURSE,3216175.0692,3216.1751,1203994.8589,1203.9949,2408.9683,8672.2858,2408.9683,1814.1523,1584.9226,-0.0,-9.8066,9.8066,inf,2.0,0.0,0.0,0.0,0.0,0.0,8000.0,23212512671.4,23212.5127
682.0,Agni_Class,MIDCOURSE,3216965.0788,3216.9651,1204901.9351,1204.9019,2405.7451,8660.6823,2405.7451,1814.1523,1580.0193,-0.0,-9.8066,9.8066,inf,2.0,0.0,0.0,0.0,0.0,0.0,8000.0,23150437716.86,23150.4377
682.5,Agni_Class,MIDCOURSE,3217752.6368,3217.7526,1205809.0112,1205.809,2402.5276,8649.0993,2402.5276,1814.1523,1575.116,-0.0,-9.8066,9.8066,inf,2.0,0.0,0.0,0.0,0.0,0.0,8000.0,23088555103.09,23088.5551
683.0,Agni_Class,MIDCOURSE,3218537.7431,3218.5377,1206716.0874,1206.7161,2399.3158,8637.5368,2399.3158,1814.1523,1570.2126,-0.0,-9.8066,9.8066,inf,2.0,0.0,0.0,0.0,0.0,0.0,8000.0,23026864830.09,23026.8648
683.5,Agni_Class,MIDCOURSE,3219320.3978,3219.3204,1207623.1635,1207.6232,2396.1097,8625.9949,2396.1097,1814.1523,1565.3093,-0.0,-9.8066,9.8066,inf,2.0,0.0,0.0,0.0,0.0,0.0,8000.0,22965366897.86,22965.3669
684.0,Agni_Class,MIDCOURSE,3220100.6007,3220.1006,1208530.2397,1208.5302,2392.9094,8614.4738,2392.9094,1814.1523,1560.406,-0.0,-9.8066,9.8066,inf,2.0,0.0,0.0,0.0,0.0,0.0,8000.0,22904061306.4,22904.0613
684.5,Agni_Class,MIDCOURSE,3220878.3521,3220.8784,1209437.3158,1209.4373,2389.7148,8602.9734,2389.7148,1814.1523,1555.5027,-0.0,-9.8066,9.8066,inf,2.0,0.0,0.0,0.0,0.0,0.0,8000.0,22842948055.7,22842.9481
685.0,Agni_Class,MIDCOURSE,3221653.6517,3221.6537,1210344.3919,1210.3444,2386.5261,8591.4939,2386.5261,1814.1523,1550.5993,-0.0,-9.8066,9.8066,inf,2.0,0.0,0.0,0.0,0.0,0.0,8000.0,22782027145.77,22782.0271
685.5,Agni_Class,MIDCOURSE,3222426.4997,3222.4265,1211251.4681,1211.2515,2383.3432,8580.0354,2383.3432,1814.1523,1545.696,-0.0,-9.8066,9.8066,inf,2.0,0.0,0.0,0.0,0.0,0.0,8000.0,22721298576.62,22721.2986
686.0,Agni_Class,MIDCOURSE,3223196.8961,3223.1969,1212158.5442,1212.1585,2380.1661,8568.5979,2380.1661,1814.1523,1540.7927,-0.0,-9.8066,9.8066,inf,2.0,0.0,0.0,0.0,0.0,0.0,8000.0,22660762348.23,22660.7623
686.5,Agni_Class,MIDCOURSE,3223964.8408,3223.9648,1213065.6204,1213.0656,2376.9949,8557.1815,2376.9949,1814.1523,1535.8894,-0.0,-9.8066,9.8066,inf,2.0,0.0,0.0,0.0,0.0,0.0,8000.0,22600418460.6,22600.4185
687.0,Agni_Class,MIDCOURSE,3224730.3338,3224.7303,1213972.6965,1213.9727,2373.8295,8545.7864,2373.8295,1814.1523,1530.986,-0.0,-9.8066,9.8066,inf,2.0,0.0,0.0,0.0,0.0,0.0,8000.0,22540266913.75,22540.2669
687.5,Agni_Class,MIDCOURSE,3225493.3751,3225.4934,1214879.7727,1214.8798,2370.6701,8534.4125,2370.6701,1814.1523,1526.0827,-0.0,-9.8066,9.8066,inf,2.0,0.0,0.0,0.0,0.0,0.0,8000.0,22480307707.66,22480.3077
688.0,Agni_Class,MIDCOURSE,3226253.9648,3226.254,1215786.8488,1215.7868,2367.5167,8523.06,2367.5167,1814.1523,1521.1794,-0.0,-9.8066,9.8066,inf,2.0,0.0,0.0,0.0,0.0,0.0,8000.0,22420540842.35,22420.5408
688.5,Agni_Class,MIDCOURSE,3227012.1028,3227.0121,1216693.9249,1216.6939,2364.3692,8511.729,2364.3692,1814.1523,1516.2761,-0.0,-9.8066,9.8066,inf,2.0,0.0,0.0,0.0,0.0,0.0,8000.0,22360966317.8,22360.9663
689.0,Agni_Class,MIDCOURSE,3227767.7892,3227.7678,1217601.0011,1217.601,2361.2277,8500.4196,2361.2277,1814.1523,1511.3727,-0.0,-9.8066,9.8066,inf,2.0,0.0,0.0,0.0,0.0,0.0,8000.0,22301584134.02,22301.5841
689.5,Agni_Class,MIDCOURSE,3228521.0239,3228.521,1218508.0772,1218.5081,2358.0921,8489.1317,2358.0921,1814.1523,1506.4694,-0.0,-9.8066,9.8066,inf,2.0,0.0,0.0,0.0,0.0,0.0,8000.0,22242394291.01,22242.3943
690.0,Agni_Class,MIDCOURSE,3229271.8069,3229.2718,1219415.1534,1219.4152,2354.9627,8477.8656,2354.9627,1814.1523,1501.5661,-0.0,-9.8066,9.8066,inf,2.0,0.0,0.0,0.0,0.0,0.0,8000.0,22183396788.77,22183.3968
690.5,Agni_Class,MIDCOURSE,3230020.1383,3230.0201,1220322.2295,1220.3222,2351.8393,8466.6213,2351.8393,1814.1523,1496.6628,-0.0,-9.8066,9.8066,inf,2.0,0.0,0.0,0.0,0.0,0.0,8000.0,22124591627.29,22124.5916
691.0,Agni_Class,MIDCOURSE,3230766.018,3230.766,1221229.3057,1221.2293,2348.7219,8455.3989,2348.7219,1814.1523,1491.7594,-0.0,-9.8066,9.8066,inf,2.0,0.0,0.0,0.0,0.0,0.0,8000.0,22065978806.59,22065.9788
691.5,Agni_Class,MIDCOURSE,3231509.4461,3231.5094,1222136.3818,1222.1364,2345.6107,8444.1985,2345.6107,1814.1523,1486.8561,-0.0,-9.8066,9.8066,inf,2.0,0.0,0.0,0.0,0.0,0.0,8000.0,22007558326.65,22007.5583
692.0,Agni_Class,MIDCOURSE,3232250.4225,3232.2504,1223043.4579,1223.0435,2342.5056,8433.0202,2342.5056,1814.1523,1481.9528,-0.0,-9.8066,9.8066,inf,2.0,0.0,0.0,0.0,0.0,0.0,8000.0,21949330187.48,21949.3302
692.5,Agni_Class,MIDCOURSE,3232988.9472,3232.9889,1223950.5341,1223.9505,2339.4067,8421.864,2339.4067,1814.1523,1477.0495,-0.0,-9.8066,9.8066,inf,2.0,0.0,0.0,0.0,0.0,0.0,8000.0,21891294389.08,21891.2944
693.0,Agni_Class,MIDCOURSE,3233725.0203,3233.725,1224857.6102,1224.8576,2336.3139,8410.7301,2336.3139,1814.1523,1472.1461,-0.0,-9.8066,9.8066,inf,2.0,0.0,0.0,0.0,0.0,0.0,8000.0,21833450931.45,21833.4509
693.5,Agni_Class,MIDCOURSE,3234458.6417,3234.4586,1225764.6864,1225.7647,2333.2274,8399.6185,2333.2274,1814.1523,1467.2428,-0.0,-9.8066,9.8066,inf,2.0,0.0,0.0,0.0,0.0,0.0,8000.0,21775799814.58,21775.7998
694.0,Agni_Class,MIDCOURSE,3235189.8114,3235.1898,1226671.7625,1226.6718,2330.147,8388.5294,2330.147,1814.1523,1462.3395,-0.0,-9.8066,9.8066,inf,2.0,0.0,0.0,0.0,0.0,0.0,8000.0,21718341038.49,21718.341
694.5,Agni_Class,MIDCOURSE,3235918.5295,3235.9185,1227578.8387,1227.5788,2327.073,8377.4627,2327.073,1814.1523,1457.4362,-0.0,-9.8066,9.8066,inf,2.0,0.0,0.0,0.0,0.0,0.0,8000.0,21661074603.16,21661.0746
695.0,Agni_Class,MIDCOURSE,3236644.7959,3236.6448,1228485.9148,1228.4859,2324.0052,8366.4187,2324.0052,1814.1523,1452.5328,-0.0,-9.8066,9.8066,inf,2.0,0.0,0.0,0.0,0.0,0.0,8000.0,21604000508.6,21604.0005
695.5,Agni_Class,MIDCOURSE,3237368.6106,3237.3686,1229392.9909,1229.393,2320.9437,8355.3973,2320.9437,1814.1523,1447.6295,-0.0,-9.8066,9.8066,inf,2.0,0.0,0.0,0.0,0.0,0.0,8000.0,21547118754.81,21547.1188
696.0,Agni_Class,MIDCOURSE,3238089.9737,3238.09,1230300.0671,1230.3001,2317.8886,8344.3988,2317.8886,1814.1523,1442.7262,-0.0,-9.8066,9.8066,inf,2.0,0.0,0.0,0.0,0.0,0.0,8000.0,21490429341.79,21490.4293
696.5,Agni_Class,MIDCOURSE,3238808.8851,3238.8089,1231207.1432,1231.2071,2314.8397,8333.4231,2314.8397,1814.1523,1437.8229,-0.0,-9.8066,9.8066,inf,2.0,0.0,0.0,0.0,0.0,0.0,8000.0,21433932269.54,21433.9323
697.0,Agni_Class,MIDCOURSE,3239525.3449,3239.5253,1232114.2194,1232.1142,2311.7973,8322.4704,2311.7973,1814.1523,1432.9195,-0.0,-9.8066,9.8066,inf,2.0,0.0,0.0,0.0,0.0,0.0,8000.0,21377627538.06,21377.6275
697.5,Agni_Class,MIDCOURSE,3240239.353,3240.2394,1233021.2955,1233.0213,2308.7613,8311.5407,2308.7613,1814.1523,1428.0162,-0.0,-9.8066,9.8066,inf,2.0,0.0,0.0,0.0,0.0,0.0,8000.0,21321515147.34,21321.5151
698.0,Agni_Class,MIDCOURSE,3240950.9094,3240.9509,1233928.3717,1233.9284,2305.7317,8300.6342,2305.7317,1814.1523,1423.1129,-0.0,-9.8066,9.8066,inf,2.0,0.0,0.0,0.0,0.0,0.0,8000.0,21265595097.39,21265.5951
698.5,Agni_Class,MIDCOURSE,3241660.0142,3241.66,1234835.4478,1234.8354,2302.7086,8289.7509,2302.7086,1814.1523,1418.2096,-0.0,-9.8066,9.8066,inf,2.0,0.0,0.0,0.0,0.0,0.0,8000.0,21209867388.21,21209.8674
699.0,Agni_Class,MIDCOURSE,3242366.6673,3242.3667,1235742.5239,1235.7425,2299.6919,8278.891,2299.6919,1814.1523,1413.3062,-0.0,-9.8066,9.8066,inf,2.0,0.0,0.0,0.0,0.0,0.0,8000.0,21154332019.8,21154.332
699.5,Agni_Class,MIDCOURSE,3243070.8688,3243.0709,1236649.6001,1236.6496,2296.6818,8268.0544,2296.6818,1814.1523,1408.4029,-0.0,-9.8066,9.8066,inf,2.0,0.0,0.0,0.0,0.0,0.0,8000.0,21098988992.16,21098.989
700.0,Agni_Class,MIDCOURSE,3243772.6186,3243.7726,1237556.6762,1237.5567,2293.6782,8257.2414,2293.6782,1814.1523,1403.4996,-0.0,-9.8066,9.8066,inf,2.0,0.0,0.0,0.0,0.0,0.0,8000.0,21043838305.29,21043.8383
700.5,Agni_Class,MIDCOURSE,3244471.9167,3244.4719,1238463.7524,1238.4638,2290.6811,8246.452,2290.6811,1814.1523,1398.5963,-0.0,-9.8066,9.8066,inf,2.0,0.0,0.0,0.0,0.0,0.0,8000.0,20988879959.18,20988.88
701.0,Agni_Class,MIDCOURSE,3245168.7632,3245.1688,1239370.8285,1239.3708,2287.6906,8235.6863,2287.6906,1814.1523,1393.6929,-0.0,-9.8066,9.8066,inf,2.0,0.0,0.0,0.0,0.0,0.0,8000.0,20934113953.84,20934.114
701.5,Agni_Class,MIDCOURSE,3245863.158,3245.8632,1240277.9047,1240.2779,2284.7068,8224.9444,2284.7068,1814.1523,1388.7896,-0.0,-9.8066,9.8066,inf,2.0,0.0,0.0,0.0,0.0,0.0,8000.0,20879540289.28,20879.5403
702.0,Agni_Class,MIDCOURSE,3246555.1011,3246.5551,1241184.9808,1241.185,2281.7296,8214.2264,2281.7296,1814.1523,1383.8863,-0.0,-9.8066,9.8066,inf,2.0,0.0,0.0,0.0,0.0,0.0,8000.0,20825158965.48,20825.159
702.5,Agni_Class,MIDCOURSE,3247244.5926,3247.2446,1242092.0569,1242.0921,2278.759,8203.5323,2278.759,1814.1523,1378.983,-0.0,-9.8066,9.8066,inf,2.0,0.0,0.0,0.0,0.0,0.0,8000.0,20770969982.44,20770.97
703.0,Agni_Class,MIDCOURSE,3247931.6324,3247.9316,1242999.1331,1242.9991,2275.7951,8192.8624,2275.7951,1814.1523,1374.0796,-0.0,-9.8066,9.8066,inf,2.0,0.0,0.0,0.0,0.0,0.0,8000.0,20716973340.18,20716.9733
703.5,Agni_Class,MIDCOURSE,3248616.2205,3248.6162,1243906.2092,1243.9062,2272.8379,8182.2166,2272.8379,1814.1523,1369.1763,-0.0,-9.8066,9.8066,inf,2.0,0.0,0.0,0.0,0.0,0.0,8000.0,20663169038.69,20663.169
704.0,Agni_Class,MIDCOURSE,3249298.357,3249.2984,1244813.2854,1244.8133,2269.8875,8171.595,2269.8875,1814.1523,1364.273,-0.0,-9.8066,9.8066,inf,2.0,0.0,0.0,0.0,0.0,0.0,8000.0,20609557077.96,20609.5571
704.5,Agni_Class,MIDCOURSE,3249978.0419,3249.978,1245720.3615,1245.7204,2266.9438,8160.9978,2266.9438,1814.1523,1359.3697,-0.0,-9.8066,9.8066,inf,2.0,0.0,0.0,0.0,0.0,0.0,8000.0,20556137458.0,20556.1375
705.0,Agni_Class,MIDCOURSE,3250655.275,3250.6553,1246627.4377,1246.6274,2264.007,8150.4251,2264.007,1814.1523,1354.4663,-0.0,-9.8066,9.8066,inf,2.0,0.0,0.0,0.0,0.0,0.0,8000.0,20502910178.81,20502.9102
705.5,Agni_Class,MIDCOURSE,3251330.0565,3251.3301,1247534.5138,1247.5345,2261.0769,8139.8769,2261.0769,1814.1523,1349.563,-0.0,-9.8066,9.8066,inf,2.0,0.0,0.0,0.0,0.0,0.0,8000.0,20449875240.39,20449.8752
706.0,Agni_Class,MIDCOURSE,3252002.3864,3252.0024,1248441.5899,1248.4416,2258.1537,8129.3533,2258.1537,1814.1523,1344.6597,-0.0,-9.8066,9.8066,inf,2.0,0.0,0.0,0.0,0.0,0.0,8000.0,20397032642.74,20397.0326
706.5,Agni_Class,MIDCOURSE,3252672.2645,3252.6723,1249348.6661,1249.3487,2255.2374,8118.8545,2255.2374,1814.1523,1339.7564,-0.0,-9.8066,9.8066,inf,2.0,0.0,0.0,0.0,0.0,0.0,8000.0,20344382385.86,20344.3824
707.0,Agni_Class,MIDCOURSE,3253339.691,3253.3397,1250255.7422,1250.2557,2252.3279,8108.3806,2252.3279,1814.1523,1334.853,-0.0,-9.8066,9.8066,inf,2.0,0.0,0.0,0.0,0.0,0.0,8000.0,20291924469.74,20291.9245
707.5,Agni_Class,MIDCOURSE,3254004.6659,3254.0047,1251162.8184,1251.1628,2249.4254,8097.9315,2249.4254,1814.1523,1329.9497,-0.0,-9.8066,9.8066,inf,2.0,0.0,0.0,0.0,0.0,0.0,8000.0,20239658894.39,20239.6589
708.0,Agni_Class,MIDCOURSE,3254667.1891,3254.6672,1252069.8945,1252.0699,2246.5299,8087.5075,2246.5299,1814.1523,1325.0464,-0.0,-9.8066,9.8066,inf,2.0,0.0,0.0,0.0,0.0,0.0,8000.0,20187585659.81,20187.5857
708.5,Agni_Class,MIDCOURSE,3255327.2606,3255.3273,1252976.9707,1252.977,2243.6413,8077.1086,2243.6413,1814.1523,1320.1431,-0.0,-9.8066,9.8066,inf,2.0,0.0,0.0,0.0,0.0,0.0,8000.0,20135704766.0,20135.7048
709.0,Agni_Class,MIDCOURSE,3255984.8805,3255.9849,1253884.0468,1253.884,2240.7597,8066.7349,2240.7597,1814.1523,1315.2397,-0.0,-9.8066,9.8066,inf,2.0,0.0,0.0,0.0,0.0,0.0,8000.0,20084016212.96,20084.0162
709.5,Agni_Class,MIDCOURSE,3256640.0487,3256.64,1254791.1229,1254.7911,2237.8852,8056.3866,2237.8852,1814.1523,1310.3364,-0.0,-9.8066,9.8066,inf,2.0,0.0,0.0,0.0,0.0,0.0,8000.0,20032520000.69,20032.52
710.0,Agni_Class,MIDCOURSE,3257292.7652,3257.2928,1255698.1991,1255.6982,2235.0177,8046.0636,2235.0177,1814.1523,1305.4331,-0.0,-9.8066,9.8066,inf,2.0,0.0,0.0,0.0,0.0,0.0,8000.0,19981216129.18,19981.2161
710.5,Agni_Class,MIDCOURSE,3257943.0301,3257.943,1256605.2752,1256.6053,2232.1573,8035.7662,2232.1573,1814.1523,1300.5298,-0.0,-9.8066,9.8066,inf,2.0,0.0,0.0,0.0,0.0,0.0,8000.0,19930104598.45,19930.1046
711.0,Agni_Class,MIDCOURSE,3258590.8433,3258.5908,1257512.3514,1257.5124,2229.304,8025.4944,2229.304,1814.1523,1295.6264,-0.0,-9.8066,9.8066,inf,2.0,0.0,0.0,0.0,0.0,0.0,8000.0,19879185408.48,19879.1854
711.5,Agni_Class,MIDCOURSE,3259236.2049,3259.2362,1258419.4275,1258.4194,2226.4579,8015.2483,2226.4579,1814.1523,1290.7231,-0.0,-9.8066,9.8066,inf,2.0,0.0,0.0,0.0,0.0,0.0,8000.0,19828458559.28,19828.4586
712.0,Agni_Class,MIDCOURSE,3259879.1147,3259.8791,1259326.5037,1259.3265,2223.6189,8005.028,2223.6189,1814.1523,1285.8198,-0.0,-9.8066,9.8066,inf,2.0,0.0,0.0,0.0,0.0,0.0,8000.0,19777924050.85,19777.9241
712.5,Agni_Class,MIDCOURSE,3260519.573,3260.5196,1260233.5798,1260.2336,2220.7871,7994.8337,2220.7871,1814.1523,1280.9165,-0.0,-9.8066,9.8066,inf,2.0,0.0,0.0,0.0,0.0,0.0,8000.0,19727581883.19,19727.5819
713.0,Agni_Class,MIDCOURSE,3261157.5795,3261.1576,1261140.6559,1261.1407,2217.9626,7984.6653,2217.9626,1814.1523,1276.0131,-0.0,-9.8066,9.8066,inf,2.0,0.0,0.0,0.0,0.0,0.0,8000.0,19677432056.29,19677.4321
713.5,Agni_Class,MIDCOURSE,3261793.1344,3261.7931,1262047.7321,1262.0477,2215.1453,7974.523,2215.1453,1814.1523,1271.1098,-0.0,-9.8066,9.8066,inf,2.0,0.0,0.0,0.0,0.0,0.0,8000.0,19627474570.17,19627.4746
714.0,Agni_Class,MIDCOURSE,3262426.2377,3262.4262,1262954.8082,1262.9548,2212.3353,7964.407,2212.3353,1814.1523,1266.2065,-0.0,-9.8066,9.8066,inf,2.0,0.0,0.0,0.0,0.0,0.0,8000.0,19577709424.81,19577.7094
714.5,Agni_Class,MIDCOURSE,3263056.8892,3263.0569,1263861.8844,1263.8619,2209.5326,7954.3172,2209.5326,1814.1523,1261.3032,-0.0,-9.8066,9.8066,inf,2.0,0.0,0.0,0.0,0.0,0.0,8000.0,19528136620.22,19528.1366
715.0,Agni_Class,MIDCOURSE,3263685.0892,3263.6851,1264768.9605,1264.769,2206.7372,7944.2539,2206.7372,1814.1523,1256.3998,-0.0,-9.8066,9.8066,inf,2.0,0.0,0.0,0.0,0.0,0.0,8000.0,19478756156.4,19478.7562
715.5,Agni_Class,MIDCOURSE,3264310.8374,3264.3108,1265676.0367,1265.676,2203.9492,7934.2171,2203.9492,1814.1523,1251.4965,-0.0,-9.8066,9.8066,inf,2.0,0.0,0.0,0.0,0.0,0.0,8000.0,19429568033.35,19429.568
716.0,Agni_Class,MIDCOURSE,3264934.134,3264.9341,1266583.1128,1266.5831,2201.1686,7924.2068,2201.1686,1814.1523,1246.5932,-0.0,-9.8066,9.8066,inf,2.0,0.0,0.0,0.0,0.0,0.0,8000.0,19380572251.06,19380.5723
716.5,Agni_Class,MIDCOURSE,3265554.9789,3265.555,1267490.1889,1267.4902,2198.3954,7914.2233,2198.3954,1814.1523,1241.6899,-0.0,-9.8066,9.8066,inf,2.0,0.0,0.0,0.0,0.0,0.0,8000.0,19331768809.55,19331.7688
717.0,Agni_Class,MIDCOURSE,3266173.3722,3266.1734,1268397.2651,1268.3973,2195.6296,7904.2666,2195.6296,1814.1523,1236.7865,-0.0,-9.8066,9.8066,inf,2.0,0.0,0.0,0.0,0.0,0.0,8000.0,19283157708.8,19283.1577
717.5,Agni_Class,MIDCOURSE,3266789.3138,3266.7893,1269304.3412,1269.3043,2192.8713,7894.3368,2192.8713,1814.1523,1231.8832,-0.0,-9.8066,9.8066,inf,2.0,0.0,0.0,0.0,0.0,0.0,8000.0,19234738948.82,19234.7389
718.0,Agni_Class,MIDCOURSE,3267402.8037,3267.4028,1270211.4174,1270.2114,2190.1206,7884.4341,2190.1206,1814.1523,1226.9799,-0.0,-9.8066,9.8066,inf,2.0,0.0,0.0,0.0,0.0,0.0,8000.0,19186512529.61,19186.5125
718.5,Agni_Class,MIDCOURSE,3268013.842,3268.0138,1271118.4935,1271.1185,2187.3773,7874.5584,2187.3773,1814.1523,1222.0766,-0.0,-9.8066,9.8066,inf,2.0,0.0,0.0,0.0,0.0,0.0,8000.0,19138478451.17,19138.4785
719.0,Agni_Class,MIDCOURSE,3268622.4286,3268.6224,1272025.5696,1272.0256,2184.6417,7864.71,2184.6417,1814.1523,1217.1732,-0.0,-9.8066,9.8066,inf,2.0,0.0,0.0,0.0,0.0,0.0,8000.0,19090636713.5,19090.6367
719.5,Agni_Class,MIDCOURSE,3269228.5636,3269.2286,1272932.6458,1272.9326,2181.9136,7854.8889,2181.9136,1814.1523,1212.2699,-0.0,-9.8066,9.8066,inf,2.0,0.0,0.0,0.0,0.0,0.0,8000.0,19042987316.59,19042.9873
720.0,Agni_Class,MIDCOURSE,3269832.2469,3269.8322,1273839.7219,1273.8397,2179.1931,7845.0952,2179.1931,1814.1523,1207.3666,-0.0,-9.8066,9.8066,inf,2.0,0.0,0.0,0.0,0.0,0.0,8000.0,18995530260.46,18995.5303
720.5,Agni_Class,MIDCOURSE,3270433.4785,3270.4335,1274746.7981,1274.7468,2176.4803,7835.329,2176.4803,1814.1523,1202.4633,-0.0,-9.8066,9.8066,inf,2.0,0.0,0.0,0.0,0.0,0.0,8000.0,18948265545.09,18948.2655
721.0,Agni_Class,MIDCOURSE,3271032.2584,3271.0323,1275653.8742,1275.6539,2173.7751,7825.5904,2173.7751,1814.1523,1197.5599,-0.0,-9.8066,9.8066,inf,2.0,0.0,0.0,0.0,0.0,0.0,8000.0,18901193170.49,18901.1932
721.5,Agni_Class,MIDCOURSE,3271628.5867,3271.6286,1276560.9504,1276.561,2171.0777,7815.8796,2171.0777,1814.1523,1192.6566,-0.0,-9.8066,9.8066,inf,2.0,0.0,0.0,0.0,0.0,0.0,8000.0,18854313136.66,18854.3131
722.0,Agni_Class,MIDCOURSE,3272222.4634,3272.2225,1277468.0265,1277.468,2168.388,7806.1967,2168.388,1814.1523,1187.7533,-0.0,-9.8066,9.8066,inf,2.0,0.0,0.0,0.0,0.0,0.0,8000.0,18807625443.6,18807.6254
722.5,Agni_Class,MIDCOURSE,3272813.8884,3272.8139,1278375.1026,1278.3751,2165.706,7796.5416,2165.706,1814.1523,1182.85,-0.0,-9.8066,9.8066,inf,2.0,0.0,0.0,0.0,0.0,0.0,8000.0,18761130091.31,18761.1301
723.0,Agni_Class,MIDCOURSE,3273402.8617,3273.4029,1279282.1788,1279.2822,2163.0318,7786.9146,2163.0318,1814.1523,1177.9466,-0.0,-9.8066,9.8066,inf,2.0,0.0,0.0,0.0,0.0,0.0,8000.0,18714827079.78,18714.8271
723.5,Agni_Class,MIDCOURSE,3273989.3833,3273.9894,1280189.2549,1280.1893,2160.3655,7777.3158,2160.3655,1814.1523,1173.0433,-0.0,-9.8066,9.8066,inf,2.0,0.0,0.0,0.0,0.0,0.0,8000.0,18668716409.02,18668.7164
724.0,Agni_Class,MIDCOURSE,3274573.4533,3274.5735,1281096.3311,1281.0963,2157.707,7767.7452,2157.707,1814.1523,1168.14,-0.0,-9.8066,9.8066,inf,2.0,0.0,0.0,0.0,0.0,0.0,8000.0,18622798079.03,18622.7981
724.5,Agni_Class,MIDCOURSE,3275155.0716,3275.1551,1282003.4072,1282.0034,2155.0564,7758.203,2155.0564,1814.1523,1163.2367,-0.0,-9.8066,9.8066,inf,2.0,0.0,0.0,0.0,0.0,0.0,8000.0,18577072089.81,18577.0721
725.0,Agni_Class,MIDCOURSE,3275734.2383,3275.7342,1282910.4834,1282.9105,2152.4137,7748.6892,2152.4137,1814.1523,1158.3333,-0.0,-9.8066,9.8066,inf,2.0,0.0,0.0,0.0,0.0,0.0,8000.0,18531538441.36,18531.5384
725.5,Agni_Class,MIDCOURSE,3276310.9533,3276.311,1283817.5595,1283.8176,2149.7789,7739.204,2149.7789,1814.1523,1153.43,-0.0,-9.8066,9.8066,inf,2.0,0.0,0.0,0.0,0.0,0.0,8000.0,18486197133.68,18486.1971
726.0,Agni_Class,MIDCOURSE,3276885.2166,3276.8852,1284724.6356,1284.7246,2147.1521,7729.7475,2147.1521,1814.1523,1148.5267,-0.0,-9.8066,9.8066,inf,2.0,0.0,0.0,0.0,0.0,0.0,8000.0,18441048166.77,18441.0482
726.5,Agni_Class,MIDCOURSE,3277457.0283,3277.457,1285631.7118,1285.6317,2144.5333,7720.3197,2144.5333,1814.1523,1143.6234,-0.0,-9.8066,9.8066,inf,2.0,0.0,0.0,0.0,0.0,0.0,8000.0,18396091540.62,18396.0915
727.0,Agni_Class,MIDCOURSE,3278026.3883,3278.0264,1286538.7879,1286.5388,2141.9225,7710.9208,2141.9225,1814.1523,1138.72,-0.0,-9.8066,9.8066,inf,2.0,0.0,0.0,0.0,0.0,0.0,8000.0,18351327255.24,18351.3273
727.5,Agni_Class,MIDCOURSE,3278593.2967,3278.5933,1287445.8641,1287.4459,2139.3197,7701.551,2139.3197,1814.1523,1133.8167,-0.0,-9.8066,9.8066,inf,2.0,0.0,0.0,0.0,0.0,0.0,8000.0,18306755310.63,18306.7553
728.0,Agni_Class,MIDCOURSE,3279157.7534,3279.1578,1288352.9402,1288.3529,2136.725,7692.2102,2136.725,1814.1523,1128.9134,-0.0,-9.8066,9.8066,inf,2.0,0.0,0.0,0.0,0.0,0.0,8000.0,18262375706.79,18262.3757
728.5,Agni_Class,MIDCOURSE,3279719.7584,3279.7198,1289260.0164,1289.26,2134.1385,7682.8986,2134.1385,1814.1523,1124.0101,-0.0,-9.8066,9.8066,inf,2.0,0.0,0.0,0.0,0.0,0.0,8000.0,18218188443.72,18218.1884
729.0,Agni_Class,MIDCOURSE,3280279.3118,3280.2793,1290167.0925,1290.1671,2131.5601,7673.6163,2131.5601,1814.1523,1119.1067,-0.0,-9.8066,9.8066,inf,2.0,0.0,0.0,0.0,0.0,0.0,8000.0,18174193521.41,18174.1935
729.5,Agni_Class,MIDCOURSE,3280836.4135,3280.8364,1291074.1686,1291.0742,2128.9898,7664.3634,2128.9898,1814.1523,1114.2034,-0.0,-9.8066,9.8066,inf,2.0,0.0,0.0,0.0,0.0,0.0,8000.0,18130390939.88,18130.3909
730.0,Agni_Class,MIDCOURSE,3281391.0635,3281.3911,1291981.2448,1291.9812,2126.4278,7655.1401,2126.4278,1814.1523,1109.3001,-0.0,-9.8066,9.8066,inf,2.0,0.0,0.0,0.0,0.0,0.0,8000.0,18086780699.11,18086.7807
730.5,Agni_Class,MIDCOURSE,3281943.2619,3281.9433,1292888.3209,1292.8883,2123.874,7645.9463,2123.874,1814.1523,1104.3968,-0.0,-9.8066,9.8066,inf,2.0,0.0,0.0,0.0,0.0,0.0,8000.0,18043362799.11,18043.3628
731.0,Agni_Class,MIDCOURSE,3282493.0086,3282.493,1293795.3971,1293.7954,2121.3284,7636.7823,2121.3284,1814.1523,1099.4934,-0.0,-9.8066,9.8066,inf,2.0,0.0,0.0,0.0,0.0,0.0,8000.0,18000137239.88,18000.1372
731.5,Agni_Class,MIDCOURSE,3283040.3036,3283.0403,1294702.4732,1294.7025,2118.7912,7627.6482,2118.7912,1814.1523,1094.5901,-0.0,-9.8066,9.8066,inf,2.0,0.0,0.0,0.0,0.0,0.0,8000.0,17957104021.42,17957.104
732.0,Agni_Class,MIDCOURSE,3283585.147,3283.5851,1295609.5494,1295.6095,2116.2622,7618.544,2116.2622,1814.1523,1089.6868,-0.0,-9.8066,9.8066,inf,2.0,0.0,0.0,0.0,0.0,0.0,8000.0,17914263143.73,17914.2631
732.5,Agni_Class,MIDCOURSE,3284127.5387,3284.1275,1296516.6255,1296.5166,2113.7416,7609.4698,2113.7416,1814.1523,1084.7835,-0.0,-9.8066,9.8066,inf,2.0,0.0,0.0,0.0,0.0,0.0,8000.0,17871614606.8,17871.6146
733.0,Agni_Class,MIDCOURSE,3284667.4788,3284.6675,1297423.7016,1297.4237,2111.2294,7600.4259,2111.2294,1814.1523,1079.8801,-0.0,-9.8066,9.8066,inf,2.0,0.0,0.0,0.0,0.0,0.0,8000.0,17829158410.65,17829.1584
733.5,Agni_Class,MIDCOURSE,3285204.9672,3285.205,1298330.7778,1298.3308,2108.7256,7591.4121,2108.7256,1814.1523,1074.9768,-0.0,-9.8066,9.8066,inf,2.0,0.0,0.0,0.0,0.0,0.0,8000.0,17786894555.26,17786.8946
734.0,Agni_Class,MIDCOURSE,3285740.004,3285.74,1299237.8539,1299.2379,2106.2302,7582.4288,2106.2302,1814.1523,1070.0735,-0.0,-9.8066,9.8066,inf,2.0,0.0,0.0,0.0,0.0,0.0,8000.0,17744823040.64,17744.823
734.5,Agni_Class,MIDCOURSE,3286272.589,3286.2726,1300144.9301,1300.1449,2103.7433,7573.476,2103.7433,1814.1523,1065.1702,-0.0,-9.8066,9.8066,inf,2.0,0.0,0.0,0.0,0.0,0.0,8000.0,17702943866.79,17702.9439
735.0,Agni_Class,MIDCOURSE,3286802.7224,3286.8027,1301052.0062,1301.052,2101.2649,7564.5537,2101.2649,1814.1523,1060.2668,-0.0,-9.8066,9.8066,inf,2.0,0.0,0.0,0.0,0.0,0.0,8000.0,17661257033.7,17661.257
735.5,Agni_Class,MIDCOURSE,3287330.4042,3287.3304,1301959.0824,1301.9591,2098.795,7555.6622,2098.795,1814.1523,1055.3635,-0.0,-9.8066,9.8066,inf,2.0,0.0,0.0,0.0,0.0,0.0,8000.0,17619762541.39,17619.7625
736.0,Agni_Class,MIDCOURSE,3287855.6343,3287.8556,1302866.1585,1302.8662,2096.3337,7546.8014,2096.3337,1814.1523,1050.4602,-0.0,-9.8066,9.8066,inf,2.0,0.0,0.0,0.0,0.0,0.0,8000.0,17578460389.85,17578.4604
736.5,Agni_Class,MIDCOURSE,3288378.4127,3288.3784,1303773.2346,1303.7732,2093.881,7537.9716,2093.881,1814.1523,1045.5569,-0.0,-9.8066,9.8066,inf,2.0,0.0,0.0,0.0,0.0,0.0,8000.0,17537350579.07,17537.3506
737.0,Agni_Class,MIDCOURSE,3288898.7395,3288.8987,1304680.3108,1304.6803,2091.4369,7529.1728,2091.4369,1814.1523,1040.6535,-0.0,-9.8066,9.8066,inf,2.0,0.0,0.0,0.0,0.0,0.0,8000.0,17496433109.06,17496.4331
737.5,Agni_Class,MIDCOURSE,3289416.6146,3289.4166,1305587.3869,1305.5874,2089.0014,7520.4052,2089.0014,1814.1523,1035.7502,-0.0,-9.8066,9.8066,inf,2.0,0.0,0.0,0.0,0.0,0.0,8000.0,17455707979.82,17455.708
738.0,Agni_Class,MIDCOURSE,3289932.038,3289.932,1306494.4631,1306.4945,2086.5747,7511.6688,2086.5747,1814.1523,1030.8469,-0.0,-9.8066,9.8066,inf,2.0,0.0,0.0,0.0,0.0,0.0,8000.0,17415175191.35,17415.1752
738.5,Agni_Class,MIDCOURSE,3290445.0098,3290.445,1307401.5392,1307.4015,2084.1566,7502.9637,2084.1566,1814.1523,1025.9436,-0.0,-9.8066,9.8066,inf,2.0,0.0,0.0,0.0,0.0,0.0,8000.0,17374834743.64,17374.8347
739.0,Agni_Class,MIDCOURSE,3290955.5299,3290.9555,1308308.6154,1308.3086,2081.7473,7494.2901,2081.7473,1814.1523,1021.0402,-0.0,-9.8066,9.8066,inf,2.0,0.0,0.0,0.0,0.0,0.0,8000.0,17334686636.71,17334.6866
739.5,Agni_Class,MIDCOURSE,3291463.5983,3291.4636,1309215.6915,1309.2157,2079.3467,7485.6481,2079.3467,1814.1523,1016.1369,-0.0,-9.8066,9.8066,inf,2.0,0.0,0.0,0.0,0.0,0.0,8000.0,17294730870.54,17294.7309
740.0,Agni_Class,MIDCOURSE,3291969.2151,3291.9692,1310122.7676,1310.1228,2076.9549,7477.0378,2076.9549,1814.1523,1011.2336,-0.0,-9.8066,9.8066,inf,2.0,0.0,0.0,0.0,0.0,0.0,8000.0,17254967445.14,17254.9674
740.5,Agni_Class,MIDCOURSE,3292472.3803,3292.4724,1311029.8438,1311.0298,2074.572,7468.4593,2074.572,1814.1523,1006.3303,-0.0,-9.8066,9.8066,inf,2.0,0.0,0.0,0.0,0.0,0.0,8000.0,17215396360.51,17215.3964
741.0,Agni_Class,MIDCOURSE,3292973.0937,3292.9731,1311936.9199,1311.9369,2072.198,7459.9127,2072.198,1814.1523,1001.4269,-0.0,-9.8066,9.8066,inf,2.0,0.0,0.0,0.0,0.0,0.0,8000.0,17176017616.65,17176.0176
741.5,Agni_Class,MIDCOURSE,3293471.3555,3293.4714,1312843.9961,1312.844,2069.8328,7451.3981,2069.8328,1814.1523,996.5236,-0.0,-9.8066,9.8066,inf,2.0,0.0,0.0,0.0,0.0,0.0,8000.0,17136831213.56,17136.8312
742.0,Agni_Class,MIDCOURSE,3293967.1657,3293.9672,1313751.0722,1313.7511,2067.4766,7442.9156,2067.4766,1814.1523,991.6203,-0.0,-9.8066,9.8066,inf,2.0,0.0,0.0,0.0,0.0,0.0,8000.0,17097837151.23,17097.8372
742.5,Agni_Class,MIDCOURSE,3294460.5241,3294.4605,1314658.1484,1314.6581,2065.1293,7434.4653,2065.1293,1814.1523,986.717,-0.0,-9.8066,9.8066,inf,2.0,0.0,0.0,0.0,0.0,0.0,8000.0,17059035429.68,17059.0354
743.0,Agni_Class,MIDCOURSE,3294951.431,3294.9514,1315565.2245,1315.5652,2062.791,7426.0474,2062.791,1814.1523,981.8136,-0.0,-9.8066,9.8066,inf,2.0,0.0,0.0,0.0,0.0,0.0,8000.0,17020426048.89,17020.426
743.5,Agni_Class,MIDCOURSE,3295439.8861,3295.4399,1316472.3006,1316.4723,2060.4617,7417.662,2060.4617,1814.1523,976.9103,-0.0,-9.8066,9.8066,inf,2.0,0.0,0.0,0.0,0.0,0.0,8000.0,16982009008.87,16982.009
744.0,Agni_Class,MIDCOURSE,3295925.8896,3295.9259,1317379.3768,1317.3794,2058.1414,7409.3091,2058.1414,1814.1523,972.007,-0.0,-9.8066,9.8066,inf,2.0,0.0,0.0,0.0,0.0,0.0,8000.0,16943784309.62,16943.7843
744.5,Agni_Class,MIDCOURSE,3296409.4414,3296.4094,1318286.4529,1318.2865,2055.8302,7400.9889,2055.8302,1814.1523,967.1037,-0.0,-9.8066,9.8066,inf,2.0,0.0,0.0,0.0,0.0,0.0,8000.0,16905751951.14,16905.752
745.0,Agni_Class,MIDCOURSE,3296890.5416,3296.8905,1319193.5291,1319.1935,2053.5282,7392.7014,2053.5282,1814.1523,962.2003,-0.0,-9.8066,9.8066,inf,2.0,0.0,0.0,0.0,0.0,0.0,8000.0,16867911933.43,16867.9119
745.5,Agni_Class,MIDCOURSE,3297369.1901,3297.3692,1320100.6052,1320.1006,2051.2353,7384.4469,2051.2353,1814.1523,957.297,-0.0,-9.8066,9.8066,inf,2.0,0.0,0.0,0.0,0.0,0.0,8000.0,16830264256.48,16830.2643
746.0,Agni_Class,MIDCOURSE,3297845.3869,3297.8454,1321007.6814,1321.0077,2048.9515,7376.2254,2048.9515,1814.1523,952.3937,-0.0,-9.8066,9.8066,inf,2.0,0.0,0.0,0.0,0.0,0.0,8000.0,16792808920.3,16792.8089
746.5,Agni_Class,MIDCOURSE,3298319.1321,3298.3191,1321914.7575,1321.9148,2046.6769,7368.037,2046.6769,1814.1523,947.4904,-0.0,-9.8066,9.8066,inf,2.0,0.0,0.0,0.0,0.0,0.0,8000.0,16755545924.89,16755.5459
747.0,Agni_Class,MIDCOURSE,3298790.4256,3298.7904,1322821.8336,1322.8218,2044.4116,7359.8818,2044.4116,1814.1523,942.587,-0.0,-9.8066,9.8066,inf,2.0,0.0,0.0,0.0,0.0,0.0,8000.0,16718475270.25,16718.4753
747.5,Agni_Class,MIDCOURSE,3299259.2675,3299.2593,1323728.9098,1323.7289,2042.1555,7351.7599,2042.1555,1814.1523,937.6837,-0.0,-9.8066,9.8066,inf,2.0,0.0,0.0,0.0,0.0,0.0,8000.0,16681596956.38,16681.597
748.0,Agni_Class,MIDCOURSE,3299725.6576,3299.7257,1324635.9859,1324.636,2039.9088,7343.6715,2039.9088,1814.1523,932.7804,-0.0,-9.8066,9.8066,inf,2.0,0.0,0.0,0.0,0.0,0.0,8000.0,16644910983.28,16644.911
748.5,Agni_Class,MIDCOURSE,3300189.5962,3300.1896,1325543.0621,1325.5431,2037.6713,7335.6167,2037.6713,1814.1523,927.8771,-0.0,-9.8066,9.8066,inf,2.0,0.0,0.0,0.0,0.0,0.0,8000.0,16608417350.95,16608.4174
749.0,Agni_Class,MIDCOURSE,3300651.083,3300.6511,1326450.1382,1326.4501,2035.4432,7327.5955,2035.4432,1814.1523,922.9737,-0.0,-9.8066,9.8066,inf,2.0,0.0,0.0,0.0,0.0,0.0,8000.0,16572116059.38,16572.1161
749.5,Agni_Class,MIDCOURSE,3301110.1182,3301.1101,1327357.2144,1327.3572,2033.2245,7319.6081,2033.2245,1814.1523,918.0704,-0.0,-9.8066,9.8066,inf,2.0,0.0,0.0,0.0,0.0,0.0,8000.0,16536007108.58,16536.0071
750.0,Agni_Class,MIDCOURSE,3301566.7018,3301.5667,1328264.2905,1328.2643,2031.0152,7311.6546,2031.0152,1814.1523,913.1671,-0.0,-9.8066,9.8066,inf,2.0,0.0,0.0,0.0,0.0,0.0,8000.0,16500090498.55,16500.0905
750.5,Agni_Class,MIDCOURSE,3302020.8337,3302.0208,1329171.3666,1329.1714,2028.8153,7303.7351,2028.8153,1814.1523,908.2638,-0.0,-9.8066,9.8066,inf,2.0,0.0,0.0,0.0,0.0,0.0,8000.0,16464366229.29,16464.3662
751.0,Agni_Class,MIDCOURSE,3302472.5139,3302.4725,1330078.4428,1330.0784,2026.6249,7295.8497,2026.6249,1814.1523,903.3604,-0.0,-9.8066,9.8066,inf,2.0,0.0,0.0,0.0,0.0,0.0,8000.0,16428834300.8,16428.8343
751.5,Agni_Class,MIDCOURSE,3302921.7424,3302.9217,1330985.5189,1330.9855,2024.444,7287.9986,2024.444,1814.1523,898.4571,-0.0,-9.8066,9.8066,inf,2.0,0.0,0.0,0.0,0.0,0.0,8000.0,16393494713.07,16393.4947
752.0,Agni_Class,MIDCOURSE,3303368.5193,3303.3685,1331892.5951,1331.8926,2022.2727,7280.1817,2022.2727,1814.1523,893.5538,-0.0,-9.8066,9.8066,inf,2.0,0.0,0.0,0.0,0.0,0.0,8000.0,16358347466.12,16358.3475
752.5,Agni_Class,MIDCOURSE,3303812.8445,3303.8128,1332799.6712,1332.7997,2020.1109,7272.3993,2020.1109,1814.1523,888.6505,-0.0,-9.8066,9.8066,inf,2.0,0.0,0.0,0.0,0.0,0.0,8000.0,16323392559.93,16323.3926
753.0,Agni_Class,MIDCOURSE,3304254.7181,3304.2547,1333706.7474,1333.7067,2017.9587,7264.6515,2017.9587,1814.1523,883.7471,-0.0,-9.8066,9.8066,inf,2.0,0.0,0.0,0.0,0.0,0.0,8000.0,16288629994.51,16288.63
753.5,Agni_Class,MIDCOURSE,3304694.14,3304.6941,1334613.8235,1334.6138,2015.8162,7256.9383,2015.8162,1814.1523,878.8438,-0.0,-9.8066,9.8066,inf,2.0,0.0,0.0,0.0,0.0,0.0,8000.0,16254059769.86,16254.0598
754.0,Agni_Class,MIDCOURSE,3305131.1102,3305.1311,1335520.8996,1335.5209,2013.6833,7249.2599,2013.6833,1814.1523,873.9405,-0.0,-9.8066,9.8066,inf,2.0,0.0,0.0,0.0,0.0,0.0,8000.0,16219681885.98,16219.6819
754.5,Agni_Class,MIDCOURSE,3305565.6288,3305.5656,1336427.9758,1336.428,2011.5601,7241.6164,2011.5601,1814.1523,869.0372,-0.0,-9.8066,9.8066,inf,2.0,0.0,0.0,0.0,0.0,0.0,8000.0,16185496342.87,16185.4963
755.0,Agni_Class,MIDCOURSE,3305997.6957,3305.9977,1337335.0519,1337.3351,2009.4466,7234.0079,2009.4466,1814.1523,864.1338,-0.0,-9.8066,9.8066,inf,2.0,0.0,0.0,0.0,0.0,0.0,8000.0,16151503140.52,16151.5031
755.5,Agni_Class,MIDCOURSE,3306427.311,3306.4273,1338242.1281,1338.2421,2007.3429,7226.4345,2007.3429,1814.1523,859.2305,-0.0,-9.8066,9.8066,inf,2.0,0.0,0.0,0.0,0.0,0.0,8000.0,16117702278.95,16117.7023
756.0,Agni_Class,MIDCOURSE,3306854.4746,3306.8545,1339149.2042,1339.1492,2005.249,7218.8963,2005.249,1814.1523,854.3272,-0.0,-9.8066,9.8066,inf,2.0,0.0,0.0,0.0,0.0,0.0,8000.0,16084093758.14,16084.0938
756.5,Agni_Class,MIDCOURSE,3307279.1865,3307.2792,1340056.2804,1340.0563,2003.1648,7211.3934,2003.1648,1814.1523,849.4239,-0.0,-9.8066,9.8066,inf,2.0,0.0,0.0,0.0,0.0,0.0,8000.0,16050677578.1,16050.6776
757.0,Agni_Class,MIDCOURSE,3307701.4467,3307.7014,1340963.3565,1340.9634,2001.0906,7203.926,2001.0906,1814.1523,844.5205,-0.0,-9.8066,9.8066,inf,2.0,0.0,0.0,0.0,0.0,0.0,8000.0,16017453738.83,16017.4537
757.5,Agni_Class,MIDCOURSE,3308121.2554,3308.1213,1341870.4326,1341.8704,1999.0262,7196.4942,1999.0262,1814.1523,839.6172,-0.0,-9.8066,9.8066,inf,2.0,0.0,0.0,0.0,0.0,0.0,8000.0,15984422240.33,15984.4222
758.0,Agni_Class,MIDCOURSE,3308538.6123,3308.5386,1342777.5088,1342.7775,1996.9716,7189.0979,1996.9716,1814.1523,834.7139,-0.0,-9.8066,9.8066,inf,2.0,0.0,0.0,0.0,0.0,0.0,8000.0,15951583082.59,15951.5831
758.5,Agni_Class,MIDCOURSE,3308953.5176,3308.9535,1343684.5849,1343.6846,1994.9271,7181.7375,1994.9271,1814.1523,829.8106,-0.0,-9.8066,9.8066,inf,2.0,0.0,0.0,0.0,0.0,0.0,8000.0,15918936265.63,15918.9363
759.0,Agni_Class,MIDCOURSE,3309365.9712,3309.366,1344591.6611,1344.5917,1992.8925,7174.4129,1992.8925,1814.1523,824.9072,-0.0,-9.8066,9.8066,inf,2.0,0.0,0.0,0.0,0.0,0.0,8000.0,15886481789.43,15886.4818
759.5,Agni_Class,MIDCOURSE,3309775.9731,3309.776,1345498.7372,1345.4987,1990.8679,7167.1244,1990.8679,1814.1523,820.0039,-0.0,-9.8066,9.8066,inf,2.0,0.0,0.0,0.0,0.0,0.0,8000.0,15854219654.0,15854.2197
760.0,Agni_Class,MIDCOURSE,3310183.5234,3310.1835,1346405.8134,1346.4058,1988.8533,7159.8719,1988.8533,1814.1523,815.1006,-0.0,-9.8066,9.8066,inf,2.0,0.0,0.0,0.0,0.0,0.0,8000.0,15822149859.34,15822.1499
760.5,Agni_Class,MIDCOURSE,3310588.622,3310.5886,1347312.8895,1347.3129,1986.8488,7152.6556,1986.8488,1814.1523,810.1973,-0.0,-9.8066,9.8066,inf,2.0,0.0,0.0,0.0,0.0,0.0,8000.0,15790272405.45,15790.2724
761.0,Agni_Class,MIDCOURSE,3310991.269,3310.9913,1348219.9656,1348.22,1984.8544,7145.4757,1984.8544,1814.1523,805.2939,-0.0,-9.8066,9.8066,inf,2.0,0.0,0.0,0.0,0.0,0.0,8000.0,15758587292.32,15758.5873
761.5,Agni_Class,MIDCOURSE,3311391.4643,3311.3915,1349127.0418,1349.127,1982.87,7138.3322,1982.87,1814.1523,800.3906,-0.0,-9.8066,9.8066,inf,2.0,0.0,0.0,0.0,0.0,0.0,8000.0,15727094519.97,15727.0945
762.0,Agni_Class,MIDCOURSE,3311789.2079,3311.7892,1350034.1179,1350.0341,1980.8959,7131.2252,1980.8959,1814.1523,795.4873,-0.0,-9.8066,9.8066,inf,2.0,0.0,0.0,0.0,0.0,0.0,8000.0,15695794088.38,15695.7941
762.5,Agni_Class,MIDCOURSE,3312184.4999,3312.1845,1350941.1941,1350.9412,1978.9319,7124.1549,1978.9319,1814.1523,790.584,-0.0,-9.8066,9.8066,inf,2.0,0.0,0.0,0.0,0.0,0.0,8000.0,15664685997.56,15664.686
763.0,Agni_Class,MIDCOURSE,3312577.3402,3312.5773,1351848.2702,1351.8483,1976.9781,7117.1213,1976.9781,1814.1523,785.6806,-0.0,-9.8066,9.8066,inf,2.0,0.0,0.0,0.0,0.0,0.0,8000.0,15633770247.51,15633.7702
763.5,Agni_Class,MIDCOURSE,3312967.7289,3312.9677,1352755.3464,1352.7553,1975.0346,7110.1246,1975.0346,1814.1523,780.7773,-0.0,-9.8066,9.8066,inf,2.0,0.0,0.0,0.0,0.0,0.0,8000.0,15603046838.23,15603.0468
764.0,Agni_Class,MIDCOURSE,3313355.6659,3313.3557,1353662.4225,1353.6624,1973.1014,7103.1649,1973.1014,1814.1523,775.874,-0.0,-9.8066,9.8066,inf,2.0,0.0,0.0,0.0,0.0,0.0,8000.0,15572515769.72,15572.5158
764.5,Agni_Class,MIDCOURSE,3313741.1512,3313.7412,1354569.4986,1354.5695,1971.1784,7096.2422,1971.1784,1814.1523,770.9707,-0.0,-9.8066,9.8066,inf,2.0,0.0,0.0,0.0,0.0,0.0,8000.0,15542177041.98,15542.177
765.0,Agni_Class,MIDCOURSE,3314124.1849,3314.1242,1355476.5748,1355.4766,1969.2658,7089.3568,1969.2658,1814.1523,766.0673,-0.0,-9.8066,9.8066,inf,2.0,0.0,0.0,0.0,0.0,0.0,8000.0,15512030655.0,15512.0307
765.5,Agni_Class,MIDCOURSE,3314504.7669,3314.5048,1356383.6509,1356.3837,1967.3635,7082.5086,1967.3635,1814.1523,761.164,-0.0,-9.8066,9.8066,inf,2.0,0.0,0.0,0.0,0.0,0.0,8000.0,15482076608.79,15482.0766
766.0,Agni_Class,MIDCOURSE,3314882.8972,3314.8829,1357290.7271,1357.2907,1965.4716,7075.6979,1965.4716,1814.1523,756.2607,-0.0,-9.8066,9.8066,inf,2.0,0.0,0.0,0.0,0.0,0.0,8000.0,15452314903.35,15452.3149
766.5,Agni_Class,MIDCOURSE,3315258.5759,3315.2586,1358197.8032,1358.1978,1963.5902,7068.9246,1963.5902,1814.1523,751.3574,-0.0,-9.8066,9.8066,inf,2.0,0.0,0.0,0.0,0.0,0.0,8000.0,15422745538.68,15422.7455
767.0,Agni_Class,MIDCOURSE,3315631.8029,3315.6318,1359104.8794,1359.1049,1961.7192,7062.189,1961.7192,1814.1523,746.454,-0.0,-9.8066,9.8066,inf,2.0,0.0,0.0,0.0,0.0,0.0,8000.0,15393368514.78,15393.3685
767.5,Agni_Class,MIDCOURSE,3316002.5782,3316.0026,1360011.9555,1360.012,1959.8587,7055.4912,1959.8587,1814.1523,741.5507,-0.0,-9.8066,9.8066,inf,2.0,0.0,0.0,0.0,0.0,0.0,8000.0,15364183831.65,15364.1838
768.0,Agni_Class,MIDCOURSE,3316370.9019,3316.3709,1360919.0316,1360.919,1958.0086,7048.8311,1958.0086,1814.1523,736.6474,-0.0,-9.8066,9.8066,inf,2.0,0.0,0.0,0.0,0.0,0.0,8000.0,15335191489.28,15335.1915
768.5,Agni_Class,MIDCOURSE,3316736.774,3316.7368,1361826.1078,1361.8261,1956.1692,7042.2091,1956.1692,1814.1523,731.7441,-0.0,-9.8066,9.8066,inf,2.0,0.0,0.0,0.0,0.0,0.0,8000.0,15306391487.68,15306.3915
769.0,Agni_Class,MIDCOURSE,3317100.1943,3317.1002,1362733.1839,1362.7332,1954.3403,7035.625,1954.3403,1814.1523,726.8407,-0.0,-9.8066,9.8066,inf,2.0,0.0,0.0,0.0,0.0,0.0,8000.0,15277783826.86,15277.7838
769.5,Agni_Class,MIDCOURSE,3317461.163,3317.4612,1363640.2601,1363.6403,1952.522,7029.0792,1952.522,1814.1523,721.9374,-0.0,-9.8066,9.8066,inf,2.0,0.0,0.0,0.0,0.0,0.0,8000.0,15249368506.8,15249.3685
770.0,Agni_Class,MIDCOURSE,3317819.6801,3317.8197,1364547.3362,1364.5473,1950.7143,7022.5716,1950.7143,1814.1523,717.0341,-0.0,-9.8066,9.8066,inf,2.0,0.0,0.0,0.0,0.0,0.0,8000.0,15221145527.5,15221.1455
770.5,Agni_Class,MIDCOURSE,3318175.7454,3318.1757,1365454.4124,1365.4544,1948.9173,7016.1024,1948.9173,1814.1523,712.1308,-0.0,-9.8066,9.8066,inf,2.0,0.0,0.0,0.0,0.0,0.0,8000.0,15193114888.98,15193.1149
771.0,Agni_Class,MIDCOURSE,3318529.3591,3318.5294,1366361.4885,1366.3615,1947.131,7009.6716,1947.131,1814.1523,707.2274,-0.0,-9.8066,9.8066,inf,2.0,0.0,0.0,0.0,0.0,0.0,8000.0,15165276591.23,15165.2766
771.5,Agni_Class,MIDCOURSE,3318880.5212,3318.8805,1367268.5646,1367.2686,1945.3554,7003.2795,1945.3554,1814.1523,702.3241,-0.0,-9.8066,9.8066,inf,2.0,0.0,0.0,0.0,0.0,0.0,8000.0,15137630634.24,15137.6306
772.0,Agni_Class,MIDCOURSE,3319229.2316,3319.2292,1368175.6408,1368.1756,1943.5906,6996.926,1943.5906,1814.1523,697.4208,-0.0,-9.8066,9.8066,inf,2.0,0.0,0.0,0.0,0.0,0.0,8000.0,15110177018.02,15110.177
772.5,Agni_Class,MIDCOURSE,3319575.4903,3319.5755,1369082.7169,1369.0827,1941.8365,6990.6113,1941.8365,1814.1523,692.5175,-0.0,-9.8066,9.8066,inf,2.0,0.0,0.0,0.0,0.0,0.0,8000.0,15082915742.57,15082.9157
773.0,Agni_Class,MIDCOURSE,3319919.2974,3319.9193,1369989.7931,1369.9898,1940.0932,6984.3356,1940.0932,1814.1523,687.6141,-0.0,-9.8066,9.8066,inf,2.0,0.0,0.0,0.0,0.0,0.0,8000.0,15055846807.89,15055.8468
773.5,Agni_Class,MIDCOURSE,3320260.6528,3320.2607,1370896.8692,1370.8969,1938.3608,6978.0988,1938.3608,1814.1523,682.7108,-0.0,-9.8066,9.8066,inf,2.0,0.0,0.0,0.0,0.0,0.0,8000.0,15028970213.98,15028.9702
774.0,Agni_Class,MIDCOURSE,3320599.5565,3320.5996,1371803.9454,1371.8039,1936.6392,6971.9012,1936.6392,1814.1523,677.8075,-0.0,-9.8066,9.8066,inf,2.0,0.0,0.0,0.0,0.0,0.0,8000.0,15002285960.84,15002.286
774.5,Agni_Class,MIDCOURSE,3320936.0086,3320.936,1372711.0215,1372.711,1934.9286,6965.7428,1934.9286,1814.1523,672.9042,-0.0,-9.8066,9.8066,inf,2.0,0.0,0.0,0.0,0.0,0.0,8000.0,14975794048.46,14975.794
775.0,Agni_Class,MIDCOURSE,3321270.009,3321.27,1373618.0976,1373.6181,1933.2288,6959.6237,1933.2288,1814.1523,668.0008,-0.0,-9.8066,9.8066,inf,2.0,0.0,0.0,0.0,0.0,0.0,8000.0,14949494476.85,14949.4945
775.5,Agni_Class,MIDCOURSE,3321601.5578,3321.6016,1374525.1738,1374.5252,1931.54,6953.544,1931.54,1814.1523,663.0975,-0.0,-9.8066,9.8066,inf,2.0,0.0,0.0,0.0,0.0,0.0,8000.0,14923387246.02,14923.3872
776.0,Agni_Class,MIDCOURSE,3321930.6548,3321.9307,1375432.2499,1375.4322,1929.8622,6947.5039,1929.8622,1814.1523,658.1942,-0.0,-9.8066,9.8066,inf,2.0,0.0,0.0,0.0,0.0,0.0,8000.0,14897472355.94,14897.4724
776.5,Agni_Class,MIDCOURSE,3322257.3003,3322.2573,1376339.3261,1376.3393,1928.1954,6941.5034,1928.1954,1814.1523,653.2909,-0.0,-9.8066,9.8066,inf,2.0,0.0,0.0,0.0,0.0,0.0,8000.0,14871749806.64,14871.7498
777.0,Agni_Class,MIDCOURSE,3322581.494,3322.5815,1377246.4022,1377.2464,1926.5396,6935.5426,1926.5396,1814.1523,648.3875,-0.0,-9.8066,9.8066,inf,2.0,0.0,0.0,0.0,0.0,0.0,8000.0,14846219598.11,14846.2196
777.5,Agni_Class,MIDCOURSE,3322903.2361,3322.9032,1378153.4784,1378.1535,1924.8949,6929.6217,1924.8949,1814.1523,643.4842,-0.0,-9.8066,9.8066,inf,2.0,0.0,0.0,0.0,0.0,0.0,8000.0,14820881730.35,14820.8817
778.0,Agni_Class,MIDCOURSE,3323222.5266,3323.2225,1379060.5545,1379.0606,1923.2613,6923.7407,1923.2613,1814.1523,638.5809,-0.0,-9.8066,9.8066,inf,2.0,0.0,0.0,0.0,0.0,0.0,8000.0,14795736203.35,14795.7362
778.5,Agni_Class,MIDCOURSE,3323539.3653,3323.5394,1379967.6306,1379.9676,1921.6388,6917.8998,1921.6388,1814.1523,633.6776,-0.0,-9.8066,9.8066,inf,2.0,0.0,0.0,0.0,0.0,0.0,8000.0,14770783017.12,14770.783
779.0,Agni_Class,MIDCOURSE,3323853.7525,3323.8538,1380874.7068,1380.8747,1920.0275,6912.0989,1920.0275,1814.1523,628.7742,-0.0,-9.8066,9.8066,inf,2.0,0.0,0.0,0.0,0.0,0.0,8000.0,14746022171.66,14746.0222
779.5,Agni_Class,MIDCOURSE,3324165.6879,3324.1657,1381781.7829,1381.7818,1918.4273,6906.3384,1918.4273,1814.1523,623.8709,-0.0,-9.8066,9.8066,inf,2.0,0.0,0.0,0.0,0.0,0.0,8000.0,14721453666.97,14721.4537
780.0,Agni_Class,MIDCOURSE,3324475.1717,3324.4752,1382688.8591,1382.6889,1916.8384,6900.6182,1916.8384,1814.1523,618.9676,-0.0,-9.8066,9.8066,inf,2.0,0.0,0.0,0.0,0.0,0.0,8000.0,14697077503.05,14697.0775
780.5,Agni_Class,MIDCOURSE,3324782.2038,3324.7822,1383595.9352,1383.5959,1915.2607,6894.9384,1915.2607,1814.1523,614.0643,-0.0,-9.8066,9.8066,inf,2.0,0.0,0.0,0.0,0.0,0.0,8000.0,14672893679.89,14672.8937
781.0,Agni_Class,MIDCOURSE,3325086.7843,3325.0868,1384503.0114,1384.503,1913.6942,6889.2992,1913.6942,1814.1523,609.1609,-0.0,-9.8066,9.8066,inf,2.0,0.0,0.0,0.0,0.0,0.0,8000.0,14648902197.51,14648.9022
781.5,Agni_Class,MIDCOURSE,3325388.9131,3325.3889,1385410.0875,1385.4101,1912.1391,6883.7006,1912.1391,1814.1523,604.2576,-0.0,-9.8066,9.8066,inf,2.0,0.0,0.0,0.0,0.0,0.0,8000.0,14625103055.89,14625.1031
782.0,Agni_Class,MIDCOURSE,3325688.5902,3325.6886,1386317.1636,1386.3172,1910.5952,6878.1428,1910.5952,1814.1523,599.3543,-0.0,-9.8066,9.8066,inf,2.0,0.0,0.0,0.0,0.0,0.0,8000.0,14601496255.04,14601.4963
782.5,Agni_Class,MIDCOURSE,3325985.8157,3325.9858,1387224.2398,1387.2242,1909.0627,6872.6258,1909.0627,1814.1523,594.451,-0.0,-9.8066,9.8066,inf,2.0,0.0,0.0,0.0,0.0,0.0,8000.0,14578081794.96,14578.0818
783.0,Agni_Class,MIDCOURSE,3326280.5895,3326.2806,1388131.3159,1388.1313,1907.5416,6867.1497,1907.5416,1814.1523,589.5476,-0.0,-9.8066,9.8066,inf,2.0,0.0,0.0,0.0,0.0,0.0,8000.0,14554859675.65,14554.8597
783.5,Agni_Class,MIDCOURSE,3326572.9117,3326.5729,1389038.3921,1389.0384,1906.0319,6861.7147,1906.0319,1814.1523,584.6443,-0.0,-9.8066,9.8066,inf,2.0,0.0,0.0,0.0,0.0,0.0,8000.0,14531829897.11,14531.8299
784.0,Agni_Class,MIDCOURSE,3326862.7822,3326.8628,1389945.4682,1389.9455,1904.5336,6856.3208,1904.5336,1814.1523,579.741,-0.0,-9.8066,9.8066,inf,2.0,0.0,0.0,0.0,0.0,0.0,8000.0,14508992459.33,14508.9925
784.5,Agni_Class,MIDCOURSE,3327150.201,3327.1502,1390852.5443,1390.8525,1903.0467,6850.9682,1903.0467,1814.1523,574.8377,-0.0,-9.8066,9.8066,inf,2.0,0.0,0.0,0.0,0.0,0.0,8000.0,14486347362.32,14486.3474
785.0,Agni_Class,MIDCOURSE,3327435.1681,3327.4352,1391759.6205,1391.7596,1901.5714,6845.6569,1901.5714,1814.1523,569.9343,-0.0,-9.8066,9.8066,inf,2.0,0.0,0.0,0.0,0.0,0.0,8000.0,14463894606.09,14463.8946
785.5,Agni_Class,MIDCOURSE,3327717.6836,3327.7177,1392666.6966,1392.6667,1900.1075,6840.387,1900.1075,1814.1523,565.031,-0.0,-9.8066,9.8066,inf,2.0,0.0,0.0,0.0,0.0,0.0,8000.0,14441634190.62,14441.6342
786.0,Agni_Class,MIDCOURSE,3327997.7475,3327.9977,1393573.7728,1393.5738,1898.6552,6835.1587,1898.6552,1814.1523,560.1277,-0.0,-9.8066,9.8066,inf,2.0,0.0,0.0,0.0,0.0,0.0,8000.0,14419566115.91,14419.5661
786.5,Agni_Class,MIDCOURSE,3328275.3597,3328.2754,1394480.8489,1394.4808,1897.2144,6829.9719,1897.2144,1814.1523,555.2244,-0.0,-9.8066,9.8066,inf,2.0,0.0,0.0,0.0,0.0,0.0,8000.0,14397690381.98,14397.6904
787.0,Agni_Class,MIDCOURSE,3328550.5202,3328.5505,1395387.9251,1395.3879,1895.7853,6824.8269,1895.7853,1814.1523,550.321,-0.0,-9.8066,9.8066,inf,2.0,0.0,0.0,0.0,0.0,0.0,8000.0,14376006988.82,14376.007
787.5,Agni_Class,MIDCOURSE,3328823.229,3328.8232,1396295.0012,1396.295,1894.3677,6819.7237,1894.3677,1814.1523,545.4177,-0.0,-9.8066,9.8066,inf,2.0,0.0,0.0,0.0,0.0,0.0,8000.0,14354515936.42,14354.5159
788.0,Agni_Class,MIDCOURSE,3329093.4862,3329.0935,1397202.0773,1397.2021,1892.9618,6814.6624,1892.9618,1814.1523,540.5144,-0.0,-9.8066,9.8066,inf,2.0,0.0,0.0,0.0,0.0,0.0,8000.0,14333217224.79,14333.2172
788.5,Agni_Class,MIDCOURSE,3329361.2917,3329.3613,1398109.1535,1398.1092,1891.5675,6809.6431,1891.5675,1814.1523,535.6111,-0.0,-9.8066,9.8066,inf,2.0,0.0,0.0,0.0,0.0,0.0,8000.0,14312110853.94,14312.1109
789.0,Agni_Class,MIDCOURSE,3329626.6456,3329.6266,1399016.2296,1399.0162,1890.185,6804.6659,1890.185,1814.1523,530.7077,-0.0,-9.8066,9.8066,inf,2.0,0.0,0.0,0.0,0.0,0.0,8000.0,14291196823.84,14291.1968
789.5,Agni_Class,MIDCOURSE,3329889.5478,3329.8895,1399923.3058,1399.9233,1888.8141,6799.7308,1888.8141,1814.1523,525.8044,-0.0,-9.8066,9.8066,inf,2.0,0.0,0.0,0.0,0.0,0.0,8000.0,14270475134.52,14270.4751
790.0,Agni_Class,MIDCOURSE,3330149.9983,3330.15,1400830.3819,1400.8304,1887.455,6794.8381,1887.455,1814.1523,520.9011,-0.0,-9.8066,9.8066,inf,2.0,0.0,0.0,0.0,0.0,0.0,8000.0,14249945785.97,14249.9458
790.5,Agni_Class,MIDCOURSE,3330407.9972,3330.408,1401737.4581,1401.7375,1886.1077,6789.9877,1886.1077,1814.1523,515.9978,-0.0,-9.8066,9.8066,inf,2.0,0.0,0.0,0.0,0.0,0.0,8000.0,14229608778.18,14229.6088
791.0,Agni_Class,MIDCOURSE,3330663.5444,3330.6635,1402644.5342,1402.6445,1884.7721,6785.1797,1884.7721,1814.1523,511.0944,-0.0,-9.8066,9.8066,inf,2.0,0.0,0.0,0.0,0.0,0.0,8000.0,14209464111.17,14209.4641
791.5,Agni_Class,MIDCOURSE,3330916.64,3330.9166,1403551.6103,1403.5516,1883.4484,6780.4143,1883.4484,1814.1523,506.1911,-0.0,-9.8066,9.8066,inf,2.0,0.0,0.0,0.0,0.0,0.0,8000.0,14189511784.92,14189.5118
792.0,Agni_Class,MIDCOURSE,3331167.2839,3331.1673,1404458.6865,1404.4587,1882.1365,6775.6915,1882.1365,1814.1523,501.2878,-0.0,-9.8066,9.8066,inf,2.0,0.0,0.0,0.0,0.0,0.0,8000.0,14169751799.44,14169.7518
792.5,Agni_Class,MIDCOURSE,3331415.4761,3331.4155,1405365.7626,1405.3658,1880.8365,6771.0115,1880.8365,1814.1523,496.3845,-0.0,-9.8066,9.8066,inf,2.0,0.0,0.0,0.0,0.0,0.0,8000.0,14150184154.73,14150.1842
793.0,Agni_Class,MIDCOURSE,3331661.2167,3331.6612,1406272.8388,1406.2728,1879.5484,6766.3743,1879.5484,1814.1523,491.4811,-0.0,-9.8066,9.8066,inf,2.0,0.0,0.0,0.0,0.0,0.0,8000.0,14130808850.78,14130.8089
793.5,Agni_Class,MIDCOURSE,3331904.5056,3331.9045,1407179.9149,1407.1799,1878.2722,6761.7799,1878.2722,1814.1523,486.5778,-0.0,-9.8066,9.8066,inf,2.0,0.0,0.0,0.0,0.0,0.0,8000.0,14111625887.61,14111.6259
794.0,Agni_Class,MIDCOURSE,3332145.3428,3332.1453,1408086.9911,1408.087,1877.0079,6757.2286,1877.0079,1814.1523,481.6745,-0.0,-9.8066,9.8066,inf,2.0,0.0,0.0,0.0,0.0,0.0,8000.0,14092635265.2,14092.6353
794.5,Agni_Class,MIDCOURSE,3332383.7284,3332.3837,1408994.0672,1408.9941,1875.7556,6752.7203,1875.7556,1814.1523,476.7712,-0.0,-9.8066,9.8066,inf,2.0,0.0,0.0,0.0,0.0,0.0,8000.0,14073836983.57,14073.837
795.0,Agni_Class,MIDCOURSE,3332619.6623,3332.6197,1409901.1433,1409.9011,1874.5153,6748.2552,1874.5153,1814.1523,471.8678,-0.0,-9.8066,9.8066,inf,2.0,0.0,0.0,0.0,0.0,0.0,8000.0,14055231042.7,14055.231
795.5,Agni_Class,MIDCOURSE,3332853.1445,3332.8531,1410808.2195,1410.8082,1873.287,6743.8334,1873.287,1814.1523,466.9645,-0.0,-9.8066,9.8066,inf,2.0,0.0,0.0,0.0,0.0,0.0,8000.0,14036817442.6,14036.8174
796.0,Agni_Class,MIDCOURSE,3333084.1751,3333.0842,1411715.2956,1411.7153,1872.0708,6739.4548,1872.0708,1814.1523,462.0612,-0.0,-9.8066,9.8066,inf,2.0,0.0,0.0,0.0,0.0,0.0,8000.0,14018596183.26,14018.5962
796.5,Agni_Class,MIDCOURSE,3333312.754,3333.3128,1412622.3718,1412.6224,1870.8666,6735.1197,1870.8666,1814.1523,457.1579,-0.0,-9.8066,9.8066,inf,2.0,0.0,0.0,0.0,0.0,0.0,8000.0,14000567264.7,14000.5673
797.0,Agni_Class,MIDCOURSE,3333538.8813,3333.5389,1413529.4479,1413.5294,1869.6745,6730.8281,1869.6745,1814.1523,452.2545,-0.0,-9.8066,9.8066,inf,2.0,0.0,0.0,0.0,0.0,0.0,8000.0,13982730686.9,13982.7307
797.5,Agni_Class,MIDCOURSE,3333762.5569,3333.7626,1414436.5241,1414.4365,1868.4945,6726.5801,1868.4945,1814.1523,447.3512,-0.0,-9.8066,9.8066,inf,2.0,0.0,0.0,0.0,0.0,0.0,8000.0,13965086449.88,13965.0864
798.0,Agni_Class,MIDCOURSE,3333983.7809,3333.9838,1415343.6002,1415.3436,1867.3266,6722.3758,1867.3266,1814.1523,442.4479,-0.0,-9.8066,9.8066,inf,2.0,0.0,0.0,0.0,0.0,0.0,8000.0,13947634553.62,13947.6346
798.5,Agni_Class,MIDCOURSE,3334202.5531,3334.2026,1416250.6763,1416.2507,1866.1709,6718.2152,1866.1709,1814.1523,437.5446,-0.0,-9.8066,9.8066,inf,2.0,0.0,0.0,0.0,0.0,0.0,8000.0,13930374998.13,13930.375
799.0,Agni_Class,MIDCOURSE,3334418.8737,3334.4189,1417157.7525,1417.1578,1865.0273,6714.0984,1865.0273,1814.1523,432.6412,-0.0,-9.8066,9.8066,inf,2.0,0.0,0.0,0.0,0.0,0.0,8000.0,13913307783.41,13913.3078
799.5,Agni_Class,MIDCOURSE,3334632.7427,3334.6327,1418064.8286,1418.0648,1863.896,6710.0255,1863.896,1814.1523,427.7379,-0.0,-9.8066,9.8066,inf,2.0,0.0,0.0,0.0,0.0,0.0,8000.0,13896432909.45,13896.4329
800.0,Agni_Class,MIDCOURSE,3334844.16,3334.8442,1418971.9048,1418.9719,1862.7769,6705.9967,1862.7769,1814.1523,422.8346,-0.0,-9.8066,9.8066,inf,2.0,0.0,0.0,0.0,0.0,0.0,8000.0,13879750376.27,13879.7504
