Time_s,Missile_Class,Flight_Phase,Altitude_m,Altitude_km,Range_m,Range_km,Speed_ms,Speed_kmh,Absolute_Velocity_ms,Vx_ms,Vy_ms,Ax_ms2,Ay_ms2,Total_Acceleration_ms2,Mach_Number,G_Load,Dynamic_Pressure_Pa,Dynamic_Pressure_kPa,Thrust_N,Thrust_kN,Drag_Force_N,Mass_kg,Kinetic_Energy_J,Kinetic_Energy_MJ
0.0,Prithvi_Class,BOOST,0.0,0.0,0.0,0.0,2200.0,7920.0,2200.0,679.8374,2092.3243,9.2088,18.5353,20.6968,6.4649,3.1105,2964500.0,2964.5,180000.0,180.0,44467.5,4548.0,11006160000.0,11006.16
0.5,Prithvi_Class,BOOST,1050.796,1.0508,342.2209,0.3422,2210.2374,7956.8547,2210.2374,684.4418,2101.592,9.6659,19.8728,22.0988,6.5734,3.2534,2644205.0644,2644.2051,180000.0,180.0,39663.076,4496.0,10981815880.87,10981.8159
1.0,Prithvi_Class,BOOST,2106.5602,2.1066,686.8583,0.6869,2221.1825,7996.257,2221.1825,689.2748,2111.5283,10.0988,21.13,23.4192,6.6881,3.3881,2358539.2731,2358.5393,180000.0,180.0,35378.0891,4444.0,10962574024.42,10962.574
1.5,Prithvi_Class,BOOST,3167.6068,3.1676,1034.0204,1.034,2232.7933,8038.056,2232.7933,694.3242,2122.0933,10.5104,22.3169,24.668,6.8092,3.5154,2103580.4787,2103.5805,180000.0,180.0,31553.7072,4392.0,10947864006.05,10947.864
2.0,Prithvi_Class,BOOST,4234.2327,4.2342,1383.8101,1.3838,2245.0333,8082.1198,2245.0333,699.5794,2133.2518,10.9037,23.4422,25.854,6.9371,3.6364,1875901.4476,1875.9014,180000.0,180.0,28138.5217,4340.0,10937178357.05,10937.1784
2.5,Prithvi_Class,BOOST,5306.7191,5.3067,1736.3257,1.7363,2257.8702,8128.3326,2257.8702,705.0312,2144.9729,11.2808,24.5139,26.985,7.072,3.7517,1672496.9444,1672.4969,180000.0,180.0,25087.4542,4288.0,10930064080.08,10930.0641
3.0,Prithvi_Class,BOOST,6385.3341,6.3853,2091.6615,2.0917,2271.276,8176.5937,2271.276,710.6716,2157.2298,11.6441,25.5389,28.0681,7.2145,3.8622,1490723.3688,1490.7234,180000.0,180.0,22360.8505,4236.0,10926115497.09,10926.1155
3.5,Prithvi_Class,BOOST,7470.3337,7.4703,2449.9083,2.4499,2285.2265,8226.8154,2285.2265,716.4937,2169.9993,11.9955,26.5234,29.1098,7.365,3.9684,1328248.4993,1328.2485,180000.0,180.0,19923.7275,4184.0,10924968185.37,10924.9682
4.0,Prithvi_Class,BOOST,8561.9642,8.562,2811.154,2.8112,2299.7005,8278.9218,2299.7005,722.4914,2183.261,12.3367,27.473,30.1158,7.5239,4.071,1183009.4193,1183.0094,180000.0,180.0,17745.1413,4132.0,10926293807.6,10926.2938
4.5,Prithvi_Class,BOOST,9660.4629,9.6605,3175.4839,3.1755,2314.6799,8332.8476,2314.6799,728.6598,2196.9975,12.6693,28.3929,31.0913,7.6921,4.1704,1053177.1079,1053.1771,180000.0,180.0,15797.6566,4080.0,10929795680.17,10929.7957
5.0,Prithvi_Class,BOOST,10766.0599,10.7661,3542.9811,3.543,2330.1492,8388.5371,2330.1492,734.9944,2211.1939,12.9948,29.2876,32.041,7.8701,4.2673,937126.4864,937.1265,180000.0,180.0,14056.8973,4028.0,10935204954.66,10935.205
5.5,Prithvi_Class,BOOST,11878.9787,11.879,3913.7271,3.9137,2346.0954,8445.9434,2346.0954,741.4918,2225.8377,13.3145,30.1614,32.9695,8.0588,4.362,833410.9538,833.411,180000.0,180.0,12501.1643,3976.0,10942277310.73,10942.2773
6.0,Prithvi_Class,BOOST,12999.4379,12.9994,4287.8016,4.2878,2362.5077,8505.0276,2362.5077,748.1491,2240.9184,13.6297,31.0182,33.8807,8.2592,4.4549,740740.6375,740.7406,180000.0,180.0,11111.1096,3924.0,10950790078.14,10950.7901
6.5,Prithvi_Class,BOOST,14127.6517,14.1277,4665.2836,4.6653,2379.3772,8565.7579,2379.3772,754.964,2256.4275,13.9415,31.8616,34.7782,8.4722,4.5464,657963.7286,657.9637,180000.0,180.0,9869.4559,3872.0,10960539719.91,10960.5397
7.0,Prithvi_Class,BOOST,15263.8309,15.2638,5046.251,5.0463,2396.6971,8628.1095,2396.6971,761.9347,2272.3583,14.251,32.6948,35.6657,8.6993,4.6369,584050.3969,584.0504,180000.0,180.0,8760.756,3820.0,10971339621.28,10971.3396
7.5,Prithvi_Class,BOOST,16408.1837,16.4082,5430.7811,5.4308,2414.4621,8692.0637,2414.4621,769.0602,2288.7057,14.5591,33.5209,36.5461,8.9417,4.7267,518078.8672,518.0789,180000.0,180.0,7771.183,3768.0,10983018138.34,10983.0181
8.0,Prithvi_Class,BOOST,17560.9168,17.5609,5818.951,5.819,2432.6689,8757.6079,2432.6689,776.3398,2305.4662,14.8669,34.3429,37.4227,9.2013,4.8161,459223.319,459.2233,180000.0,180.0,6888.3498,3716.0,10995416868.17,10995.4169
8.5,Prithvi_Class,BOOST,18722.2356,18.7222,6210.8376,6.2108,2451.3152,8824.7346,2451.3152,783.7732,2322.6376,15.1751,35.1634,38.2982,9.48,4.9053,406743.3298,406.7433,180000.0,180.0,6101.1499,3664.0,11008389108.71,11008.3891
9.0,Prithvi_Class,BOOST,19892.3453,19.8923,6606.518,6.6065,2470.4005,8893.4417,2470.4005,791.3608,2340.2193,15.4848,35.985,39.1753,9.7801,4.9948,359974.6314,359.9746,180000.0,180.0,5399.6195,3612.0,11021798481.39,11021.7985
9.5,Prithvi_Class,BOOST,21071.4512,21.0715,7006.0695,7.0061,2489.9255,8963.7318,2489.9255,799.1032,2358.2119,15.7966,36.8102,40.0565,10.1045,5.0846,318320.9871,318.321,180000.0,180.0,4774.8148,3560.0,11035517694.33,11035.5177
10.0,Prithvi_Class,BOOST,22259.7597,22.2598,7409.5703,7.4096,2509.8923,9035.6124,2509.8923,807.0014,2376.617,16.1114,37.6413,40.9444,10.4565,5.1752,281247.031,281.247,180000.0,180.0,4218.7055,3508.0,11049427426.61,11049.4274
10.5,Prithvi_Class,BOOST,23457.4785,23.4575,7817.0988,7.8171,2530.3042,9109.0952,2530.3042,815.0571,2395.4376,16.4299,38.4805,41.8412,10.8402,5.2666,248271.9366,248.2719,180000.0,180.0,3724.079,3456.0,11063415317.66,11063.4153
11.0,Prithvi_Class,BOOST,24664.8174,24.6648,8228.7349,8.2287,2551.1656,9184.1962,2551.1656,823.2721,2414.6778,16.7529,39.33,42.7494,11.2606,5.3592,218963.8019,218.9638,180000.0,180.0,3284.457,3404.0,11077375047.67,11077.375
11.5,Prithvi_Class,BOOST,25881.9889,25.882,8644.5591,8.6446,2572.4821,9260.9357,2572.4821,831.6485,2434.3429,17.0811,40.192,43.6711,11.7239,5.4532,192934.6576,192.9347,180000.0,180.0,2894.0199,3352.0,11091205496.97,11091.2055
12.0,Prithvi_Class,BOOST,27109.2083,27.1092,9064.6537,9.0647,2594.2606,9339.338,2594.2606,840.1891,2454.4389,17.4153,41.0686,44.6086,12.2379,5.5488,169836.0188,169.836,180000.0,180.0,2547.5403,3300.0,11104809974.1,11104.81
12.5,Prithvi_Class,BOOST,28346.6949,28.3467,9489.102,9.4891,2616.5087,9419.4314,2616.5087,848.8967,2474.9732,17.7562,41.9618,45.564,12.8126,5.6462,149354.9109,149.3549,180000.0,180.0,2240.3237,3248.0,11118095503.25,11118.0955
13.0,Prithvi_Class,BOOST,29594.6719,29.5947,9917.9895,9.918,2639.2356,9501.2482,2639.2356,857.7748,2495.9541,18.1045,42.8738,46.5396,13.4611,5.7457,131210.3147,131.2103,180000.0,180.0,1968.1547,3196.0,11130972163.2,11130.9722
13.5,Prithvi_Class,BOOST,30853.3674,30.8534,10351.403,10.3514,2662.4512,9584.8245,2662.4512,866.8271,2517.391,18.4609,43.8065,47.5375,14.2009,5.8475,115149.9789,115.15,180000.0,180.0,1727.2497,3144.0,11143352470.6,11143.3525
14.0,Prithvi_Class,BOOST,32123.0146,32.123,10789.4318,10.7894,2686.1668,9670.2005,2686.1668,876.0575,2539.2943,18.8262,44.7621,48.56,15.0558,5.9517,100947.558,100.9476,180000.0,180.0,1514.2134,3092.0,11155150801.12,11155.1508
14.5,Prithvi_Class,BOOST,33403.8522,33.4039,11232.1671,11.2322,2710.3946,9757.4204,2710.3946,885.4707,2561.6753,19.2012,45.7427,49.6093,16.0596,6.0587,88400.0396,88.4,180000.0,180.0,1326.0006,3040.0,11166282842.91,11166.2828
15.0,Prithvi_Class,BOOST,34696.1256,34.6961,11679.7028,11.6797,2735.1479,9846.5325,2735.1479,895.0713,2584.5467,19.5867,46.7506,50.6878,17.2623,6.1687,77325.4285,77.3254,180000.0,180.0,1159.8814,2988.0,11176665076.78,11176.6651
15.5,Prithvi_Class,BOOST,36000.0865,36.0001,12132.1351,12.1321,2760.4414,9937.5892,2760.4414,904.8646,2607.922,19.9834,47.7878,51.7978,18.7405,6.2819,67560.6603,67.5607,180000.0,180.0,1013.4099,2936.0,11186214278.56,11186.2143
16.0,Prithvi_Class,BOOST,37315.9945,37.316,12589.5632,12.5896,2786.2909,10030.6471,2786.2909,914.8563,2631.8159,20.3922,48.8567,52.9417,20.6212,6.3986,58959.7197,58.9597,180000.0,180.0,884.3958,2884.0,11194847038.85,11194.847
16.5,Prithvi_Class,BOOST,38644.1166,38.6441,13052.0895,13.0521,2812.7132,10125.7674,2812.7132,925.0525,2656.2442,20.814,49.9599,54.1222,23.1321,6.5189,51391.943,51.3919,180000.0,180.0,770.8791,2832.0,11202479295.94,11202.4793
17.0,Prithvi_Class,BOOST,39984.7287,39.9847,13519.8192,13.5198,2839.7266,10223.0159,2839.7266,935.4595,2681.2242,21.2498,51.0996,55.3419,26.737,6.6433,44740.4854,44.7405,180000.0,180.0,671.1073,2780.0,11209025877.65,11209.0259
17.5,Prithvi_Class,BOOST,41338.1156,41.3381,13992.8614,13.9929,2867.3509,10322.4631,2867.3509,946.0843,2706.774,21.7004,52.2787,56.6036,32.5864,6.772,38900.9367,38.9009,180000.0,180.0,583.5141,2728.0,11214400048.16,11214.4
18.0,Prithvi_Class,BOOST,42704.5723,42.7046,14471.3286,14.4713,2895.6068,10424.1846,2895.6068,956.9345,2732.9133,22.1669,53.4999,57.9103,44.8375,6.9052,33780.0711,33.7801,180000.0,180.0,506.7011,2676.0,11218513055.75,11218.5131
18.5,Prithvi_Class,BOOST,44084.4039,44.0844,14955.3376,14.9553,2924.5171,10528.2614,2924.5171,968.018,2759.6633,22.6504,54.7661,59.2652,123.1895,7.0434,29294.7173,29.2947,180000.0,180.0,439.4208,2624.0,11221273677.34,11221.2737
19.0,Prithvi_Class,BOOST,45477.9271,45.4779,15445.0092,15.445,2954.1056,10634.7803,2954.1056,979.3432,2787.0463,23.1521,56.0805,60.6716,inf,7.1868,25370.7381,25.3707,180000.0,180.0,380.5611,2572.0,11222587755.89,11222.5878
19.5,Prithvi_Class,BOOST,46885.4703,46.8855,15940.4689,15.9405,2984.3983,10743.8338,2984.3983,990.9193,2815.0865,23.6733,57.4464,62.133,inf,7.3358,21942.1084,21.9421,180000.0,180.0,329.1316,2520.0,11222357726.26,11222.3577
20.0,Prithvi_Class,BOOST,48307.3752,48.3074,16441.8468,16.4418,3015.4226,10855.5212,3015.4226,1002.7559,2843.8097,24.2152,58.8675,63.6534,inf,7.4908,18950.0823,18.9501,180000.0,180.0,284.2512,2468.0,11220482125.12,11220.4821
20.5,Prithvi_Class,BOOST,49743.9969,49.744,16949.2786,16.9493,3047.2079,10969.9485,3047.2079,1014.8635,2873.2435,24.7793,60.3476,65.2369,inf,7.6523,16342.4411,16.3424,180000.0,180.0,245.1366,2416.0,11216855080.19,11216.8551
21.0,Prithvi_Class,BOOST,51195.7056,51.1957,17462.9052,17.4629,3079.7859,11087.2291,3079.7859,1027.2532,2903.4173,25.3672,61.8909,66.8878,inf,7.8207,14072.8147,14.0728,180000.0,180.0,211.0922,2364.0,11211365773.76,11211.3658
21.5,Prithvi_Class,BOOST,52662.887,52.6629,17982.8735,17.9829,3113.1902,11207.4847,3113.1902,1039.9368,2934.3627,25.9805,63.5019,68.6111,inf,7.9964,12100.069,12.1001,180000.0,180.0,181.501,2312.0,11203897874.78,11203.8979
22.0,Prithvi_Class,BOOST,54145.9438,54.1459,18509.337,18.5093,3147.457,11330.8453,3147.457,1052.927,2966.1137,26.6211,65.1855,70.4119,inf,8.18,10387.7536,10.3878,180000.0,180.0,155.8163,2260.0,11194328933.6,11194.3289
22.5,Prithvi_Class,BOOST,55645.297,55.6453,19042.4558,19.0425,3182.6252,11457.4506,3182.6252,1066.2376,2998.7065,27.291,66.9471,72.296,inf,8.3721,8903.6043,8.9036,180000.0,180.0,133.5541,2208.0,11182529732.58,11182.5297
23.0,Prithvi_Class,BOOST,57161.387,57.1614,19582.3974,19.5824,3218.7363,11587.4505,3218.7363,1079.8831,3032.18,27.9923,68.7924,74.2696,inf,8.5734,7619.0943,7.6191,180000.0,180.0,114.2864,2156.0,11168363584.81,11168.3636
23.5,Prithvi_Class,BOOST,58694.6752,58.6947,20129.337,20.1293,3255.835,11721.006,3255.835,1093.8793,3066.5762,28.7275,70.728,76.3395,inf,8.7845,6509.0309,6.509,180000.0,180.0,97.6355,2104.0,11151685572.69,11151.6856
24.0,Prithvi_Class,BOOST,60245.6453,60.2456,20683.4585,20.6835,3293.9696,11858.2905,3293.9696,1108.243,3101.9402,29.4992,72.7606,78.5131,inf,9.0061,5551.1925,5.5512,180000.0,180.0,83.2679,2052.0,11132341716.42,11132.3417
24.5,Prithvi_Class,BOOST,61814.8055,61.8148,21244.9548,21.245,3333.1919,11999.4907,3333.1919,1122.9926,3138.3205,30.3101,74.8982,80.7988,inf,9.2392,4726.002,4.726,180000.0,180.0,70.89,2000.0,11110168061.3,11110.1681
25.0,Prithvi_Class,MIDCOURSE,63402.6903,63.4027,21814.0286,21.814,3373.5579,12144.8084,3373.5579,1138.1477,3175.7696,-0.0102,-9.835,9.835,inf,2.0029,4016.2346,4.0162,0.0,0.0,60.2435,2000.0,11380892886.23,11380.8929
25.5,Prithvi_Class,MIDCOURSE,64988.1164,64.9881,22383.0999,22.3831,3368.9274,12128.1386,3368.9274,1138.1426,3170.8521,-0.0084,-9.8301,9.8301,inf,2.0024,3323.6947,3.3237,0.0,0.0,49.8554,2000.0,11349671789.31,11349.6718
26.0,Prithvi_Class,MIDCOURSE,66571.0849,66.5711,22952.1691,22.9522,3364.3003,12111.4811,3364.3003,1138.1384,3165.9371,-0.007,-9.8261,9.8261,inf,2.002,2751.3635,2.7514,0.0,0.0,41.2705,2000.0,11318516530.4,11318.5165
26.5,Prithvi_Class,MIDCOURSE,68151.597,68.1516,23521.2366,23.5212,3359.6762,12094.8342,3359.6762,1138.1349,3161.024,-0.0058,-9.8227,9.8227,inf,2.0016,2278.2399,2.2782,0.0,0.0,34.1736,2000.0,11287424008.4,11287.424
27.0,Prithvi_Class,MIDCOURSE,69729.6533,69.7297,24090.3026,24.0903,3355.0546,12078.1967,3355.0546,1138.132,3156.1127,-0.0048,-9.82,9.82,inf,2.0014,1887.0154,1.887,0.0,0.0,28.3052,2000.0,11256391667.37,11256.3917
27.5,Prithvi_Class,MIDCOURSE,71305.2546,71.3053,24659.3674,24.6594,3350.4354,12061.5675,3350.4354,1138.1296,3151.2027,-0.004,-9.8177,9.8177,inf,2.0011,1563.4205,1.5634,0.0,0.0,23.4513,2000.0,11225417400.11,11225.4174
28.0,Prithvi_Class,MIDCOURSE,72878.4016,72.8784,25228.4312,25.2284,3345.8182,12044.9455,3345.8182,1138.1276,3146.2939,-0.0033,-9.8158,9.8158,inf,2.0009,1295.6881,1.2957,0.0,0.0,19.4353,2000.0,11194499468.85,11194.4995
28.5,Prithvi_Class,MIDCOURSE,74449.0946,74.4491,25797.4941,25.7975,3341.2028,12028.3302,3341.2028,1138.1259,3141.386,-0.0027,-9.8142,9.8142,inf,2.0008,1074.1114,1.0741,0.0,0.0,16.1117,2000.0,11163636440.09,11163.6364
29.0,Prithvi_Class,MIDCOURSE,76017.334,76.0173,26366.5564,26.3666,3336.5891,12011.7209,3336.5891,1138.1246,3136.4789,-0.0023,-9.8129,9.8129,inf,2.0006,890.6812,0.8907,0.0,0.0,13.3602,2000.0,11132827131.01,11132.8271
29.5,Prithvi_Class,MIDCOURSE,77583.1202,77.5831,26935.6181,26.9356,3331.977,11995.1171,3331.977,1138.1234,3131.5724,-0.0019,-9.8119,9.8119,inf,2.0005,738.7872,0.7388,0.0,0.0,11.0818,2000.0,11102070565.31,11102.0706
30.0,Prithvi_Class,MIDCOURSE,79146.4534,79.1465,27504.6794,27.5047,3327.3662,11978.5184,3327.3662,1138.1225,3126.6665,-0.0016,-9.811,9.811,inf,2.0004,612.9718,0.613,0.0,0.0,9.1946,2000.0,11071365936.94,11071.3659
30.5,Prithvi_Class,MIDCOURSE,80707.3339,80.7073,28073.7402,28.0737,3322.7568,11961.9244,3322.7568,1138.1217,3121.761,-0.0013,-9.8102,9.8102,inf,2.0004,508.7279,0.5087,0.0,0.0,7.6309,2000.0,11040712580.25,11040.7126
31.0,Prithvi_Class,MIDCOURSE,82265.7618,82.2658,28642.8008,28.6428,3318.1486,11945.3349,3318.1486,1138.1211,3116.8559,-0.0011,-9.8096,9.8096,inf,2.0003,422.3326,0.4223,0.0,0.0,6.335,2000.0,11010109945.34,11010.1099
31.5,Prithvi_Class,MIDCOURSE,83821.7373,83.8217,29211.861,29.2119,3313.5415,11928.7496,3313.5415,1138.1205,3111.951,-0.0009,-9.8091,9.8091,inf,2.0003,350.7096,0.3507,0.0,0.0,5.2606,2000.0,10979557577.84,10979.5576
32.0,Prithvi_Class,MIDCOURSE,85375.2606,85.3753,29780.921,29.7809,3308.9356,11912.1683,3308.9356,1138.1201,3107.0465,-0.0008,-9.8087,9.8087,inf,2.0002,291.3161,0.2913,0.0,0.0,4.3697,2000.0,10949055102.18,10949.0551
32.5,Prithvi_Class,MIDCOURSE,86926.3316,86.9263,30349.9809,30.35,3304.3308,11895.591,3304.3308,1138.1197,3102.1421,-0.0006,-9.8084,9.8084,inf,2.0002,242.0501,0.2421,0.0,0.0,3.6308,2000.0,10918602207.85,10918.6022
33.0,Prithvi_Class,MIDCOURSE,88474.9506,88.475,30919.0406,30.919,3299.7271,11879.0174,3299.7271,1138.1194,3097.238,-0.0005,-9.8081,9.8081,inf,2.0001,201.1732,0.2012,0.0,0.0,3.0176,2000.0,10888198638.07,10888.1986
33.5,Prithvi_Class,MIDCOURSE,90021.1176,90.0211,31488.1001,31.4881,3295.1243,11862.4475,3295.1243,1138.1191,3092.3339,-0.0004,-9.8078,9.8078,inf,2.0001,167.2471,0.1672,0.0,0.0,2.5087,2000.0,10857844180.4,10857.8442
34.0,Prithvi_Class,MIDCOURSE,91564.8326,91.5648,32057.1596,32.0572,3290.5226,11845.8812,3290.5226,1138.1189,3087.43,-0.0004,-9.8076,9.8076,inf,2.0001,139.082,0.1391,0.0,0.0,2.0862,2000.0,10827538659.08,10827.5387
34.5,Prithvi_Class,MIDCOURSE,93106.0957,93.1061,32626.2189,32.6262,3285.9218,11829.3184,3285.9218,1138.1187,3082.5262,-0.0003,-9.8075,9.8075,inf,2.0001,115.693,0.1157,0.0,0.0,1.7354,2000.0,10797281928.59,10797.2819
35.0,Prithvi_Class,MIDCOURSE,94644.9069,94.6449,33195.2782,33.1953,3281.322,11812.7591,3281.322,1138.1186,3077.6225,-0.0003,-9.8073,9.8073,inf,2.0001,96.2647,0.0963,0.0,0.0,1.444,2000.0,10767073868.5,10767.0739
35.5,Prithvi_Class,MIDCOURSE,96181.2663,96.1813,33764.3374,33.7643,3276.7231,11796.2032,3276.7231,1138.1184,3072.7188,-0.0002,-9.8072,9.8072,inf,2.0001,80.1219,0.0801,0.0,0.0,1.2018,2000.0,10736914379.04,10736.9144
36.0,Prithvi_Class,MIDCOURSE,97715.1739,97.7152,34333.3966,34.3334,3272.1252,11779.6507,3272.1252,1138.1183,3067.8152,-0.0002,-9.8071,9.8071,inf,2.0,66.7051,0.0667,0.0,0.0,1.0006,2000.0,10706803377.58,10706.8034
36.5,Prithvi_Class,MIDCOURSE,99246.6297,99.2466,34902.4557,34.9025,3267.5282,11763.1017,3267.5282,1138.1182,3062.9116,-0.0001,-9.807,9.807,inf,2.0,55.5508,0.0556,0.0,0.0,0.8333,2000.0,10676740795.62,10676.7408
37.0,Prithvi_Class,MIDCOURSE,100775.6338,100.7756,35471.5148,35.4715,3262.9322,11746.5559,3262.9322,1138.1182,3058.0081,-0.0001,-9.807,9.807,inf,2.0,46.2749,0.0463,0.0,0.0,0.6941,2000.0,10646726576.43,10646.7266
37.5,Prithvi_Class,MIDCOURSE,102302.1861,102.3022,36040.5738,36.0406,3258.3371,11730.0136,3258.3371,1138.1181,3053.1046,-0.0001,-9.8069,9.8069,inf,2.0,38.5589,0.0386,0.0,0.0,0.5784,2000.0,10616760672.94,10616.7607
38.0,Prithvi_Class,MIDCOURSE,103826.2867,103.8263,36609.6329,36.6096,3253.7429,11713.4745,3253.7429,1138.1181,3048.2012,-0.0001,-9.8069,9.8069,inf,2.0,32.1386,0.0321,0.0,0.0,0.4821,2000.0,10586843046.13,10586.843
38.5,Prithvi_Class,MIDCOURSE,105347.9355,105.3479,37178.6919,37.1787,3249.1497,11696.9389,3249.1497,1138.118,3043.2977,-0.0001,-9.8068,9.8068,inf,2.0,26.795,0.0268,0.0,0.0,0.4019,2000.0,10556973663.61,10556.9737
39.0,Prithvi_Class,MIDCOURSE,106867.1327,106.8671,37747.7509,37.7478,3244.5574,11680.4065,3244.5574,1138.118,3038.3943,-0.0001,-9.8068,9.8068,inf,2.0,22.3462,0.0223,0.0,0.0,0.3352,2000.0,10527152498.54,10527.1525
39.5,Prithvi_Class,MIDCOURSE,108383.8781,108.3839,38316.8098,38.3168,3239.966,11663.8775,3239.966,1138.118,3033.4909,-0.0,-9.8068,9.8068,inf,2.0,18.6414,0.0186,0.0,0.0,0.2796,2000.0,10497379528.61,10497.3795
40.0,Prithvi_Class,MIDCOURSE,109898.1719,109.8982,38885.8688,38.8859,3235.3755,11647.3519,3235.3755,1138.1179,3028.5875,-0.0,-9.8068,9.8068,inf,2.0,15.5552,0.0156,0.0,0.0,0.2333,2000.0,10467654735.31,10467.6547
40.5,Prithvi_Class,MIDCOURSE,111410.014,111.41,39454.9278,39.4549,3230.786,11630.8296,3230.786,1138.1179,3023.6841,-0.0,-9.8067,9.8067,inf,2.0,12.9837,0.013,0.0,0.0,0.1948,2000.0,10437978103.26,10437.9781
41.0,Prithvi_Class,MIDCOURSE,112919.4043,112.9194,40023.9867,40.024,3226.1974,11614.3106,3226.1974,1138.1179,3018.7808,-0.0,-9.8067,9.8067,inf,2.0,10.8404,0.0108,0.0,0.0,0.1626,2000.0,10408349619.7,10408.3496
41.5,Prithvi_Class,MIDCOURSE,114426.343,114.4263,40593.0456,40.593,3221.6097,11597.795,3221.6097,1138.1179,3013.8774,-0.0,-9.8067,9.8067,inf,2.0,9.0534,0.0091,0.0,0.0,0.1358,2000.0,10378769274.01,10378.7693
42.0,Prithvi_Class,MIDCOURSE,115930.8301,115.9308,41162.1046,41.1621,3217.023,11581.2828,3217.023,1138.1179,3008.974,-0.0,-9.8067,9.8067,inf,2.0,7.5632,0.0076,0.0,0.0,0.1134,2000.0,10349237057.38,10349.2371
42.5,Prithvi_Class,MIDCOURSE,117432.8654,117.4329,41731.1635,41.7312,3212.4372,11564.774,3212.4372,1138.1179,3004.0707,-0.0,-9.8067,9.8067,inf,2.0,6.3201,0.0063,0.0,0.0,0.0948,2000.0,10319752962.46,10319.753
43.0,Prithvi_Class,MIDCOURSE,118932.4491,118.9324,42300.2224,42.3002,3207.8524,11548.2686,3207.8524,1138.1178,2999.1673,-0.0,-9.8067,9.8067,inf,2.0,5.2828,0.0053,0.0,0.0,0.0792,2000.0,10290316983.16,10290.317
43.5,Prithvi_Class,MIDCOURSE,120429.5811,120.4296,42869.2813,42.8693,3203.2685,11531.7666,3203.2685,1138.1178,2994.264,-0.0,-9.8067,9.8067,inf,2.0,4.417,0.0044,0.0,0.0,0.0663,2000.0,10260929114.42,10260.9291
44.0,Prithvi_Class,MIDCOURSE,121924.2614,121.9243,43438.3403,43.4383,3198.6856,11515.268,3198.6856,1138.1178,2989.3607,-0.0,-9.8067,9.8067,inf,2.0,3.6942,0.0037,0.0,0.0,0.0554,2000.0,10231589351.99,10231.5894
44.5,Prithvi_Class,MIDCOURSE,123416.4901,123.4165,44007.3992,44.0074,3194.1036,11498.7729,3194.1036,1138.1178,2984.4573,-0.0,-9.8067,9.8067,inf,2.0,3.0905,0.0031,0.0,0.0,0.0464,2000.0,10202297692.38,10202.2977
45.0,Prithvi_Class,MIDCOURSE,124906.2671,124.9063,44576.4581,44.5765,3189.5226,11482.2812,3189.5226,1138.1178,2979.554,-0.0,-9.8067,9.8067,inf,2.0,2.5862,0.0026,0.0,0.0,0.0388,2000.0,10173054132.66,10173.0541
45.5,Prithvi_Class,MIDCOURSE,126393.5924,126.3936,45145.517,45.1455,3184.9425,11465.793,3184.9425,1138.1178,2974.6507,-0.0,-9.8067,9.8067,inf,2.0,2.1648,0.0022,0.0,0.0,0.0325,2000.0,10143858670.39,10143.8587
46.0,Prithvi_Class,MIDCOURSE,127878.466,127.8785,45714.5759,45.7146,3180.3634,11449.3082,3180.3634,1138.1178,2969.7473,-0.0,-9.8067,9.8067,inf,2.0,1.8126,0.0018,0.0,0.0,0.0272,2000.0,10114711303.53,10114.7113
46.5,Prithvi_Class,MIDCOURSE,129360.888,129.3609,46283.6348,46.2836,3175.7853,11432.8269,3175.7853,1138.1178,2964.844,-0.0,-9.8067,9.8067,inf,2.0,1.5181,0.0015,0.0,0.0,0.0228,2000.0,10085612030.41,10085.612
47.0,Prithvi_Class,MIDCOURSE,130840.8584,130.8409,46852.6937,46.8527,3171.2081,11416.3492,3171.2081,1138.1178,2959.9407,-0.0,-9.8067,9.8067,inf,2.0,1.2719,0.0013,0.0,0.0,0.0191,2000.0,10056560849.61,10056.5608
47.5,Prithvi_Class,MIDCOURSE,132318.377,132.3184,47421.7526,47.4218,3166.6319,11399.8749,3166.6319,1138.1178,2955.0373,-0.0,-9.8067,9.8067,inf,2.0,1.0659,0.0011,0.0,0.0,0.016,2000.0,10027557759.95,10027.5578
48.0,Prithvi_Class,MIDCOURSE,133793.444,133.7934,47990.8115,47.9908,3162.0567,11383.4042,3162.0567,1138.1178,2950.134,-0.0,-9.8067,9.8067,inf,2.0,0.8935,0.0009,0.0,0.0,0.0134,2000.0,9998602760.46,9998.6028
48.5,Prithvi_Class,MIDCOURSE,135266.0594,135.2661,48559.8704,48.5599,3157.4825,11366.9371,3157.4825,1138.1178,2945.2307,-0.0,-9.8067,9.8067,inf,2.0,0.7492,0.0007,0.0,0.0,0.0112,2000.0,9969695850.32,9969.6959
49.0,Prithvi_Class,MIDCOURSE,136736.223,136.7362,49128.9293,49.1289,3152.9093,11350.4735,3152.9093,1138.1178,2940.3273,-0.0,-9.8067,9.8067,inf,2.0,0.6283,0.0006,0.0,0.0,0.0094,2000.0,9940837028.84,9940.837
49.5,Prithvi_Class,MIDCOURSE,138203.935,138.2039,49697.9882,49.698,3148.3371,11334.0134,3148.3371,1138.1178,2935.424,-0.0,-9.8067,9.8067,inf,2.0,0.5272,0.0005,0.0,0.0,0.0079,2000.0,9912026295.45,9912.0263
50.0,Prithvi_Class,MIDCOURSE,139669.1954,139.6692,50267.0471,50.267,3143.7658,11317.557,3143.7658,1138.1178,2930.5207,-0.0,-9.8067,9.8067,inf,2.0,0.4424,0.0004,0.0,0.0,0.0066,2000.0,9883263649.69,9883.2636
50.5,Prithvi_Class,MIDCOURSE,141132.0041,141.132,50836.106,50.8361,3139.1956,11301.1042,3139.1956,1138.1178,2925.6174,-0.0,-9.8067,9.8067,inf,2.0,0.3714,0.0004,0.0,0.0,0.0056,2000.0,9854549091.16,9854.5491
51.0,Prithvi_Class,MIDCOURSE,142592.3611,142.5924,51405.1649,51.4052,3134.6264,11284.655,3134.6264,1138.1178,2920.714,-0.0,-9.8067,9.8067,inf,2.0,0.3118,0.0003,0.0,0.0,0.0047,2000.0,9825882619.51,9825.8826
51.5,Prithvi_Class,MIDCOURSE,144050.2664,144.0503,51974.2238,51.9742,3130.0582,11268.2095,3130.0582,1138.1178,2915.8107,-0.0,-9.8067,9.8067,inf,2.0,0.2619,0.0003,0.0,0.0,0.0039,2000.0,9797264234.48,9797.2642
52.0,Prithvi_Class,MIDCOURSE,145505.7201,145.5057,52543.2828,52.5433,3125.491,11251.7676,3125.491,1138.1178,2910.9074,-0.0,-9.8067,9.8067,inf,2.0,0.2201,0.0002,0.0,0.0,0.0033,2000.0,9768693935.83,9768.6939
52.5,Prithvi_Class,MIDCOURSE,146958.7222,146.9587,53112.3417,53.1123,3120.9248,11235.3293,3120.9248,1138.1178,2906.0041,-0.0,-9.8067,9.8067,inf,2.0,0.1849,0.0002,0.0,0.0,0.0028,2000.0,9740171723.38,9740.1717
53.0,Prithvi_Class,MIDCOURSE,148409.2725,148.4093,53681.4006,53.6814,3116.3597,11218.8948,3116.3597,1138.1178,2901.1007,-0.0,-9.8067,9.8067,inf,2.0,0.1555,0.0002,0.0,0.0,0.0023,2000.0,9711697596.95,9711.6976
53.5,Prithvi_Class,MIDCOURSE,149857.3712,149.8574,54250.4595,54.2505,3111.7956,11202.464,3111.7956,1138.1178,2896.1974,-0.0,-9.8067,9.8067,inf,2.0,0.1307,0.0001,0.0,0.0,0.002,2000.0,9683271556.41,9683.2716
54.0,Prithvi_Class,MIDCOURSE,151303.0183,151.303,54819.5184,54.8195,3107.2325,11186.0369,3107.2325,1138.1178,2891.2941,-0.0,-9.8067,9.8067,inf,2.0,0.11,0.0001,0.0,0.0,0.0016,2000.0,9654893601.65,9654.8936
54.5,Prithvi_Class,MIDCOURSE,152746.2137,152.7462,55388.5773,55.3886,3102.6704,11169.6135,3102.6704,1138.1178,2886.3908,-0.0,-9.8067,9.8067,inf,2.0,0.0925,0.0001,0.0,0.0,0.0014,2000.0,9626563732.58,9626.5637
55.0,Prithvi_Class,MIDCOURSE,154186.9574,154.187,55957.6362,55.9576,3098.1094,11153.1939,3098.1094,1138.1178,2881.4874,-0.0,-9.8067,9.8067,inf,2.0,0.0779,0.0001,0.0,0.0,0.0012,2000.0,9598281949.11,9598.2819
55.5,Prithvi_Class,MIDCOURSE,155625.2494,155.6252,56526.6951,56.5267,3093.5495,11136.7781,3093.5495,1138.1178,2876.5841,-0.0,-9.8067,9.8067,inf,2.0,0.0656,0.0001,0.0,0.0,0.001,2000.0,9570048251.19,9570.0483
56.0,Prithvi_Class,MIDCOURSE,157061.0898,157.0611,57095.754,57.0958,3088.9906,11120.366,3088.9906,1138.1178,2871.6808,-0.0,-9.8067,9.8067,inf,2.0,0.0552,0.0001,0.0,0.0,0.0008,2000.0,9541862638.74,9541.8626
56.5,Prithvi_Class,MIDCOURSE,158494.4785,158.4945,57664.8129,57.6648,3084.4327,11103.9577,3084.4327,1138.1178,2866.7775,-0.0,-9.8067,9.8067,inf,2.0,0.0465,0.0,0.0,0.0,0.0007,2000.0,9513725111.73,9513.7251
57.0,Prithvi_Class,MIDCOURSE,159925.4156,159.9254,58233.8718,58.2339,3079.8759,11087.5533,3079.8759,1138.1178,2861.8741,-0.0,-9.8067,9.8067,inf,2.0,0.0392,0.0,0.0,0.0,0.0006,2000.0,9485635670.12,9485.6357
57.5,Prithvi_Class,MIDCOURSE,161353.901,161.3539,58802.9307,58.8029,3075.3202,11071.1527,3075.3202,1138.1178,2856.9708,-0.0,-9.8067,9.8067,inf,2.0,0.033,0.0,0.0,0.0,0.0005,2000.0,9457594313.87,9457.5943
58.0,Prithvi_Class,MIDCOURSE,162779.9348,162.7799,59371.9896,59.372,3070.7655,11054.756,3070.7655,1138.1178,2852.0675,-0.0,-9.8067,9.8067,inf,2.0,0.0278,0.0,0.0,0.0,0.0004,2000.0,9429601042.95,9429.601
58.5,Prithvi_Class,MIDCOURSE,164203.5168,164.2035,59941.0485,59.941,3066.212,11038.3631,3066.212,1138.1178,2847.1642,-0.0,-9.8067,9.8067,inf,2.0,0.0235,0.0,0.0,0.0,0.0004,2000.0,9401655857.35,9401.6559
59.0,Prithvi_Class,MIDCOURSE,165624.6472,165.6246,60510.1074,60.5101,3061.6595,11021.9741,3061.6595,1138.1178,2842.2608,-0.0,-9.8067,9.8067,inf,2.0,0.0198,0.0,0.0,0.0,0.0003,2000.0,9373758757.05,9373.7588
59.5,Prithvi_Class,MIDCOURSE,167043.326,167.0433,61079.1663,61.0792,3057.1081,11005.589,3057.1081,1138.1178,2837.3575,-0.0,-9.8067,9.8067,inf,2.0,0.0167,0.0,0.0,0.0,0.0003,2000.0,9345909742.02,9345.9097
60.0,Prithvi_Class,MIDCOURSE,168459.5531,168.4596,61648.2252,61.6482,3052.5577,10989.2079,3052.5577,1138.1178,2832.4542,-0.0,-9.8067,9.8067,inf,2.0,0.0141,0.0,0.0,0.0,0.0002,2000.0,9318108812.26,9318.1088
60.5,Prithvi_Class,MIDCOURSE,169873.3285,169.8733,62217.2841,62.2173,3048.0085,10972.8307,3048.0085,1138.1178,2827.5509,-0.0,-9.8067,9.8067,inf,2.0,0.0119,0.0,0.0,0.0,0.0002,2000.0,9290355967.75,9290.356
61.0,Prithvi_Class,MIDCOURSE,171284.6523,171.2847,62786.343,62.7863,3043.4604,10956.4574,3043.4604,1138.1178,2822.6475,-0.0,-9.8067,9.8067,inf,2.0,0.0101,0.0,0.0,0.0,0.0002,2000.0,9262651208.48,9262.6512
61.5,Prithvi_Class,MIDCOURSE,172693.5244,172.6935,63355.4019,63.3554,3038.9134,10940.0882,3038.9134,1138.1178,2817.7442,-0.0,-9.8067,9.8067,inf,2.0,0.0085,0.0,0.0,0.0,0.0001,2000.0,9234994534.45,9234.9945
62.0,Prithvi_Class,MIDCOURSE,174099.9448,174.0999,63924.4608,63.9245,3034.3675,10923.7229,3034.3675,1138.1178,2812.8409,-0.0,-9.8067,9.8067,inf,2.0,0.0072,0.0,0.0,0.0,0.0001,2000.0,9207385945.65,9207.3859
62.5,Prithvi_Class,MIDCOURSE,175503.9136,175.5039,64493.5197,64.4935,3029.8227,10907.3616,3029.8227,1138.1178,2807.9376,-0.0,-9.8067,9.8067,inf,2.0,0.0061,0.0,0.0,0.0,0.0001,2000.0,9179825442.07,9179.8254
63.0,Prithvi_Class,MIDCOURSE,176905.4307,176.9054,65062.5786,65.0626,3025.279,10891.0044,3025.279,1138.1178,2803.0342,-0.0,-9.8067,9.8067,inf,2.0,0.0051,0.0,0.0,0.0,0.0001,2000.0,9152313023.71,9152.313
63.5,Prithvi_Class,MIDCOURSE,178304.4962,178.3045,65631.6375,65.6316,3020.7364,10874.6512,3020.7364,1138.1178,2798.1309,-0.0,-9.8067,9.8067,inf,2.0,0.0043,0.0,0.0,0.0,0.0001,2000.0,9124848690.56,9124.8487
64.0,Prithvi_Class,MIDCOURSE,179701.11,179.7011,66200.6964,66.2007,3016.195,10858.3021,3016.195,1138.1178,2793.2276,-0.0,-9.8067,9.8067,inf,2.0,0.0037,0.0,0.0,0.0,0.0001,2000.0,9097432442.62,9097.4324
64.5,Prithvi_Class,MIDCOURSE,181095.2721,181.0953,66769.7553,66.7698,3011.6547,10841.9571,3011.6547,1138.1178,2788.3243,-0.0,-9.8067,9.8067,inf,2.0,0.0031,0.0,0.0,0.0,0.0,2000.0,9070064279.89,9070.0643
65.0,Prithvi_Class,MIDCOURSE,182486.9826,182.487,67338.8142,67.3388,3007.1156,10825.6161,3007.1156,1138.1178,2783.4209,-0.0,-9.8067,9.8067,inf,2.0,0.0026,0.0,0.0,0.0,0.0,2000.0,9042744202.36,9042.7442
65.5,Prithvi_Class,MIDCOURSE,183876.2414,183.8762,67907.8731,67.9079,3002.5776,10809.2793,3002.5776,1138.1178,2778.5176,-0.0,-9.8067,9.8067,inf,2.0,0.0022,0.0,0.0,0.0,0.0,2000.0,9015472210.04,9015.4722
66.0,Prithvi_Class,MIDCOURSE,185263.0485,185.263,68476.932,68.4769,2998.0407,10792.9467,2998.0407,1138.1178,2773.6143,-0.0,-9.8067,9.8067,inf,2.0,0.0019,0.0,0.0,0.0,0.0,2000.0,8988248302.92,8988.2483
66.5,Prithvi_Class,MIDCOURSE,186647.404,186.6474,69045.9909,69.046,2993.505,10776.6182,2993.505,1138.1178,2768.711,-0.0,-9.8067,9.8067,inf,2.0,0.0016,0.0,0.0,0.0,0.0,2000.0,8961072480.99,8961.0725
67.0,Prithvi_Class,MIDCOURSE,188029.3078,188.0293,69615.0498,69.615,2988.9705,10760.2939,2988.9705,1138.1178,2763.8076,-0.0,-9.8067,9.8067,inf,2.0,0.0014,0.0,0.0,0.0,0.0,2000.0,8933944744.27,8933.9447
67.5,Prithvi_Class,MIDCOURSE,189408.7599,189.4088,70184.1087,70.1841,2984.4371,10743.9737,2984.4371,1138.1178,2758.9043,-0.0,-9.8067,9.8067,inf,2.0,0.0011,0.0,0.0,0.0,0.0,2000.0,8906865092.75,8906.8651
68.0,Prithvi_Class,MIDCOURSE,190785.7604,190.7858,70753.1676,70.7532,2979.905,10727.6578,2979.905,1138.1178,2754.001,-0.0,-9.8067,9.8067,inf,2.0,0.001,0.0,0.0,0.0,0.0,2000.0,8879833526.42,8879.8335
68.5,Prithvi_Class,MIDCOURSE,192160.3093,192.1603,71322.2265,71.3222,2975.3739,10711.3462,2975.3739,1138.1178,2749.0977,-0.0,-9.8067,9.8067,inf,2.0,0.0008,0.0,0.0,0.0,0.0,2000.0,8852850045.29,8852.85
69.0,Prithvi_Class,MIDCOURSE,193532.4064,193.5324,71891.2854,71.8913,2970.8441,10695.0387,2970.8441,1138.1178,2744.1943,-0.0,-9.8067,9.8067,inf,2.0,0.0007,0.0,0.0,0.0,0.0,2000.0,8825914649.35,8825.9146
69.5,Prithvi_Class,MIDCOURSE,194902.0519,194.9021,72460.3443,72.4603,2966.3154,10678.7356,2966.3154,1138.1178,2739.291,-0.0,-9.8067,9.8067,inf,2.0,0.0006,0.0,0.0,0.0,0.0,2000.0,8799027338.61,8799.0273
70.0,Prithvi_Class,MIDCOURSE,196269.2458,196.2692,73029.4032,73.0294,2961.788,10662.4368,2961.788,1138.1178,2734.3877,-0.0,-9.8067,9.8067,inf,2.0,0.0005,0.0,0.0,0.0,0.0,2000.0,8772188113.06,8772.1881
70.5,Prithvi_Class,MIDCOURSE,197633.9879,197.634,73598.4621,73.5985,2957.2617,10646.1422,2957.2617,1138.1178,2729.4844,-0.0,-9.8067,9.8067,inf,2.0,0.0004,0.0,0.0,0.0,0.0,2000.0,8745396972.71,8745.397
71.0,Prithvi_Class,MIDCOURSE,198996.2785,198.9963,74167.521,74.1675,2952.7367,10629.8521,2952.7367,1138.1178,2724.581,-0.0,-9.8067,9.8067,inf,2.0,0.0004,0.0,0.0,0.0,0.0,2000.0,8718653917.55,8718.6539
71.5,Prithvi_Class,MIDCOURSE,200356.1173,200.3561,74736.5799,74.7366,2948.2128,10613.5662,2948.2128,1138.1178,2719.6777,-0.0,-9.8067,9.8067,inf,2.0,0.0003,0.0,0.0,0.0,0.0,2000.0,8691958947.58,8691.9589
72.0,Prithvi_Class,MIDCOURSE,201713.5045,201.7135,75305.6388,75.3056,2943.6902,10597.2848,2943.6902,1138.1178,2714.7744,-0.0,-9.8067,9.8067,inf,2.0,0.0003,0.0,0.0,0.0,0.0,2000.0,8665312062.81,8665.3121
72.5,Prithvi_Class,MIDCOURSE,203068.44,203.0684,75874.6977,75.8747,2939.1688,10581.0077,2939.1688,1138.1178,2709.8711,-0.0,-9.8067,9.8067,inf,2.0,0.0002,0.0,0.0,0.0,0.0,2000.0,8638713263.23,8638.7133
73.0,Prithvi_Class,MIDCOURSE,204420.9239,204.4209,76443.7566,76.4438,2934.6486,10564.735,2934.6486,1138.1178,2704.9677,-0.0,-9.8067,9.8067,inf,2.0,0.0002,0.0,0.0,0.0,0.0,2000.0,8612162548.84,8612.1625
73.5,Prithvi_Class,MIDCOURSE,205770.9561,205.771,77012.8155,77.0128,2930.1297,10548.4668,2930.1297,1138.1178,2700.0644,-0.0,-9.8067,9.8067,inf,2.0,0.0002,0.0,0.0,0.0,0.0,2000.0,8585659919.65,8585.6599
74.0,Prithvi_Class,MIDCOURSE,207118.5366,207.1185,77581.8744,77.5819,2925.612,10532.2031,2925.612,1138.1178,2695.1611,-0.0,-9.8067,9.8067,inf,2.0,0.0001,0.0,0.0,0.0,0.0,2000.0,8559205375.65,8559.2054
74.5,Prithvi_Class,MIDCOURSE,208463.6655,208.4637,78150.9333,78.1509,2921.0955,10515.9438,2921.0955,1138.1178,2690.2578,-0.0,-9.8067,9.8067,inf,2.0,0.0001,0.0,0.0,0.0,0.0,2000.0,8532798916.84,8532.7989
75.0,Prithvi_Class,MIDCOURSE,209806.3427,209.8063,78719.9922,78.72,2916.5803,10499.689,2916.5803,1138.1178,2685.3544,-0.0,-9.8067,9.8067,inf,2.0,0.0001,0.0,0.0,0.0,0.0,2000.0,8506440543.22,8506.4405
75.5,Prithvi_Class,MIDCOURSE,211146.5683,211.1466,79289.0511,79.2891,2912.0663,10483.4388,2912.0663,1138.1178,2680.4511,-0.0,-9.8067,9.8067,inf,2.0,0.0001,0.0,0.0,0.0,0.0,2000.0,8480130254.8,8480.1303
76.0,Prithvi_Class,MIDCOURSE,212484.3422,212.4843,79858.11,79.8581,2907.5536,10467.193,2907.5536,1138.1178,2675.5478,-0.0,-9.8067,9.8067,inf,2.0,0.0001,0.0,0.0,0.0,0.0,2000.0,8453868051.57,8453.8681
76.5,Prithvi_Class,MIDCOURSE,213819.6644,213.8197,80427.1689,80.4272,2903.0422,10450.9519,2903.0422,1138.1178,2670.6445,-0.0,-9.8067,9.8067,inf,2.0,0.0001,0.0,0.0,0.0,0.0,2000.0,8427653933.53,8427.6539
77.0,Prithvi_Class,MIDCOURSE,215152.535,215.1525,80996.2278,80.9962,2898.532,10434.7153,2898.532,1138.1178,2665.7411,-0.0,-9.8067,9.8067,inf,2.0,0.0001,0.0,0.0,0.0,0.0,2000.0,8401487900.68,8401.4879
77.5,Prithvi_Class,MIDCOURSE,216482.9539,216.483,81565.2867,81.5653,2894.0231,10418.4833,2894.0231,1138.1178,2660.8378,-0.0,-9.8067,9.8067,inf,2.0,0.0,0.0,0.0,0.0,0.0,2000.0,8375369953.03,8375.37
78.0,Prithvi_Class,MIDCOURSE,217810.9211,217.8109,82134.3456,82.1343,2889.5155,10402.256,2889.5155,1138.1178,2655.9345,-0.0,-9.8067,9.8067,inf,2.0,0.0,0.0,0.0,0.0,0.0,2000.0,8349300090.57,8349.3001
78.5,Prithvi_Class,MIDCOURSE,219136.4367,219.1364,82703.4045,82.7034,2885.0092,10386.0333,2885.0092,1138.1178,2651.0312,-0.0,-9.8067,9.8067,inf,2.0,0.0,0.0,0.0,0.0,0.0,2000.0,8323278313.3,8323.2783
79.0,Prithvi_Class,MIDCOURSE,220459.5006,220.4595,83272.4634,83.2725,2880.5042,10369.8152,2880.5042,1138.1178,2646.1278,-0.0,-9.8067,9.8067,inf,2.0,0.0,0.0,0.0,0.0,0.0,2000.0,8297304621.22,8297.3046
79.5,Prithvi_Class,MIDCOURSE,221780.1128,221.7801,83841.5223,83.8415,2876.0005,10353.6019,2876.0005,1138.1178,2641.2245,-0.0,-9.8067,9.8067,inf,2.0,0.0,0.0,0.0,0.0,0.0,2000.0,8271379014.34,8271.379
80.0,Prithvi_Class,MIDCOURSE,223098.2734,223.0983,84410.5812,84.4106,2871.4981,10337.3933,2871.4981,1138.1178,2636.3212,-0.0,-9.8067,9.8067,inf,2.0,0.0,0.0,0.0,0.0,0.0,2000.0,8245501492.65,8245.5015
80.5,Prithvi_Class,MIDCOURSE,224413.9824,224.414,84979.6401,84.9796,2866.997,10321.1894,2866.997,1138.1178,2631.4179,-0.0,-9.8067,9.8067,inf,2.0,0.0,0.0,0.0,0.0,0.0,2000.0,8219672056.15,8219.6721
81.0,Prithvi_Class,MIDCOURSE,225727.2396,225.7272,85548.699,85.5487,2862.4973,10304.9902,2862.4973,1138.1178,2626.5145,-0.0,-9.8067,9.8067,inf,2.0,0.0,0.0,0.0,0.0,0.0,2000.0,8193890704.84,8193.8907
81.5,Prithvi_Class,MIDCOURSE,227038.0452,227.038,86117.7579,86.1178,2857.9989,10288.7959,2857.9989,1138.1178,2621.6112,-0.0,-9.8067,9.8067,inf,2.0,0.0,0.0,0.0,0.0,0.0,2000.0,8168157438.72,8168.1574
82.0,Prithvi_Class,MIDCOURSE,228346.3992,228.3464,86686.8168,86.6868,2853.5018,10272.6063,2853.5018,1138.1178,2616.7079,-0.0,-9.8067,9.8067,inf,2.0,0.0,0.0,0.0,0.0,0.0,2000.0,8142472257.8,8142.4723
82.5,Prithvi_Class,MIDCOURSE,229652.3014,229.6523,87255.8757,87.2559,2849.006,10256.4216,2849.006,1138.1178,2611.8046,-0.0,-9.8067,9.8067,inf,2.0,0.0,0.0,0.0,0.0,0.0,2000.0,8116835162.07,8116.8352
83.0,Prithvi_Class,MIDCOURSE,230955.7521,230.9558,87824.9346,87.8249,2844.5116,10240.2417,2844.5116,1138.1178,2606.9012,-0.0,-9.8067,9.8067,inf,2.0,0.0,0.0,0.0,0.0,0.0,2000.0,8091246151.53,8091.2462
83.5,Prithvi_Class,MIDCOURSE,232256.751,232.2568,88393.9935,88.394,2840.0185,10224.0667,2840.0185,1138.1178,2601.9979,-0.0,-9.8067,9.8067,inf,2.0,0.0,0.0,0.0,0.0,0.0,2000.0,8065705226.18,8065.7052
84.0,Prithvi_Class,MIDCOURSE,233555.2983,233.5553,88963.0524,88.9631,2835.5268,10207.8966,2835.5268,1138.1178,2597.0946,-0.0,-9.8067,9.8067,inf,2.0,0.0,0.0,0.0,0.0,0.0,2000.0,8040212386.02,8040.2124
84.5,Prithvi_Class,MIDCOURSE,234851.3939,234.8514,89532.1113,89.5321,2831.0365,10191.7314,2831.0365,1138.1178,2592.1913,-0.0,-9.8067,9.8067,inf,2.0,0.0,0.0,0.0,0.0,0.0,2000.0,8014767631.06,8014.7676
85.0,Prithvi_Class,MIDCOURSE,236145.0379,236.145,90101.1702,90.1012,2826.5475,10175.5711,2826.5475,1138.1178,2587.2879,-0.0,-9.8067,9.8067,inf,2.0,0.0,0.0,0.0,0.0,0.0,2000.0,7989370961.29,7989.371
85.5,Prithvi_Class,MIDCOURSE,237436.2302,237.4362,90670.2291,90.6702,2822.06,10159.4158,2822.06,1138.1178,2582.3846,-0.0,-9.8067,9.8067,inf,2.0,0.0,0.0,0.0,0.0,0.0,2000.0,7964022376.71,7964.0224
86.0,Prithvi_Class,MIDCOURSE,238724.9708,238.725,91239.288,91.2393,2817.5738,10143.2655,2817.5738,1138.1178,2577.4813,-0.0,-9.8067,9.8067,inf,2.0,0.0,0.0,0.0,0.0,0.0,2000.0,7938721877.32,7938.7219
86.5,Prithvi_Class,MIDCOURSE,240011.2598,240.0113,91808.3469,91.8083,2813.089,10127.1202,2813.089,1138.1178,2572.578,-0.0,-9.8067,9.8067,inf,2.0,0.0,0.0,0.0,0.0,0.0,2000.0,7913469463.13,7913.4695
87.0,Prithvi_Class,MIDCOURSE,241295.0971,241.2951,92377.4058,92.3774,2808.6055,10110.98,2808.6055,1138.1178,2567.6746,-0.0,-9.8067,9.8067,inf,2.0,0.0,0.0,0.0,0.0,0.0,2000.0,7888265134.13,7888.2651
87.5,Prithvi_Class,MIDCOURSE,242576.4828,242.5765,92946.4647,92.9465,2804.1236,10094.8448,2804.1236,1138.1178,2562.7713,-0.0,-9.8067,9.8067,inf,2.0,0.0,0.0,0.0,0.0,0.0,2000.0,7863108890.32,7863.1089
88.0,Prithvi_Class,MIDCOURSE,243855.4168,243.8554,93515.5236,93.5155,2799.643,10078.7147,2799.643,1138.1178,2557.868,-0.0,-9.8067,9.8067,inf,2.0,0.0,0.0,0.0,0.0,0.0,2000.0,7838000731.7,7838.0007
88.5,Prithvi_Class,MIDCOURSE,245131.8991,245.1319,94084.5825,94.0846,2795.1638,10062.5897,2795.1638,1138.1178,2552.9647,-0.0,-9.8067,9.8067,inf,2.0,0.0,0.0,0.0,0.0,0.0,2000.0,7812940658.27,7812.9407
89.0,Prithvi_Class,MIDCOURSE,246405.9298,246.4059,94653.6414,94.6536,2790.6861,10046.4698,2790.6861,1138.1178,2548.0613,-0.0,-9.8067,9.8067,inf,2.0,0.0,0.0,0.0,0.0,0.0,2000.0,7787928670.04,7787.9287
89.5,Prithvi_Class,MIDCOURSE,247677.5088,247.6775,95222.7003,95.2227,2786.2097,10030.3551,2786.2097,1138.1178,2543.158,-0.0,-9.8067,9.8067,inf,2.0,0.0,0.0,0.0,0.0,0.0,2000.0,7762964767.0,7762.9648
90.0,Prithvi_Class,MIDCOURSE,248946.6361,248.9466,95791.7592,95.7918,2781.7349,10014.2456,2781.7349,1138.1178,2538.2547,-0.0,-9.8067,9.8067,inf,2.0,0.0,0.0,0.0,0.0,0.0,2000.0,7738048949.15,7738.0489
90.5,Prithvi_Class,MIDCOURSE,250213.3118,250.2133,96360.8181,96.3608,2777.2615,9998.1413,2777.2615,1138.1178,2533.3514,-0.0,-9.8067,9.8067,inf,2.0,0.0,0.0,0.0,0.0,0.0,2000.0,7713181216.49,7713.1812
91.0,Prithvi_Class,MIDCOURSE,251477.5358,251.4775,96929.877,96.9299,2772.7895,9982.0422,2772.7895,1138.1178,2528.448,-0.0,-9.8067,9.8067,inf,2.0,0.0,0.0,0.0,0.0,0.0,2000.0,7688361569.02,7688.3616
91.5,Prithvi_Class,MIDCOURSE,252739.3081,252.7393,97498.9359,97.4989,2768.319,9965.9483,2768.319,1138.1178,2523.5447,-0.0,-9.8067,9.8067,inf,2.0,0.0,0.0,0.0,0.0,0.0,2000.0,7663590006.75,7663.59
92.0,Prithvi_Class,MIDCOURSE,253998.6288,253.9986,98067.9948,98.068,2763.8499,9949.8598,2763.8499,1138.1178,2518.6414,-0.0,-9.8067,9.8067,inf,2.0,0.0,0.0,0.0,0.0,0.0,2000.0,7638866529.67,7638.8665
92.5,Prithvi_Class,MIDCOURSE,255255.4979,255.2555,98637.0537,98.6371,2759.3824,9933.7766,2759.3824,1138.1178,2513.7381,-0.0,-9.8067,9.8067,inf,2.0,0.0,0.0,0.0,0.0,0.0,2000.0,7614191137.78,7614.1911
93.0,Prithvi_Class,MIDCOURSE,256509.9152,256.5099,99206.1126,99.2061,2754.9163,9917.6987,2754.9163,1138.1178,2508.8347,-0.0,-9.8067,9.8067,inf,2.0,0.0,0.0,0.0,0.0,0.0,2000.0,7589563831.08,7589.5638
93.5,Prithvi_Class,MIDCOURSE,257761.8809,257.7619,99775.1715,99.7752,2750.4517,9901.6262,2750.4517,1138.1178,2503.9314,-0.0,-9.8067,9.8067,inf,2.0,0.0,0.0,0.0,0.0,0.0,2000.0,7564984609.58,7564.9846
94.0,Prithvi_Class,MIDCOURSE,259011.395,259.0114,100344.2304,100.3442,2745.9886,9885.559,2745.9886,1138.1178,2499.0281,-0.0,-9.8067,9.8067,inf,2.0,0.0,0.0,0.0,0.0,0.0,2000.0,7540453473.26,7540.4535
94.5,Prithvi_Class,MIDCOURSE,260258.4573,260.2585,100913.2893,100.9133,2741.527,9869.4973,2741.527,1138.1178,2494.1248,-0.0,-9.8067,9.8067,inf,2.0,0.0,0.0,0.0,0.0,0.0,2000.0,7515970422.14,7515.9704
95.0,Prithvi_Class,MIDCOURSE,261503.0681,261.5031,101482.3482,101.4823,2737.0669,9853.441,2737.0669,1138.1178,2489.2214,-0.0,-9.8067,9.8067,inf,2.0,0.0,0.0,0.0,0.0,0.0,2000.0,7491535456.21,7491.5355
95.5,Prithvi_Class,MIDCOURSE,262745.2271,262.7452,102051.4071,102.0514,2732.6084,9837.3902,2732.6084,1138.1178,2484.3181,-0.0,-9.8067,9.8067,inf,2.0,0.0,0.0,0.0,0.0,0.0,2000.0,7467148575.48,7467.1486
96.0,Prithvi_Class,MIDCOURSE,263984.9345,263.9849,102620.466,102.6205,2728.1513,9821.3449,2728.1513,1138.1178,2479.4148,-0.0,-9.8067,9.8067,inf,2.0,0.0,0.0,0.0,0.0,0.0,2000.0,7442809779.93,7442.8098
96.5,Prithvi_Class,MIDCOURSE,265222.1902,265.2222,103189.5249,103.1895,2723.6958,9805.3051,2723.6958,1138.1178,2474.5115,-0.0,-9.8067,9.8067,inf,2.0,0.0,0.0,0.0,0.0,0.0,2000.0,7418519069.58,7418.5191
97.0,Prithvi_Class,MIDCOURSE,266456.9943,266.457,103758.5838,103.7586,2719.2419,9789.2708,2719.2419,1138.1178,2469.6081,-0.0,-9.8067,9.8067,inf,2.0,0.0,0.0,0.0,0.0,0.0,2000.0,7394276444.42,7394.2764
97.5,Prithvi_Class,MIDCOURSE,267689.3467,267.6893,104327.6427,104.3276,2714.7895,9773.2421,2714.7895,1138.1178,2464.7048,-0.0,-9.8067,9.8067,inf,2.0,0.0,0.0,0.0,0.0,0.0,2000.0,7370081904.45,7370.0819
98.0,Prithvi_Class,MIDCOURSE,268919.2474,268.9192,104896.7016,104.8967,2710.3386,9757.219,2710.3386,1138.1178,2459.8015,-0.0,-9.8067,9.8067,inf,2.0,0.0,0.0,0.0,0.0,0.0,2000.0,7345935449.68,7345.9354
98.5,Prithvi_Class,MIDCOURSE,270146.6965,270.1467,105465.7605,105.4658,2705.8893,9741.2016,2705.8893,1138.1178,2454.8982,-0.0,-9.8067,9.8067,inf,2.0,0.0,0.0,0.0,0.0,0.0,2000.0,7321837080.09,7321.8371
99.0,Prithvi_Class,MIDCOURSE,271371.6939,271.3717,106034.8194,106.0348,2701.4416,9725.1898,2701.4416,1138.1178,2449.9948,-0.0,-9.8067,9.8067,inf,2.0,0.0,0.0,0.0,0.0,0.0,2000.0,7297786795.7,7297.7868
99.5,Prithvi_Class,MIDCOURSE,272594.2397,272.5942,106603.8783,106.6039,2696.9955,9709.1837,2696.9955,1138.1178,2445.0915,-0.0,-9.8067,9.8067,inf,2.0,0.0,0.0,0.0,0.0,0.0,2000.0,7273784596.5,7273.7846
100.0,Prithvi_Class,MIDCOURSE,273814.3338,273.8143,107172.9372,107.1729,2692.5509,9693.1833,2692.5509,1138.1178,2440.1882,-0.0,-9.8067,9.8067,inf,2.0,0.0,0.0,0.0,0.0,0.0,2000.0,7249830482.49,7249.8305
100.5,Prithvi_Class,MIDCOURSE,275031.9762,275.032,107741.9961,107.742,2688.108,9677.1887,2688.108,1138.1178,2435.2849,-0.0,-9.8067,9.8067,inf,2.0,0.0,0.0,0.0,0.0,0.0,2000.0,7225924453.68,7225.9245
101.0,Prithvi_Class,MIDCOURSE,276247.167,276.2472,108311.055,108.3111,2683.6666,9661.1998,2683.6666,1138.1178,2430.3815,-0.0,-9.8067,9.8067,inf,2.0,0.0,0.0,0.0,0.0,0.0,2000.0,7202066510.05,7202.0665
101.5,Prithvi_Class,MIDCOURSE,277459.9061,277.4599,108880.1139,108.8801,2679.2269,9645.2168,2679.2269,1138.1178,2425.4782,-0.0,-9.8067,9.8067,inf,2.0,0.0,0.0,0.0,0.0,0.0,2000.0,7178256651.62,7178.2567
102.0,Prithvi_Class,MIDCOURSE,278670.1935,278.6702,109449.1728,109.4492,2674.7888,9629.2395,2674.7888,1138.1178,2420.5749,-0.0,-9.8067,9.8067,inf,2.0,0.0,0.0,0.0,0.0,0.0,2000.0,7154494878.38,7154.4949
102.5,Prithvi_Class,MIDCOURSE,279878.0293,279.878,110018.2317,110.0182,2670.3523,9613.2681,2670.3523,1138.1178,2415.6716,-0.0,-9.8067,9.8067,inf,2.0,0.0,0.0,0.0,0.0,0.0,2000.0,7130781190.34,7130.7812
103.0,Prithvi_Class,MIDCOURSE,281083.4134,281.0834,110587.2906,110.5873,2665.9174,9597.3026,2665.9174,1138.1178,2410.7682,-0.0,-9.8067,9.8067,inf,2.0,0.0,0.0,0.0,0.0,0.0,2000.0,7107115587.48,7107.1156
103.5,Prithvi_Class,MIDCOURSE,282286.3459,282.2863,111156.3495,111.1563,2661.4842,9581.3431,2661.4842,1138.1178,2405.8649,-0.0,-9.8067,9.8067,inf,2.0,0.0,0.0,0.0,0.0,0.0,2000.0,7083498069.82,7083.4981
104.0,Prithvi_Class,MIDCOURSE,283486.8266,283.4868,111725.4084,111.7254,2657.0526,9565.3894,2657.0526,1138.1178,2400.9616,-0.0,-9.8067,9.8067,inf,2.0,0.0,0.0,0.0,0.0,0.0,2000.0,7059928637.35,7059.9286
104.5,Prithvi_Class,MIDCOURSE,284684.8558,284.6849,112294.4673,112.2945,2652.6227,9549.4418,2652.6227,1138.1178,2396.0583,-0.0,-9.8067,9.8067,inf,2.0,0.0,0.0,0.0,0.0,0.0,2000.0,7036407290.07,7036.4073
105.0,Prithvi_Class,MIDCOURSE,285880.4332,285.8804,112863.5262,112.8635,2648.1945,9533.5001,2648.1945,1138.1178,2391.1549,-0.0,-9.8067,9.8067,inf,2.0,0.0,0.0,0.0,0.0,0.0,2000.0,7012934027.98,7012.934
105.5,Prithvi_Class,MIDCOURSE,287073.559,287.0736,113432.5851,113.4326,2643.7679,9517.5645,2643.7679,1138.1178,2386.2516,-0.0,-9.8067,9.8067,inf,2.0,0.0,0.0,0.0,0.0,0.0,2000.0,6989508851.09,6989.5089
106.0,Prithvi_Class,MIDCOURSE,288264.2332,288.2642,114001.644,114.0016,2639.3431,9501.635,2639.3431,1138.1178,2381.3483,-0.0,-9.8067,9.8067,inf,2.0,0.0,0.0,0.0,0.0,0.0,2000.0,6966131759.39,6966.1318
106.5,Prithvi_Class,MIDCOURSE,289452.4557,289.4525,114570.703,114.5707,2634.9199,9485.7116,2634.9199,1138.1178,2376.445,-0.0,-9.8067,9.8067,inf,2.0,0.0,0.0,0.0,0.0,0.0,2000.0,6942802752.88,6942.8028
107.0,Prithvi_Class,MIDCOURSE,290638.2265,290.6382,115139.7619,115.1398,2630.4984,9469.7942,2630.4984,1138.1178,2371.5416,-0.0,-9.8067,9.8067,inf,2.0,0.0,0.0,0.0,0.0,0.0,2000.0,6919521831.56,6919.5218
107.5,Prithvi_Class,MIDCOURSE,291821.5456,291.8215,115708.8208,115.7088,2626.0786,9453.8831,2626.0786,1138.1178,2366.6383,-0.0,-9.8067,9.8067,inf,2.0,0.0,0.0,0.0,0.0,0.0,2000.0,6896288995.43,6896.289
108.0,Prithvi_Class,MIDCOURSE,293002.4131,293.0024,116277.8797,116.2779,2621.6606,9437.9781,2621.6606,1138.1178,2361.735,-0.0,-9.8067,9.8067,inf,2.0,0.0,0.0,0.0,0.0,0.0,2000.0,6873104244.5,6873.1042
108.5,Prithvi_Class,MIDCOURSE,294180.8289,294.1808,116846.9386,116.8469,2617.2443,9422.0794,2617.2443,1138.1178,2356.8317,-0.0,-9.8067,9.8067,inf,2.0,0.0,0.0,0.0,0.0,0.0,2000.0,6849967578.76,6849.9676
109.0,Prithvi_Class,MIDCOURSE,295356.7931,295.3568,117415.9975,117.416,2612.8297,9406.1869,2612.8297,1138.1178,2351.9283,-0.0,-9.8067,9.8067,inf,2.0,0.0,0.0,0.0,0.0,0.0,2000.0,6826878998.21,6826.879
109.5,Prithvi_Class,MIDCOURSE,296530.3056,296.5303,117985.0564,117.9851,2608.4169,9390.3007,2608.4169,1138.1178,2347.025,-0.0,-9.8067,9.8067,inf,2.0,0.0,0.0,0.0,0.0,0.0,2000.0,6803838502.85,6803.8385
110.0,Prithvi_Class,MIDCOURSE,297701.3664,297.7014,118554.1153,118.5541,2604.0058,9374.4208,2604.0058,1138.1178,2342.1217,-0.0,-9.8067,9.8067,inf,2.0,0.0,0.0,0.0,0.0,0.0,2000.0,6780846092.69,6780.8461
110.5,Prithvi_Class,MIDCOURSE,298869.9756,298.87,119123.1742,119.1232,2599.5965,9358.5473,2599.5965,1138.1178,2337.2184,-0.0,-9.8067,9.8067,inf,2.0,0.0,0.0,0.0,0.0,0.0,2000.0,6757901767.71,6757.9018
111.0,Prithvi_Class,MIDCOURSE,300036.1331,300.0361,119692.2331,119.6922,2595.1889,9342.6801,2595.1889,1138.1178,2332.315,-0.0,-9.8067,9.8067,inf,2.0,0.0,0.0,0.0,0.0,0.0,2000.0,6735005527.93,6735.0055
111.5,Prithvi_Class,MIDCOURSE,301199.839,301.1998,120261.292,120.2613,2590.7832,9326.8194,2590.7832,1138.1178,2327.4117,-0.0,-9.8067,9.8067,inf,2.0,0.0,0.0,0.0,0.0,0.0,2000.0,6712157373.34,6712.1574
112.0,Prithvi_Class,MIDCOURSE,302361.0932,302.3611,120830.3509,120.8304,2586.3792,9310.9651,2586.3792,1138.1178,2322.5084,-0.0,-9.8067,9.8067,inf,2.0,0.0,0.0,0.0,0.0,0.0,2000.0,6689357303.95,6689.3573
112.5,Prithvi_Class,MIDCOURSE,303519.8957,303.5199,121399.4098,121.3994,2581.977,9295.1173,2581.977,1138.1178,2317.6051,-0.0,-9.8067,9.8067,inf,2.0,0.0,0.0,0.0,0.0,0.0,2000.0,6666605319.74,6666.6053
113.0,Prithvi_Class,MIDCOURSE,304676.2466,304.6762,121968.4687,121.9685,2577.5767,9279.276,2577.5767,1138.1178,2312.7017,-0.0,-9.8067,9.8067,inf,2.0,0.0,0.0,0.0,0.0,0.0,2000.0,6643901420.73,6643.9014
113.5,Prithvi_Class,MIDCOURSE,305830.1458,305.8301,122537.5276,122.5375,2573.1781,9263.4412,2573.1781,1138.1178,2307.7984,-0.0,-9.8067,9.8067,inf,2.0,0.0,0.0,0.0,0.0,0.0,2000.0,6621245606.91,6621.2456
114.0,Prithvi_Class,MIDCOURSE,306981.5933,306.9816,123106.5865,123.1066,2568.7814,9247.613,2568.7814,1138.1178,2302.8951,-0.0,-9.8067,9.8067,inf,2.0,0.0,0.0,0.0,0.0,0.0,2000.0,6598637878.28,6598.6379
114.5,Prithvi_Class,MIDCOURSE,308130.5892,308.1306,123675.6454,123.6756,2564.3865,9231.7915,2564.3865,1138.1178,2297.9918,-0.0,-9.8067,9.8067,inf,2.0,0.0,0.0,0.0,0.0,0.0,2000.0,6576078234.84,6576.0782
115.0,Prithvi_Class,MIDCOURSE,309277.1334,309.2771,124244.7043,124.2447,2559.9935,9215.9766,2559.9935,1138.1178,2293.0884,-0.0,-9.8067,9.8067,inf,2.0,0.0,0.0,0.0,0.0,0.0,2000.0,6553566676.6,6553.5667
115.5,Prithvi_Class,MIDCOURSE,310421.226,310.4212,124813.7632,124.8138,2555.6023,9200.1683,2555.6023,1138.1178,2288.1851,-0.0,-9.8067,9.8067,inf,2.0,0.0,0.0,0.0,0.0,0.0,2000.0,6531103203.55,6531.1032
116.0,Prithvi_Class,MIDCOURSE,311562.8668,311.5629,125382.8221,125.3828,2551.213,9184.3668,2551.213,1138.1178,2283.2818,-0.0,-9.8067,9.8067,inf,2.0,0.0,0.0,0.0,0.0,0.0,2000.0,6508687815.69,6508.6878
116.5,Prithvi_Class,MIDCOURSE,312702.0561,312.7021,125951.881,125.9519,2546.8256,9168.5721,2546.8256,1138.1178,2278.3785,-0.0,-9.8067,9.8067,inf,2.0,0.0,0.0,0.0,0.0,0.0,2000.0,6486320513.02,6486.3205
117.0,Prithvi_Class,MIDCOURSE,313838.7936,313.8388,126520.9399,126.5209,2542.44,9152.7841,2542.44,1138.1178,2273.4751,-0.0,-9.8067,9.8067,inf,2.0,0.0,0.0,0.0,0.0,0.0,2000.0,6464001295.54,6464.0013
117.5,Prithvi_Class,MIDCOURSE,314973.0795,314.9731,127089.9988,127.09,2538.0564,9137.003,2538.0564,1138.1178,2268.5718,-0.0,-9.8067,9.8067,inf,2.0,0.0,0.0,0.0,0.0,0.0,2000.0,6441730163.26,6441.7302
118.0,Prithvi_Class,MIDCOURSE,316104.9138,316.1049,127659.0577,127.6591,2533.6746,9121.2287,2533.6746,1138.1178,2263.6685,-0.0,-9.8067,9.8067,inf,2.0,0.0,0.0,0.0,0.0,0.0,2000.0,6419507116.17,6419.5071
118.5,Prithvi_Class,MIDCOURSE,317234.2964,317.2343,128228.1166,128.2281,2529.2948,9105.4613,2529.2948,1138.1178,2258.7652,-0.0,-9.8067,9.8067,inf,2.0,0.0,0.0,0.0,0.0,0.0,2000.0,6397332154.27,6397.3322
119.0,Prithvi_Class,MIDCOURSE,318361.2273,318.3612,128797.1755,128.7972,2524.9169,9089.7008,2524.9169,1138.1178,2253.8618,-0.0,-9.8067,9.8067,inf,2.0,0.0,0.0,0.0,0.0,0.0,2000.0,6375205277.56,6375.2053
119.5,Prithvi_Class,MIDCOURSE,319485.7065,319.4857,129366.2344,129.3662,2520.5409,9073.9473,2520.5409,1138.1178,2248.9585,-0.0,-9.8067,9.8067,inf,2.0,0.0,0.0,0.0,0.0,0.0,2000.0,6353126486.05,6353.1265
120.0,Prithvi_Class,MIDCOURSE,320607.7341,320.6077,129935.2933,129.9353,2516.1669,9058.2008,2516.1669,1138.1178,2244.0552,-0.0,-9.8067,9.8067,inf,2.0,0.0,0.0,0.0,0.0,0.0,2000.0,6331095779.72,6331.0958
120.5,Prithvi_Class,MIDCOURSE,321727.31,321.7273,130504.3522,130.5044,2511.7948,9042.4613,2511.7948,1138.1178,2239.1519,-0.0,-9.8067,9.8067,inf,2.0,0.0,0.0,0.0,0.0,0.0,2000.0,6309113158.59,6309.1132
121.0,Prithvi_Class,MIDCOURSE,322844.4343,322.8444,131073.4111,131.0734,2507.4247,9026.7289,2507.4247,1138.1178,2234.2485,-0.0,-9.8066,9.8066,inf,2.0,0.0,0.0,0.0,0.0,0.0,2000.0,6287178622.65,6287.1786
121.5,Prithvi_Class,MIDCOURSE,323959.1069,323.9591,131642.47,131.6425,2503.0566,9011.0036,2503.0566,1138.1178,2229.3452,-0.0,-9.8066,9.8066,inf,2.0,0.0,0.0,0.0,0.0,0.0,2000.0,6265292171.91,6265.2922
122.0,Prithvi_Class,MIDCOURSE,325071.3279,325.0713,132211.5289,132.2115,2498.6904,8995.2855,2498.6904,1138.1178,2224.4419,-0.0,-9.8066,9.8066,inf,2.0,0.0,0.0,0.0,0.0,0.0,2000.0,6243453806.35,6243.4538
122.5,Prithvi_Class,MIDCOURSE,326181.0971,326.1811,132780.5878,132.7806,2494.3263,8979.5746,2494.3263,1138.1178,2219.5386,-0.0,-9.8066,9.8066,inf,2.0,0.0,0.0,0.0,0.0,0.0,2000.0,6221663525.99,6221.6635
123.0,Prithvi_Class,MIDCOURSE,327288.4147,327.2884,133349.6467,133.3496,2489.9641,8963.8708,2489.9641,1138.1178,2214.6352,-0.0,-9.8066,9.8066,inf,2.0,0.0,0.0,0.0,0.0,0.0,2000.0,6199921330.82,6199.9213
123.5,Prithvi_Class,MIDCOURSE,328393.2807,328.3933,133918.7056,133.9187,2485.604,8948.1744,2485.604,1138.1178,2209.7319,-0.0,-9.8066,9.8066,inf,2.0,0.0,0.0,0.0,0.0,0.0,2000.0,6178227220.84,6178.2272
124.0,Prithvi_Class,MIDCOURSE,329495.695,329.4957,134487.7645,134.4878,2481.2459,8932.4852,2481.2459,1138.1178,2204.8286,-0.0,-9.8066,9.8066,inf,2.0,0.0,0.0,0.0,0.0,0.0,2000.0,6156581196.05,6156.5812
124.5,Prithvi_Class,MIDCOURSE,330595.6576,330.5957,135056.8234,135.0568,2476.8898,8916.8034,2476.8898,1138.1178,2199.9253,-0.0,-9.8066,9.8066,inf,2.0,0.0,0.0,0.0,0.0,0.0,2000.0,6134983256.46,6134.9833
125.0,Prithvi_Class,MIDCOURSE,331693.1686,331.6932,135625.8823,135.6259,2472.5358,8901.129,2472.5358,1138.1178,2195.0219,-0.0,-9.8066,9.8066,inf,2.0,0.0,0.0,0.0,0.0,0.0,2000.0,6113433402.06,6113.4334
125.5,Prithvi_Class,MIDCOURSE,332788.2279,332.7882,136194.9412,136.1949,2468.1839,8885.4619,2468.1839,1138.1178,2190.1186,-0.0,-9.8066,9.8066,inf,2.0,0.0,0.0,0.0,0.0,0.0,2000.0,6091931632.85,6091.9316
126.0,Prithvi_Class,MIDCOURSE,333880.8355,333.8808,136764.0001,136.764,2463.834,8869.8024,2463.834,1138.1178,2185.2153,-0.0,-9.8066,9.8066,inf,2.0,0.0,0.0,0.0,0.0,0.0,2000.0,6070477948.83,6070.4779
126.5,Prithvi_Class,MIDCOURSE,334970.9915,334.971,137333.059,137.3331,2459.4862,8854.1503,2459.4862,1138.1178,2180.312,-0.0,-9.8066,9.8066,inf,2.0,0.0,0.0,0.0,0.0,0.0,2000.0,6049072350.0,6049.0724
127.0,Prithvi_Class,MIDCOURSE,336058.6958,336.0587,137902.1179,137.9021,2455.1405,8838.5058,2455.1405,1138.1178,2175.4086,-0.0,-9.8066,9.8066,inf,2.0,0.0,0.0,0.0,0.0,0.0,2000.0,6027714836.37,6027.7148
127.5,Prithvi_Class,MIDCOURSE,337143.9485,337.1439,138471.1768,138.4712,2450.7969,8822.8688,2450.7969,1138.1178,2170.5053,-0.0,-9.8066,9.8066,inf,2.0,0.0,0.0,0.0,0.0,0.0,2000.0,6006405407.93,6006.4054
128.0,Prithvi_Class,MIDCOURSE,338226.7495,338.2267,139040.2357,139.0402,2446.4554,8807.2395,2446.4554,1138.1178,2165.602,-0.0,-9.8066,9.8066,inf,2.0,0.0,0.0,0.0,0.0,0.0,2000.0,5985144064.68,5985.1441
128.5,Prithvi_Class,MIDCOURSE,339307.0988,339.3071,139609.2946,139.6093,2442.1161,8791.6178,2442.1161,1138.1178,2160.6987,-0.0,-9.8066,9.8066,inf,2.0,0.0,0.0,0.0,0.0,0.0,2000.0,5963930806.62,5963.9308
129.0,Prithvi_Class,MIDCOURSE,340384.9964,340.385,140178.3535,140.1784,2437.7788,8776.0038,2437.7788,1138.1178,2155.7953,-0.0,-9.8066,9.8066,inf,2.0,0.0,0.0,0.0,0.0,0.0,2000.0,5942765633.76,5942.7656
129.5,Prithvi_Class,MIDCOURSE,341460.4424,341.4604,140747.4124,140.7474,2433.4438,8760.3975,2433.4438,1138.1178,2150.892,-0.0,-9.8066,9.8066,inf,2.0,0.0,0.0,0.0,0.0,0.0,2000.0,5921648546.08,5921.6485
130.0,Prithvi_Class,MIDCOURSE,342533.4368,342.5334,141316.4713,141.3165,2429.1109,8744.7991,2429.1109,1138.1178,2145.9887,-0.0,-9.8066,9.8066,inf,2.0,0.0,0.0,0.0,0.0,0.0,2000.0,5900579543.6,5900.5795
130.5,Prithvi_Class,MIDCOURSE,343603.9795,343.604,141885.5302,141.8855,2424.7801,8729.2084,2424.7801,1138.1178,2141.0854,-0.0,-9.8066,9.8066,inf,2.0,0.0,0.0,0.0,0.0,0.0,2000.0,5879558626.31,5879.5586
131.0,Prithvi_Class,MIDCOURSE,344672.0705,344.6721,142454.5891,142.4546,2420.4516,8713.6256,2420.4516,1138.1178,2136.182,-0.0,-9.8066,9.8066,inf,2.0,0.0,0.0,0.0,0.0,0.0,2000.0,5858585794.22,5858.5858
131.5,Prithvi_Class,MIDCOURSE,345737.7098,345.7377,143023.648,143.0236,2416.1252,8698.0508,2416.1252,1138.1178,2131.2787,-0.0,-9.8066,9.8066,inf,2.0,0.0,0.0,0.0,0.0,0.0,2000.0,5837661047.31,5837.661
132.0,Prithvi_Class,MIDCOURSE,346800.8975,346.8009,143592.7069,143.5927,2411.8011,8682.4838,2411.8011,1138.1178,2126.3754,-0.0,-9.8066,9.8066,inf,2.0,0.0,0.0,0.0,0.0,0.0,2000.0,5816784385.6,5816.7844
132.5,Prithvi_Class,MIDCOURSE,347861.6335,347.8616,144161.7658,144.1618,2407.4791,8666.9249,2407.4791,1138.1178,2121.4721,-0.0,-9.8066,9.8066,inf,2.0,0.0,0.0,0.0,0.0,0.0,2000.0,5795955809.08,5795.9558
133.0,Prithvi_Class,MIDCOURSE,348919.9179,348.9199,144730.8247,144.7308,2403.1594,8651.374,2403.1594,1138.1178,2116.5687,-0.0,-9.8066,9.8066,inf,2.0,0.0,0.0,0.0,0.0,0.0,2000.0,5775175317.75,5775.1753
133.5,Prithvi_Class,MIDCOURSE,349975.7506,349.9758,145299.8836,145.2999,2398.842,8635.8312,2398.842,1138.1178,2111.6654,-0.0,-9.8066,9.8066,inf,2.0,0.0,0.0,0.0,0.0,0.0,2000.0,5754442911.62,5754.4429
134.0,Prithvi_Class,MIDCOURSE,351029.1317,351.0291,145868.9425,145.8689,2394.5268,8620.2965,2394.5268,1138.1178,2106.7621,-0.0,-9.8066,9.8066,inf,2.0,0.0,0.0,0.0,0.0,0.0,2000.0,5733758590.67,5733.7586
134.5,Prithvi_Class,MIDCOURSE,352080.061,352.0801,146438.0014,146.438,2390.2139,8604.7699,2390.2139,1138.1178,2101.8588,-0.0,-9.8066,9.8066,inf,2.0,0.0,0.0,0.0,0.0,0.0,2000.0,5713122354.92,5713.1224
135.0,Prithvi_Class,MIDCOURSE,353128.5387,353.1285,147007.0603,147.0071,2385.9032,8589.2516,2385.9032,1138.1178,2096.9554,-0.0,-9.8066,9.8066,inf,2.0,0.0,0.0,0.0,0.0,0.0,2000.0,5692534204.36,5692.5342
135.5,Prithvi_Class,MIDCOURSE,354174.5648,354.1746,147576.1192,147.5761,2381.5949,8573.7415,2381.5949,1138.1178,2092.0521,-0.0,-9.8066,9.8066,inf,2.0,0.0,0.0,0.0,0.0,0.0,2000.0,5671994138.99,5671.9941
136.0,Prithvi_Class,MIDCOURSE,355218.1392,355.2181,148145.1781,148.1452,2377.2888,8558.2398,2377.2888,1138.1178,2087.1488,-0.0,-9.8066,9.8066,inf,2.0,0.0,0.0,0.0,0.0,0.0,2000.0,5651502158.82,5651.5022
136.5,Prithvi_Class,MIDCOURSE,356259.2619,356.2593,148714.237,148.7142,2372.9851,8542.7463,2372.9851,1138.1178,2082.2455,-0.0,-9.8066,9.8066,inf,2.0,0.0,0.0,0.0,0.0,0.0,2000.0,5631058263.83,5631.0583
137.0,Prithvi_Class,MIDCOURSE,357297.933,357.2979,149283.2959,149.2833,2368.6837,8527.2613,2368.6837,1138.1178,2077.3421,-0.0,-9.8066,9.8066,inf,2.0,0.0,0.0,0.0,0.0,0.0,2000.0,5610662454.04,5610.6625
137.5,Prithvi_Class,MIDCOURSE,358334.1524,358.3342,149852.3548,149.8524,2364.3846,8511.7847,2364.3846,1138.1178,2072.4388,-0.0,-9.8066,9.8066,inf,2.0,0.0,0.0,0.0,0.0,0.0,2000.0,5590314729.44,5590.3147
138.0,Prithvi_Class,MIDCOURSE,359367.9201,359.3679,150421.4137,150.4214,2360.0879,8496.3166,2360.0879,1138.1178,2067.5355,-0.0,-9.8066,9.8066,inf,2.0,0.0,0.0,0.0,0.0,0.0,2000.0,5570015090.04,5570.0151
138.5,Prithvi_Class,MIDCOURSE,360399.2362,360.3992,150990.4726,150.9905,2355.7936,8480.857,2355.7936,1138.1178,2062.6322,-0.0,-9.8066,9.8066,inf,2.0,0.0,0.0,0.0,0.0,0.0,2000.0,5549763535.82,5549.7635
139.0,Prithvi_Class,MIDCOURSE,361428.1006,361.4281,151559.5315,151.5595,2351.5017,8465.406,2351.5017,1138.1178,2057.7288,-0.0,-9.8066,9.8066,inf,2.0,0.0,0.0,0.0,0.0,0.0,2000.0,5529560066.8,5529.5601
139.5,Prithvi_Class,MIDCOURSE,362454.5134,362.4545,152128.5904,152.1286,2347.2121,8449.9636,2347.2121,1138.1178,2052.8255,-0.0,-9.8066,9.8066,inf,2.0,0.0,0.0,0.0,0.0,0.0,2000.0,5509404682.97,5509.4047
140.0,Prithvi_Class,MIDCOURSE,363478.4745,363.4785,152697.6493,152.6976,2342.925,8434.5299,2342.925,1138.1178,2047.9222,-0.0,-9.8066,9.8066,inf,2.0,0.0,0.0,0.0,0.0,0.0,2000.0,5489297384.33,5489.2974
140.5,Prithvi_Class,MIDCOURSE,364499.9839,364.5,153266.7082,153.2667,2338.6402,8419.1049,2338.6402,1138.1178,2043.0189,-0.0,-9.8066,9.8066,inf,2.0,0.0,0.0,0.0,0.0,0.0,2000.0,5469238170.88,5469.2382
141.0,Prithvi_Class,MIDCOURSE,365519.0417,365.519,153835.7671,153.8358,2334.358,8403.6886,2334.358,1138.1178,2038.1155,-0.0,-9.8066,9.8066,inf,2.0,0.0,0.0,0.0,0.0,0.0,2000.0,5449227042.63,5449.227
141.5,Prithvi_Class,MIDCOURSE,366535.6478,366.5356,154404.826,154.4048,2330.0781,8388.2812,2330.0781,1138.1178,2033.2122,-0.0,-9.8066,9.8066,inf,2.0,0.0,0.0,0.0,0.0,0.0,2000.0,5429263999.57,5429.264
142.0,Prithvi_Class,MIDCOURSE,367549.8022,367.5498,154973.8849,154.9739,2325.8007,8372.8826,2325.8007,1138.1178,2028.3089,-0.0,-9.8066,9.8066,inf,2.0,0.0,0.0,0.0,0.0,0.0,2000.0,5409349041.7,5409.349
142.5,Prithvi_Class,MIDCOURSE,368561.505,368.5615,155542.9438,155.5429,2321.5258,8357.493,2321.5258,1138.1178,2023.4056,-0.0,-9.8066,9.8066,inf,2.0,0.0,0.0,0.0,0.0,0.0,2000.0,5389482169.02,5389.4822
143.0,Prithvi_Class,MIDCOURSE,369570.7561,369.5708,156112.0027,156.112,2317.2534,8342.1123,2317.2534,1138.1178,2018.5022,-0.0,-9.8066,9.8066,inf,2.0,0.0,0.0,0.0,0.0,0.0,2000.0,5369663381.53,5369.6634
143.5,Prithvi_Class,MIDCOURSE,370577.5555,370.5776,156681.0616,156.6811,2312.9835,8326.7406,2312.9835,1138.1178,2013.5989,-0.0,-9.8066,9.8066,inf,2.0,0.0,0.0,0.0,0.0,0.0,2000.0,5349892679.24,5349.8927
144.0,Prithvi_Class,MIDCOURSE,371581.9033,371.5819,157250.1205,157.2501,2308.7161,8311.378,2308.7161,1138.1178,2008.6956,-0.0,-9.8066,9.8066,inf,2.0,0.0,0.0,0.0,0.0,0.0,2000.0,5330170062.14,5330.1701
144.5,Prithvi_Class,MIDCOURSE,372583.7995,372.5838,157819.1794,157.8192,2304.4512,8296.0245,2304.4512,1138.1178,2003.7923,-0.0,-9.8066,9.8066,inf,2.0,0.0,0.0,0.0,0.0,0.0,2000.0,5310495530.23,5310.4955
145.0,Prithvi_Class,MIDCOURSE,373583.2439,373.5832,158388.2383,158.3882,2300.1889,8280.6801,2300.1889,1138.1178,1998.8889,-0.0,-9.8066,9.8066,inf,2.0,0.0,0.0,0.0,0.0,0.0,2000.0,5290869083.51,5290.8691
145.5,Prithvi_Class,MIDCOURSE,374580.2367,374.5802,158957.2972,158.9573,2295.9292,8265.345,2295.9292,1138.1178,1993.9856,-0.0,-9.8066,9.8066,inf,2.0,0.0,0.0,0.0,0.0,0.0,2000.0,5271290721.98,5271.2907
146.0,Prithvi_Class,MIDCOURSE,375574.7779,375.5748,159526.3561,159.5264,2291.672,8250.0191,2291.672,1138.1178,1989.0823,-0.0,-9.8066,9.8066,inf,2.0,0.0,0.0,0.0,0.0,0.0,2000.0,5251760445.65,5251.7604
146.5,Prithvi_Class,MIDCOURSE,376566.8673,376.5669,160095.415,160.0954,2287.4174,8234.7026,2287.4174,1138.1178,1984.179,-0.0,-9.8066,9.8066,inf,2.0,0.0,0.0,0.0,0.0,0.0,2000.0,5232278254.51,5232.2783
147.0,Prithvi_Class,MIDCOURSE,377556.5052,377.5565,160664.4739,160.6645,2283.1654,8219.3954,2283.1654,1138.1178,1979.2756,-0.0,-9.8066,9.8066,inf,2.0,0.0,0.0,0.0,0.0,0.0,2000.0,5212844148.56,5212.8441
147.5,Prithvi_Class,MIDCOURSE,378543.6913,378.5437,161233.5328,161.2335,2278.916,8204.0976,2278.916,1138.1178,1974.3723,-0.0,-9.8066,9.8066,inf,2.0,0.0,0.0,0.0,0.0,0.0,2000.0,5193458127.8,5193.4581
148.0,Prithvi_Class,MIDCOURSE,379528.4258,379.5284,161802.5917,161.8026,2274.6692,8188.8093,2274.6692,1138.1178,1969.469,-0.0,-9.8066,9.8066,inf,2.0,0.0,0.0,0.0,0.0,0.0,2000.0,5174120192.24,5174.1202
148.5,Prithvi_Class,MIDCOURSE,380510.7086,380.5107,162371.6506,162.3717,2270.4251,8173.5305,2270.4251,1138.1178,1964.5657,-0.0,-9.8066,9.8066,inf,2.0,0.0,0.0,0.0,0.0,0.0,2000.0,5154830341.86,5154.8303
149.0,Prithvi_Class,MIDCOURSE,381490.5398,381.4905,162940.7095,162.9407,2266.1837,8158.2613,2266.1837,1138.1178,1959.6623,-0.0,-9.8066,9.8066,inf,2.0,0.0,0.0,0.0,0.0,0.0,2000.0,5135588576.68,5135.5886
149.5,Prithvi_Class,MIDCOURSE,382467.9193,382.4679,163509.7684,163.5098,2261.9449,8143.0018,2261.9449,1138.1178,1954.759,-0.0,-9.8066,9.8066,inf,2.0,0.0,0.0,0.0,0.0,0.0,2000.0,5116394896.7,5116.3949
150.0,Prithvi_Class,MIDCOURSE,383442.8471,383.4428,164078.8273,164.0788,2257.7089,8127.7519,2257.7089,1138.1178,1949.8557,-0.0,-9.8066,9.8066,inf,2.0,0.0,0.0,0.0,0.0,0.0,2000.0,5097249301.9,5097.2493
150.5,Prithvi_Class,MIDCOURSE,384415.3233,384.4153,164647.8862,164.6479,2253.4755,8112.5118,2253.4755,1138.1178,1944.9524,-0.0,-9.8066,9.8066,inf,2.0,0.0,0.0,0.0,0.0,0.0,2000.0,5078151792.29,5078.1518
151.0,Prithvi_Class,MIDCOURSE,385385.3478,385.3853,165216.9451,165.2169,2249.2448,8097.2814,2249.2448,1138.1178,1940.049,-0.0,-9.8066,9.8066,inf,2.0,0.0,0.0,0.0,0.0,0.0,2000.0,5059102367.88,5059.1024
151.5,Prithvi_Class,MIDCOURSE,386352.9207,386.3529,165786.004,165.786,2245.0169,8082.061,2245.0169,1138.1178,1935.1457,-0.0,-9.8066,9.8066,inf,2.0,0.0,0.0,0.0,0.0,0.0,2000.0,5040101028.66,5040.101
152.0,Prithvi_Class,MIDCOURSE,387318.0419,387.318,166355.0629,166.3551,2240.7918,8066.8504,2240.7918,1138.1178,1930.2424,-0.0,-9.8066,9.8066,inf,2.0,0.0,0.0,0.0,0.0,0.0,2000.0,5021147774.63,5021.1478
152.5,Prithvi_Class,MIDCOURSE,388280.7114,388.2807,166924.1218,166.9241,2236.5694,8051.6498,2236.5694,1138.1178,1925.3391,-0.0,-9.8066,9.8066,inf,2.0,0.0,0.0,0.0,0.0,0.0,2000.0,5002242605.8,5002.2426
153.0,Prithvi_Class,MIDCOURSE,389240.9293,389.2409,167493.1807,167.4932,2232.3498,8036.4592,2232.3498,1138.1178,1920.4357,-0.0,-9.8066,9.8066,inf,2.0,0.0,0.0,0.0,0.0,0.0,2000.0,4983385522.15,4983.3855
153.5,Prithvi_Class,MIDCOURSE,390198.6955,390.1987,168062.2396,168.0622,2228.133,8021.2787,2228.133,1138.1178,1915.5324,-0.0,-9.8066,9.8066,inf,2.0,0.0,0.0,0.0,0.0,0.0,2000.0,4964576523.7,4964.5765
154.0,Prithvi_Class,MIDCOURSE,391154.01,391.154,168631.2985,168.6313,2223.919,8006.1083,2223.919,1138.1178,1910.6291,-0.0,-9.8066,9.8066,inf,2.0,0.0,0.0,0.0,0.0,0.0,2000.0,4945815610.44,4945.8156
154.5,Prithvi_Class,MIDCOURSE,392106.8729,392.1069,169200.3574,169.2004,2219.7078,7990.9481,2219.7078,1138.1178,1905.7258,-0.0,-9.8066,9.8066,inf,2.0,0.0,0.0,0.0,0.0,0.0,2000.0,4927102782.38,4927.1028
155.0,Prithvi_Class,MIDCOURSE,393057.2841,393.0573,169769.4163,169.7694,2215.4995,7975.7982,2215.4995,1138.1178,1900.8224,-0.0,-9.8066,9.8066,inf,2.0,0.0,0.0,0.0,0.0,0.0,2000.0,4908438039.5,4908.438
155.5,Prithvi_Class,MIDCOURSE,394005.2436,394.0052,170338.4752,170.3385,2211.2941,7960.6586,2211.2941,1138.1178,1895.9191,-0.0,-9.8066,9.8066,inf,2.0,0.0,0.0,0.0,0.0,0.0,2000.0,4889821381.82,4889.8214
156.0,Prithvi_Class,MIDCOURSE,394950.7515,394.9508,170907.5341,170.9075,2207.0915,7945.5293,2207.0915,1138.1178,1891.0158,-0.0,-9.8066,9.8066,inf,2.0,0.0,0.0,0.0,0.0,0.0,2000.0,4871252809.33,4871.2528
156.5,Prithvi_Class,MIDCOURSE,395893.8078,395.8938,171476.593,171.4766,2202.8918,7930.4105,2202.8918,1138.1178,1886.1125,-0.0,-9.8066,9.8066,inf,2.0,0.0,0.0,0.0,0.0,0.0,2000.0,4852732322.03,4852.7323
157.0,Prithvi_Class,MIDCOURSE,396834.4123,396.8344,172045.6519,172.0457,2198.695,7915.3022,2198.695,1138.1178,1881.2091,-0.0,-9.8066,9.8066,inf,2.0,0.0,0.0,0.0,0.0,0.0,2000.0,4834259919.92,4834.2599
157.5,Prithvi_Class,MIDCOURSE,397772.5652,397.7726,172614.7108,172.6147,2194.5012,7900.2044,2194.5012,1138.1178,1876.3058,-0.0,-9.8066,9.8066,inf,2.0,0.0,0.0,0.0,0.0,0.0,2000.0,4815835603.01,4815.8356
158.0,Prithvi_Class,MIDCOURSE,398708.2665,398.7083,173183.7697,173.1838,2190.3103,7885.1172,2190.3103,1138.1178,1871.4025,-0.0,-9.8066,9.8066,inf,2.0,0.0,0.0,0.0,0.0,0.0,2000.0,4797459371.28,4797.4594
158.5,Prithvi_Class,MIDCOURSE,399641.516,399.6415,173752.8286,173.7528,2186.1224,7870.0407,2186.1224,1138.1178,1866.4992,-0.0,-9.8066,9.8066,inf,2.0,0.0,0.0,0.0,0.0,0.0,2000.0,4779131224.75,4779.1312
159.0,Prithvi_Class,MIDCOURSE,400572.314,400.5723,174321.8875,174.3219,2181.9375,7854.9749,2181.9375,1138.1178,1861.5958,-0.0,-9.8066,9.8066,inf,2.0,0.0,0.0,0.0,0.0,0.0,2000.0,4760851163.41,4760.8512
159.5,Prithvi_Class,MIDCOURSE,401500.6602,401.5007,174890.9464,174.8909,2177.7555,7839.9199,2177.7555,1138.1178,1856.6925,-0.0,-9.8066,9.8066,inf,2.0,0.0,0.0,0.0,0.0,0.0,2000.0,4742619187.27,4742.6192
160.0,Prithvi_Class,MIDCOURSE,402426.5548,402.4266,175460.0053,175.46,2173.5766,7824.8758,2173.5766,1138.1178,1851.7892,-0.0,-9.8066,9.8066,inf,2.0,0.0,0.0,0.0,0.0,0.0,2000.0,4724435296.31,4724.4353
160.5,Prithvi_Class,MIDCOURSE,403349.9977,403.35,176029.0642,176.0291,2169.4007,7809.8426,2169.4007,1138.1178,1846.8859,-0.0,-9.8066,9.8066,inf,2.0,0.0,0.0,0.0,0.0,0.0,2000.0,4706299490.55,4706.2995
161.0,Prithvi_Class,MIDCOURSE,404270.989,404.271,176598.1231,176.5981,2165.2279,7794.8204,2165.2279,1138.1178,1841.9825,-0.0,-9.8066,9.8066,inf,2.0,0.0,0.0,0.0,0.0,0.0,2000.0,4688211769.98,4688.2118
161.5,Prithvi_Class,MIDCOURSE,405189.5286,405.1895,177167.182,177.1672,2161.0581,7779.8092,2161.0581,1138.1178,1837.0792,-0.0,-9.8066,9.8066,inf,2.0,0.0,0.0,0.0,0.0,0.0,2000.0,4670172134.6,4670.1721
162.0,Prithvi_Class,MIDCOURSE,406105.6165,406.1056,177736.2409,177.7362,2156.8914,7764.8091,2156.8914,1138.1178,1832.1759,-0.0,-9.8066,9.8066,inf,2.0,0.0,0.0,0.0,0.0,0.0,2000.0,4652180584.42,4652.1806
162.5,Prithvi_Class,MIDCOURSE,407019.2528,407.0193,178305.2998,178.3053,2152.7278,7749.8202,2152.7278,1138.1178,1827.2726,-0.0,-9.8066,9.8066,inf,2.0,0.0,0.0,0.0,0.0,0.0,2000.0,4634237119.42,4634.2371
163.0,Prithvi_Class,MIDCOURSE,407930.4374,407.9304,178874.3587,178.8744,2148.5674,7734.8425,2148.5674,1138.1178,1822.3692,-0.0,-9.8066,9.8066,inf,2.0,0.0,0.0,0.0,0.0,0.0,2000.0,4616341739.62,4616.3417
163.5,Prithvi_Class,MIDCOURSE,408839.1704,408.8392,179443.4176,179.4434,2144.41,7719.8762,2144.41,1138.1178,1817.4659,-0.0,-9.8066,9.8066,inf,2.0,0.0,0.0,0.0,0.0,0.0,2000.0,4598494445.01,4598.4944
164.0,Prithvi_Class,MIDCOURSE,409745.4517,409.7455,180012.4766,180.0125,2140.2559,7704.9212,2140.2559,1138.1178,1812.5626,-0.0,-9.8066,9.8066,inf,2.0,0.0,0.0,0.0,0.0,0.0,2000.0,4580695235.6,4580.6952
164.5,Prithvi_Class,MIDCOURSE,410649.2813,410.6493,180581.5355,180.5815,2136.1049,7689.9776,2136.1049,1138.1178,1807.6593,-0.0,-9.8066,9.8066,inf,2.0,0.0,0.0,0.0,0.0,0.0,2000.0,4562944111.37,4562.9441
165.0,Prithvi_Class,MIDCOURSE,411550.6593,411.5507,181150.5944,181.1506,2131.9571,7675.0456,2131.9571,1138.1178,1802.7559,-0.0,-9.8066,9.8066,inf,2.0,0.0,0.0,0.0,0.0,0.0,2000.0,4545241072.34,4545.2411
165.5,Prithvi_Class,MIDCOURSE,412449.5856,412.4496,181719.6533,181.7197,2127.8125,7660.1251,2127.8125,1138.1178,1797.8526,-0.0,-9.8066,9.8066,inf,2.0,0.0,0.0,0.0,0.0,0.0,2000.0,4527586118.5,4527.5861
166.0,Prithvi_Class,MIDCOURSE,413346.0602,413.3461,182288.7122,182.2887,2123.6712,7645.2162,2123.6712,1138.1178,1792.9493,-0.0,-9.8066,9.8066,inf,2.0,0.0,0.0,0.0,0.0,0.0,2000.0,4509979249.85,4509.9792
166.5,Prithvi_Class,MIDCOURSE,414240.0832,414.2401,182857.7711,182.8578,2119.5331,7630.3191,2119.5331,1138.1178,1788.046,-0.0,-9.8066,9.8066,inf,2.0,0.0,0.0,0.0,0.0,0.0,2000.0,4492420466.39,4492.4205
167.0,Prithvi_Class,MIDCOURSE,415131.6545,415.1317,183426.83,183.4268,2115.3983,7615.4337,2115.3983,1138.1178,1783.1426,-0.0,-9.8066,9.8066,inf,2.0,0.0,0.0,0.0,0.0,0.0,2000.0,4474909768.13,4474.9098
167.5,Prithvi_Class,MIDCOURSE,416020.7741,416.0208,183995.8889,183.9959,2111.2667,7600.5602,2111.2667,1138.1178,1778.2393,-0.0,-9.8066,9.8066,inf,2.0,0.0,0.0,0.0,0.0,0.0,2000.0,4457447155.05,4457.4472
168.0,Prithvi_Class,MIDCOURSE,416907.4421,416.9074,184564.9478,184.5649,2107.1385,7585.6986,2107.1385,1138.1178,1773.336,-0.0,-9.8066,9.8066,inf,2.0,0.0,0.0,0.0,0.0,0.0,2000.0,4440032627.17,4440.0326
168.5,Prithvi_Class,MIDCOURSE,417791.6585,417.7917,185134.0067,185.134,2103.0136,7570.8489,2103.0136,1138.1178,1768.4327,-0.0,-9.8066,9.8066,inf,2.0,0.0,0.0,0.0,0.0,0.0,2000.0,4422666184.48,4422.6662
169.0,Prithvi_Class,MIDCOURSE,418673.4231,418.6734,185703.0656,185.7031,2098.892,7556.0114,2098.892,1138.1178,1763.5293,-0.0,-9.8066,9.8066,inf,2.0,0.0,0.0,0.0,0.0,0.0,2000.0,4405347826.99,4405.3478
169.5,Prithvi_Class,MIDCOURSE,419552.7361,419.5527,186272.1245,186.2721,2094.7739,7541.1859,2094.7739,1138.1178,1758.626,-0.0,-9.8066,9.8066,inf,2.0,0.0,0.0,0.0,0.0,0.0,2000.0,4388077554.68,4388.0776
170.0,Prithvi_Class,MIDCOURSE,420429.5975,420.4296,186841.1834,186.8412,2090.6591,7526.3727,2090.6591,1138.1178,1753.7227,-0.0,-9.8066,9.8066,inf,2.0,0.0,0.0,0.0,0.0,0.0,2000.0,4370855367.57,4370.8554
170.5,Prithvi_Class,MIDCOURSE,421304.0071,421.304,187410.2423,187.4102,2086.5477,7511.5717,2086.5477,1138.1178,1748.8194,-0.0,-9.8066,9.8066,inf,2.0,0.0,0.0,0.0,0.0,0.0,2000.0,4353681265.65,4353.6813
171.0,Prithvi_Class,MIDCOURSE,422175.9652,422.176,187979.3012,187.9793,2082.4397,7496.783,2082.4397,1138.1178,1743.916,-0.0,-9.8066,9.8066,inf,2.0,0.0,0.0,0.0,0.0,0.0,2000.0,4336555248.92,4336.5552
171.5,Prithvi_Class,MIDCOURSE,423045.4715,423.0455,188548.3601,188.5484,2078.3352,7482.0068,2078.3352,1138.1178,1739.0127,-0.0,-9.8066,9.8066,inf,2.0,0.0,0.0,0.0,0.0,0.0,2000.0,4319477317.39,4319.4773
172.0,Prithvi_Class,MIDCOURSE,423912.5262,423.9125,189117.419,189.1174,2074.2342,7467.2431,2074.2342,1138.1178,1734.1094,-0.0,-9.8066,9.8066,inf,2.0,0.0,0.0,0.0,0.0,0.0,2000.0,4302447471.05,4302.4475
172.5,Prithvi_Class,MIDCOURSE,424777.1292,424.7771,189686.4779,189.6865,2070.1366,7452.4919,2070.1366,1138.1178,1729.2061,-0.0,-9.8066,9.8066,inf,2.0,0.0,0.0,0.0,0.0,0.0,2000.0,4285465709.89,4285.4657
173.0,Prithvi_Class,MIDCOURSE,425639.2806,425.6393,190255.5368,190.2555,2066.0426,7437.7534,2066.0426,1138.1178,1724.3027,-0.0,-9.8066,9.8066,inf,2.0,0.0,0.0,0.0,0.0,0.0,2000.0,4268532033.93,4268.532
173.5,Prithvi_Class,MIDCOURSE,426498.9803,426.499,190824.5957,190.8246,2061.9521,7423.0275,2061.9521,1138.1178,1719.3994,-0.0,-9.8066,9.8066,inf,2.0,0.0,0.0,0.0,0.0,0.0,2000.0,4251646443.17,4251.6464
174.0,Prithvi_Class,MIDCOURSE,427356.2283,427.3562,191393.6546,191.3937,2057.8651,7408.3145,2057.8651,1138.1178,1714.4961,-0.0,-9.8066,9.8066,inf,2.0,0.0,0.0,0.0,0.0,0.0,2000.0,4234808937.59,4234.8089
174.5,Prithvi_Class,MIDCOURSE,428211.0247,428.211,191962.7135,191.9627,2053.7818,7393.6143,2053.7818,1138.1178,1709.5928,-0.0,-9.8066,9.8066,inf,2.0,0.0,0.0,0.0,0.0,0.0,2000.0,4218019517.21,4218.0195
175.0,Prithvi_Class,MIDCOURSE,429063.3694,429.0634,192531.7724,192.5318,2049.702,7378.9271,2049.702,1138.1178,1704.6894,-0.0,-9.8066,9.8066,inf,2.0,0.0,0.0,0.0,0.0,0.0,2000.0,4201278182.02,4201.2782
175.5,Prithvi_Class,MIDCOURSE,429913.2625,429.9133,193100.8313,193.1008,2045.6258,7364.2529,2045.6258,1138.1178,1699.7861,-0.0,-9.8066,9.8066,inf,2.0,0.0,0.0,0.0,0.0,0.0,2000.0,4184584932.02,4184.5849
176.0,Prithvi_Class,MIDCOURSE,430760.7039,430.7607,193669.8902,193.6699,2041.5533,7349.5918,2041.5533,1138.1178,1694.8828,-0.0,-9.8066,9.8066,inf,2.0,0.0,0.0,0.0,0.0,0.0,2000.0,4167939767.21,4167.9398
176.5,Prithvi_Class,MIDCOURSE,431605.6936,431.6057,194238.9491,194.2389,2037.4844,7334.9438,2037.4844,1138.1178,1689.9795,-0.0,-9.8066,9.8066,inf,2.0,0.0,0.0,0.0,0.0,0.0,2000.0,4151342687.6,4151.3427
177.0,Prithvi_Class,MIDCOURSE,432448.2317,432.4482,194808.008,194.808,2033.4192,7320.3092,2033.4192,1138.1178,1685.0761,-0.0,-9.8066,9.8066,inf,2.0,0.0,0.0,0.0,0.0,0.0,2000.0,4134793693.18,4134.7937
177.5,Prithvi_Class,MIDCOURSE,433288.3181,433.2883,195377.0669,195.3771,2029.3577,7305.6878,2029.3577,1138.1178,1680.1728,-0.0,-9.8066,9.8066,inf,2.0,0.0,0.0,0.0,0.0,0.0,2000.0,4118292783.95,4118.2928
178.0,Prithvi_Class,MIDCOURSE,434125.9528,434.126,195946.1258,195.9461,2025.3,7291.0799,2025.3,1138.1178,1675.2695,-0.0,-9.8066,9.8066,inf,2.0,0.0,0.0,0.0,0.0,0.0,2000.0,4101839959.91,4101.84
178.5,Prithvi_Class,MIDCOURSE,434961.1359,434.9611,196515.1847,196.5152,2021.246,7276.4854,2021.246,1138.1178,1670.3662,-0.0,-9.8066,9.8066,inf,2.0,0.0,0.0,0.0,0.0,0.0,2000.0,4085435221.06,4085.4352
179.0,Prithvi_Class,MIDCOURSE,435793.8673,435.7939,197084.2436,197.0842,2017.1957,7261.9046,2017.1957,1138.1178,1665.4628,-0.0,-9.8066,9.8066,inf,2.0,0.0,0.0,0.0,0.0,0.0,2000.0,4069078567.41,4069.0786
179.5,Prithvi_Class,MIDCOURSE,436624.1471,436.6241,197653.3025,197.6533,2013.1493,7247.3374,2013.1493,1138.1178,1660.5595,-0.0,-9.8066,9.8066,inf,2.0,0.0,0.0,0.0,0.0,0.0,2000.0,4052769998.95,4052.77
180.0,Prithvi_Class,MIDCOURSE,437451.9751,437.452,198222.3614,198.2224,2009.1066,7232.7839,2009.1066,1138.1178,1655.6562,-0.0,-9.8066,9.8066,inf,2.0,0.0,0.0,0.0,0.0,0.0,2000.0,4036509515.68,4036.5095
180.5,Prithvi_Class,MIDCOURSE,438277.3516,438.2774,198791.4203,198.7914,2005.0679,7218.2443,2005.0679,1138.1178,1650.7529,-0.0,-9.8066,9.8066,inf,2.0,0.0,0.0,0.0,0.0,0.0,2000.0,4020297117.6,4020.2971
181.0,Prithvi_Class,MIDCOURSE,439100.2763,439.1003,199360.4792,199.3605,2001.0329,7203.7186,2001.0329,1138.1178,1645.8495,-0.0,-9.8066,9.8066,inf,2.0,0.0,0.0,0.0,0.0,0.0,2000.0,4004132804.71,4004.1328
181.5,Prithvi_Class,MIDCOURSE,439920.7494,439.9207,199929.5381,199.9295,1997.0019,7189.2068,1997.0019,1138.1178,1640.9462,-0.0,-9.8066,9.8066,inf,2.0,0.0,0.0,0.0,0.0,0.0,2000.0,3988016577.02,3988.0166
182.0,Prithvi_Class,MIDCOURSE,440738.7709,440.7388,200498.597,200.4986,1992.9748,7174.7092,1992.9748,1138.1178,1636.0429,-0.0,-9.8066,9.8066,inf,2.0,0.0,0.0,0.0,0.0,0.0,2000.0,3971948434.52,3971.9484
182.5,Prithvi_Class,MIDCOURSE,441554.3407,441.5543,201067.6559,201.0677,1988.9516,7160.2257,1988.9516,1138.1178,1631.1396,-0.0,-9.8066,9.8066,inf,2.0,0.0,0.0,0.0,0.0,0.0,2000.0,3955928377.21,3955.9284
183.0,Prithvi_Class,MIDCOURSE,442367.4588,442.3675,201636.7148,201.6367,1984.9323,7145.7564,1984.9323,1138.1178,1626.2362,-0.0,-9.8066,9.8066,inf,2.0,0.0,0.0,0.0,0.0,0.0,2000.0,3939956405.09,3939.9564
183.5,Prithvi_Class,MIDCOURSE,443178.1252,443.1781,202205.7737,202.2058,1980.9171,7131.3015,1980.9171,1138.1178,1621.3329,-0.0,-9.8066,9.8066,inf,2.0,0.0,0.0,0.0,0.0,0.0,2000.0,3924032518.17,3924.0325
184.0,Prithvi_Class,MIDCOURSE,443986.34,443.9863,202774.8326,202.7748,1976.9058,7116.861,1976.9058,1138.1178,1616.4296,-0.0,-9.8066,9.8066,inf,2.0,0.0,0.0,0.0,0.0,0.0,2000.0,3908156716.43,3908.1567
184.5,Prithvi_Class,MIDCOURSE,444792.1031,444.7921,203343.8915,203.3439,1972.8986,7102.4351,1972.8986,1138.1178,1611.5263,-0.0,-9.8066,9.8066,inf,2.0,0.0,0.0,0.0,0.0,0.0,2000.0,3892328999.89,3892.329
185.0,Prithvi_Class,MIDCOURSE,445595.4146,445.5954,203912.9504,203.913,1968.8955,7088.0237,1968.8955,1138.1178,1606.6229,-0.0,-9.8066,9.8066,inf,2.0,0.0,0.0,0.0,0.0,0.0,2000.0,3876549368.54,3876.5494
185.5,Prithvi_Class,MIDCOURSE,446396.2744,446.3963,204482.0093,204.482,1964.8964,7073.627,1964.8964,1138.1178,1601.7196,-0.0,-9.8066,9.8066,inf,2.0,0.0,0.0,0.0,0.0,0.0,2000.0,3860817822.39,3860.8178
186.0,Prithvi_Class,MIDCOURSE,447194.6825,447.1947,205051.0682,205.0511,1960.9014,7059.2451,1960.9014,1138.1178,1596.8163,-0.0,-9.8066,9.8066,inf,2.0,0.0,0.0,0.0,0.0,0.0,2000.0,3845134361.42,3845.1344
186.5,Prithvi_Class,MIDCOURSE,447990.639,447.9906,205620.1271,205.6201,1956.9106,7044.8781,1956.9106,1138.1178,1591.913,-0.0,-9.8066,9.8066,inf,2.0,0.0,0.0,0.0,0.0,0.0,2000.0,3829498985.65,3829.499
187.0,Prithvi_Class,MIDCOURSE,448784.1438,448.7841,206189.186,206.1892,1952.9239,7030.526,1952.9239,1138.1178,1587.0096,-0.0,-9.8066,9.8066,inf,2.0,0.0,0.0,0.0,0.0,0.0,2000.0,3813911695.07,3813.9117
187.5,Prithvi_Class,MIDCOURSE,449575.197,449.5752,206758.2449,206.7582,1948.9414,7016.189,1948.9414,1138.1178,1582.1063,-0.0,-9.8066,9.8066,inf,2.0,0.0,0.0,0.0,0.0,0.0,2000.0,3798372489.68,3798.3725
188.0,Prithvi_Class,MIDCOURSE,450363.7985,450.3638,207327.3038,207.3273,1944.9631,7001.8671,1944.9631,1138.1178,1577.203,-0.0,-9.8066,9.8066,inf,2.0,0.0,0.0,0.0,0.0,0.0,2000.0,3782881369.49,3782.8814
188.5,Prithvi_Class,MIDCOURSE,451149.9483,451.1499,207896.3627,207.8964,1940.989,6987.5604,1940.989,1138.1178,1572.2997,-0.0,-9.8066,9.8066,inf,2.0,0.0,0.0,0.0,0.0,0.0,2000.0,3767438334.48,3767.4383
189.0,Prithvi_Class,MIDCOURSE,451933.6465,451.9336,208465.4216,208.4654,1937.0192,6973.2691,1937.0192,1138.1178,1567.3963,-0.0,-9.8066,9.8066,inf,2.0,0.0,0.0,0.0,0.0,0.0,2000.0,3752043384.67,3752.0434
189.5,Prithvi_Class,MIDCOURSE,452714.893,452.7149,209034.4805,209.0345,1933.0537,6958.9932,1933.0537,1138.1178,1562.493,-0.0,-9.8066,9.8066,inf,2.0,0.0,0.0,0.0,0.0,0.0,2000.0,3736696520.05,3736.6965
190.0,Prithvi_Class,MIDCOURSE,453493.6878,453.4937,209603.5394,209.6035,1929.0925,6944.7329,1929.0925,1138.1178,1557.5897,-0.0,-9.8066,9.8066,inf,2.0,0.0,0.0,0.0,0.0,0.0,2000.0,3721397740.62,3721.3977
190.5,Prithvi_Class,MIDCOURSE,454270.031,454.27,210172.5983,210.1726,1925.1356,6930.4881,1925.1356,1138.1178,1552.6864,-0.0,-9.8066,9.8066,inf,2.0,0.0,0.0,0.0,0.0,0.0,2000.0,3706147046.39,3706.147
191.0,Prithvi_Class,MIDCOURSE,455043.9225,455.0439,210741.6572,210.7417,1921.1831,6916.2591,1921.1831,1138.1178,1547.783,-0.0,-9.8066,9.8066,inf,2.0,0.0,0.0,0.0,0.0,0.0,2000.0,3690944437.35,3690.9444
191.5,Prithvi_Class,MIDCOURSE,455815.3624,455.8154,211310.7161,211.3107,1917.235,6902.0459,1917.235,1138.1178,1542.8797,-0.0,-9.8066,9.8066,inf,2.0,0.0,0.0,0.0,0.0,0.0,2000.0,3675789913.49,3675.7899
192.0,Prithvi_Class,MIDCOURSE,456584.3505,456.5844,211879.775,211.8798,1913.2913,6887.8486,1913.2913,1138.1178,1537.9764,-0.0,-9.8066,9.8066,inf,2.0,0.0,0.0,0.0,0.0,0.0,2000.0,3660683474.84,3660.6835
192.5,Prithvi_Class,MIDCOURSE,457350.8871,457.3509,212448.8339,212.4488,1909.352,6873.6673,1909.352,1138.1178,1533.0731,-0.0,-9.8066,9.8066,inf,2.0,0.0,0.0,0.0,0.0,0.0,2000.0,3645625121.37,3645.6251
193.0,Prithvi_Class,MIDCOURSE,458114.9719,458.115,213017.8928,213.0179,1905.4172,6859.5021,1905.4172,1138.1178,1528.1697,-0.0,-9.8066,9.8066,inf,2.0,0.0,0.0,0.0,0.0,0.0,2000.0,3630614853.09,3630.6149
193.5,Prithvi_Class,MIDCOURSE,458876.6051,458.8766,213586.9517,213.587,1901.487,6845.3531,1901.487,1138.1178,1523.2664,-0.0,-9.8066,9.8066,inf,2.0,0.0,0.0,0.0,0.0,0.0,2000.0,3615652670.01,3615.6527
194.0,Prithvi_Class,MIDCOURSE,459635.7867,459.6358,214156.0106,214.156,1897.5612,6831.2204,1897.5612,1138.1178,1518.3631,-0.0,-9.8066,9.8066,inf,2.0,0.0,0.0,0.0,0.0,0.0,2000.0,3600738572.12,3600.7386
194.5,Prithvi_Class,MIDCOURSE,460392.5166,460.3925,214725.0695,214.7251,1893.64,6817.1041,1893.64,1138.1178,1513.4598,-0.0,-9.8066,9.8066,inf,2.0,0.0,0.0,0.0,0.0,0.0,2000.0,3585872559.42,3585.8726
195.0,Prithvi_Class,MIDCOURSE,461146.7948,461.1468,215294.1284,215.2941,1889.7234,6803.0043,1889.7234,1138.1178,1508.5564,-0.0,-9.8066,9.8066,inf,2.0,0.0,0.0,0.0,0.0,0.0,2000.0,3571054631.91,3571.0546
195.5,Prithvi_Class,MIDCOURSE,461898.6213,461.8986,215863.1873,215.8632,1885.8114,6788.9212,1885.8114,1138.1178,1503.6531,-0.0,-9.8066,9.8066,inf,2.0,0.0,0.0,0.0,0.0,0.0,2000.0,3556284789.6,3556.2848
196.0,Prithvi_Class,MIDCOURSE,462647.9962,462.648,216432.2462,216.4322,1881.9041,6774.8548,1881.9041,1138.1178,1498.7498,-0.0,-9.8066,9.8066,inf,2.0,0.0,0.0,0.0,0.0,0.0,2000.0,3541563032.48,3541.563
196.5,Prithvi_Class,MIDCOURSE,463394.9194,463.3949,217001.3051,217.0013,1878.0014,6760.8051,1878.0014,1138.1178,1493.8465,-0.0,-9.8066,9.8066,inf,2.0,0.0,0.0,0.0,0.0,0.0,2000.0,3526889360.55,3526.8894
197.0,Prithvi_Class,MIDCOURSE,464139.391,464.1394,217570.364,217.5704,1874.1035,6746.7725,1874.1035,1138.1178,1488.9431,-0.0,-9.8066,9.8066,inf,2.0,0.0,0.0,0.0,0.0,0.0,2000.0,3512263773.81,3512.2638
197.5,Prithvi_Class,MIDCOURSE,464881.4109,464.8814,218139.4229,218.1394,1870.2102,6732.7568,1870.2102,1138.1178,1484.0398,-0.0,-9.8066,9.8066,inf,2.0,0.0,0.0,0.0,0.0,0.0,2000.0,3497686272.26,3497.6863
198.0,Prithvi_Class,MIDCOURSE,465620.9792,465.621,218708.4818,218.7085,1866.3217,6718.7583,1866.3217,1138.1178,1479.1365,-0.0,-9.8066,9.8066,inf,2.0,0.0,0.0,0.0,0.0,0.0,2000.0,3483156855.91,3483.1569
198.5,Prithvi_Class,MIDCOURSE,466358.0957,466.3581,219277.5407,219.2775,1862.4381,6704.777,1862.4381,1138.1178,1474.2332,-0.0,-9.8066,9.8066,inf,2.0,0.0,0.0,0.0,0.0,0.0,2000.0,3468675524.75,3468.6755
199.0,Prithvi_Class,MIDCOURSE,467092.7606,467.0928,219846.5996,219.8466,1858.5592,6690.8131,1858.5592,1138.1178,1469.3298,-0.0,-9.8066,9.8066,inf,2.0,0.0,0.0,0.0,0.0,0.0,2000.0,3454242278.78,3454.2423
199.5,Prithvi_Class,MIDCOURSE,467824.9739,467.825,220415.6585,220.4157,1854.6852,6676.8666,1854.6852,1138.1178,1464.4265,-0.0,-9.8066,9.8066,inf,2.0,0.0,0.0,0.0,0.0,0.0,2000.0,3439857118.0,3439.8571
200.0,Prithvi_Class,MIDCOURSE,468554.7355,468.5547,220984.7174,220.9847,1850.816,6662.9378,1850.816,1138.1178,1459.5232,-0.0,-9.8066,9.8066,inf,2.0,0.0,0.0,0.0,0.0,0.0,2000.0,3425520042.42,3425.52
200.5,Prithvi_Class,MIDCOURSE,469282.0454,469.282,221553.7763,221.5538,1846.9518,6649.0266,1846.9518,1138.1178,1454.6199,-0.0,-9.8066,9.8066,inf,2.0,0.0,0.0,0.0,0.0,0.0,2000.0,3411231052.02,3411.2311
201.0,Prithvi_Class,MIDCOURSE,470006.9037,470.0069,222122.8352,222.1228,1843.0925,6635.1332,1843.0925,1138.1178,1449.7165,-0.0,-9.8066,9.8066,inf,2.0,0.0,0.0,0.0,0.0,0.0,2000.0,3396990146.82,3396.9901
201.5,Prithvi_Class,MIDCOURSE,470729.3103,470.7293,222691.8941,222.6919,1839.2382,6621.2577,1839.2382,1138.1178,1444.8132,-0.0,-9.8066,9.8066,inf,2.0,0.0,0.0,0.0,0.0,0.0,2000.0,3382797326.81,3382.7973
202.0,Prithvi_Class,MIDCOURSE,471449.2652,471.4493,223260.953,223.261,1835.3889,6607.4002,1835.3889,1138.1178,1439.9099,-0.0,-9.8066,9.8066,inf,2.0,0.0,0.0,0.0,0.0,0.0,2000.0,3368652592.0,3368.6526
202.5,Prithvi_Class,MIDCOURSE,472166.7685,472.1668,223830.0119,223.83,1831.5447,6593.5609,1831.5447,1138.1178,1435.0066,-0.0,-9.8066,9.8066,inf,2.0,0.0,0.0,0.0,0.0,0.0,2000.0,3354555942.37,3354.5559
203.0,Prithvi_Class,MIDCOURSE,472881.8201,472.8818,224399.0708,224.3991,1827.7055,6579.7398,1827.7055,1138.1178,1430.1032,-0.0,-9.8066,9.8066,inf,2.0,0.0,0.0,0.0,0.0,0.0,2000.0,3340507377.94,3340.5074
203.5,Prithvi_Class,MIDCOURSE,473594.4201,473.5944,224968.1297,224.9681,1823.8714,6565.9371,1823.8714,1138.1178,1425.1999,-0.0,-9.8066,9.8066,inf,2.0,0.0,0.0,0.0,0.0,0.0,2000.0,3326506898.7,3326.5069
204.0,Prithvi_Class,MIDCOURSE,474304.5684,474.3046,225537.1886,225.5372,1820.0424,6552.1528,1820.0424,1138.1178,1420.2966,-0.0,-9.8066,9.8066,inf,2.0,0.0,0.0,0.0,0.0,0.0,2000.0,3312554504.65,3312.5545
204.5,Prithvi_Class,MIDCOURSE,475012.265,475.0123,226106.2475,226.1062,1816.2187,6538.3872,1816.2187,1138.1178,1415.3933,-0.0,-9.8066,9.8066,inf,2.0,0.0,0.0,0.0,0.0,0.0,2000.0,3298650195.79,3298.6502
205.0,Prithvi_Class,MIDCOURSE,475717.5099,475.7175,226675.3064,226.6753,1812.4001,6524.6402,1812.4001,1138.1178,1410.4899,-0.0,-9.8066,9.8066,inf,2.0,0.0,0.0,0.0,0.0,0.0,2000.0,3284793972.13,3284.794
205.5,Prithvi_Class,MIDCOURSE,476420.3032,476.4203,227244.3653,227.2444,1808.5867,6510.9121,1808.5867,1138.1178,1405.5866,-0.0,-9.8066,9.8066,inf,2.0,0.0,0.0,0.0,0.0,0.0,2000.0,3270985833.66,3270.9858
206.0,Prithvi_Class,MIDCOURSE,477120.6449,477.1206,227813.4242,227.8134,1804.7786,6497.2029,1804.7786,1138.1178,1400.6833,-0.0,-9.8066,9.8066,inf,2.0,0.0,0.0,0.0,0.0,0.0,2000.0,3257225780.38,3257.2258
206.5,Prithvi_Class,MIDCOURSE,477818.5349,477.8185,228382.4831,228.3825,1800.9758,6483.5129,1800.9758,1138.1178,1395.78,-0.0,-9.8066,9.8066,inf,2.0,0.0,0.0,0.0,0.0,0.0,2000.0,3243513812.29,3243.5138
207.0,Prithvi_Class,MIDCOURSE,478513.9732,478.514,228951.542,228.9515,1797.1783,6469.842,1797.1783,1138.1178,1390.8766,-0.0,-9.8066,9.8066,inf,2.0,0.0,0.0,0.0,0.0,0.0,2000.0,3229849929.39,3229.8499
207.5,Prithvi_Class,MIDCOURSE,479206.9598,479.207,229520.6009,229.5206,1793.3862,6456.1904,1793.3862,1138.1178,1385.9733,-0.0,-9.8066,9.8066,inf,2.0,0.0,0.0,0.0,0.0,0.0,2000.0,3216234131.69,3216.2341
208.0,Prithvi_Class,MIDCOURSE,479897.4948,479.8975,230089.6598,230.0897,1789.5995,6442.5582,1789.5995,1138.1178,1381.07,-0.0,-9.8066,9.8066,inf,2.0,0.0,0.0,0.0,0.0,0.0,2000.0,3202666419.18,3202.6664
208.5,Prithvi_Class,MIDCOURSE,480585.5781,480.5856,230658.7187,230.6587,1785.8182,6428.9457,1785.8182,1138.1178,1376.1667,-0.0,-9.8066,9.8066,inf,2.0,0.0,0.0,0.0,0.0,0.0,2000.0,3189146791.86,3189.1468
209.0,Prithvi_Class,MIDCOURSE,481271.2098,481.2712,231227.7776,231.2278,1782.0424,6415.3528,1782.0424,1138.1178,1371.2633,-0.0,-9.8066,9.8066,inf,2.0,0.0,0.0,0.0,0.0,0.0,2000.0,3175675249.73,3175.6752
209.5,Prithvi_Class,MIDCOURSE,481954.3898,481.9544,231796.8365,231.7968,1778.2721,6401.7797,1778.2721,1138.1178,1366.36,-0.0,-9.8066,9.8066,inf,2.0,0.0,0.0,0.0,0.0,0.0,2000.0,3162251792.8,3162.2518
210.0,Prithvi_Class,MIDCOURSE,482635.1182,482.6351,232365.8954,232.3659,1774.5074,6388.2265,1774.5074,1138.1178,1361.4567,-0.0,-9.8066,9.8066,inf,2.0,0.0,0.0,0.0,0.0,0.0,2000.0,3148876421.05,3148.8764
210.5,Prithvi_Class,MIDCOURSE,483313.3948,483.3134,232934.9543,232.935,1770.7482,6374.6935,1770.7482,1138.1178,1356.5534,-0.0,-9.8066,9.8066,inf,2.0,0.0,0.0,0.0,0.0,0.0,2000.0,3135549134.5,3135.5491
211.0,Prithvi_Class,MIDCOURSE,483989.2198,483.9892,233504.0132,233.504,1766.9946,6361.1806,1766.9946,1138.1178,1351.65,-0.0,-9.8066,9.8066,inf,2.0,0.0,0.0,0.0,0.0,0.0,2000.0,3122269933.14,3122.2699
211.5,Prithvi_Class,MIDCOURSE,484662.5932,484.6626,234073.0721,234.0731,1763.2467,6347.688,1763.2467,1138.1178,1346.7467,-0.0,-9.8066,9.8066,inf,2.0,0.0,0.0,0.0,0.0,0.0,2000.0,3109038816.98,3109.0388
212.0,Prithvi_Class,MIDCOURSE,485333.5149,485.3335,234642.131,234.6421,1759.5044,6334.2159,1759.5044,1138.1178,1341.8434,-0.0,-9.8066,9.8066,inf,2.0,0.0,0.0,0.0,0.0,0.0,2000.0,3095855786.0,3095.8558
212.5,Prithvi_Class,MIDCOURSE,486001.9849,486.002,235211.1899,235.2112,1755.7679,6320.7644,1755.7679,1138.1178,1336.9401,-0.0,-9.8066,9.8066,inf,2.0,0.0,0.0,0.0,0.0,0.0,2000.0,3082720840.22,3082.7208
213.0,Prithvi_Class,MIDCOURSE,486668.0033,486.668,235780.2488,235.7802,1752.0371,6307.3335,1752.0371,1138.1178,1332.0367,-0.0,-9.8066,9.8066,inf,2.0,0.0,0.0,0.0,0.0,0.0,2000.0,3069633979.63,3069.634
213.5,Prithvi_Class,MIDCOURSE,487331.57,487.3316,236349.3077,236.3493,1748.3121,6293.9236,1748.3121,1138.1178,1327.1334,-0.0,-9.8066,9.8066,inf,2.0,0.0,0.0,0.0,0.0,0.0,2000.0,3056595204.23,3056.5952
214.0,Prithvi_Class,MIDCOURSE,487992.685,487.9927,236918.3666,236.9184,1744.5929,6280.5346,1744.5929,1138.1178,1322.2301,-0.0,-9.8066,9.8066,inf,2.0,0.0,0.0,0.0,0.0,0.0,2000.0,3043604514.03,3043.6045
214.5,Prithvi_Class,MIDCOURSE,488651.3484,488.6513,237487.4255,237.4874,1740.8796,6267.1667,1740.8796,1138.1178,1317.3268,-0.0,-9.8066,9.8066,inf,2.0,0.0,0.0,0.0,0.0,0.0,2000.0,3030661909.01,3030.6619
215.0,Prithvi_Class,MIDCOURSE,489307.5601,489.3076,238056.4844,238.0565,1737.1722,6253.8201,1737.1722,1138.1178,1312.4234,-0.0,-9.8066,9.8066,inf,2.0,0.0,0.0,0.0,0.0,0.0,2000.0,3017767389.19,3017.7674
215.5,Prithvi_Class,MIDCOURSE,489961.3202,489.9613,238625.5433,238.6255,1733.4708,6240.4948,1733.4708,1138.1178,1307.5201,-0.0,-9.8066,9.8066,inf,2.0,0.0,0.0,0.0,0.0,0.0,2000.0,3004920954.56,3004.921
216.0,Prithvi_Class,MIDCOURSE,490612.6286,490.6126,239194.6022,239.1946,1729.7753,6227.1911,1729.7753,1138.1178,1302.6168,-0.0,-9.8066,9.8066,inf,2.0,0.0,0.0,0.0,0.0,0.0,2000.0,2992122605.12,2992.1226
216.5,Prithvi_Class,MIDCOURSE,491261.4853,491.2615,239763.6611,239.7637,1726.0858,6213.909,1726.0858,1138.1178,1297.7135,-0.0,-9.8066,9.8066,inf,2.0,0.0,0.0,0.0,0.0,0.0,2000.0,2979372340.88,2979.3723
217.0,Prithvi_Class,MIDCOURSE,491907.8904,491.9079,240332.72,240.3327,1722.4024,6200.6488,1722.4024,1138.1178,1292.8101,-0.0,-9.8066,9.8066,inf,2.0,0.0,0.0,0.0,0.0,0.0,2000.0,2966670161.82,2966.6702
217.5,Prithvi_Class,MIDCOURSE,492551.8438,492.5518,240901.7789,240.9018,1718.7251,6187.4105,1718.7251,1138.1178,1287.9068,-0.0,-9.8066,9.8066,inf,2.0,0.0,0.0,0.0,0.0,0.0,2000.0,2954016067.96,2954.0161
218.0,Prithvi_Class,MIDCOURSE,493193.3455,493.1933,241470.8378,241.4708,1715.054,6174.1942,1715.054,1138.1178,1283.0035,-0.0,-9.8066,9.8066,inf,2.0,0.0,0.0,0.0,0.0,0.0,2000.0,2941410059.29,2941.4101
218.5,Prithvi_Class,MIDCOURSE,493832.3956,493.8324,242039.8967,242.0399,1711.3889,6161.0002,1711.3889,1138.1178,1278.1002,-0.0,-9.8066,9.8066,inf,2.0,0.0,0.0,0.0,0.0,0.0,2000.0,2928852135.81,2928.8521
219.0,Prithvi_Class,MIDCOURSE,494468.994,494.469,242608.9556,242.609,1707.7302,6147.8286,1707.7302,1138.1178,1273.1968,-0.0,-9.8066,9.8066,inf,2.0,0.0,0.0,0.0,0.0,0.0,2000.0,2916342297.53,2916.3423
219.5,Prithvi_Class,MIDCOURSE,495103.1407,495.1031,243178.0145,243.178,1704.0776,6134.6794,1704.0776,1138.1178,1268.2935,-0.0,-9.8066,9.8066,inf,2.0,0.0,0.0,0.0,0.0,0.0,2000.0,2903880544.44,2903.8805
220.0,Prithvi_Class,MIDCOURSE,495734.8358,495.7348,243747.0734,243.7471,1700.4314,6121.553,1700.4314,1138.1178,1263.3902,-0.0,-9.8066,9.8066,inf,2.0,0.0,0.0,0.0,0.0,0.0,2000.0,2891466876.54,2891.4669
220.5,Prithvi_Class,MIDCOURSE,496364.0793,496.3641,244316.1323,244.3161,1696.7915,6108.4493,1696.7915,1138.1178,1258.4869,-0.0,-9.8066,9.8066,inf,2.0,0.0,0.0,0.0,0.0,0.0,2000.0,2879101293.83,2879.1013
221.0,Prithvi_Class,MIDCOURSE,496990.871,496.9909,244885.1912,244.8852,1693.1579,6095.3686,1693.1579,1138.1178,1253.5835,-0.0,-9.8066,9.8066,inf,2.0,0.0,0.0,0.0,0.0,0.0,2000.0,2866783796.31,2866.7838
221.5,Prithvi_Class,MIDCOURSE,497615.2111,497.6152,245454.2501,245.4543,1689.5308,6082.3109,1689.5308,1138.1178,1248.6802,-0.0,-9.8066,9.8066,inf,2.0,0.0,0.0,0.0,0.0,0.0,2000.0,2854514383.99,2854.5144
222.0,Prithvi_Class,MIDCOURSE,498237.0996,498.2371,246023.3091,246.0233,1685.9102,6069.2766,1685.9102,1138.1178,1243.7769,-0.0,-9.8066,9.8066,inf,2.0,0.0,0.0,0.0,0.0,0.0,2000.0,2842293056.85,2842.2931
222.5,Prithvi_Class,MIDCOURSE,498856.5363,498.8565,246592.368,246.5924,1682.296,6056.2656,1682.296,1138.1178,1238.8736,-0.0,-9.8066,9.8066,inf,2.0,0.0,0.0,0.0,0.0,0.0,2000.0,2830119814.91,2830.1198
223.0,Prithvi_Class,MIDCOURSE,499473.5215,499.4735,247161.4269,247.1614,1678.6884,6043.2781,1678.6884,1138.1178,1233.9702,-0.0,-9.8066,9.8066,inf,2.0,0.0,0.0,0.0,0.0,0.0,2000.0,2817994658.16,2817.9947
223.5,Prithvi_Class,MIDCOURSE,500088.0549,500.0881,247730.4858,247.7305,1675.0873,6030.3144,1675.0873,1138.1178,1229.0669,-0.0,-9.8066,9.8066,inf,2.0,0.0,0.0,0.0,0.0,0.0,2000.0,2805917586.61,2805.9176
224.0,Prithvi_Class,MIDCOURSE,500700.1367,500.7001,248299.5447,248.2995,1671.4929,6017.3745,1671.4929,1138.1178,1224.1636,-0.0,-9.8066,9.8066,inf,2.0,0.0,0.0,0.0,0.0,0.0,2000.0,2793888600.24,2793.8886
224.5,Prithvi_Class,MIDCOURSE,501309.7668,501.3098,248868.6036,248.8686,1667.9052,6004.4587,1667.9052,1138.1178,1219.2603,-0.0,-9.8066,9.8066,inf,2.0,0.0,0.0,0.0,0.0,0.0,2000.0,2781907699.07,2781.9077
225.0,Prithvi_Class,MIDCOURSE,501916.9453,501.9169,249437.6625,249.4377,1664.3242,5991.5669,1664.3242,1138.1178,1214.3569,-0.0,-9.8066,9.8066,inf,2.0,0.0,0.0,0.0,0.0,0.0,2000.0,2769974883.09,2769.9749
225.5,Prithvi_Class,MIDCOURSE,502521.6721,502.5217,250006.7214,250.0067,1660.7499,5978.6996,1660.7499,1138.1178,1209.4536,-0.0,-9.8066,9.8066,inf,2.0,0.0,0.0,0.0,0.0,0.0,2000.0,2758090152.31,2758.0902
226.0,Prithvi_Class,MIDCOURSE,503123.9472,503.1239,250575.7803,250.5758,1657.1824,5965.8566,1657.1824,1138.1178,1204.5503,-0.0,-9.8066,9.8066,inf,2.0,0.0,0.0,0.0,0.0,0.0,2000.0,2746253506.71,2746.2535
226.5,Prithvi_Class,MIDCOURSE,503723.7707,503.7238,251144.8392,251.1448,1653.6218,5953.0384,1653.6218,1138.1178,1199.647,-0.0,-9.8066,9.8066,inf,2.0,0.0,0.0,0.0,0.0,0.0,2000.0,2734464946.31,2734.4649
227.0,Prithvi_Class,MIDCOURSE,504321.1425,504.3211,251713.8981,251.7139,1650.068,5940.2449,1650.068,1138.1178,1194.7436,-0.0,-9.8066,9.8066,inf,2.0,0.0,0.0,0.0,0.0,0.0,2000.0,2722724471.1,2722.7245
227.5,Prithvi_Class,MIDCOURSE,504916.0627,504.9161,252282.957,252.283,1646.5212,5927.4763,1646.5212,1138.1178,1189.8403,-0.0,-9.8066,9.8066,inf,2.0,0.0,0.0,0.0,0.0,0.0,2000.0,2711032081.08,2711.0321
228.0,Prithvi_Class,MIDCOURSE,505508.5312,505.5085,252852.0159,252.852,1642.9814,5914.7329,1642.9814,1138.1178,1184.937,-0.0,-9.8066,9.8066,inf,2.0,0.0,0.0,0.0,0.0,0.0,2000.0,2699387776.25,2699.3878
228.5,Prithvi_Class,MIDCOURSE,506098.548,506.0985,253421.0748,253.4211,1639.4486,5902.0148,1639.4486,1138.1178,1180.0337,-0.0,-9.8066,9.8066,inf,2.0,0.0,0.0,0.0,0.0,0.0,2000.0,2687791556.61,2687.7916
229.0,Prithvi_Class,MIDCOURSE,506686.1132,506.6861,253990.1337,253.9901,1635.9228,5889.3221,1635.9228,1138.1178,1175.1303,-0.0,-9.8066,9.8066,inf,2.0,0.0,0.0,0.0,0.0,0.0,2000.0,2676243422.17,2676.2434
229.5,Prithvi_Class,MIDCOURSE,507271.2267,507.2712,254559.1926,254.5592,1632.4042,5876.655,1632.4042,1138.1178,1170.227,-0.0,-9.8066,9.8066,inf,2.0,0.0,0.0,0.0,0.0,0.0,2000.0,2664743372.92,2664.7434
230.0,Prithvi_Class,MIDCOURSE,507853.8885,507.8539,255128.2515,255.1283,1628.8927,5864.0137,1628.8927,1138.1178,1165.3237,-0.0,-9.8066,9.8066,inf,2.0,0.0,0.0,0.0,0.0,0.0,2000.0,2653291408.86,2653.2914
230.5,Prithvi_Class,MIDCOURSE,508434.0987,508.4341,255697.3104,255.6973,1625.3884,5851.3983,1625.3884,1138.1178,1160.4204,-0.0,-9.8066,9.8066,inf,2.0,0.0,0.0,0.0,0.0,0.0,2000.0,2641887530.0,2641.8875
231.0,Prithvi_Class,MIDCOURSE,509011.8572,509.0119,256266.3693,256.2664,1621.8914,5838.8091,1621.8914,1138.1178,1155.517,-0.0,-9.8066,9.8066,inf,2.0,0.0,0.0,0.0,0.0,0.0,2000.0,2630531736.32,2630.5317
231.5,Prithvi_Class,MIDCOURSE,509587.164,509.5872,256835.4282,256.8354,1618.4017,5826.2461,1618.4017,1138.1178,1150.6137,-0.0,-9.8066,9.8066,inf,2.0,0.0,0.0,0.0,0.0,0.0,2000.0,2619224027.84,2619.224
232.0,Prithvi_Class,MIDCOURSE,510160.0192,510.16,257404.4871,257.4045,1614.9193,5813.7095,1614.9193,1138.1178,1145.7104,-0.0,-9.8066,9.8066,inf,2.0,0.0,0.0,0.0,0.0,0.0,2000.0,2607964404.55,2607.9644
232.5,Prithvi_Class,MIDCOURSE,510730.4228,510.7304,257973.546,257.9735,1611.4443,5801.1996,1611.4443,1138.1178,1140.8071,-0.0,-9.8066,9.8066,inf,2.0,0.0,0.0,0.0,0.0,0.0,2000.0,2596752866.45,2596.7529
233.0,Prithvi_Class,MIDCOURSE,511298.3746,511.2984,258542.6049,258.5426,1607.9768,5788.7165,1607.9768,1138.1178,1135.9037,-0.0,-9.8066,9.8066,inf,2.0,0.0,0.0,0.0,0.0,0.0,2000.0,2585589413.54,2585.5894
233.5,Prithvi_Class,MIDCOURSE,511863.8748,511.8639,259111.6638,259.1117,1604.5168,5776.2604,1604.5168,1138.1178,1131.0004,-0.0,-9.8066,9.8066,inf,2.0,0.0,0.0,0.0,0.0,0.0,2000.0,2574474045.83,2574.474
234.0,Prithvi_Class,MIDCOURSE,512426.9234,512.4269,259680.7227,259.6807,1601.0643,5763.8313,1601.0643,1138.1178,1126.0971,-0.0,-9.8066,9.8066,inf,2.0,0.0,0.0,0.0,0.0,0.0,2000.0,2563406763.31,2563.4068
234.5,Prithvi_Class,MIDCOURSE,512987.5202,512.9875,260249.7816,260.2498,1597.6193,5751.4296,1597.6193,1138.1178,1121.1938,-0.0,-9.8066,9.8066,inf,2.0,0.0,0.0,0.0,0.0,0.0,2000.0,2552387565.98,2552.3876
235.0,Prithvi_Class,MIDCOURSE,513545.6655,513.5457,260818.8405,260.8188,1594.1821,5739.0554,1594.1821,1138.1178,1116.2904,-0.0,-9.8066,9.8066,inf,2.0,0.0,0.0,0.0,0.0,0.0,2000.0,2541416453.84,2541.4165
235.5,Prithvi_Class,MIDCOURSE,514101.359,514.1014,261387.8994,261.3879,1590.7525,5726.7089,1590.7525,1138.1178,1111.3871,-0.0,-9.8066,9.8066,inf,2.0,0.0,0.0,0.0,0.0,0.0,2000.0,2530493426.9,2530.4934
236.0,Prithvi_Class,MIDCOURSE,514654.6009,514.6546,261956.9583,261.957,1587.3306,5714.3902,1587.3306,1138.1178,1106.4838,-0.0,-9.8066,9.8066,inf,2.0,0.0,0.0,0.0,0.0,0.0,2000.0,2519618485.14,2519.6185
236.5,Prithvi_Class,MIDCOURSE,515205.3911,515.2054,262526.0172,262.526,1583.9165,5702.0996,1583.9165,1138.1178,1101.5805,-0.0,-9.8066,9.8066,inf,2.0,0.0,0.0,0.0,0.0,0.0,2000.0,2508791628.58,2508.7916
237.0,Prithvi_Class,MIDCOURSE,515753.7297,515.7537,263095.0761,263.0951,1580.5103,5689.8371,1580.5103,1138.1178,1096.6771,-0.0,-9.8066,9.8066,inf,2.0,0.0,0.0,0.0,0.0,0.0,2000.0,2498012857.21,2498.0129
237.5,Prithvi_Class,MIDCOURSE,516299.6166,516.2996,263664.135,263.6641,1577.112,5677.6031,1577.112,1138.1178,1091.7738,-0.0,-9.8066,9.8066,inf,2.0,0.0,0.0,0.0,0.0,0.0,2000.0,2487282171.04,2487.2822
238.0,Prithvi_Class,MIDCOURSE,516843.0518,516.8431,264233.1939,264.2332,1573.7216,5665.3976,1573.7216,1138.1178,1086.8705,-0.0,-9.8066,9.8066,inf,2.0,0.0,0.0,0.0,0.0,0.0,2000.0,2476599570.05,2476.5996
238.5,Prithvi_Class,MIDCOURSE,517384.0354,517.384,264802.2528,264.8023,1570.3392,5653.2209,1570.3392,1138.1178,1081.9672,-0.0,-9.8066,9.8066,inf,2.0,0.0,0.0,0.0,0.0,0.0,2000.0,2465965054.26,2465.9651
239.0,Prithvi_Class,MIDCOURSE,517922.5673,517.9226,265371.3117,265.3713,1566.9648,5641.0732,1566.9648,1138.1178,1077.0638,-0.0,-9.8066,9.8066,inf,2.0,0.0,0.0,0.0,0.0,0.0,2000.0,2455378623.66,2455.3786
239.5,Prithvi_Class,MIDCOURSE,518458.6476,518.4586,265940.3706,265.9404,1563.5985,5628.9546,1563.5985,1138.1178,1072.1605,-0.0,-9.8066,9.8066,inf,2.0,0.0,0.0,0.0,0.0,0.0,2000.0,2444840278.25,2444.8403
240.0,Prithvi_Class,MIDCOURSE,518992.2762,518.9923,266509.4295,266.5094,1560.2404,5616.8653,1560.2404,1138.1178,1067.2572,-0.0,-9.8066,9.8066,inf,2.0,0.0,0.0,0.0,0.0,0.0,2000.0,2434350018.03,2434.35
240.5,Prithvi_Class,MIDCOURSE,519523.4531,519.5235,267078.4884,267.0785,1556.8904,5604.8056,1556.8904,1138.1178,1062.3539,-0.0,-9.8066,9.8066,inf,2.0,0.0,0.0,0.0,0.0,0.0,2000.0,2423907843.01,2423.9078
241.0,Prithvi_Class,MIDCOURSE,520052.1784,520.0522,267647.5473,267.6475,1553.5488,5592.7755,1553.5488,1138.1178,1057.4505,-0.0,-9.8066,9.8066,inf,2.0,0.0,0.0,0.0,0.0,0.0,2000.0,2413513753.18,2413.5138
241.5,Prithvi_Class,MIDCOURSE,520578.452,520.5785,268216.6062,268.2166,1550.2154,5580.7754,1550.2154,1138.1178,1052.5472,-0.0,-9.8066,9.8066,inf,2.0,0.0,0.0,0.0,0.0,0.0,2000.0,2403167748.54,2403.1677
242.0,Prithvi_Class,MIDCOURSE,521102.2739,521.1023,268785.6651,268.7857,1546.8904,5568.8053,1546.8904,1138.1178,1047.6439,-0.0,-9.8066,9.8066,inf,2.0,0.0,0.0,0.0,0.0,0.0,2000.0,2392869829.09,2392.8698
242.5,Prithvi_Class,MIDCOURSE,521623.6442,521.6236,269354.724,269.3547,1543.5738,5556.8656,1543.5738,1138.1178,1042.7406,-0.0,-9.8066,9.8066,inf,2.0,0.0,0.0,0.0,0.0,0.0,2000.0,2382619994.83,2382.62
243.0,Prithvi_Class,MIDCOURSE,522142.5628,522.1426,269923.7829,269.9238,1540.2656,5544.9563,1540.2656,1138.1178,1037.8372,-0.0,-9.8066,9.8066,inf,2.0,0.0,0.0,0.0,0.0,0.0,2000.0,2372418245.77,2372.4182
243.5,Prithvi_Class,MIDCOURSE,522659.0297,522.659,270492.8418,270.4928,1536.966,5533.0777,1536.966,1138.1178,1032.9339,-0.0,-9.8066,9.8066,inf,2.0,0.0,0.0,0.0,0.0,0.0,2000.0,2362264581.9,2362.2646
244.0,Prithvi_Class,MIDCOURSE,523173.045,523.173,271061.9007,271.0619,1533.675,5521.23,1533.675,1138.1178,1028.0306,-0.0,-9.8066,9.8066,inf,2.0,0.0,0.0,0.0,0.0,0.0,2000.0,2352159003.22,2352.159
244.5,Prithvi_Class,MIDCOURSE,523684.6087,523.6846,271630.9596,271.631,1530.3926,5509.4134,1530.3926,1138.1178,1023.1273,-0.0,-9.8066,9.8066,inf,2.0,0.0,0.0,0.0,0.0,0.0,2000.0,2342101509.73,2342.1015
245.0,Prithvi_Class,MIDCOURSE,524193.7206,524.1937,272200.0185,272.2,1527.1189,5497.628,1527.1189,1138.1178,1018.2239,-0.0,-9.8066,9.8066,inf,2.0,0.0,0.0,0.0,0.0,0.0,2000.0,2332092101.43,2332.0921
245.5,Prithvi_Class,MIDCOURSE,524700.3809,524.7004,272769.0774,272.7691,1523.8539,5485.8741,1523.8539,1138.1178,1013.3206,-0.0,-9.8066,9.8066,inf,2.0,0.0,0.0,0.0,0.0,0.0,2000.0,2322130778.33,2322.1308
246.0,Prithvi_Class,MIDCOURSE,525204.5896,525.2046,273338.1363,273.3381,1520.5978,5474.1519,1520.5978,1138.1178,1008.4173,-0.0,-9.8066,9.8066,inf,2.0,0.0,0.0,0.0,0.0,0.0,2000.0,2312217540.42,2312.2175
246.5,Prithvi_Class,MIDCOURSE,525706.3465,525.7063,273907.1952,273.9072,1517.3504,5462.4616,1517.3504,1138.1178,1003.514,-0.0,-9.8066,9.8066,inf,2.0,0.0,0.0,0.0,0.0,0.0,2000.0,2302352387.7,2302.3524
247.0,Prithvi_Class,MIDCOURSE,526205.6519,526.2057,274476.2541,274.4763,1514.1121,5450.8034,1514.1121,1138.1178,998.6106,-0.0,-9.8066,9.8066,inf,2.0,0.0,0.0,0.0,0.0,0.0,2000.0,2292535320.17,2292.5353
247.5,Prithvi_Class,MIDCOURSE,526702.5055,526.7025,275045.313,275.0453,1510.8826,5439.1775,1510.8826,1138.1178,993.7073,-0.0,-9.8066,9.8066,inf,2.0,0.0,0.0,0.0,0.0,0.0,2000.0,2282766337.84,2282.7663
248.0,Prithvi_Class,MIDCOURSE,527196.9075,527.1969,275614.3719,275.6144,1507.6622,5427.5841,1507.6622,1138.1178,988.804,-0.0,-9.8066,9.8066,inf,2.0,0.0,0.0,0.0,0.0,0.0,2000.0,2273045440.7,2273.0454
248.5,Prithvi_Class,MIDCOURSE,527688.8578,527.6889,276183.4308,276.1834,1504.4509,5416.0234,1504.4509,1138.1178,983.9007,-0.0,-9.8066,9.8066,inf,2.0,0.0,0.0,0.0,0.0,0.0,2000.0,2263372628.75,2263.3726
249.0,Prithvi_Class,MIDCOURSE,528178.3565,528.1784,276752.4897,276.7525,1501.2488,5404.4956,1501.2488,1138.1178,978.9973,-0.0,-9.8066,9.8066,inf,2.0,0.0,0.0,0.0,0.0,0.0,2000.0,2253747901.99,2253.7479
249.5,Prithvi_Class,MIDCOURSE,528665.4035,528.6654,277321.5486,277.3215,1498.0558,5393.001,1498.0558,1138.1178,974.094,-0.0,-9.8066,9.8066,inf,2.0,0.0,0.0,0.0,0.0,0.0,2000.0,2244171260.42,2244.1713
250.0,Prithvi_Class,MIDCOURSE,529149.9988,529.15,277890.6075,277.8906,1494.8721,5381.5397,1494.8721,1138.1178,969.1907,-0.0,-9.8066,9.8066,inf,2.0,0.0,0.0,0.0,0.0,0.0,2000.0,2234642704.05,2234.6427
250.5,Prithvi_Class,MIDCOURSE,529632.1425,529.6321,278459.6664,278.4597,1491.6978,5370.112,1491.6978,1138.1178,964.2874,-0.0,-9.8066,9.8066,inf,2.0,0.0,0.0,0.0,0.0,0.0,2000.0,2225162232.87,2225.1622
251.0,Prithvi_Class,MIDCOURSE,530111.8345,530.1118,279028.7253,279.0287,1488.5328,5358.718,1488.5328,1138.1178,959.384,-0.0,-9.8066,9.8066,inf,2.0,0.0,0.0,0.0,0.0,0.0,2000.0,2215729846.88,2215.7298
251.5,Prithvi_Class,MIDCOURSE,530589.0749,530.5891,279597.7842,279.5978,1485.3772,5347.3581,1485.3772,1138.1178,954.4807,-0.0,-9.8066,9.8066,inf,2.0,0.0,0.0,0.0,0.0,0.0,2000.0,2206345546.08,2206.3455
252.0,Prithvi_Class,MIDCOURSE,531063.8636,531.0639,280166.8431,280.1668,1482.2312,5336.0323,1482.2312,1138.1178,949.5774,-0.0,-9.8066,9.8066,inf,2.0,0.0,0.0,0.0,0.0,0.0,2000.0,2197009330.47,2197.0093
252.5,Prithvi_Class,MIDCOURSE,531536.2006,531.5362,280735.902,280.7359,1479.0947,5324.741,1479.0947,1138.1178,944.6741,-0.0,-9.8066,9.8066,inf,2.0,0.0,0.0,0.0,0.0,0.0,2000.0,2187721200.06,2187.7212
253.0,Prithvi_Class,MIDCOURSE,532006.086,532.0061,281304.9609,281.305,1475.9679,5313.4843,1475.9679,1138.1178,939.7707,-0.0,-9.8066,9.8066,inf,2.0,0.0,0.0,0.0,0.0,0.0,2000.0,2178481154.84,2178.4812
253.5,Prithvi_Class,MIDCOURSE,532473.5197,532.4735,281874.0198,281.874,1472.8507,5302.2625,1472.8507,1138.1178,934.8674,-0.0,-9.8066,9.8066,inf,2.0,0.0,0.0,0.0,0.0,0.0,2000.0,2169289194.81,2169.2892
254.0,Prithvi_Class,MIDCOURSE,532938.5017,532.9385,282443.0787,282.4431,1469.7433,5291.0758,1469.7433,1138.1178,929.9641,-0.0,-9.8066,9.8066,inf,2.0,0.0,0.0,0.0,0.0,0.0,2000.0,2160145319.97,2160.1453
254.5,Prithvi_Class,MIDCOURSE,533401.0321,533.401,283012.1376,283.0121,1466.6457,5279.9244,1466.6457,1138.1178,925.0608,-0.0,-9.8066,9.8066,inf,2.0,0.0,0.0,0.0,0.0,0.0,2000.0,2151049530.32,2151.0495
255.0,Prithvi_Class,MIDCOURSE,533861.1108,533.8611,283581.1965,283.5812,1463.5579,5268.8086,1463.5579,1138.1178,920.1574,-0.0,-9.8066,9.8066,inf,2.0,0.0,0.0,0.0,0.0,0.0,2000.0,2142001825.87,2142.0018
255.5,Prithvi_Class,MIDCOURSE,534318.7379,534.3187,284150.2554,284.1503,1460.4801,5257.7285,1460.4801,1138.1178,915.2541,-0.0,-9.8066,9.8066,inf,2.0,0.0,0.0,0.0,0.0,0.0,2000.0,2133002206.61,2133.0022
256.0,Prithvi_Class,MIDCOURSE,534773.9132,534.7739,284719.3143,284.7193,1457.4123,5246.6844,1457.4123,1138.1178,910.3508,-0.0,-9.8066,9.8066,inf,2.0,0.0,0.0,0.0,0.0,0.0,2000.0,2124050672.54,2124.0507
256.5,Prithvi_Class,MIDCOURSE,535226.637,535.2266,285288.3732,285.2884,1454.3546,5235.6765,1454.3546,1138.1178,905.4475,-0.0,-9.8066,9.8066,inf,2.0,0.0,0.0,0.0,0.0,0.0,2000.0,2115147223.67,2115.1472
257.0,Prithvi_Class,MIDCOURSE,535676.909,535.6769,285857.4321,285.8574,1451.3069,5224.705,1451.3069,1138.1178,900.5441,-0.0,-9.8066,9.8066,inf,2.0,0.0,0.0,0.0,0.0,0.0,2000.0,2106291859.98,2106.2919
257.5,Prithvi_Class,MIDCOURSE,536124.7294,536.1247,286426.491,286.4265,1448.2695,5213.7702,1448.2695,1138.1178,895.6408,-0.0,-9.8066,9.8066,inf,2.0,0.0,0.0,0.0,0.0,0.0,2000.0,2097484581.49,2097.4846
258.0,Prithvi_Class,MIDCOURSE,536570.0982,536.5701,286995.5499,286.9955,1445.2423,5202.8724,1445.2423,1138.1178,890.7375,-0.0,-9.8066,9.8066,inf,2.0,0.0,0.0,0.0,0.0,0.0,2000.0,2088725388.19,2088.7254
258.5,Prithvi_Class,MIDCOURSE,537013.0153,537.013,287564.6088,287.5646,1442.2255,5192.0117,1442.2255,1138.1178,885.8342,-0.0,-9.8066,9.8066,inf,2.0,0.0,0.0,0.0,0.0,0.0,2000.0,2080014280.08,2080.0143
259.0,Prithvi_Class,MIDCOURSE,537453.4807,537.4535,288133.6677,288.1337,1439.219,5181.1883,1439.219,1138.1178,880.9308,-0.0,-9.8066,9.8066,inf,2.0,0.0,0.0,0.0,0.0,0.0,2000.0,2071351257.16,2071.3513
259.5,Prithvi_Class,MIDCOURSE,537891.4944,537.8915,288702.7266,288.7027,1436.2229,5170.4026,1436.2229,1138.1178,876.0275,-0.0,-9.8066,9.8066,inf,2.0,0.0,0.0,0.0,0.0,0.0,2000.0,2062736319.44,2062.7363
260.0,Prithvi_Class,MIDCOURSE,538327.0565,538.3271,289271.7855,289.2718,1433.2374,5159.6547,1433.2374,1138.1178,871.1242,-0.0,-9.8066,9.8066,inf,2.0,0.0,0.0,0.0,0.0,0.0,2000.0,2054169466.91,2054.1695
260.5,Prithvi_Class,MIDCOURSE,538760.1669,538.7602,289840.8444,289.8408,1430.2625,5148.9448,1430.2625,1138.1178,866.2209,-0.0,-9.8066,9.8066,inf,2.0,0.0,0.0,0.0,0.0,0.0,2000.0,2045650699.57,2045.6507
261.0,Prithvi_Class,MIDCOURSE,539190.8257,539.1908,290409.9033,290.4099,1427.2982,5138.2734,1427.2982,1138.1178,861.3175,-0.0,-9.8066,9.8066,inf,2.0,0.0,0.0,0.0,0.0,0.0,2000.0,2037180017.42,2037.18
261.5,Prithvi_Class,MIDCOURSE,539619.0328,539.619,290978.9622,290.979,1424.3446,5127.6404,1424.3446,1138.1178,856.4142,-0.0,-9.8066,9.8066,inf,2.0,0.0,0.0,0.0,0.0,0.0,2000.0,2028757420.46,2028.7574
262.0,Prithvi_Class,MIDCOURSE,540044.7882,540.0448,291548.0211,291.548,1421.4017,5117.0463,1421.4017,1138.1178,851.5109,-0.0,-9.8066,9.8066,inf,2.0,0.0,0.0,0.0,0.0,0.0,2000.0,2020382908.7,2020.3829
262.5,Prithvi_Class,MIDCOURSE,540468.092,540.4681,292117.08,292.1171,1418.4698,5106.4912,1418.4698,1138.1178,846.6076,-0.0,-9.8066,9.8066,inf,2.0,0.0,0.0,0.0,0.0,0.0,2000.0,2012056482.13,2012.0565
263.0,Prithvi_Class,MIDCOURSE,540888.9441,540.8889,292686.1389,292.6861,1415.5487,5095.9753,1415.5487,1138.1178,841.7042,-0.0,-9.8066,9.8066,inf,2.0,0.0,0.0,0.0,0.0,0.0,2000.0,2003778140.75,2003.7781
263.5,Prithvi_Class,MIDCOURSE,541307.3446,541.3073,293255.1978,293.2552,1412.6386,5085.499,1412.6386,1138.1178,836.8009,-0.0,-9.8066,9.8066,inf,2.0,0.0,0.0,0.0,0.0,0.0,2000.0,1995547884.56,1995.5479
264.0,Prithvi_Class,MIDCOURSE,541723.2934,541.7233,293824.2567,293.8243,1409.7396,5075.0625,1409.7396,1138.1178,831.8976,-0.0,-9.8066,9.8066,inf,2.0,0.0,0.0,0.0,0.0,0.0,2000.0,1987365713.57,1987.3657
264.5,Prithvi_Class,MIDCOURSE,542136.7905,542.1368,294393.3156,294.3933,1406.8517,5064.666,1406.8517,1138.1178,826.9943,-0.0,-9.8066,9.8066,inf,2.0,0.0,0.0,0.0,0.0,0.0,2000.0,1979231627.76,1979.2316
265.0,Prithvi_Class,MIDCOURSE,542547.836,542.5478,294962.3745,294.9624,1403.9749,5054.3098,1403.9749,1138.1178,822.0909,-0.0,-9.8066,9.8066,inf,2.0,0.0,0.0,0.0,0.0,0.0,2000.0,1971145627.15,1971.1456
265.5,Prithvi_Class,MIDCOURSE,542956.4298,542.9564,295531.4334,295.5314,1401.1095,5043.994,1401.1095,1138.1178,817.1876,-0.0,-9.8066,9.8066,inf,2.0,0.0,0.0,0.0,0.0,0.0,2000.0,1963107711.73,1963.1077
266.0,Prithvi_Class,MIDCOURSE,543362.5719,543.3626,296100.4923,296.1005,1398.2553,5033.7191,1398.2553,1138.1178,812.2843,-0.0,-9.8066,9.8066,inf,2.0,0.0,0.0,0.0,0.0,0.0,2000.0,1955117881.51,1955.1179
266.5,Prithvi_Class,MIDCOURSE,543766.2624,543.7663,296669.5512,296.6696,1395.4125,5023.4851,1395.4125,1138.1178,807.381,-0.0,-9.8066,9.8066,inf,2.0,0.0,0.0,0.0,0.0,0.0,2000.0,1947176136.47,1947.1761
267.0,Prithvi_Class,MIDCOURSE,544167.5012,544.1675,297238.6101,297.2386,1392.5812,5013.2924,1392.5812,1138.1178,802.4776,-0.0,-9.8066,9.8066,inf,2.0,0.0,0.0,0.0,0.0,0.0,2000.0,1939282476.63,1939.2825
267.5,Prithvi_Class,MIDCOURSE,544566.2884,544.5663,297807.669,297.8077,1389.7615,5003.1412,1389.7615,1138.1178,797.5743,-0.0,-9.8066,9.8066,inf,2.0,0.0,0.0,0.0,0.0,0.0,2000.0,1931436901.98,1931.4369
268.0,Prithvi_Class,MIDCOURSE,544962.6238,544.9626,298376.7279,298.3767,1386.9533,4993.0318,1386.9533,1138.1178,792.671,-0.0,-9.8066,9.8066,inf,2.0,0.0,0.0,0.0,0.0,0.0,2000.0,1923639412.52,1923.6394
268.5,Prithvi_Class,MIDCOURSE,545356.5077,545.3565,298945.7868,298.9458,1384.1568,4982.9644,1384.1568,1138.1178,787.7677,-0.0,-9.8066,9.8066,inf,2.0,0.0,0.0,0.0,0.0,0.0,2000.0,1915890008.26,1915.89
269.0,Prithvi_Class,MIDCOURSE,545747.9398,545.7479,299514.8457,299.5148,1381.372,4972.9393,1381.372,1138.1178,782.8643,-0.0,-9.8066,9.8066,inf,2.0,0.0,0.0,0.0,0.0,0.0,2000.0,1908188689.18,1908.1887
269.5,Prithvi_Class,MIDCOURSE,546136.9203,546.1369,300083.9046,300.0839,1378.5991,4962.9567,1378.5991,1138.1178,777.961,-0.0,-9.8066,9.8066,inf,2.0,0.0,0.0,0.0,0.0,0.0,2000.0,1900535455.3,1900.5355
270.0,Prithvi_Class,MIDCOURSE,546523.4492,546.5234,300652.9635,300.653,1375.838,4953.0169,1375.838,1138.1178,773.0577,-0.0,-9.8066,9.8066,inf,2.0,0.0,0.0,0.0,0.0,0.0,2000.0,1892930306.61,1892.9303
270.5,Prithvi_Class,MIDCOURSE,546907.5264,546.9075,301222.0224,301.222,1373.0889,4943.1202,1373.0889,1138.1178,768.1544,-0.0,-9.8066,9.8066,inf,2.0,0.0,0.0,0.0,0.0,0.0,2000.0,1885373243.11,1885.3732
271.0,Prithvi_Class,MIDCOURSE,547289.1519,547.2892,301791.0813,301.7911,1370.3519,4933.2668,1370.3519,1138.1178,763.251,-0.0,-9.8066,9.8066,inf,2.0,0.0,0.0,0.0,0.0,0.0,2000.0,1877864264.81,1877.8643
271.5,Prithvi_Class,MIDCOURSE,547668.3257,547.6683,302360.1402,302.3601,1367.6269,4923.4569,1367.6269,1138.1178,758.3477,-0.0,-9.8066,9.8066,inf,2.0,0.0,0.0,0.0,0.0,0.0,2000.0,1870403371.69,1870.4034
272.0,Prithvi_Class,MIDCOURSE,548045.0479,548.045,302929.1991,302.9292,1364.9141,4913.6908,1364.9141,1138.1178,753.4444,-0.0,-9.8066,9.8066,inf,2.0,0.0,0.0,0.0,0.0,0.0,2000.0,1862990563.77,1862.9906
272.5,Prithvi_Class,MIDCOURSE,548419.3184,548.4193,303498.258,303.4983,1362.2136,4903.9689,1362.2136,1138.1178,748.5411,-0.0,-9.8066,9.8066,inf,2.0,0.0,0.0,0.0,0.0,0.0,2000.0,1855625841.04,1855.6258
273.0,Prithvi_Class,MIDCOURSE,548791.1373,548.7911,304067.3169,304.0673,1359.5254,4894.2913,1359.5254,1138.1178,743.6377,-0.0,-9.8066,9.8066,inf,2.0,0.0,0.0,0.0,0.0,0.0,2000.0,1848309203.51,1848.3092
273.5,Prithvi_Class,MIDCOURSE,549160.5045,549.1605,304636.3758,304.6364,1356.8495,4884.6583,1356.8495,1138.1178,738.7344,-0.0,-9.8066,9.8066,inf,2.0,0.0,0.0,0.0,0.0,0.0,2000.0,1841040651.16,1841.0407
274.0,Prithvi_Class,MIDCOURSE,549527.4201,549.5274,305205.4347,305.2054,1354.1862,4875.0702,1354.1862,1138.1178,733.8311,-0.0,-9.8066,9.8066,inf,2.0,0.0,0.0,0.0,0.0,0.0,2000.0,1833820184.01,1833.8202
274.5,Prithvi_Class,MIDCOURSE,549891.8839,549.8919,305774.4936,305.7745,1351.5353,4865.5273,1351.5353,1138.1178,728.9278,-0.0,-9.8066,9.8066,inf,2.0,0.0,0.0,0.0,0.0,0.0,2000.0,1826647802.05,1826.6478
275.0,Prithvi_Class,MIDCOURSE,550253.8961,550.2539,306343.5525,306.3436,1348.8971,4856.0297,1348.8971,1138.1178,724.0244,-0.0,-9.8066,9.8066,inf,2.0,0.0,0.0,0.0,0.0,0.0,2000.0,1819523505.28,1819.5235
275.5,Prithvi_Class,MIDCOURSE,550613.4567,550.6135,306912.6114,306.9126,1346.2716,4846.5779,1346.2716,1138.1178,719.1211,-0.0,-9.8066,9.8066,inf,2.0,0.0,0.0,0.0,0.0,0.0,2000.0,1812447293.7,1812.4473
276.0,Prithvi_Class,MIDCOURSE,550970.5656,550.9706,307481.6703,307.4817,1343.6589,4837.1719,1343.6589,1138.1178,714.2178,-0.0,-9.8066,9.8066,inf,2.0,0.0,0.0,0.0,0.0,0.0,2000.0,1805419167.32,1805.4192
276.5,Prithvi_Class,MIDCOURSE,551325.2228,551.3252,308050.7292,308.0507,1341.059,4827.8122,1341.059,1138.1178,709.3145,-0.0,-9.8066,9.8066,inf,2.0,0.0,0.0,0.0,0.0,0.0,2000.0,1798439126.13,1798.4391
277.0,Prithvi_Class,MIDCOURSE,551677.4284,551.6774,308619.7881,308.6198,1338.472,4818.499,1338.472,1138.1178,704.4111,-0.0,-9.8066,9.8066,inf,2.0,0.0,0.0,0.0,0.0,0.0,2000.0,1791507170.13,1791.5072
277.5,Prithvi_Class,MIDCOURSE,552027.1823,552.0272,309188.847,309.1888,1335.8979,4809.2326,1335.8979,1138.1178,699.5078,-0.0,-9.8066,9.8066,inf,2.0,0.0,0.0,0.0,0.0,0.0,2000.0,1784623299.32,1784.6233
278.0,Prithvi_Class,MIDCOURSE,552374.4845,552.3745,309757.9059,309.7579,1333.337,4800.0131,1333.337,1138.1178,694.6045,-0.0,-9.8066,9.8066,inf,2.0,0.0,0.0,0.0,0.0,0.0,2000.0,1777787513.7,1777.7875
278.5,Prithvi_Class,MIDCOURSE,552719.3351,552.7193,310326.9648,310.327,1330.7892,4790.841,1330.7892,1138.1178,689.7012,-0.0,-9.8066,9.8066,inf,2.0,0.0,0.0,0.0,0.0,0.0,2000.0,1770999813.28,1770.9998
279.0,Prithvi_Class,MIDCOURSE,553061.734,553.0617,310896.0237,310.896,1328.2546,4781.7164,1328.2546,1138.1178,684.7978,-0.0,-9.8066,9.8066,inf,2.0,0.0,0.0,0.0,0.0,0.0,2000.0,1764260198.05,1764.2602
279.5,Prithvi_Class,MIDCOURSE,553401.6813,553.4017,311465.0827,311.4651,1325.7333,4772.6397,1325.7333,1138.1178,679.8945,-0.0,-9.8066,9.8066,inf,2.0,0.0,0.0,0.0,0.0,0.0,2000.0,1757568668.01,1757.5687
280.0,Prithvi_Class,MIDCOURSE,553739.1769,553.7392,312034.1416,312.0341,1323.2253,4763.6111,1323.2253,1138.1178,674.9912,-0.0,-9.8066,9.8066,inf,2.0,0.0,0.0,0.0,0.0,0.0,2000.0,1750925223.16,1750.9252
280.5,Prithvi_Class,MIDCOURSE,554074.2208,554.0742,312603.2005,312.6032,1320.7308,4754.6309,1320.7308,1138.1178,670.0879,-0.0,-9.8066,9.8066,inf,2.0,0.0,0.0,0.0,0.0,0.0,2000.0,1744329863.5,1744.3299
281.0,Prithvi_Class,MIDCOURSE,554406.813,554.4068,313172.2594,313.1723,1318.2498,4745.6994,1318.2498,1138.1178,665.1845,-0.0,-9.8066,9.8066,inf,2.0,0.0,0.0,0.0,0.0,0.0,2000.0,1737782589.04,1737.7826
281.5,Prithvi_Class,MIDCOURSE,554736.9536,554.737,313741.3183,313.7413,1315.7824,4736.8167,1315.7824,1138.1178,660.2812,-0.0,-9.8066,9.8066,inf,2.0,0.0,0.0,0.0,0.0,0.0,2000.0,1731283399.77,1731.2834
282.0,Prithvi_Class,MIDCOURSE,555064.6426,555.0646,314310.3772,314.3104,1313.3287,4727.9833,1313.3287,1138.1178,655.3779,-0.0,-9.8066,9.8066,inf,2.0,0.0,0.0,0.0,0.0,0.0,2000.0,1724832295.69,1724.8323
282.5,Prithvi_Class,MIDCOURSE,555389.8799,555.3899,314879.4361,314.8794,1310.8887,4719.1994,1310.8887,1138.1178,650.4746,-0.0,-9.8066,9.8066,inf,2.0,0.0,0.0,0.0,0.0,0.0,2000.0,1718429276.8,1718.4293
283.0,Prithvi_Class,MIDCOURSE,555712.6655,555.7127,315448.495,315.4485,1308.4626,4710.4653,1308.4626,1138.1178,645.5712,-0.0,-9.8066,9.8066,inf,2.0,0.0,0.0,0.0,0.0,0.0,2000.0,1712074343.11,1712.0743
283.5,Prithvi_Class,MIDCOURSE,556032.9994,556.033,316017.5539,316.0176,1306.0503,4701.7812,1306.0503,1138.1178,640.6679,-0.0,-9.8066,9.8066,inf,2.0,0.0,0.0,0.0,0.0,0.0,2000.0,1705767494.61,1705.7675
284.0,Prithvi_Class,MIDCOURSE,556350.8817,556.3509,316586.6128,316.5866,1303.6521,4693.1475,1303.6521,1138.1178,635.7646,-0.0,-9.8066,9.8066,inf,2.0,0.0,0.0,0.0,0.0,0.0,2000.0,1699508731.3,1699.5087
284.5,Prithvi_Class,MIDCOURSE,556666.3123,556.6663,317155.6717,317.1557,1301.2679,4684.5643,1301.2679,1138.1178,630.8613,-0.0,-9.8066,9.8066,inf,2.0,0.0,0.0,0.0,0.0,0.0,2000.0,1693298053.18,1693.2981
285.0,Prithvi_Class,MIDCOURSE,556979.2913,556.9793,317724.7306,317.7247,1298.8978,4676.032,1298.8978,1138.1178,625.9579,-0.0,-9.8066,9.8066,inf,2.0,0.0,0.0,0.0,0.0,0.0,2000.0,1687135460.25,1687.1355
285.5,Prithvi_Class,MIDCOURSE,557289.8186,557.2898,318293.7895,318.2938,1296.5419,4667.5509,1296.5419,1138.1178,621.0546,-0.0,-9.8066,9.8066,inf,2.0,0.0,0.0,0.0,0.0,0.0,2000.0,1681020952.52,1681.021
286.0,Prithvi_Class,MIDCOURSE,557597.8943,557.5979,318862.8484,318.8628,1294.2003,4659.1212,1294.2003,1138.1178,616.1513,-0.0,-9.8066,9.8066,inf,2.0,0.0,0.0,0.0,0.0,0.0,2000.0,1674954529.97,1674.9545
286.5,Prithvi_Class,MIDCOURSE,557903.5182,557.9035,319431.9073,319.4319,1291.8731,4650.7433,1291.8731,1138.1178,611.248,-0.0,-9.8066,9.8066,inf,2.0,0.0,0.0,0.0,0.0,0.0,2000.0,1668936192.62,1668.9362
287.0,Prithvi_Class,MIDCOURSE,558206.6905,558.2067,320000.9662,320.001,1289.5604,4642.4173,1289.5604,1138.1178,606.3446,-0.0,-9.8066,9.8066,inf,2.0,0.0,0.0,0.0,0.0,0.0,2000.0,1662965940.47,1662.9659
287.5,Prithvi_Class,MIDCOURSE,558507.4112,558.5074,320570.0251,320.57,1287.2621,4634.1436,1287.2621,1138.1178,601.4413,-0.0,-9.8066,9.8066,inf,2.0,0.0,0.0,0.0,0.0,0.0,2000.0,1657043773.5,1657.0438
288.0,Prithvi_Class,MIDCOURSE,558805.6802,558.8057,321139.084,321.1391,1284.9785,4625.9225,1284.9785,1138.1178,596.538,-0.0,-9.8066,9.8066,inf,2.0,0.0,0.0,0.0,0.0,0.0,2000.0,1651169691.73,1651.1697
288.5,Prithvi_Class,MIDCOURSE,559101.4975,559.1015,321708.1429,321.7081,1282.7095,4617.7542,1282.7095,1138.1178,591.6347,-0.0,-9.8066,9.8066,inf,2.0,0.0,0.0,0.0,0.0,0.0,2000.0,1645343695.15,1645.3437
289.0,Prithvi_Class,MIDCOURSE,559394.8632,559.3949,322277.2018,322.2772,1280.4553,4609.6391,1280.4553,1138.1178,586.7313,-0.0,-9.8066,9.8066,inf,2.0,0.0,0.0,0.0,0.0,0.0,2000.0,1639565783.76,1639.5658
289.5,Prithvi_Class,MIDCOURSE,559685.7772,559.6858,322846.2607,322.8463,1278.2159,4601.5773,1278.2159,1138.1178,581.828,-0.0,-9.8066,9.8066,inf,2.0,0.0,0.0,0.0,0.0,0.0,2000.0,1633835957.56,1633.836
290.0,Prithvi_Class,MIDCOURSE,559974.2395,559.9742,323415.3196,323.4153,1275.9915,4593.5693,1275.9915,1138.1178,576.9247,-0.0,-9.8066,9.8066,inf,2.0,0.0,0.0,0.0,0.0,0.0,2000.0,1628154216.55,1628.1542
290.5,Prithvi_Class,MIDCOURSE,560260.2502,560.2603,323984.3785,323.9844,1273.782,4585.6152,1273.782,1138.1178,572.0214,-0.0,-9.8066,9.8066,inf,2.0,0.0,0.0,0.0,0.0,0.0,2000.0,1622520560.74,1622.5206
291.0,Prithvi_Class,MIDCOURSE,560543.8092,560.5438,324553.4374,324.5534,1271.5876,4577.7153,1271.5876,1138.1178,567.118,-0.0,-9.8066,9.8066,inf,2.0,0.0,0.0,0.0,0.0,0.0,2000.0,1616934990.12,1616.935
291.5,Prithvi_Class,MIDCOURSE,560824.9166,560.8249,325122.4963,325.1225,1269.4083,4569.87,1269.4083,1138.1178,562.2147,-0.0,-9.8066,9.8066,inf,2.0,0.0,0.0,0.0,0.0,0.0,2000.0,1611397504.69,1611.3975
292.0,Prithvi_Class,MIDCOURSE,561103.5723,561.1036,325691.5552,325.6916,1267.2443,4562.0795,1267.2443,1138.1178,557.3114,-0.0,-9.8066,9.8066,inf,2.0,0.0,0.0,0.0,0.0,0.0,2000.0,1605908104.45,1605.9081
292.5,Prithvi_Class,MIDCOURSE,561379.7763,561.3798,326260.6141,326.2606,1265.0956,4554.344,1265.0956,1138.1178,552.4081,-0.0,-9.8066,9.8066,inf,2.0,0.0,0.0,0.0,0.0,0.0,2000.0,1600466789.41,1600.4668
293.0,Prithvi_Class,MIDCOURSE,561653.5287,561.6535,326829.673,326.8297,1262.9622,4546.664,1262.9622,1138.1178,547.5047,-0.0,-9.8066,9.8066,inf,2.0,0.0,0.0,0.0,0.0,0.0,2000.0,1595073559.56,1595.0736
293.5,Prithvi_Class,MIDCOURSE,561924.8294,561.9248,327398.7319,327.3987,1260.8443,4539.0396,1260.8443,1138.1178,542.6014,-0.0,-9.8066,9.8066,inf,2.0,0.0,0.0,0.0,0.0,0.0,2000.0,1589728414.89,1589.7284
294.0,Prithvi_Class,MIDCOURSE,562193.6784,562.1937,327967.7908,327.9678,1258.742,4531.4711,1258.742,1138.1178,537.6981,-0.0,-9.8066,9.8066,inf,2.0,0.0,0.0,0.0,0.0,0.0,2000.0,1584431355.43,1584.4314
294.5,Prithvi_Class,MIDCOURSE,562460.0758,562.4601,328536.8497,328.5368,1256.6552,4523.9588,1256.6552,1138.1178,532.7948,-0.0,-9.8066,9.8066,inf,2.0,0.0,0.0,0.0,0.0,0.0,2000.0,1579182381.15,1579.1824
295.0,Prithvi_Class,MIDCOURSE,562724.0215,562.724,329105.9086,329.1059,1254.5842,4516.5031,1254.5842,1138.1178,527.8914,-0.0,-9.8066,9.8066,inf,2.0,0.0,0.0,0.0,0.0,0.0,2000.0,1573981492.07,1573.9815
295.5,Prithvi_Class,MIDCOURSE,562985.5155,562.9855,329674.9675,329.675,1252.5289,4509.1041,1252.5289,1138.1178,522.9881,-0.0,-9.8066,9.8066,inf,2.0,0.0,0.0,0.0,0.0,0.0,2000.0,1568828688.17,1568.8287
296.0,Prithvi_Class,MIDCOURSE,563244.5579,563.2446,330244.0264,330.244,1250.4895,4501.7622,1250.4895,1138.1178,518.0848,-0.0,-9.8066,9.8066,inf,2.0,0.0,0.0,0.0,0.0,0.0,2000.0,1563723969.47,1563.724
296.5,Prithvi_Class,MIDCOURSE,563501.1487,563.5011,330813.0853,330.8131,1248.466,4494.4776,1248.466,1138.1178,513.1815,-0.0,-9.8066,9.8066,inf,2.0,0.0,0.0,0.0,0.0,0.0,2000.0,1558667335.97,1558.6673
297.0,Prithvi_Class,MIDCOURSE,563755.2877,563.7553,331382.1442,331.3821,1246.4585,4487.2506,1246.4585,1138.1178,508.2781,-0.0,-9.8066,9.8066,inf,2.0,0.0,0.0,0.0,0.0,0.0,2000.0,1553658787.65,1553.6588
297.5,Prithvi_Class,MIDCOURSE,564006.9751,564.007,331951.2031,331.9512,1244.4671,4480.0815,1244.4671,1138.1178,503.3748,-0.0,-9.8066,9.8066,inf,2.0,0.0,0.0,0.0,0.0,0.0,2000.0,1548698324.53,1548.6983
298.0,Prithvi_Class,MIDCOURSE,564256.2109,564.2562,332520.262,332.5203,1242.4918,4472.9706,1242.4918,1138.1178,498.4715,-0.0,-9.8066,9.8066,inf,2.0,0.0,0.0,0.0,0.0,0.0,2000.0,1543785946.6,1543.7859
298.5,Prithvi_Class,MIDCOURSE,564502.9949,564.503,333089.3209,333.0893,1240.5328,4465.9181,1240.5328,1138.1178,493.5682,-0.0,-9.8066,9.8066,inf,2.0,0.0,0.0,0.0,0.0,0.0,2000.0,1538921653.86,1538.9217
299.0,Prithvi_Class,MIDCOURSE,564747.3274,564.7473,333658.3798,333.6584,1238.5901,4458.9244,1238.5901,1138.1178,488.6648,-0.0,-9.8066,9.8066,inf,2.0,0.0,0.0,0.0,0.0,0.0,2000.0,1534105446.31,1534.1054
299.5,Prithvi_Class,MIDCOURSE,564989.2081,564.9892,334227.4387,334.2274,1236.6638,4451.9896,1236.6638,1138.1178,483.7615,-0.0,-9.8066,9.8066,inf,2.0,0.0,0.0,0.0,0.0,0.0,2000.0,1529337323.95,1529.3373
300.0,Prithvi_Class,MIDCOURSE,565228.6372,565.2286,334796.4976,334.7965,1234.7539,4445.1142,1234.7539,1138.1178,478.8582,-0.0,-9.8066,9.8066,inf,2.0,0.0,0.0,0.0,0.0,0.0,2000.0,1524617286.79,1524.6173
300.5,Prithvi_Class,MIDCOURSE,565465.6146,565.4656,335365.5565,335.3656,1232.8606,4438.2983,1232.8606,1138.1178,473.9549,-0.0,-9.8066,9.8066,inf,2.0,0.0,0.0,0.0,0.0,0.0,2000.0,1519945334.82,1519.9453
301.0,Prithvi_Class,MIDCOURSE,565700.1404,565.7001,335934.6154,335.9346,1230.9839,4431.5422,1230.9839,1138.1178,469.0515,-0.0,-9.8066,9.8066,inf,2.0,0.0,0.0,0.0,0.0,0.0,2000.0,1515321468.04,1515.3215
301.5,Prithvi_Class,MIDCOURSE,565932.2145,565.9322,336503.6743,336.5037,1229.124,4424.8462,1229.124,1138.1178,464.1482,-0.0,-9.8066,9.8066,inf,2.0,0.0,0.0,0.0,0.0,0.0,2000.0,1510745686.45,1510.7457
302.0,Prithvi_Class,MIDCOURSE,566161.8369,566.1618,337072.7332,337.0727,1227.2807,4418.2106,1227.2807,1138.1178,459.2449,-0.0,-9.8066,9.8066,inf,2.0,0.0,0.0,0.0,0.0,0.0,2000.0,1506217990.06,1506.218
302.5,Prithvi_Class,MIDCOURSE,566389.0077,566.389,337641.7921,337.6418,1225.4544,4411.6357,1225.4544,1138.1178,454.3416,-0.0,-9.8066,9.8066,inf,2.0,0.0,0.0,0.0,0.0,0.0,2000.0,1501738378.86,1501.7384
303.0,Prithvi_Class,MIDCOURSE,566613.7268,566.6137,338210.851,338.2109,1223.6449,4405.1217,1223.6449,1138.1178,449.4382,-0.0,-9.8066,9.8066,inf,2.0,0.0,0.0,0.0,0.0,0.0,2000.0,1497306852.85,1497.3069
303.5,Prithvi_Class,MIDCOURSE,566835.9943,566.836,338779.9099,338.7799,1221.8525,4398.6688,1221.8525,1138.1178,444.5349,-0.0,-9.8066,9.8066,inf,2.0,0.0,0.0,0.0,0.0,0.0,2000.0,1492923412.03,1492.9234
304.0,Prithvi_Class,MIDCOURSE,567055.8101,567.0558,339348.9688,339.349,1220.0771,4392.2775,1220.0771,1138.1178,439.6316,-0.0,-9.8066,9.8066,inf,2.0,0.0,0.0,0.0,0.0,0.0,2000.0,1488588056.4,1488.5881
304.5,Prithvi_Class,MIDCOURSE,567273.1742,567.2732,339918.0277,339.918,1218.3188,4385.9478,1218.3188,1138.1178,434.7283,-0.0,-9.8066,9.8066,inf,2.0,0.0,0.0,0.0,0.0,0.0,2000.0,1484300785.97,1484.3008
305.0,Prithvi_Class,MIDCOURSE,567488.0867,567.4881,340487.0866,340.4871,1216.5778,4379.6802,1216.5778,1138.1178,429.8249,-0.0,-9.8066,9.8066,inf,2.0,0.0,0.0,0.0,0.0,0.0,2000.0,1480061600.73,1480.0616
305.5,Prithvi_Class,MIDCOURSE,567700.5475,567.7005,341056.1455,341.0561,1214.8541,4373.4748,1214.8541,1138.1178,424.9216,-0.0,-9.8066,9.8066,inf,2.0,0.0,0.0,0.0,0.0,0.0,2000.0,1475870500.68,1475.8705
306.0,Prithvi_Class,MIDCOURSE,567910.5566,567.9106,341625.2044,341.6252,1213.1478,4367.3319,1213.1478,1138.1178,420.0183,-0.0,-9.8066,9.8066,inf,2.0,0.0,0.0,0.0,0.0,0.0,2000.0,1471727485.82,1471.7275
306.5,Prithvi_Class,MIDCOURSE,568118.1141,568.1181,342194.2633,342.1943,1211.4589,4361.2519,1211.4589,1138.1178,415.115,-0.0,-9.8066,9.8066,inf,2.0,0.0,0.0,0.0,0.0,0.0,2000.0,1467632556.15,1467.6326
307.0,Prithvi_Class,MIDCOURSE,568323.2199,568.3232,342763.3222,342.7633,1209.7875,4355.2349,1209.7875,1138.1178,410.2116,-0.0,-9.8066,9.8066,inf,2.0,0.0,0.0,0.0,0.0,0.0,2000.0,1463585711.68,1463.5857
307.5,Prithvi_Class,MIDCOURSE,568525.874,568.5259,343332.3811,343.3324,1208.1337,4349.2812,1208.1337,1138.1178,405.3083,-0.0,-9.8066,9.8066,inf,2.0,0.0,0.0,0.0,0.0,0.0,2000.0,1459586952.4,1459.587
308.0,Prithvi_Class,MIDCOURSE,568726.0765,568.7261,343901.44,343.9014,1206.4975,4343.3911,1206.4975,1138.1178,400.405,-0.0,-9.8066,9.8066,inf,2.0,0.0,0.0,0.0,0.0,0.0,2000.0,1455636278.31,1455.6363
308.5,Prithvi_Class,MIDCOURSE,568923.8274,568.9238,344470.4989,344.4705,1204.8791,4337.5648,1204.8791,1138.1178,395.5017,-0.0,-9.8066,9.8066,inf,2.0,0.0,0.0,0.0,0.0,0.0,2000.0,1451733689.41,1451.7337
309.0,Prithvi_Class,MIDCOURSE,569119.1265,569.1191,345039.5578,345.0396,1203.2785,4331.8027,1203.2785,1138.1178,390.5983,-0.0,-9.8066,9.8066,inf,2.0,0.0,0.0,0.0,0.0,0.0,2000.0,1447879185.71,1447.8792
309.5,Prithvi_Class,MIDCOURSE,569311.974,569.312,345608.6167,345.6086,1201.6958,4326.1048,1201.6958,1138.1178,385.695,-0.0,-9.8066,9.8066,inf,2.0,0.0,0.0,0.0,0.0,0.0,2000.0,1444072767.19,1444.0728
310.0,Prithvi_Class,MIDCOURSE,569502.3699,569.5024,346177.6756,346.1777,1200.131,4320.4716,1200.131,1138.1178,380.7917,-0.0,-9.8066,9.8066,inf,2.0,0.0,0.0,0.0,0.0,0.0,2000.0,1440314433.87,1440.3144
310.5,Prithvi_Class,MIDCOURSE,569690.314,569.6903,346746.7345,346.7467,1198.5842,4314.9033,1198.5842,1138.1178,375.8884,-0.0,-9.8066,9.8066,inf,2.0,0.0,0.0,0.0,0.0,0.0,2000.0,1436604185.74,1436.6042
311.0,Prithvi_Class,MIDCOURSE,569875.8066,569.8758,347315.7934,347.3158,1197.0556,4309.4,1197.0556,1138.1178,370.985,-0.0,-9.8066,9.8066,inf,2.0,0.0,0.0,0.0,0.0,0.0,2000.0,1432942022.81,1432.942
311.5,Prithvi_Class,MIDCOURSE,570058.8474,570.0588,347884.8523,347.8849,1195.545,4303.9621,1195.545,1138.1178,366.0817,-0.0,-9.8066,9.8066,inf,2.0,0.0,0.0,0.0,0.0,0.0,2000.0,1429327945.06,1429.3279
312.0,Prithvi_Class,MIDCOURSE,570239.4366,570.2394,348453.9112,348.4539,1194.0527,4298.5899,1194.0527,1138.1178,361.1784,-0.0,-9.8066,9.8066,inf,2.0,0.0,0.0,0.0,0.0,0.0,2000.0,1425761952.51,1425.762
312.5,Prithvi_Class,MIDCOURSE,570417.5741,570.4176,349022.9701,349.023,1192.5787,4293.2835,1192.5787,1138.1178,356.2751,-0.0,-9.8066,9.8066,inf,2.0,0.0,0.0,0.0,0.0,0.0,2000.0,1422244045.15,1422.244
313.0,Prithvi_Class,MIDCOURSE,570593.26,570.5933,349592.029,349.592,1191.1231,4288.0431,1191.1231,1138.1178,351.3717,-0.0,-9.8066,9.8066,inf,2.0,0.0,0.0,0.0,0.0,0.0,2000.0,1418774222.98,1418.7742
313.5,Prithvi_Class,MIDCOURSE,570766.4942,570.7665,350161.0879,350.1611,1189.6859,4282.8692,1189.6859,1138.1178,346.4684,-0.0,-9.8066,9.8066,inf,2.0,0.0,0.0,0.0,0.0,0.0,2000.0,1415352486.01,1415.3525
314.0,Prithvi_Class,MIDCOURSE,570937.2767,570.9373,350730.1468,350.7301,1188.2672,4277.7618,1188.2672,1138.1178,341.5651,-0.0,-9.8066,9.8066,inf,2.0,0.0,0.0,0.0,0.0,0.0,2000.0,1411978834.22,1411.9788
314.5,Prithvi_Class,MIDCOURSE,571105.6076,571.1056,351299.2057,351.2992,1186.867,4272.7212,1186.867,1138.1178,336.6618,-0.0,-9.8066,9.8066,inf,2.0,0.0,0.0,0.0,0.0,0.0,2000.0,1408653267.63,1408.6533
315.0,Prithvi_Class,MIDCOURSE,571271.4868,571.2715,351868.2646,351.8683,1185.4855,4267.7477,1185.4855,1138.1178,331.7584,-0.0,-9.8066,9.8066,inf,2.0,0.0,0.0,0.0,0.0,0.0,2000.0,1405375786.23,1405.3758
315.5,Prithvi_Class,MIDCOURSE,571434.9144,571.4349,352437.3235,352.4373,1184.1226,4262.8414,1184.1226,1138.1178,326.8551,-0.0,-9.8066,9.8066,inf,2.0,0.0,0.0,0.0,0.0,0.0,2000.0,1402146390.02,1402.1464
316.0,Prithvi_Class,MIDCOURSE,571595.8903,571.5959,353006.3824,353.0064,1182.7785,4258.0028,1182.7785,1138.1178,321.9518,-0.0,-9.8066,9.8066,inf,2.0,0.0,0.0,0.0,0.0,0.0,2000.0,1398965079.01,1398.9651
316.5,Prithvi_Class,MIDCOURSE,571754.4145,571.7544,353575.4413,353.5754,1181.4533,4253.2318,1181.4533,1138.1178,317.0485,-0.0,-9.8066,9.8066,inf,2.0,0.0,0.0,0.0,0.0,0.0,2000.0,1395831853.18,1395.8319
317.0,Prithvi_Class,MIDCOURSE,571910.4871,571.9105,354144.5002,354.1445,1180.1469,4248.5289,1180.1469,1138.1178,312.1451,-0.0,-9.8066,9.8066,inf,2.0,0.0,0.0,0.0,0.0,0.0,2000.0,1392746712.55,1392.7467
317.5,Prithvi_Class,MIDCOURSE,572064.108,572.0641,354713.5591,354.7136,1178.8595,4243.8941,1178.8595,1138.1178,307.2418,-0.0,-9.8066,9.8066,inf,2.0,0.0,0.0,0.0,0.0,0.0,2000.0,1389709657.11,1389.7097
318.0,Prithvi_Class,MIDCOURSE,572215.2772,572.2153,355282.618,355.2826,1177.5911,4239.3278,1177.5911,1138.1178,302.3385,-0.0,-9.8066,9.8066,inf,2.0,0.0,0.0,0.0,0.0,0.0,2000.0,1386720686.87,1386.7207
318.5,Prithvi_Class,MIDCOURSE,572363.9948,572.364,355851.6769,355.8517,1176.3417,4234.8301,1176.3417,1138.1178,297.4352,-0.0,-9.8066,9.8066,inf,2.0,0.0,0.0,0.0,0.0,0.0,2000.0,1383779801.81,1383.7798
319.0,Prithvi_Class,MIDCOURSE,572510.2607,572.5103,356420.7358,356.4207,1175.1115,4230.4013,1175.1115,1138.1178,292.5318,-0.0,-9.8066,9.8066,inf,2.0,0.0,0.0,0.0,0.0,0.0,2000.0,1380887001.95,1380.887
319.5,Prithvi_Class,MIDCOURSE,572654.0749,572.6541,356989.7947,356.9898,1173.9005,4226.0417,1173.9005,1138.1178,287.6285,-0.0,-9.8066,9.8066,inf,2.0,0.0,0.0,0.0,0.0,0.0,2000.0,1378042287.28,1378.0423
320.0,Prithvi_Class,MIDCOURSE,572795.4375,572.7954,357558.8536,357.5589,1172.7087,4221.7513,1172.7087,1138.1178,282.7252,-0.0,-9.8066,9.8066,inf,2.0,0.0,0.0,0.0,0.0,0.0,2000.0,1375245657.8,1375.2457
320.5,Prithvi_Class,MIDCOURSE,572934.3485,572.9343,358127.9125,358.1279,1171.5362,4217.5304,1171.5362,1138.1178,277.8219,-0.0,-9.8066,9.8066,inf,2.0,0.0,0.0,0.0,0.0,0.0,2000.0,1372497113.51,1372.4971
321.0,Prithvi_Class,MIDCOURSE,573070.8077,573.0708,358696.9714,358.697,1170.3831,4213.3792,1170.3831,1138.1178,272.9185,-0.0,-9.8066,9.8066,inf,2.0,0.0,0.0,0.0,0.0,0.0,2000.0,1369796654.42,1369.7967
321.5,Prithvi_Class,MIDCOURSE,573204.8153,573.2048,359266.0303,359.266,1169.2495,4209.298,1169.2495,1138.1178,268.0152,-0.0,-9.8066,9.8066,inf,2.0,0.0,0.0,0.0,0.0,0.0,2000.0,1367144280.52,1367.1443
322.0,Prithvi_Class,MIDCOURSE,573336.3713,573.3364,359835.0892,359.8351,1168.1353,4205.2869,1168.1353,1138.1178,263.1119,-0.0,-9.8066,9.8066,inf,2.0,0.0,0.0,0.0,0.0,0.0,2000.0,1364539991.81,1364.54
322.5,Prithvi_Class,MIDCOURSE,573465.4755,573.4655,360404.1481,360.4041,1167.0406,4201.3462,1167.0406,1138.1178,258.2086,-0.0,-9.8066,9.8066,inf,2.0,0.0,0.0,0.0,0.0,0.0,2000.0,1361983788.29,1361.9838
323.0,Prithvi_Class,MIDCOURSE,573592.1282,573.5921,360973.207,360.9732,1165.9656,4197.476,1165.9656,1138.1178,253.3052,-0.0,-9.8066,9.8066,inf,2.0,0.0,0.0,0.0,0.0,0.0,2000.0,1359475669.96,1359.4757
323.5,Prithvi_Class,MIDCOURSE,573716.3291,573.7163,361542.2659,361.5423,1164.9101,4193.6765,1164.9101,1138.1178,248.4019,-0.0,-9.8066,9.8066,inf,2.0,0.0,0.0,0.0,0.0,0.0,2000.0,1357015636.83,1357.0156
324.0,Prithvi_Class,MIDCOURSE,573838.0784,573.8381,362111.3248,362.1113,1163.8744,4189.9479,1163.8744,1138.1178,243.4986,-0.0,-9.8066,9.8066,inf,2.0,0.0,0.0,0.0,0.0,0.0,2000.0,1354603688.89,1354.6037
324.5,Prithvi_Class,MIDCOURSE,573957.376,573.9574,362680.3837,362.6804,1162.8585,4186.2905,1162.8585,1138.1178,238.5953,-0.0,-9.8066,9.8066,inf,2.0,0.0,0.0,0.0,0.0,0.0,2000.0,1352239826.14,1352.2398
325.0,Prithvi_Class,MIDCOURSE,574074.222,574.0742,363249.4426,363.2494,1161.8623,4182.7043,1161.8623,1138.1178,233.6919,-0.0,-9.8066,9.8066,inf,2.0,0.0,0.0,0.0,0.0,0.0,2000.0,1349924048.58,1349.924
325.5,Prithvi_Class,MIDCOURSE,574188.6163,574.1886,363818.5015,363.8185,1160.886,4179.1897,1160.886,1138.1178,228.7886,-0.0,-9.8066,9.8066,inf,2.0,0.0,0.0,0.0,0.0,0.0,2000.0,1347656356.21,1347.6564
326.0,Prithvi_Class,MIDCOURSE,574300.5589,574.3006,364387.5604,364.3876,1159.9296,4175.7467,1159.9296,1138.1178,223.8853,-0.0,-9.8066,9.8066,inf,2.0,0.0,0.0,0.0,0.0,0.0,2000.0,1345436749.04,1345.4367
326.5,Prithvi_Class,MIDCOURSE,574410.0499,574.41,364956.6193,364.9566,1158.9932,4172.3755,1158.9932,1138.1178,218.982,-0.0,-9.8066,9.8066,inf,2.0,0.0,0.0,0.0,0.0,0.0,2000.0,1343265227.06,1343.2652
327.0,Prithvi_Class,MIDCOURSE,574517.0892,574.5171,365525.6782,365.5257,1158.0768,4169.0763,1158.0768,1138.1178,214.0786,-0.0,-9.8066,9.8066,inf,2.0,0.0,0.0,0.0,0.0,0.0,2000.0,1341141790.27,1341.1418
327.5,Prithvi_Class,MIDCOURSE,574621.6769,574.6217,366094.7371,366.0947,1157.1804,4165.8494,1157.1804,1138.1178,209.1753,-0.0,-9.8066,9.8066,inf,2.0,0.0,0.0,0.0,0.0,0.0,2000.0,1339066438.67,1339.0664
328.0,Prithvi_Class,MIDCOURSE,574723.8129,574.7238,366663.796,366.6638,1156.3041,4162.6948,1156.3041,1138.1178,204.272,-0.0,-9.8066,9.8066,inf,2.0,0.0,0.0,0.0,0.0,0.0,2000.0,1337039172.27,1337.0392
328.5,Prithvi_Class,MIDCOURSE,574823.4972,574.8235,367232.8549,367.2329,1155.448,4159.6127,1155.448,1138.1178,199.3687,-0.0,-9.8066,9.8066,inf,2.0,0.0,0.0,0.0,0.0,0.0,2000.0,1335059991.06,1335.06
329.0,Prithvi_Class,MIDCOURSE,574920.7299,574.9207,367801.9138,367.8019,1154.612,4156.6032,1154.612,1138.1178,194.4653,-0.0,-9.8066,9.8066,inf,2.0,0.0,0.0,0.0,0.0,0.0,2000.0,1333128895.04,1333.1289
329.5,Prithvi_Class,MIDCOURSE,575015.5109,575.0155,368370.9727,368.371,1153.7963,4153.6667,1153.7963,1138.1178,189.562,-0.0,-9.8066,9.8066,inf,2.0,0.0,0.0,0.0,0.0,0.0,2000.0,1331245884.21,1331.2459
330.0,Prithvi_Class,MIDCOURSE,575107.8402,575.1078,368940.0316,368.94,1153.0008,4150.8031,1153.0008,1138.1178,184.6587,-0.0,-9.8066,9.8066,inf,2.0,0.0,0.0,0.0,0.0,0.0,2000.0,1329410958.57,1329.411
330.5,Prithvi_Class,MIDCOURSE,575197.7179,575.1977,369509.0905,369.5091,1152.2257,4148.0126,1152.2257,1138.1178,179.7554,-0.0,-9.8066,9.8066,inf,2.0,0.0,0.0,0.0,0.0,0.0,2000.0,1327624118.13,1327.6241
331.0,Prithvi_Class,MIDCOURSE,575285.1439,575.2851,370078.1494,370.0781,1151.471,4145.2954,1151.471,1138.1178,174.852,-0.0,-9.8066,9.8066,inf,2.0,0.0,0.0,0.0,0.0,0.0,2000.0,1325885362.87,1325.8854
331.5,Prithvi_Class,MIDCOURSE,575370.1183,575.3701,370647.2083,370.6472,1150.7366,4142.6517,1150.7366,1138.1178,169.9487,-0.0,-9.8066,9.8066,inf,2.0,0.0,0.0,0.0,0.0,0.0,2000.0,1324194692.81,1324.1947
332.0,Prithvi_Class,MIDCOURSE,575452.6409,575.4526,371216.2672,371.2163,1150.0227,4140.0816,1150.0227,1138.1178,165.0454,-0.0,-9.8066,9.8066,inf,2.0,0.0,0.0,0.0,0.0,0.0,2000.0,1322552107.95,1322.5521
332.5,Prithvi_Class,MIDCOURSE,575532.712,575.5327,371785.3261,371.7853,1149.3292,4137.5851,1149.3292,1138.1178,160.1421,-0.0,-9.8066,9.8066,inf,2.0,0.0,0.0,0.0,0.0,0.0,2000.0,1320957608.27,1320.9576
333.0,Prithvi_Class,MIDCOURSE,575610.3313,575.6103,372354.385,372.3544,1148.6563,4135.1625,1148.6563,1138.1178,155.2387,-0.0,-9.8066,9.8066,inf,2.0,0.0,0.0,0.0,0.0,0.0,2000.0,1319411193.79,1319.4112
333.5,Prithvi_Class,MIDCOURSE,575685.499,575.6855,372923.4439,372.9234,1148.0039,4132.8139,1148.0039,1138.1178,150.3354,-0.0,-9.8066,9.8066,inf,2.0,0.0,0.0,0.0,0.0,0.0,2000.0,1317912864.49,1317.9129
334.0,Prithvi_Class,MIDCOURSE,575758.2151,575.7582,373492.5028,373.4925,1147.372,4130.5394,1147.372,1138.1178,145.4321,-0.0,-9.8066,9.8066,inf,2.0,0.0,0.0,0.0,0.0,0.0,2000.0,1316462620.4,1316.4626
334.5,Prithvi_Class,MIDCOURSE,575828.4795,575.8285,374061.5617,374.0616,1146.7609,4128.3391,1146.7609,1138.1178,140.5288,-0.0,-9.8066,9.8066,inf,2.0,0.0,0.0,0.0,0.0,0.0,2000.0,1315060461.49,1315.0605
335.0,Prithvi_Class,MIDCOURSE,575896.2922,575.8963,374630.6206,374.6306,1146.1703,4126.2131,1146.1703,1138.1178,135.6254,-0.0,-9.8066,9.8066,inf,2.0,0.0,0.0,0.0,0.0,0.0,2000.0,1313706387.77,1313.7064
335.5,Prithvi_Class,MIDCOURSE,575961.6532,575.9617,375199.6795,375.1997,1145.6005,4124.1616,1145.6005,1138.1178,130.7221,-0.0,-9.8066,9.8066,inf,2.0,0.0,0.0,0.0,0.0,0.0,2000.0,1312400399.25,1312.4004
336.0,Prithvi_Class,MIDCOURSE,576024.5626,576.0246,375768.7384,375.7687,1145.0513,4122.1847,1145.0513,1138.1178,125.8188,-0.0,-9.8066,9.8066,inf,2.0,0.0,0.0,0.0,0.0,0.0,2000.0,1311142495.92,1311.1425
336.5,Prithvi_Class,MIDCOURSE,576085.0203,576.085,376337.7973,376.3378,1144.5229,4120.2825,1144.5229,1138.1178,120.9155,-0.0,-9.8066,9.8066,inf,2.0,0.0,0.0,0.0,0.0,0.0,2000.0,1309932677.78,1309.9327
337.0,Prithvi_Class,MIDCOURSE,576143.0264,576.143,376906.8562,376.9069,1144.0153,4118.455,1144.0153,1138.1178,116.0121,-0.0,-9.8066,9.8066,inf,2.0,0.0,0.0,0.0,0.0,0.0,2000.0,1308770944.83,1308.7709
337.5,Prithvi_Class,MIDCOURSE,576198.5808,576.1986,377475.9152,377.4759,1143.5284,4116.7024,1143.5284,1138.1178,111.1088,-0.0,-9.8066,9.8066,inf,2.0,0.0,0.0,0.0,0.0,0.0,2000.0,1307657297.08,1307.6573
338.0,Prithvi_Class,MIDCOURSE,576251.6835,576.2517,378044.9741,378.045,1143.0624,4115.0248,1143.0624,1138.1178,106.2055,-0.0,-9.8066,9.8066,inf,2.0,0.0,0.0,0.0,0.0,0.0,2000.0,1306591734.52,1306.5917
338.5,Prithvi_Class,MIDCOURSE,576302.3346,576.3023,378614.033,378.614,1142.6173,4113.4222,1142.6173,1138.1178,101.3022,-0.0,-9.8066,9.8066,inf,2.0,0.0,0.0,0.0,0.0,0.0,2000.0,1305574257.14,1305.5743
339.0,Prithvi_Class,MIDCOURSE,576350.534,576.3505,379183.0919,379.1831,1142.193,4111.8948,1142.193,1138.1178,96.3988,-0.0,-9.8066,9.8066,inf,2.0,0.0,0.0,0.0,0.0,0.0,2000.0,1304604864.97,1304.6049
339.5,Prithvi_Class,MIDCOURSE,576396.2818,576.3963,379752.1508,379.7522,1141.7896,4110.4427,1141.7896,1138.1178,91.4955,-0.0,-9.8066,9.8066,inf,2.0,0.0,0.0,0.0,0.0,0.0,2000.0,1303683557.98,1303.6836
340.0,Prithvi_Class,MIDCOURSE,576439.5779,576.4396,380321.2097,380.3212,1141.4072,4109.0658,1141.4072,1138.1178,86.5922,-0.0,-9.8066,9.8066,inf,2.0,0.0,0.0,0.0,0.0,0.0,2000.0,1302810336.19,1302.8103
340.5,Prithvi_Class,MIDCOURSE,576480.4223,576.4804,380890.2686,380.8903,1141.0457,4107.7644,1141.0457,1138.1178,81.6889,-0.0,-9.8066,9.8066,inf,2.0,0.0,0.0,0.0,0.0,0.0,2000.0,1301985199.58,1301.9852
341.0,Prithvi_Class,MIDCOURSE,576518.8151,576.5188,381459.3275,381.4593,1140.7051,4106.5384,1140.7051,1138.1178,76.7855,-0.0,-9.8066,9.8066,inf,2.0,0.0,0.0,0.0,0.0,0.0,2000.0,1301208148.17,1301.2081
341.5,Prithvi_Class,MIDCOURSE,576554.7562,576.5548,382028.3864,382.0284,1140.3855,4105.3879,1140.3855,1138.1178,71.8822,-0.0,-9.8066,9.8066,inf,2.0,0.0,0.0,0.0,0.0,0.0,2000.0,1300479181.96,1300.4792
342.0,Prithvi_Class,MIDCOURSE,576588.2456,576.5882,382597.4453,382.5974,1140.087,4104.3131,1140.087,1138.1178,66.9789,-0.0,-9.8066,9.8066,inf,2.0,0.0,0.0,0.0,0.0,0.0,2000.0,1299798300.93,1299.7983
342.5,Prithvi_Class,MIDCOURSE,576619.2834,576.6193,383166.5042,383.1665,1139.8094,4103.3139,1139.8094,1138.1178,62.0756,-0.0,-9.8066,9.8066,inf,2.0,0.0,0.0,0.0,0.0,0.0,2000.0,1299165505.1,1299.1655
343.0,Prithvi_Class,MIDCOURSE,576647.8695,576.6479,383735.5631,383.7356,1139.5529,4102.3904,1139.5529,1138.1178,57.1722,-0.0,-9.8066,9.8066,inf,2.0,0.0,0.0,0.0,0.0,0.0,2000.0,1298580794.46,1298.5808
343.5,Prithvi_Class,MIDCOURSE,576674.004,576.674,384304.622,384.3046,1139.3174,4101.5427,1139.3174,1138.1178,52.2689,-0.0,-9.8066,9.8066,inf,2.0,0.0,0.0,0.0,0.0,0.0,2000.0,1298044169.01,1298.0442
344.0,Prithvi_Class,MIDCOURSE,576697.6867,576.6977,384873.6809,384.8737,1139.103,4100.7708,1139.103,1138.1178,47.3656,-0.0,-9.8066,9.8066,inf,2.0,0.0,0.0,0.0,0.0,0.0,2000.0,1297555628.75,1297.5556
344.5,Prithvi_Class,MIDCOURSE,576718.9179,576.7189,385442.7398,385.4427,1138.9096,4100.0747,1138.9096,1138.1178,42.4623,-0.0,-9.8066,9.8066,inf,2.0,0.0,0.0,0.0,0.0,0.0,2000.0,1297115173.68,1297.1152
345.0,Prithvi_Class,MIDCOURSE,576737.6973,576.7377,386011.7987,386.0118,1138.7374,4099.4545,1138.7374,1138.1178,37.5589,-0.0,-9.8066,9.8066,inf,2.0,0.0,0.0,0.0,0.0,0.0,2000.0,1296722803.81,1296.7228
345.5,Prithvi_Class,MIDCOURSE,576754.0251,576.754,386580.8576,386.5809,1138.5862,4098.9103,1138.5862,1138.1178,32.6556,-0.0,-9.8066,9.8066,inf,2.0,0.0,0.0,0.0,0.0,0.0,2000.0,1296378519.13,1296.3785
346.0,Prithvi_Class,MIDCOURSE,576767.9013,576.7679,387149.9165,387.1499,1138.4561,4098.442,1138.4561,1138.1178,27.7523,-0.0,-9.8066,9.8066,inf,2.0,0.0,0.0,0.0,0.0,0.0,2000.0,1296082319.64,1296.0823
346.5,Prithvi_Class,MIDCOURSE,576779.3258,576.7793,387718.9754,387.719,1138.3471,4098.0497,1138.3471,1138.1178,22.849,-0.0,-9.8066,9.8066,inf,2.0,0.0,0.0,0.0,0.0,0.0,2000.0,1295834205.34,1295.8342
347.0,Prithvi_Class,MIDCOURSE,576788.2986,576.7883,388288.0343,388.288,1138.2593,4097.7334,1138.2593,1138.1178,17.9456,-0.0,-9.8066,9.8066,inf,2.0,0.0,0.0,0.0,0.0,0.0,2000.0,1295634176.24,1295.6342
347.5,Prithvi_Class,MIDCOURSE,576794.8197,576.7948,388857.0932,388.8571,1138.1925,4097.4931,1138.1925,1138.1178,13.0423,-0.0,-9.8066,9.8066,inf,2.0,0.0,0.0,0.0,0.0,0.0,2000.0,1295482232.33,1295.4822
348.0,Prithvi_Class,MIDCOURSE,576798.8892,576.7989,389426.1521,389.4262,1138.1469,4097.3289,1138.1469,1138.1178,8.139,-0.0,-9.8066,9.8066,inf,2.0,0.0,0.0,0.0,0.0,0.0,2000.0,1295378373.61,1295.3784
348.5,Prithvi_Class,MIDCOURSE,576800.507,576.8005,389995.211,389.9952,1138.1224,4097.2406,1138.1224,1138.1178,3.2357,-0.0,-9.8066,9.8066,inf,2.0,0.0,0.0,0.0,0.0,0.0,2000.0,1295322600.08,1295.3226
349.0,Prithvi_Class,TERMINAL,576799.6732,576.7997,390564.2699,390.5643,1138.119,4097.2285,1138.119,1138.1178,-1.6677,-0.0,-9.8066,9.8066,inf,2.0,0.0,0.0,0.0,0.0,0.0,2000.0,1295314911.74,1295.3149
349.5,Prithvi_Class,TERMINAL,576796.3877,576.7964,391133.3288,391.1333,1138.1368,4097.2924,1138.1368,1138.1178,-6.571,-0.0,-9.8066,9.8066,inf,2.0,0.0,0.0,0.0,0.0,0.0,2000.0,1295355308.6,1295.3553
350.0,Prithvi_Class,TERMINAL,576790.6506,576.7907,391702.3877,391.7024,1138.1756,4097.4323,1138.1756,1138.1178,-11.4743,-0.0,-9.8066,9.8066,inf,2.0,0.0,0.0,0.0,0.0,0.0,2000.0,1295443790.65,1295.4438
350.5,Prithvi_Class,TERMINAL,576782.4617,576.7825,392271.4466,392.2714,1138.2356,4097.6483,1138.2356,1138.1178,-16.3776,-0.0,-9.8066,9.8066,inf,2.0,0.0,0.0,0.0,0.0,0.0,2000.0,1295580357.89,1295.5804
351.0,Prithvi_Class,TERMINAL,576771.8212,576.7718,392840.5055,392.8405,1138.3167,4097.9403,1138.3167,1138.1178,-21.281,-0.0,-9.8066,9.8066,inf,2.0,0.0,0.0,0.0,0.0,0.0,2000.0,1295765010.32,1295.765
351.5,Prithvi_Class,TERMINAL,576758.7291,576.7587,393409.5644,393.4096,1138.419,4098.3083,1138.419,1138.1178,-26.1843,-0.0,-9.8066,9.8066,inf,2.0,0.0,0.0,0.0,0.0,0.0,2000.0,1295997747.94,1295.9977
352.0,Prithvi_Class,TERMINAL,576743.1853,576.7432,393978.6233,393.9786,1138.5423,4098.7523,1138.5423,1138.1178,-31.0876,-0.0,-9.8066,9.8066,inf,2.0,0.0,0.0,0.0,0.0,0.0,2000.0,1296278570.76,1296.2786
352.5,Prithvi_Class,TERMINAL,576725.1898,576.7252,394547.6822,394.5477,1138.6867,4099.2722,1138.6867,1138.1178,-35.9909,-0.0,-9.8066,9.8066,inf,2.0,0.0,0.0,0.0,0.0,0.0,2000.0,1296607478.77,1296.6075
353.0,Prithvi_Class,TERMINAL,576704.7427,576.7047,395116.7411,395.1167,1138.8523,4099.8681,1138.8523,1138.1178,-40.8943,-0.0,-9.8066,9.8066,inf,2.0,0.0,0.0,0.0,0.0,0.0,2000.0,1296984471.97,1296.9845
353.5,Prithvi_Class,TERMINAL,576681.8439,576.6818,395685.8,395.6858,1139.0389,4100.5399,1139.0389,1138.1178,-45.7976,-0.0,-9.8066,9.8066,inf,2.0,0.0,0.0,0.0,0.0,0.0,2000.0,1297409550.36,1297.4096
354.0,Prithvi_Class,TERMINAL,576656.4934,576.6565,396254.8589,396.2549,1139.2466,4101.2876,1139.2466,1138.1178,-50.7009,-0.0,-9.8066,9.8066,inf,2.0,0.0,0.0,0.0,0.0,0.0,2000.0,1297882713.95,1297.8827
354.5,Prithvi_Class,TERMINAL,576628.6913,576.6287,396823.9178,396.8239,1139.4753,4102.1111,1139.4753,1138.1178,-55.6042,-0.0,-9.8066,9.8066,inf,2.0,0.0,0.0,0.0,0.0,0.0,2000.0,1298403962.72,1298.404
355.0,Prithvi_Class,TERMINAL,576598.4375,576.5984,397392.9767,397.393,1139.7251,4103.0103,1139.7251,1138.1178,-60.5076,-0.0,-9.8066,9.8066,inf,2.0,0.0,0.0,0.0,0.0,0.0,2000.0,1298973296.69,1298.9733
355.5,Prithvi_Class,TERMINAL,576565.7321,576.5657,397962.0356,397.962,1139.9959,4103.9853,1139.9959,1138.1178,-65.4109,-0.0,-9.8066,9.8066,inf,2.0,0.0,0.0,0.0,0.0,0.0,2000.0,1299590715.85,1299.5907
356.0,Prithvi_Class,TERMINAL,576530.575,576.5306,398531.0945,398.5311,1140.2878,4105.036,1140.2878,1138.1178,-70.3142,-0.0,-9.8066,9.8066,inf,2.0,0.0,0.0,0.0,0.0,0.0,2000.0,1300256220.21,1300.2562
356.5,Prithvi_Class,TERMINAL,576492.9662,576.493,399100.1534,399.1002,1140.6006,4106.1623,1140.6006,1138.1178,-75.2175,-0.0,-9.8066,9.8066,inf,2.0,0.0,0.0,0.0,0.0,0.0,2000.0,1300969809.75,1300.9698
357.0,Prithvi_Class,TERMINAL,576452.9057,576.4529,399669.2123,399.6692,1140.9345,4107.3641,1140.9345,1138.1178,-80.1209,-0.0,-9.8066,9.8066,inf,2.0,0.0,0.0,0.0,0.0,0.0,2000.0,1301731484.49,1301.7315
357.5,Prithvi_Class,TERMINAL,576410.3936,576.4104,400238.2712,400.2383,1141.2893,4108.6414,1141.2893,1138.1178,-85.0242,-0.0,-9.8066,9.8066,inf,2.0,0.0,0.0,0.0,0.0,0.0,2000.0,1302541244.42,1302.5412
358.0,Prithvi_Class,TERMINAL,576365.4299,576.3654,400807.3301,400.8073,1141.6651,4109.9942,1141.6651,1138.1178,-89.9275,-0.0,-9.8066,9.8066,inf,2.0,0.0,0.0,0.0,0.0,0.0,2000.0,1303399089.54,1303.3991
358.5,Prithvi_Class,TERMINAL,576318.0145,576.318,401376.389,401.3764,1142.0617,4111.4223,1142.0617,1138.1178,-94.8308,-0.0,-9.8066,9.8066,inf,2.0,0.0,0.0,0.0,0.0,0.0,2000.0,1304305019.86,1304.305
359.0,Prithvi_Class,TERMINAL,576268.1474,576.2681,401945.4479,401.9454,1142.4793,4112.9256,1142.4793,1138.1178,-99.7342,-0.0,-9.8066,9.8066,inf,2.0,0.0,0.0,0.0,0.0,0.0,2000.0,1305259035.36,1305.259
359.5,Prithvi_Class,TERMINAL,576215.8286,576.2158,402514.5068,402.5145,1142.9178,4114.5041,1142.9178,1138.1178,-104.6375,-0.0,-9.8066,9.8066,inf,2.0,0.0,0.0,0.0,0.0,0.0,2000.0,1306261136.06,1306.2611
360.0,Prithvi_Class,TERMINAL,576161.0582,576.1611,403083.5657,403.0836,1143.3772,4116.1578,1143.3772,1138.1178,-109.5408,-0.0,-9.8066,9.8066,inf,2.0,0.0,0.0,0.0,0.0,0.0,2000.0,1307311321.95,1307.3113
360.5,Prithvi_Class,TERMINAL,576103.8361,576.1038,403652.6246,403.6526,1143.8573,4117.8864,1143.8573,1138.1178,-114.4441,-0.0,-9.8066,9.8066,inf,2.0,0.0,0.0,0.0,0.0,0.0,2000.0,1308409593.03,1308.4096
361.0,Prithvi_Class,TERMINAL,576044.1624,576.0442,404221.6835,404.2217,1144.3583,4119.6899,1144.3583,1138.1178,-119.3475,-0.0,-9.8066,9.8066,inf,2.0,0.0,0.0,0.0,0.0,0.0,2000.0,1309555949.31,1309.5559
361.5,Prithvi_Class,TERMINAL,575982.037,575.982,404790.7424,404.7907,1144.8801,4121.5683,1144.8801,1138.1178,-124.2508,-0.0,-9.8066,9.8066,inf,2.0,0.0,0.0,0.0,0.0,0.0,2000.0,1310750390.77,1310.7504
362.0,Prithvi_Class,TERMINAL,575917.46,575.9175,405359.8013,405.3598,1145.4226,4123.5213,1145.4226,1138.1178,-129.1541,-0.0,-9.8066,9.8066,inf,2.0,0.0,0.0,0.0,0.0,0.0,2000.0,1311992917.43,1311.9929
362.5,Prithvi_Class,TERMINAL,575850.4312,575.8504,405928.8602,405.9289,1145.9858,4125.549,1145.9858,1138.1178,-134.0574,-0.0,-9.8066,9.8066,inf,2.0,0.0,0.0,0.0,0.0,0.0,2000.0,1313283529.28,1313.2835
363.0,Prithvi_Class,TERMINAL,575780.9508,575.781,406497.9191,406.4979,1146.5698,4127.6512,1146.5698,1138.1178,-138.9608,-0.0,-9.8066,9.8066,inf,2.0,0.0,0.0,0.0,0.0,0.0,2000.0,1314622226.33,1314.6222
363.5,Prithvi_Class,TERMINAL,575709.0188,575.709,407066.978,407.067,1147.1744,4129.8277,1147.1744,1138.1178,-143.8641,-0.0,-9.8066,9.8066,inf,2.0,0.0,0.0,0.0,0.0,0.0,2000.0,1316009008.56,1316.009
364.0,Prithvi_Class,TERMINAL,575634.6351,575.6346,407636.0369,407.636,1147.7996,4132.0785,1147.7996,1138.1178,-148.7674,-0.0,-9.8066,9.8066,inf,2.0,0.0,0.0,0.0,0.0,0.0,2000.0,1317443875.99,1317.4439
364.5,Prithvi_Class,TERMINAL,575557.7997,575.5578,408205.0958,408.2051,1148.4454,4134.4034,1148.4454,1138.1178,-153.6707,-0.0,-9.8066,9.8066,inf,2.0,0.0,0.0,0.0,0.0,0.0,2000.0,1318926828.61,1318.9268
365.0,Prithvi_Class,TERMINAL,575478.5127,575.4785,408774.1547,408.7742,1149.1118,4136.8024,1149.1118,1138.1178,-158.5741,-0.0,-9.8066,9.8066,inf,2.0,0.0,0.0,0.0,0.0,0.0,2000.0,1320457866.42,1320.4579
365.5,Prithvi_Class,TERMINAL,575396.774,575.3968,409343.2136,409.3432,1149.7987,4139.2752,1149.7987,1138.1178,-163.4774,-0.0,-9.8066,9.8066,inf,2.0,0.0,0.0,0.0,0.0,0.0,2000.0,1322036989.42,1322.037
366.0,Prithvi_Class,TERMINAL,575312.5836,575.3126,409912.2725,409.9123,1150.5061,4141.8218,1150.5061,1138.1178,-168.3807,-0.0,-9.8066,9.8066,inf,2.0,0.0,0.0,0.0,0.0,0.0,2000.0,1323664197.62,1323.6642
366.5,Prithvi_Class,TERMINAL,575225.9416,575.2259,410481.3314,410.4813,1151.2339,4144.442,1151.2339,1138.1178,-173.284,-0.0,-9.8066,9.8066,inf,2.0,0.0,0.0,0.0,0.0,0.0,2000.0,1325339491.01,1325.3395
367.0,Prithvi_Class,TERMINAL,575136.8479,575.1368,411050.3903,411.0504,1151.9821,4147.1357,1151.9821,1138.1178,-178.1874,-0.0,-9.8066,9.8066,inf,2.0,0.0,0.0,0.0,0.0,0.0,2000.0,1327062869.59,1327.0629
367.5,Prithvi_Class,TERMINAL,575045.3026,575.0453,411619.4492,411.6194,1152.7508,4149.9028,1152.7508,1138.1178,-183.0907,-0.0,-9.8066,9.8066,inf,2.0,0.0,0.0,0.0,0.0,0.0,2000.0,1328834333.36,1328.8343
368.0,Prithvi_Class,TERMINAL,574951.3056,574.9513,412188.5081,412.1885,1153.5397,4152.743,1153.5397,1138.1178,-187.994,-0.0,-9.8066,9.8066,inf,2.0,0.0,0.0,0.0,0.0,0.0,2000.0,1330653882.32,1330.6539
368.5,Prithvi_Class,TERMINAL,574854.8569,574.8549,412757.567,412.7576,1154.349,4155.6562,1154.349,1138.1178,-192.8973,-0.0,-9.8066,9.8066,inf,2.0,0.0,0.0,0.0,0.0,0.0,2000.0,1332521516.48,1332.5215
369.0,Prithvi_Class,TERMINAL,574755.9566,574.756,413326.6259,413.3266,1155.1784,4158.6424,1155.1784,1138.1178,-197.8007,-0.0,-9.8066,9.8066,inf,2.0,0.0,0.0,0.0,0.0,0.0,2000.0,1334437235.83,1334.4372
369.5,Prithvi_Class,TERMINAL,574654.6046,574.6546,413895.6848,413.8957,1156.0281,4161.7013,1156.0281,1138.1178,-202.704,-0.0,-9.8066,9.8066,inf,2.0,0.0,0.0,0.0,0.0,0.0,2000.0,1336401040.37,1336.401
370.0,Prithvi_Class,TERMINAL,574550.8009,574.5508,414464.7437,414.4647,1156.898,4164.8327,1156.898,1138.1178,-207.6073,-0.0,-9.8066,9.8066,inf,2.0,0.0,0.0,0.0,0.0,0.0,2000.0,1338412930.1,1338.4129
370.5,Prithvi_Class,TERMINAL,574444.5456,574.4445,415033.8026,415.0338,1157.7879,4168.0366,1157.7879,1138.1178,-212.5106,-0.0,-9.8066,9.8066,inf,2.0,0.0,0.0,0.0,0.0,0.0,2000.0,1340472905.02,1340.4729
371.0,Prithvi_Class,TERMINAL,574335.8386,574.3358,415602.8615,415.6029,1158.698,4171.3127,1158.698,1138.1178,-217.414,-0.0,-9.8066,9.8066,inf,2.0,0.0,0.0,0.0,0.0,0.0,2000.0,1342580965.14,1342.581
371.5,Prithvi_Class,TERMINAL,574224.6799,574.2247,416171.9204,416.1719,1159.628,4174.6608,1159.628,1138.1178,-222.3173,-0.0,-9.8066,9.8066,inf,2.0,0.0,0.0,0.0,0.0,0.0,2000.0,1344737110.45,1344.7371
372.0,Prithvi_Class,TERMINAL,574111.0696,574.1111,416740.9793,416.741,1160.578,4178.0809,1160.578,1138.1178,-227.2206,-0.0,-9.8066,9.8066,inf,2.0,0.0,0.0,0.0,0.0,0.0,2000.0,1346941340.95,1346.9413
372.5,Prithvi_Class,TERMINAL,573995.0077,573.995,417310.0382,417.31,1161.548,4181.5726,1161.548,1138.1178,-232.1239,-0.0,-9.8066,9.8066,inf,2.0,0.0,0.0,0.0,0.0,0.0,2000.0,1349193656.64,1349.1937
373.0,Prithvi_Class,TERMINAL,573876.494,573.8765,417879.0971,417.8791,1162.5378,4185.136,1162.5378,1138.1178,-237.0273,-0.0,-9.8066,9.8066,inf,2.0,0.0,0.0,0.0,0.0,0.0,2000.0,1351494057.53,1351.4941
373.5,Prithvi_Class,TERMINAL,573755.5287,573.7555,418448.156,418.4482,1163.5474,4188.7706,1163.5474,1138.1178,-241.9306,-0.0,-9.8066,9.8066,inf,2.0,0.0,0.0,0.0,0.0,0.0,2000.0,1353842543.61,1353.8425
374.0,Prithvi_Class,TERMINAL,573632.1118,573.6321,419017.2149,419.0172,1164.5768,4192.4765,1164.5768,1138.1178,-246.8339,-0.0,-9.8066,9.8066,inf,2.0,0.0,0.0,0.0,0.0,0.0,2000.0,1356239114.88,1356.2391
374.5,Prithvi_Class,TERMINAL,573506.2431,573.5062,419586.2738,419.5863,1165.6259,4196.2533,1165.6259,1138.1178,-251.7372,-0.0,-9.8066,9.8066,inf,2.0,0.0,0.0,0.0,0.0,0.0,2000.0,1358683771.34,1358.6838
375.0,Prithvi_Class,TERMINAL,573377.9229,573.3779,420155.3327,420.1553,1166.6947,4200.1009,1166.6947,1138.1178,-256.6406,-0.0,-9.8066,9.8066,inf,2.0,0.0,0.0,0.0,0.0,0.0,2000.0,1361176512.99,1361.1765
375.5,Prithvi_Class,TERMINAL,573247.1509,573.2472,420724.3916,420.7244,1167.7831,4204.0191,1167.7831,1138.1178,-261.5439,-0.0,-9.8066,9.8066,inf,2.0,0.0,0.0,0.0,0.0,0.0,2000.0,1363717339.84,1363.7173
376.0,Prithvi_Class,TERMINAL,573113.9273,573.1139,421293.4505,421.2935,1168.891,4208.0077,1168.891,1138.1178,-266.4472,-0.0,-9.8066,9.8066,inf,2.0,0.0,0.0,0.0,0.0,0.0,2000.0,1366306251.87,1366.3063
376.5,Prithvi_Class,TERMINAL,572978.252,572.9783,421862.5094,421.8625,1170.0185,4212.0665,1170.0185,1138.1178,-271.3505,-0.0,-9.8066,9.8066,inf,2.0,0.0,0.0,0.0,0.0,0.0,2000.0,1368943249.1,1368.9432
377.0,Prithvi_Class,TERMINAL,572840.1251,572.8401,422431.5683,422.4316,1171.1654,4216.1953,1171.1654,1138.1178,-276.2539,-0.0,-9.8066,9.8066,inf,2.0,0.0,0.0,0.0,0.0,0.0,2000.0,1371628331.53,1371.6283
377.5,Prithvi_Class,TERMINAL,572699.5465,572.6995,423000.6272,423.0006,1172.3317,4220.3939,1172.3317,1138.1178,-281.1572,-0.0,-9.8066,9.8066,inf,2.0,0.0,0.0,0.0,0.0,0.0,2000.0,1374361499.14,1374.3615
378.0,Prithvi_Class,TERMINAL,572556.5162,572.5565,423569.6861,423.5697,1173.5173,4224.6621,1173.5173,1138.1178,-286.0605,-0.0,-9.8066,9.8066,inf,2.0,0.0,0.0,0.0,0.0,0.0,2000.0,1377142751.95,1377.1428
378.5,Prithvi_Class,TERMINAL,572411.0343,572.411,424138.745,424.1387,1174.7221,4228.9997,1174.7221,1138.1178,-290.9638,-0.0,-9.8066,9.8066,inf,2.0,0.0,0.0,0.0,0.0,0.0,2000.0,1379972089.95,1379.9721
379.0,Prithvi_Class,TERMINAL,572263.1007,572.2631,424707.8039,424.7078,1175.9462,4233.4064,1175.9462,1138.1178,-295.8672,-0.0,-9.8066,9.8066,inf,2.0,0.0,0.0,0.0,0.0,0.0,2000.0,1382849513.14,1382.8495
379.5,Prithvi_Class,TERMINAL,572112.7155,572.1127,425276.8628,425.2769,1177.1895,4237.8821,1177.1895,1138.1178,-300.7705,-0.0,-9.8066,9.8066,inf,2.0,0.0,0.0,0.0,0.0,0.0,2000.0,1385775021.52,1385.775
380.0,Prithvi_Class,TERMINAL,571959.8786,571.9599,425845.9217,425.8459,1178.4518,4242.4264,1178.4518,1138.1178,-305.6738,-0.0,-9.8066,9.8066,inf,2.0,0.0,0.0,0.0,0.0,0.0,2000.0,1388748615.09,1388.7486
380.5,Prithvi_Class,TERMINAL,571804.59,571.8046,426414.9806,426.415,1179.7331,4247.0393,1179.7331,1138.1178,-310.5771,-0.0,-9.8066,9.8066,inf,2.0,0.0,0.0,0.0,0.0,0.0,2000.0,1391770293.86,1391.7703
381.0,Prithvi_Class,TERMINAL,571646.8498,571.6468,426984.0395,426.984,1181.0335,4251.7205,1181.0335,1138.1178,-315.4805,-0.0,-9.8066,9.8066,inf,2.0,0.0,0.0,0.0,0.0,0.0,2000.0,1394840057.82,1394.8401
381.5,Prithvi_Class,TERMINAL,571486.6579,571.4867,427553.0984,427.5531,1182.3527,4256.4697,1182.3527,1138.1178,-320.3838,-0.0,-9.8066,9.8066,inf,2.0,0.0,0.0,0.0,0.0,0.0,2000.0,1397957906.97,1397.9579
382.0,Prithvi_Class,TERMINAL,571324.0143,571.324,428122.1573,428.1222,1183.6908,4261.2868,1183.6908,1138.1178,-325.2871,-0.0,-9.8066,9.8066,inf,2.0,0.0,0.0,0.0,0.0,0.0,2000.0,1401123841.31,1401.1238
382.5,Prithvi_Class,TERMINAL,571158.9191,571.1589,428691.2162,428.6912,1185.0476,4266.1714,1185.0476,1138.1178,-330.1904,-0.0,-9.8066,9.8066,inf,2.0,0.0,0.0,0.0,0.0,0.0,2000.0,1404337860.85,1404.3379
383.0,Prithvi_Class,TERMINAL,570991.3722,570.9914,429260.2751,429.2603,1186.4232,4271.1235,1186.4232,1138.1178,-335.0938,-0.0,-9.8066,9.8066,inf,2.0,0.0,0.0,0.0,0.0,0.0,2000.0,1407599965.58,1407.6
383.5,Prithvi_Class,TERMINAL,570821.3736,570.8214,429829.334,429.8293,1187.8174,4276.1426,1187.8174,1138.1178,-339.9971,-0.0,-9.8066,9.8066,inf,2.0,0.0,0.0,0.0,0.0,0.0,2000.0,1410910155.5,1410.9102
384.0,Prithvi_Class,TERMINAL,570648.9234,570.6489,430398.3929,430.3984,1189.2302,4281.2287,1189.2302,1138.1178,-344.9004,-0.0,-9.8066,9.8066,inf,2.0,0.0,0.0,0.0,0.0,0.0,2000.0,1414268430.61,1414.2684
384.5,Prithvi_Class,TERMINAL,570474.0216,570.474,430967.4518,430.9675,1190.6615,4286.3814,1190.6615,1138.1178,-349.8037,-0.0,-9.8066,9.8066,inf,2.0,0.0,0.0,0.0,0.0,0.0,2000.0,1417674790.91,1417.6748
385.0,Prithvi_Class,TERMINAL,570296.668,570.2967,431536.5107,431.5365,1192.1113,4291.6005,1192.1113,1138.1178,-354.7071,-0.0,-9.8066,9.8066,inf,2.0,0.0,0.0,0.0,0.0,0.0,2000.0,1421129236.41,1421.1292
385.5,Prithvi_Class,TERMINAL,570116.8628,570.1169,432105.5696,432.1056,1193.5794,4296.8858,1193.5794,1138.1178,-359.6104,-0.0,-9.8066,9.8066,inf,2.0,0.0,0.0,0.0,0.0,0.0,2000.0,1424631767.09,1424.6318
386.0,Prithvi_Class,TERMINAL,569934.606,569.9346,432674.6285,432.6746,1195.0658,4302.2371,1195.0658,1138.1178,-364.5137,-0.0,-9.8066,9.8066,inf,2.0,0.0,0.0,0.0,0.0,0.0,2000.0,1428182382.97,1428.1824
386.5,Prithvi_Class,TERMINAL,569749.8974,569.7499,433243.6874,433.2437,1196.5706,4307.654,1196.5706,1138.1178,-369.417,-0.0,-9.8066,9.8066,inf,2.0,0.0,0.0,0.0,0.0,0.0,2000.0,1431781084.05,1431.7811
387.0,Prithvi_Class,TERMINAL,569562.7373,569.5627,433812.7463,433.8127,1198.0934,4313.1364,1198.0934,1138.1178,-374.3204,-0.0,-9.8066,9.8066,inf,2.0,0.0,0.0,0.0,0.0,0.0,2000.0,1435427870.31,1435.4279
387.5,Prithvi_Class,TERMINAL,569373.1254,569.3731,434381.8052,434.3818,1199.6344,4318.6839,1199.6344,1138.1178,-379.2237,-0.0,-9.8066,9.8066,inf,2.0,0.0,0.0,0.0,0.0,0.0,2000.0,1439122741.77,1439.1227
388.0,Prithvi_Class,TERMINAL,569181.0619,569.1811,434950.8641,434.9509,1201.1934,4324.2964,1201.1934,1138.1178,-384.127,-0.0,-9.8066,9.8066,inf,2.0,0.0,0.0,0.0,0.0,0.0,2000.0,1442865698.42,1442.8657
388.5,Prithvi_Class,TERMINAL,568986.5467,568.9865,435519.923,435.5199,1202.7704,4329.9736,1202.7704,1138.1178,-389.0303,-0.0,-9.8066,9.8066,inf,2.0,0.0,0.0,0.0,0.0,0.0,2000.0,1446656740.26,1446.6567
389.0,Prithvi_Class,TERMINAL,568789.5799,568.7896,436088.9819,436.089,1204.3653,4335.7152,1204.3653,1138.1178,-393.9337,-0.0,-9.8066,9.8066,inf,2.0,0.0,0.0,0.0,0.0,0.0,2000.0,1450495867.29,1450.4959
389.5,Prithvi_Class,TERMINAL,568590.1614,568.5902,436658.0408,436.658,1205.9781,4341.521,1205.9781,1138.1178,-398.837,-0.0,-9.8066,9.8066,inf,2.0,0.0,0.0,0.0,0.0,0.0,2000.0,1454383079.51,1454.3831
390.0,Prithvi_Class,TERMINAL,568388.2912,568.3883,437227.0997,437.2271,1207.6085,4347.3907,1207.6085,1138.1178,-403.7403,-0.0,-9.8066,9.8066,inf,2.0,0.0,0.0,0.0,0.0,0.0,2000.0,1458318376.93,1458.3184
390.5,Prithvi_Class,TERMINAL,568183.9694,568.184,437796.1586,437.7962,1209.2567,4353.3241,1209.2567,1138.1178,-408.6436,-0.0,-9.8066,9.8066,inf,2.0,0.0,0.0,0.0,0.0,0.0,2000.0,1462301759.54,1462.3018
391.0,Prithvi_Class,TERMINAL,567977.1959,567.9772,438365.2175,438.3652,1210.9225,4359.3209,1210.9225,1138.1178,-413.547,-0.0,-9.8066,9.8066,inf,2.0,0.0,0.0,0.0,0.0,0.0,2000.0,1466333227.34,1466.3332
391.5,Prithvi_Class,TERMINAL,567767.9708,567.768,438934.2764,438.9343,1212.6058,4365.3808,1212.6058,1138.1178,-418.4503,-0.0,-9.8066,9.8066,inf,2.0,0.0,0.0,0.0,0.0,0.0,2000.0,1470412780.34,1470.4128
392.0,Prithvi_Class,TERMINAL,567556.294,567.5563,439503.3353,439.5033,1214.3066,4371.5036,1214.3066,1138.1178,-423.3536,-0.0,-9.8066,9.8066,inf,2.0,0.0,0.0,0.0,0.0,0.0,2000.0,1474540418.52,1474.5404
392.5,Prithvi_Class,TERMINAL,567342.1655,567.3422,440072.3942,440.0724,1216.0247,4377.689,1216.0247,1138.1178,-428.2569,-0.0,-9.8066,9.8066,inf,2.0,0.0,0.0,0.0,0.0,0.0,2000.0,1478716141.9,1478.7161
393.0,Prithvi_Class,TERMINAL,567125.5854,567.1256,440641.4531,440.6415,1217.7602,4383.9368,1217.7602,1138.1178,-433.1603,-0.0,-9.8066,9.8066,inf,2.0,0.0,0.0,0.0,0.0,0.0,2000.0,1482939950.47,1482.94
393.5,Prithvi_Class,TERMINAL,566906.5536,566.9066,441210.512,441.2105,1219.513,4390.2466,1219.513,1138.1178,-438.0636,-0.0,-9.8066,9.8066,inf,2.0,0.0,0.0,0.0,0.0,0.0,2000.0,1487211844.23,1487.2118
394.0,Prithvi_Class,TERMINAL,566685.0701,566.6851,441779.5709,441.7796,1221.2829,4396.6183,1221.2829,1138.1178,-442.9669,-0.0,-9.8066,9.8066,inf,2.0,0.0,0.0,0.0,0.0,0.0,2000.0,1491531823.18,1491.5318
394.5,Prithvi_Class,TERMINAL,566461.135,566.4611,442348.6298,442.3486,1223.0699,4403.0515,1223.0699,1138.1178,-447.8702,-0.0,-9.8066,9.8066,inf,2.0,0.0,0.0,0.0,0.0,0.0,2000.0,1495899887.33,1495.8999
395.0,Prithvi_Class,TERMINAL,566234.7482,566.2347,442917.6888,442.9177,1224.8739,4409.546,1224.8739,1138.1178,-452.7736,-0.0,-9.8066,9.8066,inf,2.0,0.0,0.0,0.0,0.0,0.0,2000.0,1500316036.67,1500.316
395.5,Prithvi_Class,TERMINAL,566005.9097,566.0059,443486.7477,443.4867,1226.6949,4416.1015,1226.6949,1138.1178,-457.6769,-0.0,-9.8066,9.8066,inf,2.0,0.0,0.0,0.0,0.0,0.0,2000.0,1504780271.2,1504.7803
396.0,Prithvi_Class,TERMINAL,565774.6196,565.7746,444055.8066,444.0558,1228.5327,4422.7177,1228.5327,1138.1178,-462.5802,-0.0,-9.8066,9.8066,inf,2.0,0.0,0.0,0.0,0.0,0.0,2000.0,1509292590.92,1509.2926
396.5,Prithvi_Class,TERMINAL,565540.8779,565.5409,444624.8655,444.6249,1230.3873,4429.3944,1230.3873,1138.1178,-467.4835,-0.0,-9.8066,9.8066,inf,2.0,0.0,0.0,0.0,0.0,0.0,2000.0,1513852995.83,1513.853
397.0,Prithvi_Class,TERMINAL,565304.6844,565.3047,445193.9244,445.1939,1232.2587,4436.1313,1232.2587,1138.1178,-472.3869,-0.0,-9.8066,9.8066,inf,2.0,0.0,0.0,0.0,0.0,0.0,2000.0,1518461485.94,1518.4615
397.5,Prithvi_Class,TERMINAL,565066.0393,565.066,445762.9833,445.763,1234.1467,4442.9281,1234.1467,1138.1178,-477.2902,-0.0,-9.8066,9.8066,inf,2.0,0.0,0.0,0.0,0.0,0.0,2000.0,1523118061.24,1523.1181
398.0,Prithvi_Class,TERMINAL,564824.9426,564.8249,446332.0422,446.332,1236.0513,4449.7845,1236.0513,1138.1178,-482.1935,-0.0,-9.8066,9.8066,inf,2.0,0.0,0.0,0.0,0.0,0.0,2000.0,1527822721.73,1527.8227
398.5,Prithvi_Class,TERMINAL,564581.3941,564.5814,446901.1011,446.9011,1237.9723,4456.7004,1237.9723,1138.1178,-487.0968,-0.0,-9.8066,9.8066,inf,2.0,0.0,0.0,0.0,0.0,0.0,2000.0,1532575467.41,1532.5755
399.0,Prithvi_Class,TERMINAL,564335.3941,564.3354,447470.16,447.4702,1239.9098,4463.6753,1239.9098,1138.1178,-492.0002,-0.0,-9.8066,9.8066,inf,2.0,0.0,0.0,0.0,0.0,0.0,2000.0,1537376298.29,1537.3763
399.5,Prithvi_Class,TERMINAL,564086.9423,564.0869,448039.2189,448.0392,1241.8636,4470.709,1241.8636,1138.1178,-496.9035,-0.0,-9.8066,9.8066,inf,2.0,0.0,0.0,0.0,0.0,0.0,2000.0,1542225214.35,1542.2252
400.0,Prithvi_Class,TERMINAL,563836.0389,563.836,448608.2778,448.6083,1243.8337,4477.8012,1243.8337,1138.1178,-501.8068,-0.0,-9.8066,9.8066,inf,2.0,0.0,0.0,0.0,0.0,0.0,2000.0,1547122215.61,1547.1222
400.5,Prithvi_Class,TERMINAL,563582.6838,563.5827,449177.3367,449.1773,1245.8199,4484.9518,1245.8199,1138.1178,-506.7101,-0.0,-9.8066,9.8066,inf,2.0,0.0,0.0,0.0,0.0,0.0,2000.0,1552067302.07,1552.0673
401.0,Prithvi_Class,TERMINAL,563326.8771,563.3269,449746.3956,449.7464,1247.8223,4492.1603,1247.8223,1138.1178,-511.6135,-0.0,-9.8066,9.8066,inf,2.0,0.0,0.0,0.0,0.0,0.0,2000.0,1557060473.71,1557.0605
401.5,Prithvi_Class,TERMINAL,563068.6187,563.0686,450315.4545,450.3155,1249.8407,4499.4265,1249.8407,1138.1178,-516.5168,-0.0,-9.8066,9.8066,inf,2.0,0.0,0.0,0.0,0.0,0.0,2000.0,1562101730.54,1562.1017
402.0,Prithvi_Class,TERMINAL,562807.9086,562.8079,450884.5134,450.8845,1251.875,4506.7501,1251.875,1138.1178,-521.4201,-0.0,-9.8066,9.8066,inf,2.0,0.0,0.0,0.0,0.0,0.0,2000.0,1567191072.57,1567.1911
402.5,Prithvi_Class,TERMINAL,562544.7469,562.5447,451453.5723,451.4536,1253.9252,4514.1309,1253.9252,1138.1178,-526.3234,-0.0,-9.8066,9.8066,inf,2.0,0.0,0.0,0.0,0.0,0.0,2000.0,1572328499.79,1572.3285
403.0,Prithvi_Class,TERMINAL,562279.1335,562.2791,452022.6312,452.0226,1255.9912,4521.5685,1255.9912,1138.1178,-531.2268,-0.0,-9.8066,9.8066,inf,2.0,0.0,0.0,0.0,0.0,0.0,2000.0,1577514012.2,1577.514
403.5,Prithvi_Class,TERMINAL,562011.0685,562.0111,452591.6901,452.5917,1258.073,4529.0627,1258.073,1138.1178,-536.1301,-0.0,-9.8066,9.8066,inf,2.0,0.0,0.0,0.0,0.0,0.0,2000.0,1582747609.81,1582.7476
404.0,Prithvi_Class,TERMINAL,561740.5518,561.7406,453160.749,453.1607,1260.1703,4536.6132,1260.1703,1138.1178,-541.0334,-0.0,-9.8066,9.8066,inf,2.0,0.0,0.0,0.0,0.0,0.0,2000.0,1588029292.6,1588.0293
404.5,Prithvi_Class,TERMINAL,561467.5834,561.4676,453729.8079,453.7298,1262.2833,4544.2198,1262.2833,1138.1178,-545.9367,-0.0,-9.8066,9.8066,inf,2.0,0.0,0.0,0.0,0.0,0.0,2000.0,1593359060.59,1593.3591
405.0,Prithvi_Class,TERMINAL,561192.1634,561.1922,454298.8668,454.2989,1264.4117,4551.8821,1264.4117,1138.1178,-550.8401,-0.0,-9.8066,9.8066,inf,2.0,0.0,0.0,0.0,0.0,0.0,2000.0,1598736913.77,1598.7369
405.5,Prithvi_Class,TERMINAL,560914.2917,560.9143,454867.9257,454.8679,1266.5555,4559.5998,1266.5555,1138.1178,-555.7434,-0.0,-9.8066,9.8066,inf,2.0,0.0,0.0,0.0,0.0,0.0,2000.0,1604162852.14,1604.1629
406.0,Prithvi_Class,TERMINAL,560633.9683,560.634,455436.9846,455.437,1268.7147,4567.3728,1268.7147,1138.1178,-560.6467,-0.0,-9.8066,9.8066,inf,2.0,0.0,0.0,0.0,0.0,0.0,2000.0,1609636875.71,1609.6369
406.5,Prithvi_Class,TERMINAL,560351.1933,560.3512,456006.0435,456.006,1270.8891,4575.2006,1270.8891,1138.1178,-565.55,-0.0,-9.8066,9.8066,inf,2.0,0.0,0.0,0.0,0.0,0.0,2000.0,1615158984.47,1615.159
407.0,Prithvi_Class,TERMINAL,560065.9666,560.066,456575.1024,456.5751,1273.0786,4583.083,1273.0786,1138.1178,-570.4534,-0.0,-9.8066,9.8066,inf,2.0,0.0,0.0,0.0,0.0,0.0,2000.0,1620729178.41,1620.7292
407.5,Prithvi_Class,TERMINAL,559778.2883,559.7783,457144.1613,457.1442,1275.2833,4591.0198,1275.2833,1138.1178,-575.3567,-0.0,-9.8066,9.8066,inf,2.0,0.0,0.0,0.0,0.0,0.0,2000.0,1626347457.56,1626.3475
408.0,Prithvi_Class,TERMINAL,559488.1582,559.4882,457713.2202,457.7132,1277.503,4599.0107,1277.503,1138.1178,-580.26,-0.0,-9.8066,9.8066,inf,2.0,0.0,0.0,0.0,0.0,0.0,2000.0,1632013821.89,1632.0138
408.5,Prithvi_Class,TERMINAL,559195.5766,559.1956,458282.2791,458.2823,1279.7376,4607.0553,1279.7376,1138.1178,-585.1633,-0.0,-9.8066,9.8066,inf,2.0,0.0,0.0,0.0,0.0,0.0,2000.0,1637728271.41,1637.7283
409.0,Prithvi_Class,TERMINAL,558900.5432,558.9005,458851.338,458.8513,1281.9871,4615.1534,1281.9871,1138.1178,-590.0667,-0.0,-9.8066,9.8066,inf,2.0,0.0,0.0,0.0,0.0,0.0,2000.0,1643490806.13,1643.4908
409.5,Prithvi_Class,TERMINAL,558603.0582,558.6031,459420.3969,459.4204,1284.2513,4623.3047,1284.2513,1138.1178,-594.97,-0.0,-9.8066,9.8066,inf,2.0,0.0,0.0,0.0,0.0,0.0,2000.0,1649301426.04,1649.3014
410.0,Prithvi_Class,TERMINAL,558303.1216,558.3031,459989.4558,459.9895,1286.5303,4631.509,1286.5303,1138.1178,-599.8733,-0.0,-9.8066,9.8066,inf,2.0,0.0,0.0,0.0,0.0,0.0,2000.0,1655160131.14,1655.1601
410.5,Prithvi_Class,TERMINAL,558000.7333,558.0007,460558.5147,460.5585,1288.8239,4639.7659,1288.8239,1138.1178,-604.7766,-0.0,-9.8066,9.8066,inf,2.0,0.0,0.0,0.0,0.0,0.0,2000.0,1661066921.43,1661.0669
411.0,Prithvi_Class,TERMINAL,557695.8933,557.6959,461127.5736,461.1276,1291.132,4648.0751,1291.132,1138.1178,-609.68,-0.0,-9.8066,9.8066,inf,2.0,0.0,0.0,0.0,0.0,0.0,2000.0,1667021796.92,1667.0218
411.5,Prithvi_Class,TERMINAL,557388.6016,557.3886,461696.6325,461.6966,1293.4546,4656.4365,1293.4546,1138.1178,-614.5833,-0.0,-9.8066,9.8066,inf,2.0,0.0,0.0,0.0,0.0,0.0,2000.0,1673024757.6,1673.0248
412.0,Prithvi_Class,TERMINAL,557078.8583,557.0789,462265.6914,462.2657,1295.7916,4664.8497,1295.7916,1138.1178,-619.4866,-0.0,-9.8066,9.8066,inf,2.0,0.0,0.0,0.0,0.0,0.0,2000.0,1679075803.47,1679.0758
412.5,Prithvi_Class,TERMINAL,556766.6633,556.7667,462834.7503,462.8348,1298.1429,4673.3144,1298.1429,1138.1178,-624.3899,-0.0,-9.8066,9.8066,inf,2.0,0.0,0.0,0.0,0.0,0.0,2000.0,1685174934.53,1685.1749
413.0,Prithvi_Class,TERMINAL,556452.0167,556.452,463403.8092,463.4038,1300.5084,4681.8303,1300.5084,1138.1178,-629.2933,-0.0,-9.8066,9.8066,inf,2.0,0.0,0.0,0.0,0.0,0.0,2000.0,1691322150.78,1691.3222
413.5,Prithvi_Class,TERMINAL,556134.9184,556.1349,463972.8681,463.9729,1302.8881,4690.3972,1302.8881,1138.1178,-634.1966,-0.0,-9.8066,9.8066,inf,2.0,0.0,0.0,0.0,0.0,0.0,2000.0,1697517452.23,1697.5175
414.0,Prithvi_Class,TERMINAL,555815.3684,555.8154,464541.927,464.5419,1305.2819,4699.0148,1305.2819,1138.1178,-639.0999,-0.0,-9.8066,9.8066,inf,2.0,0.0,0.0,0.0,0.0,0.0,2000.0,1703760838.87,1703.7608
414.5,Prithvi_Class,TERMINAL,555493.3668,555.4934,465110.9859,465.111,1307.6897,4707.6829,1307.6897,1138.1178,-644.0032,-0.0,-9.8066,9.8066,inf,2.0,0.0,0.0,0.0,0.0,0.0,2000.0,1710052310.7,1710.0523
415.0,Prithvi_Class,TERMINAL,555168.9135,555.1689,465680.0448,465.68,1310.1114,4716.401,1310.1114,1138.1178,-648.9066,-0.0,-9.8066,9.8066,inf,2.0,0.0,0.0,0.0,0.0,0.0,2000.0,1716391867.72,1716.3919
415.5,Prithvi_Class,TERMINAL,554842.0086,554.842,466249.1037,466.2491,1312.547,4725.169,1312.547,1138.1178,-653.8099,-0.0,-9.8066,9.8066,inf,2.0,0.0,0.0,0.0,0.0,0.0,2000.0,1722779509.94,1722.7795
416.0,Prithvi_Class,TERMINAL,554512.652,554.5127,466818.1626,466.8182,1314.9963,4733.9866,1314.9963,1138.1178,-658.7132,-0.0,-9.8066,9.8066,inf,2.0,0.0,0.0,0.0,0.0,0.0,2000.0,1729215237.34,1729.2152
416.5,Prithvi_Class,TERMINAL,554180.8437,554.1808,467387.2215,467.3872,1317.4593,4742.8535,1317.4593,1138.1178,-663.6165,-0.0,-9.8066,9.8066,inf,2.0,0.0,0.0,0.0,0.0,0.0,2000.0,1735699049.94,1735.699
417.0,Prithvi_Class,TERMINAL,553846.5838,553.8466,467956.2804,467.9563,1319.936,4751.7695,1319.936,1138.1178,-668.5199,-0.0,-9.8066,9.8066,inf,2.0,0.0,0.0,0.0,0.0,0.0,2000.0,1742230947.73,1742.2309
417.5,Prithvi_Class,TERMINAL,553509.8722,553.5099,468525.3393,468.5253,1322.4262,4760.7342,1322.4262,1138.1178,-673.4232,-0.0,-9.8066,9.8066,inf,2.0,0.0,0.0,0.0,0.0,0.0,2000.0,1748810930.72,1748.8109
418.0,Prithvi_Class,TERMINAL,553170.7089,553.1707,469094.3982,469.0944,1324.9298,4769.7473,1324.9298,1138.1178,-678.3265,-0.0,-9.8066,9.8066,inf,2.0,0.0,0.0,0.0,0.0,0.0,2000.0,1755438998.89,1755.439
418.5,Prithvi_Class,TERMINAL,552829.094,552.8291,469663.4571,469.6635,1327.4469,4778.8087,1327.4469,1138.1178,-683.2298,-0.0,-9.8066,9.8066,inf,2.0,0.0,0.0,0.0,0.0,0.0,2000.0,1762115152.26,1762.1152
419.0,Prithvi_Class,TERMINAL,552485.0274,552.485,470232.516,470.2325,1329.9772,4787.918,1329.9772,1138.1178,-688.1332,-0.0,-9.8066,9.8066,inf,2.0,0.0,0.0,0.0,0.0,0.0,2000.0,1768839390.82,1768.8394
419.5,Prithvi_Class,TERMINAL,552138.5092,552.1385,470801.5749,470.8016,1332.5208,4797.0749,1332.5208,1138.1178,-693.0365,-0.0,-9.8066,9.8066,inf,2.0,0.0,0.0,0.0,0.0,0.0,2000.0,1775611714.57,1775.6117
420.0,Prithvi_Class,TERMINAL,551789.5392,551.7895,471370.6338,471.3706,1335.0776,4806.2793,1335.0776,1138.1178,-697.9398,-0.0,-9.8066,9.8066,inf,2.0,0.0,0.0,0.0,0.0,0.0,2000.0,1782432123.51,1782.4321
420.5,Prithvi_Class,TERMINAL,551438.1177,551.4381,471939.6927,471.9397,1337.6474,4815.5307,1337.6474,1138.1178,-702.8431,-0.0,-9.8066,9.8066,inf,2.0,0.0,0.0,0.0,0.0,0.0,2000.0,1789300617.65,1789.3006
421.0,Prithvi_Class,TERMINAL,551084.2444,551.0842,472508.7516,472.5088,1340.2303,4824.829,1340.2303,1138.1178,-707.7465,-0.0,-9.8066,9.8066,inf,2.0,0.0,0.0,0.0,0.0,0.0,2000.0,1796217196.98,1796.2172
421.5,Prithvi_Class,TERMINAL,550727.9195,550.7279,473077.8105,473.0778,1342.8261,4834.1739,1342.8261,1138.1178,-712.6498,-0.0,-9.8066,9.8066,inf,2.0,0.0,0.0,0.0,0.0,0.0,2000.0,1803181861.5,1803.1819
422.0,Prithvi_Class,TERMINAL,550369.143,550.3691,473646.8694,473.6469,1345.4347,4843.565,1345.4347,1138.1178,-717.5531,-0.0,-9.8066,9.8066,inf,2.0,0.0,0.0,0.0,0.0,0.0,2000.0,1810194611.21,1810.1946
422.5,Prithvi_Class,TERMINAL,550007.9148,550.0079,474215.9283,474.2159,1348.0562,4853.0022,1348.0562,1138.1178,-722.4564,-0.0,-9.8066,9.8066,inf,2.0,0.0,0.0,0.0,0.0,0.0,2000.0,1817255446.11,1817.2554
423.0,Prithvi_Class,TERMINAL,549644.2349,549.6442,474784.9872,474.785,1350.6903,4862.4852,1350.6903,1138.1178,-727.3598,-0.0,-9.8066,9.8066,inf,2.0,0.0,0.0,0.0,0.0,0.0,2000.0,1824364366.21,1824.3644
423.5,Prithvi_Class,TERMINAL,549278.1033,549.2781,475354.0461,475.354,1353.3371,4872.0136,1353.3371,1138.1178,-732.2631,-0.0,-9.8066,9.8066,inf,2.0,0.0,0.0,0.0,0.0,0.0,2000.0,1831521371.5,1831.5214
424.0,Prithvi_Class,TERMINAL,548909.5201,548.9095,475923.105,475.9231,1355.9965,4881.5873,1355.9965,1138.1178,-737.1664,-0.0,-9.8066,9.8066,inf,2.0,0.0,0.0,0.0,0.0,0.0,2000.0,1838726461.98,1838.7265
424.5,Prithvi_Class,TERMINAL,548538.4852,548.5385,476492.1639,476.4922,1358.6683,4891.206,1358.6683,1138.1178,-742.0697,-0.0,-9.8066,9.8066,inf,2.0,0.0,0.0,0.0,0.0,0.0,2000.0,1845979637.65,1845.9796
425.0,Prithvi_Class,TERMINAL,548164.9987,548.165,477061.2228,477.0612,1361.3526,4900.8694,1361.3526,1138.1178,-746.9731,-0.0,-9.8066,9.8066,inf,2.0,0.0,0.0,0.0,0.0,0.0,2000.0,1853280898.52,1853.2809
425.5,Prithvi_Class,TERMINAL,547789.0605,547.7891,477630.2817,477.6303,1364.0492,4910.5772,1364.0492,1138.1178,-751.8764,-0.0,-9.8066,9.8066,inf,2.0,0.0,0.0,0.0,0.0,0.0,2000.0,1860630244.57,1860.6302
426.0,Prithvi_Class,TERMINAL,547410.6707,547.4107,478199.3406,478.1993,1366.7581,4920.3291,1366.7581,1138.1178,-756.7797,-0.0,-9.8066,9.8066,inf,2.0,0.0,0.0,0.0,0.0,0.0,2000.0,1868027675.82,1868.0277
426.5,Prithvi_Class,TERMINAL,547029.8291,547.0298,478768.3995,478.7684,1369.4792,4930.125,1369.4792,1138.1178,-761.683,-0.0,-9.8066,9.8066,inf,2.0,0.0,0.0,0.0,0.0,0.0,2000.0,1875473192.26,1875.4732
427.0,Prithvi_Class,TERMINAL,546646.5359,546.6465,479337.4584,479.3375,1372.2124,4939.9645,1372.2124,1138.1178,-766.5864,-0.0,-9.8066,9.8066,inf,2.0,0.0,0.0,0.0,0.0,0.0,2000.0,1882966793.9,1882.9668
427.5,Prithvi_Class,TERMINAL,546260.7911,546.2608,479906.5173,479.9065,1374.9576,4949.8475,1374.9576,1138.1178,-771.4897,-0.0,-9.8066,9.8066,inf,2.0,0.0,0.0,0.0,0.0,0.0,2000.0,1890508480.72,1890.5085
428.0,Prithvi_Class,TERMINAL,545872.5946,545.8726,480475.5762,480.4756,1377.7149,4959.7735,1377.7149,1138.1178,-776.393,-0.0,-9.8066,9.8066,inf,2.0,0.0,0.0,0.0,0.0,0.0,2000.0,1898098252.74,1898.0983
428.5,Prithvi_Class,TERMINAL,545481.9464,545.4819,481044.6351,481.0446,1380.484,4969.7424,1380.484,1138.1178,-781.2963,-0.0,-9.8066,9.8066,inf,2.0,0.0,0.0,0.0,0.0,0.0,2000.0,1905736109.95,1905.7361
429.0,Prithvi_Class,TERMINAL,545088.8466,545.0888,481613.694,481.6137,1383.265,4979.754,1383.265,1138.1178,-786.1997,-0.0,-9.8066,9.8066,inf,2.0,0.0,0.0,0.0,0.0,0.0,2000.0,1913422052.35,1913.4221
429.5,Prithvi_Class,TERMINAL,544693.2951,544.6933,482182.7529,482.1828,1386.0577,4989.8079,1386.0577,1138.1178,-791.103,-0.0,-9.8066,9.8066,inf,2.0,0.0,0.0,0.0,0.0,0.0,2000.0,1921156079.94,1921.1561
430.0,Prithvi_Class,TERMINAL,544295.2919,544.2953,482751.8118,482.7518,1388.8622,4999.9039,1388.8622,1138.1178,-796.0063,-0.0,-9.8066,9.8066,inf,2.0,0.0,0.0,0.0,0.0,0.0,2000.0,1928938192.73,1928.9382
430.5,Prithvi_Class,TERMINAL,543894.8371,543.8948,483320.8707,483.3209,1391.6783,5010.0418,1391.6783,1138.1178,-800.9096,-0.0,-9.8066,9.8066,inf,2.0,0.0,0.0,0.0,0.0,0.0,2000.0,1936768390.71,1936.7684
431.0,Prithvi_Class,TERMINAL,543491.9306,543.4919,483889.9296,483.8899,1394.5059,5020.2212,1394.5059,1138.1178,-805.813,-0.0,-9.8066,9.8066,inf,2.0,0.0,0.0,0.0,0.0,0.0,2000.0,1944646673.88,1944.6467
431.5,Prithvi_Class,TERMINAL,543086.5725,543.0866,484458.9885,484.459,1397.345,5030.442,1397.345,1138.1178,-810.7163,-0.0,-9.8066,9.8066,inf,2.0,0.0,0.0,0.0,0.0,0.0,2000.0,1952573042.24,1952.573
432.0,Prithvi_Class,TERMINAL,542678.7627,542.6788,485028.0474,485.028,1400.1955,5040.7039,1400.1955,1138.1178,-815.6196,-0.0,-9.8066,9.8066,inf,2.0,0.0,0.0,0.0,0.0,0.0,2000.0,1960547495.79,1960.5475
432.5,Prithvi_Class,TERMINAL,542268.5012,542.2685,485597.1063,485.5971,1403.0574,5051.0066,1403.0574,1138.1178,-820.5229,-0.0,-9.8066,9.8066,inf,2.0,0.0,0.0,0.0,0.0,0.0,2000.0,1968570034.54,1968.57
433.0,Prithvi_Class,TERMINAL,541855.788,541.8558,486166.1652,486.1662,1405.9305,5061.3499,1405.9305,1138.1178,-825.4263,-0.0,-9.8066,9.8066,inf,2.0,0.0,0.0,0.0,0.0,0.0,2000.0,1976640658.48,1976.6407
433.5,Prithvi_Class,TERMINAL,541440.6232,541.4406,486735.2241,486.7352,1408.8149,5071.7336,1408.8149,1138.1178,-830.3296,-0.0,-9.8066,9.8066,inf,2.0,0.0,0.0,0.0,0.0,0.0,2000.0,1984759367.61,1984.7594
434.0,Prithvi_Class,TERMINAL,541023.0068,541.023,487304.283,487.3043,1411.7104,5082.1573,1411.7104,1138.1178,-835.2329,-0.0,-9.8066,9.8066,inf,2.0,0.0,0.0,0.0,0.0,0.0,2000.0,1992926161.93,1992.9262
434.5,Prithvi_Class,TERMINAL,540602.9387,540.6029,487873.3419,487.8733,1414.6169,5092.6209,1414.6169,1138.1178,-840.1362,-0.0,-9.8066,9.8066,inf,2.0,0.0,0.0,0.0,0.0,0.0,2000.0,2001141041.45,2001.141
435.0,Prithvi_Class,TERMINAL,540180.4189,540.1804,488442.4008,488.4424,1417.5345,5103.1241,1417.5345,1138.1178,-845.0396,-0.0,-9.8066,9.8066,inf,2.0,0.0,0.0,0.0,0.0,0.0,2000.0,2009404006.15,2009.404
435.5,Prithvi_Class,TERMINAL,539755.4474,539.7554,489011.4597,489.0115,1420.463,5113.6667,1420.463,1138.1178,-849.9429,-0.0,-9.8066,9.8066,inf,2.0,0.0,0.0,0.0,0.0,0.0,2000.0,2017715056.05,2017.7151
436.0,Prithvi_Class,TERMINAL,539328.0243,539.328,489580.5186,489.5805,1423.4023,5124.2484,1423.4023,1138.1178,-854.8462,-0.0,-9.8066,9.8066,inf,2.0,0.0,0.0,0.0,0.0,0.0,2000.0,2026074191.14,2026.0742
436.5,Prithvi_Class,TERMINAL,538898.1495,538.8981,490149.5775,490.1496,1426.3525,5134.8689,1426.3525,1138.1178,-859.7495,-0.0,-9.8066,9.8066,inf,2.0,0.0,0.0,0.0,0.0,0.0,2000.0,2034481411.43,2034.4814
437.0,Prithvi_Class,TERMINAL,538465.8231,538.4658,490718.6364,490.7186,1429.3134,5145.5281,1429.3134,1138.1178,-864.6529,-0.0,-9.8066,9.8066,inf,2.0,0.0,0.0,0.0,0.0,0.0,2000.0,2042936716.9,2042.9367
437.5,Prithvi_Class,TERMINAL,538031.045,538.031,491287.6953,491.2877,1432.2849,5156.2257,1432.2849,1138.1178,-869.5562,-0.0,-9.8066,9.8066,inf,2.0,0.0,0.0,0.0,0.0,0.0,2000.0,2051440107.57,2051.4401
438.0,Prithvi_Class,TERMINAL,537593.8153,537.5938,491856.7542,491.8568,1435.2671,5166.9615,1435.2671,1138.1178,-874.4595,-0.0,-9.8066,9.8066,inf,2.0,0.0,0.0,0.0,0.0,0.0,2000.0,2059991583.43,2059.9916
438.5,Prithvi_Class,TERMINAL,537154.1338,537.1541,492425.8131,492.4258,1438.2598,5177.7351,1438.2598,1138.1178,-879.3628,-0.0,-9.8066,9.8066,inf,2.0,0.0,0.0,0.0,0.0,0.0,2000.0,2068591144.48,2068.5911
439.0,Prithvi_Class,TERMINAL,536712.0007,536.712,492994.872,492.9949,1441.2629,5188.5465,1441.2629,1138.1178,-884.2662,-0.0,-9.8066,9.8066,inf,2.0,0.0,0.0,0.0,0.0,0.0,2000.0,2077238790.73,2077.2388
439.5,Prithvi_Class,TERMINAL,536267.416,536.2674,493563.9309,493.5639,1444.2765,5199.3953,1444.2765,1138.1178,-889.1695,-0.0,-9.8066,9.8066,inf,2.0,0.0,0.0,0.0,0.0,0.0,2000.0,2085934522.16,2085.9345
440.0,Prithvi_Class,TERMINAL,535820.3796,535.8204,494132.9898,494.133,1447.3004,5210.2813,1447.3004,1138.1178,-894.0728,-0.0,-9.8066,9.8066,inf,2.0,0.0,0.0,0.0,0.0,0.0,2000.0,2094678338.79,2094.6783
440.5,Prithvi_Class,TERMINAL,535370.8915,535.3709,494702.0487,494.702,1450.3345,5221.2043,1450.3345,1138.1178,-898.9761,-0.0,-9.8066,9.8066,inf,2.0,0.0,0.0,0.0,0.0,0.0,2000.0,2103470240.61,2103.4702
441.0,Prithvi_Class,TERMINAL,534918.9518,534.919,495271.1076,495.2711,1453.3789,5232.164,1453.3789,1138.1178,-903.8795,-0.0,-9.8066,9.8066,inf,2.0,0.0,0.0,0.0,0.0,0.0,2000.0,2112310227.62,2112.3102
441.5,Prithvi_Class,TERMINAL,534464.5604,534.4646,495840.1665,495.8402,1456.4334,5243.1603,1456.4334,1138.1178,-908.7828,-0.0,-9.8066,9.8066,inf,2.0,0.0,0.0,0.0,0.0,0.0,2000.0,2121198299.83,2121.1983
442.0,Prithvi_Class,TERMINAL,534007.7173,534.0077,496409.2254,496.4092,1459.498,5254.1929,1459.498,1138.1178,-913.6861,-0.0,-9.8066,9.8066,inf,2.0,0.0,0.0,0.0,0.0,0.0,2000.0,2130134457.22,2130.1345
442.5,Prithvi_Class,TERMINAL,533548.4226,533.5484,496978.2843,496.9783,1462.5726,5265.2615,1462.5726,1138.1178,-918.5894,-0.0,-9.8066,9.8066,inf,2.0,0.0,0.0,0.0,0.0,0.0,2000.0,2139118699.81,2139.1187
443.0,Prithvi_Class,TERMINAL,533086.6762,533.0867,497547.3432,497.5473,1465.6572,5276.3659,1465.6572,1138.1178,-923.4928,-0.0,-9.8066,9.8066,inf,2.0,0.0,0.0,0.0,0.0,0.0,2000.0,2148151027.59,2148.151
443.5,Prithvi_Class,TERMINAL,532622.4782,532.6225,498116.4021,498.1164,1468.7517,5287.506,1468.7517,1138.1178,-928.3961,-0.0,-9.8066,9.8066,inf,2.0,0.0,0.0,0.0,0.0,0.0,2000.0,2157231440.57,2157.2314
444.0,Prithvi_Class,TERMINAL,532155.8285,532.1558,498685.461,498.6855,1471.856,5298.6814,1471.856,1138.1178,-933.2994,-0.0,-9.8066,9.8066,inf,2.0,0.0,0.0,0.0,0.0,0.0,2000.0,2166359938.73,2166.3599
444.5,Prithvi_Class,TERMINAL,531686.7271,531.6867,499254.5199,499.2545,1474.97,5309.892,1474.97,1138.1178,-938.2027,-0.0,-9.8066,9.8066,inf,2.0,0.0,0.0,0.0,0.0,0.0,2000.0,2175536522.09,2175.5365
445.0,Prithvi_Class,TERMINAL,531215.1741,531.2152,499823.5788,499.8236,1478.0938,5321.1376,1478.0938,1138.1178,-943.1061,-0.0,-9.8066,9.8066,inf,2.0,0.0,0.0,0.0,0.0,0.0,2000.0,2184761190.64,2184.7612
445.5,Prithvi_Class,TERMINAL,530741.1694,530.7412,500392.6377,500.3926,1481.2272,5332.4178,1481.2272,1138.1178,-948.0094,-0.0,-9.8066,9.8066,inf,2.0,0.0,0.0,0.0,0.0,0.0,2000.0,2194033944.38,2194.0339
446.0,Prithvi_Class,TERMINAL,530264.713,530.2647,500961.6966,500.9617,1484.3702,5343.7326,1484.3702,1138.1178,-952.9127,-0.0,-9.8066,9.8066,inf,2.0,0.0,0.0,0.0,0.0,0.0,2000.0,2203354783.31,2203.3548
446.5,Prithvi_Class,TERMINAL,529785.805,529.7858,501530.7555,501.5308,1487.5227,5355.0816,1487.5227,1138.1178,-957.816,-0.0,-9.8066,9.8066,inf,2.0,0.0,0.0,0.0,0.0,0.0,2000.0,2212723707.44,2212.7237
447.0,Prithvi_Class,TERMINAL,529304.4453,529.3044,502099.8144,502.0998,1490.6846,5366.4647,1490.6846,1138.1178,-962.7194,-0.0,-9.8066,9.8066,inf,2.0,0.0,0.0,0.0,0.0,0.0,2000.0,2222140716.75,2222.1407
447.5,Prithvi_Class,TERMINAL,528820.6339,528.8206,502668.8733,502.6689,1493.856,5377.8817,1493.856,1138.1178,-967.6227,-0.0,-9.8066,9.8066,inf,2.0,0.0,0.0,0.0,0.0,0.0,2000.0,2231605811.26,2231.6058
448.0,Prithvi_Class,TERMINAL,528334.3709,528.3344,503237.9322,503.2379,1497.0367,5389.3323,1497.0367,1138.1178,-972.526,-0.0,-9.8066,9.8066,inf,2.0,0.0,0.0,0.0,0.0,0.0,2000.0,2241118990.97,2241.119
448.5,Prithvi_Class,TERMINAL,527845.6563,527.8457,503806.9911,503.807,1500.2267,5400.8162,1500.2267,1138.1178,-977.4293,-0.0,-9.8066,9.8066,inf,2.0,0.0,0.0,0.0,0.0,0.0,2000.0,2250680255.86,2250.6803
449.0,Prithvi_Class,TERMINAL,527354.4899,527.3545,504376.05,504.3761,1503.426,5412.3334,1503.426,1138.1178,-982.3327,-0.0,-9.8066,9.8066,inf,2.0,0.0,0.0,0.0,0.0,0.0,2000.0,2260289605.95,2260.2896
449.5,Prithvi_Class,TERMINAL,526860.8719,526.8609,504945.1089,504.9451,1506.6343,5423.8836,1506.6343,1138.1178,-987.236,-0.0,-9.8066,9.8066,inf,2.0,0.0,0.0,0.0,0.0,0.0,2000.0,2269947041.22,2269.947
450.0,Prithvi_Class,TERMINAL,526364.8023,526.3648,505514.1678,505.5142,1509.8518,5435.4666,1509.8518,1138.1178,-992.1393,-0.0,-9.8066,9.8066,inf,2.0,0.0,0.0,0.0,0.0,0.0,2000.0,2279652561.69,2279.6526
450.5,Prithvi_Class,TERMINAL,525866.2809,525.8663,506083.2267,506.0832,1513.0784,5447.0821,1513.0784,1138.1178,-997.0426,-0.0,-9.8066,9.8066,inf,2.0,0.0,0.0,0.0,0.0,0.0,2000.0,2289406167.36,2289.4062
451.0,Prithvi_Class,TERMINAL,525365.308,525.3653,506652.2856,506.6523,1516.3139,5458.7301,1516.3139,1138.1178,-1001.946,-0.0,-9.8066,9.8066,inf,2.0,0.0,0.0,0.0,0.0,0.0,2000.0,2299207858.21,2299.2079
451.5,Prithvi_Class,TERMINAL,524861.8833,524.8619,507221.3445,507.2213,1519.5584,5470.4101,1519.5584,1138.1178,-1006.8493,-0.0,-9.8066,9.8066,inf,2.0,0.0,0.0,0.0,0.0,0.0,2000.0,2309057634.26,2309.0576
452.0,Prithvi_Class,TERMINAL,524356.007,524.356,507790.4034,507.7904,1522.8117,5482.1221,1522.8117,1138.1178,-1011.7526,-0.0,-9.8066,9.8066,inf,2.0,0.0,0.0,0.0,0.0,0.0,2000.0,2318955495.5,2318.9555
452.5,Prithvi_Class,TERMINAL,523847.679,523.8477,508359.4623,508.3595,1526.0739,5493.8659,1526.0739,1138.1178,-1016.6559,-0.0,-9.8066,9.8066,inf,2.0,0.0,0.0,0.0,0.0,0.0,2000.0,2328901441.93,2328.9014
453.0,Prithvi_Class,TERMINAL,523336.8994,523.3369,508928.5213,508.9285,1529.3448,5505.6412,1529.3448,1138.1178,-1021.5593,-0.0,-9.8066,9.8066,inf,2.0,0.0,0.0,0.0,0.0,0.0,2000.0,2338895473.55,2338.8955
453.5,Prithvi_Class,TERMINAL,522823.6681,522.8237,509497.5802,509.4976,1532.6244,5517.4479,1532.6244,1138.1178,-1026.4626,-0.0,-9.8066,9.8066,inf,2.0,0.0,0.0,0.0,0.0,0.0,2000.0,2348937590.37,2348.9376
454.0,Prithvi_Class,TERMINAL,522307.9851,522.308,510066.6391,510.0666,1535.9127,5529.2857,1535.9127,1138.1178,-1031.3659,-0.0,-9.8066,9.8066,inf,2.0,0.0,0.0,0.0,0.0,0.0,2000.0,2359027792.37,2359.0278
454.5,Prithvi_Class,TERMINAL,521789.8505,521.7899,510635.698,510.6357,1539.2096,5541.1544,1539.2096,1138.1178,-1036.2692,-0.0,-9.8066,9.8066,inf,2.0,0.0,0.0,0.0,0.0,0.0,2000.0,2369166079.57,2369.1661
455.0,Prithvi_Class,TERMINAL,521269.2642,521.2693,511204.7569,511.2048,1542.515,5553.0539,1542.515,1138.1178,-1041.1726,-0.0,-9.8066,9.8066,inf,2.0,0.0,0.0,0.0,0.0,0.0,2000.0,2379352451.96,2379.3525
455.5,Prithvi_Class,TERMINAL,520746.2263,520.7462,511773.8158,511.7738,1545.8289,5564.9839,1545.8289,1138.1178,-1046.0759,-0.0,-9.8066,9.8066,inf,2.0,0.0,0.0,0.0,0.0,0.0,2000.0,2389586909.55,2389.5869
456.0,Prithvi_Class,TERMINAL,520220.7367,520.2207,512342.8747,512.3429,1549.1512,5576.9443,1549.1512,1138.1178,-1050.9792,-0.0,-9.8066,9.8066,inf,2.0,0.0,0.0,0.0,0.0,0.0,2000.0,2399869452.32,2399.8695
456.5,Prithvi_Class,TERMINAL,519692.7954,519.6928,512911.9336,512.9119,1552.4819,5588.9349,1552.4819,1138.1178,-1055.8825,-0.0,-9.8066,9.8066,inf,2.0,0.0,0.0,0.0,0.0,0.0,2000.0,2410200080.29,2410.2001
457.0,Prithvi_Class,TERMINAL,519162.4025,519.1624,513480.9925,513.481,1555.8209,5600.9554,1555.8209,1138.1178,-1060.7859,-0.0,-9.8066,9.8066,inf,2.0,0.0,0.0,0.0,0.0,0.0,2000.0,2420578793.45,2420.5788
457.5,Prithvi_Class,TERMINAL,518629.5579,518.6296,514050.0514,514.0501,1559.1682,5613.0057,1559.1682,1138.1178,-1065.6892,-0.0,-9.8066,9.8066,inf,2.0,0.0,0.0,0.0,0.0,0.0,2000.0,2431005591.8,2431.0056
458.0,Prithvi_Class,TERMINAL,518094.2616,518.0943,514619.1103,514.6191,1562.5238,5625.0855,1562.5238,1138.1178,-1070.5925,-0.0,-9.8066,9.8066,inf,2.0,0.0,0.0,0.0,0.0,0.0,2000.0,2441480475.35,2441.4805
458.5,Prithvi_Class,TERMINAL,517556.5137,517.5565,515188.1692,515.1882,1565.8874,5637.1947,1565.8874,1138.1178,-1075.4958,-0.0,-9.8066,9.8066,inf,2.0,0.0,0.0,0.0,0.0,0.0,2000.0,2452003444.08,2452.0034
459.0,Prithvi_Class,TERMINAL,517016.3141,517.0163,515757.2281,515.7572,1569.2592,5649.3332,1569.2592,1138.1178,-1080.3992,-0.0,-9.8066,9.8066,inf,2.0,0.0,0.0,0.0,0.0,0.0,2000.0,2462574498.01,2462.5745
459.5,Prithvi_Class,TERMINAL,516473.6628,516.4737,516326.287,516.3263,1572.6391,5661.5006,1572.6391,1138.1178,-1085.3025,-0.0,-9.8066,9.8066,inf,2.0,0.0,0.0,0.0,0.0,0.0,2000.0,2473193637.13,2473.1936
460.0,Prithvi_Class,TERMINAL,515928.5599,515.9286,516895.3459,516.8953,1576.0269,5673.6969,1576.0269,1138.1178,-1090.2058,-0.0,-9.8066,9.8066,inf,2.0,0.0,0.0,0.0,0.0,0.0,2000.0,2483860861.44,2483.8609
460.5,Prithvi_Class,TERMINAL,515381.0054,515.381,517464.4048,517.4644,1579.4227,5685.9218,1579.4227,1138.1178,-1095.1091,-0.0,-9.8066,9.8066,inf,2.0,0.0,0.0,0.0,0.0,0.0,2000.0,2494576170.95,2494.5762
461.0,Prithvi_Class,TERMINAL,514830.9991,514.831,518033.4637,518.0335,1582.8264,5698.1752,1582.8264,1138.1178,-1100.0125,-0.0,-9.8066,9.8066,inf,2.0,0.0,0.0,0.0,0.0,0.0,2000.0,2505339565.65,2505.3396
461.5,Prithvi_Class,TERMINAL,514278.5412,514.2785,518602.5226,518.6025,1586.238,5710.4569,1586.238,1138.1178,-1104.9158,-0.0,-9.8066,9.8066,inf,2.0,0.0,0.0,0.0,0.0,0.0,2000.0,2516151045.53,2516.151
462.0,Prithvi_Class,TERMINAL,513723.6317,513.7236,519171.5815,519.1716,1589.6574,5722.7666,1589.6574,1138.1178,-1109.8191,-0.0,-9.8066,9.8066,inf,2.0,0.0,0.0,0.0,0.0,0.0,2000.0,2527010610.62,2527.0106
462.5,Prithvi_Class,TERMINAL,513166.2704,513.1663,519740.6404,519.7406,1593.0845,5735.1042,1593.0845,1138.1178,-1114.7224,-0.0,-9.8066,9.8066,inf,2.0,0.0,0.0,0.0,0.0,0.0,2000.0,2537918260.89,2537.9183
463.0,Prithvi_Class,TERMINAL,512606.4576,512.6065,520309.6993,520.3097,1596.5193,5747.4696,1596.5193,1138.1178,-1119.6258,-0.0,-9.8066,9.8066,inf,2.0,0.0,0.0,0.0,0.0,0.0,2000.0,2548873996.35,2548.874
463.5,Prithvi_Class,TERMINAL,512044.193,512.0442,520878.7582,520.8788,1599.9618,5759.8625,1599.9618,1138.1178,-1124.5291,-0.0,-9.8066,9.8066,inf,2.0,0.0,0.0,0.0,0.0,0.0,2000.0,2559877817.01,2559.8778
464.0,Prithvi_Class,TERMINAL,511479.4768,511.4795,521447.8171,521.4478,1603.4119,5772.2828,1603.4119,1138.1178,-1129.4324,-0.0,-9.8066,9.8066,inf,2.0,0.0,0.0,0.0,0.0,0.0,2000.0,2570929722.86,2570.9297
464.5,Prithvi_Class,TERMINAL,510912.3089,510.9123,522016.876,522.0169,1606.8695,5784.7303,1606.8695,1138.1178,-1134.3357,-0.0,-9.8066,9.8066,inf,2.0,0.0,0.0,0.0,0.0,0.0,2000.0,2582029713.9,2582.0297
465.0,Prithvi_Class,TERMINAL,510342.6894,510.3427,522585.9349,522.5859,1610.3347,5797.2049,1610.3347,1138.1178,-1139.2391,-0.0,-9.8066,9.8066,inf,2.0,0.0,0.0,0.0,0.0,0.0,2000.0,2593177790.14,2593.1778
465.5,Prithvi_Class,TERMINAL,509770.6182,509.7706,523154.9938,523.155,1613.8073,5809.7062,1613.8073,1138.1178,-1144.1424,-0.0,-9.8066,9.8066,inf,2.0,0.0,0.0,0.0,0.0,0.0,2000.0,2604373951.56,2604.374
466.0,Prithvi_Class,TERMINAL,509196.0953,509.1961,523724.0527,523.7241,1617.2873,5822.2343,1617.2873,1138.1178,-1149.0457,-0.0,-9.8066,9.8066,inf,2.0,0.0,0.0,0.0,0.0,0.0,2000.0,2615618198.18,2615.6182
466.5,Prithvi_Class,TERMINAL,508619.1208,508.6191,524293.1116,524.2931,1620.7747,5834.7888,1620.7747,1138.1178,-1153.949,-0.0,-9.8066,9.8066,inf,2.0,0.0,0.0,0.0,0.0,0.0,2000.0,2626910529.99,2626.9105
467.0,Prithvi_Class,TERMINAL,508039.6946,508.0397,524862.1705,524.8622,1624.2694,5847.3697,1624.2694,1138.1178,-1158.8524,-0.0,-9.8066,9.8066,inf,2.0,0.0,0.0,0.0,0.0,0.0,2000.0,2638250946.99,2638.2509
467.5,Prithvi_Class,TERMINAL,507457.8168,507.4578,525431.2294,525.4312,1627.7713,5859.9767,1627.7713,1138.1178,-1163.7557,-0.0,-9.8066,9.8066,inf,2.0,0.0,0.0,0.0,0.0,0.0,2000.0,2649639449.19,2649.6394
468.0,Prithvi_Class,TERMINAL,506873.4873,506.8735,526000.2883,526.0003,1631.2805,5872.6098,1631.2805,1138.1178,-1168.659,-0.0,-9.8066,9.8066,inf,2.0,0.0,0.0,0.0,0.0,0.0,2000.0,2661076036.57,2661.076
468.5,Prithvi_Class,TERMINAL,506286.7061,506.2867,526569.3472,526.5693,1634.7968,5885.2686,1634.7968,1138.1178,-1173.5623,-0.0,-9.8066,9.8066,inf,2.0,0.0,0.0,0.0,0.0,0.0,2000.0,2672560709.15,2672.5607
469.0,Prithvi_Class,TERMINAL,505697.4733,505.6975,527138.4061,527.1384,1638.3203,5897.9531,1638.3203,1138.1178,-1178.4657,-0.0,-9.8066,9.8066,inf,2.0,0.0,0.0,0.0,0.0,0.0,2000.0,2684093466.92,2684.0935
469.5,Prithvi_Class,TERMINAL,505105.7888,505.1058,527707.465,527.7075,1641.8509,5910.6632,1641.8509,1138.1178,-1183.369,-0.0,-9.8066,9.8066,inf,2.0,0.0,0.0,0.0,0.0,0.0,2000.0,2695674309.88,2695.6743
470.0,Prithvi_Class,TERMINAL,504511.6526,504.5117,528276.5239,528.2765,1645.3885,5923.3985,1645.3885,1138.1178,-1188.2723,-0.0,-9.8066,9.8066,inf,2.0,0.0,0.0,0.0,0.0,0.0,2000.0,2707303238.04,2707.3032
470.5,Prithvi_Class,TERMINAL,503915.0648,503.9151,528845.5828,528.8456,1648.9331,5936.159,1648.9331,1138.1178,-1193.1756,-0.0,-9.8066,9.8066,inf,2.0,0.0,0.0,0.0,0.0,0.0,2000.0,2718980251.39,2718.9803
471.0,Prithvi_Class,TERMINAL,503316.0253,503.316,529414.6417,529.4146,1652.4846,5948.9446,1652.4846,1138.1178,-1198.079,-0.0,-9.8066,9.8066,inf,2.0,0.0,0.0,0.0,0.0,0.0,2000.0,2730705349.92,2730.7053
471.5,Prithvi_Class,TERMINAL,502714.5341,502.7145,529983.7006,529.9837,1656.043,5961.7549,1656.043,1138.1178,-1202.9823,-0.0,-9.8066,9.8066,inf,2.0,0.0,0.0,0.0,0.0,0.0,2000.0,2742478533.66,2742.4785
472.0,Prithvi_Class,TERMINAL,502110.5913,502.1106,530552.7595,530.5528,1659.6083,5974.59,1659.6083,1138.1178,-1207.8856,-0.0,-9.8066,9.8066,inf,2.0,0.0,0.0,0.0,0.0,0.0,2000.0,2754299802.58,2754.2998
472.5,Prithvi_Class,TERMINAL,501504.1969,501.5042,531121.8184,531.1218,1663.1804,5987.4496,1663.1804,1138.1178,-1212.7889,-0.0,-9.8066,9.8066,inf,2.0,0.0,0.0,0.0,0.0,0.0,2000.0,2766169156.69,2766.1692
473.0,Prithvi_Class,TERMINAL,500895.3507,500.8954,531690.8773,531.6909,1666.7593,6000.3335,1666.7593,1138.1178,-1217.6923,-0.0,-9.8066,9.8066,inf,2.0,0.0,0.0,0.0,0.0,0.0,2000.0,2778086596.0,2778.0866
473.5,Prithvi_Class,TERMINAL,500284.0529,500.2841,532259.9362,532.2599,1670.3449,6013.2417,1670.3449,1138.1178,-1222.5956,-0.0,-9.8066,9.8066,inf,2.0,0.0,0.0,0.0,0.0,0.0,2000.0,2790052120.5,2790.0521
474.0,Prithvi_Class,TERMINAL,499670.3035,499.6703,532828.9951,532.829,1673.9372,6026.1739,1673.9372,1138.1178,-1227.4989,-0.0,-9.8066,9.8066,inf,2.0,0.0,0.0,0.0,0.0,0.0,2000.0,2802065730.19,2802.0657
474.5,Prithvi_Class,TERMINAL,499054.1023,499.0541,533398.054,533.3981,1677.5361,6039.13,1677.5361,1138.1178,-1232.4022,-0.0,-9.8066,9.8066,inf,2.0,0.0,0.0,0.0,0.0,0.0,2000.0,2814127425.08,2814.1274
475.0,Prithvi_Class,TERMINAL,498435.4496,498.4354,533967.1129,533.9671,1681.1416,6052.1099,1681.1416,1138.1178,-1237.3056,-0.0,-9.8066,9.8066,inf,2.0,0.0,0.0,0.0,0.0,0.0,2000.0,2826237205.15,2826.2372
475.5,Prithvi_Class,TERMINAL,497814.3451,497.8143,534536.1718,534.5362,1684.7537,6065.1134,1684.7537,1138.1178,-1242.2089,-0.0,-9.8066,9.8066,inf,2.0,0.0,0.0,0.0,0.0,0.0,2000.0,2838395070.42,2838.3951
476.0,Prithvi_Class,TERMINAL,497190.789,497.1908,535105.2307,535.1052,1688.3723,6078.1403,1688.3723,1138.1178,-1247.1122,-0.0,-9.8066,9.8066,inf,2.0,0.0,0.0,0.0,0.0,0.0,2000.0,2850601020.88,2850.601
476.5,Prithvi_Class,TERMINAL,496564.7812,496.5648,535674.2896,535.6743,1691.9974,6091.1905,1691.9974,1138.1178,-1252.0155,-0.0,-9.8066,9.8066,inf,2.0,0.0,0.0,0.0,0.0,0.0,2000.0,2862855056.53,2862.8551
477.0,Prithvi_Class,TERMINAL,495936.3218,495.9363,536243.3485,536.2433,1695.6288,6104.2638,1695.6288,1138.1178,-1256.9189,-0.0,-9.8066,9.8066,inf,2.0,0.0,0.0,0.0,0.0,0.0,2000.0,2875157177.38,2875.1572
477.5,Prithvi_Class,TERMINAL,495305.4107,495.3054,536812.4074,536.8124,1699.2667,6117.3602,1699.2667,1138.1178,-1261.8222,-0.0,-9.8066,9.8066,inf,2.0,0.0,0.0,0.0,0.0,0.0,2000.0,2887507383.41,2887.5074
478.0,Prithvi_Class,TERMINAL,494672.0479,494.672,537381.4663,537.3815,1702.9109,6130.4794,1702.9109,1138.1178,-1266.7255,-0.0,-9.8066,9.8066,inf,2.0,0.0,0.0,0.0,0.0,0.0,2000.0,2899905674.64,2899.9057
478.5,Prithvi_Class,TERMINAL,494036.2335,494.0362,537950.5252,537.9505,1706.5615,6143.6213,1706.5615,1138.1178,-1271.6288,-0.0,-9.8066,9.8066,inf,2.0,0.0,0.0,0.0,0.0,0.0,2000.0,2912352051.06,2912.3521
479.0,Prithvi_Class,TERMINAL,493397.9674,493.398,538519.5841,538.5196,1710.2183,6156.7858,1710.2183,1138.1178,-1276.5322,-0.0,-9.8066,9.8066,inf,2.0,0.0,0.0,0.0,0.0,0.0,2000.0,2924846512.68,2924.8465
479.5,Prithvi_Class,TERMINAL,492757.2497,492.7572,539088.643,539.0886,1713.8813,6169.9726,1713.8813,1138.1178,-1281.4355,-0.0,-9.8066,9.8066,inf,2.0,0.0,0.0,0.0,0.0,0.0,2000.0,2937389059.48,2937.3891
480.0,Prithvi_Class,TERMINAL,492114.0803,492.1141,539657.7019,539.6577,1717.5505,6183.1818,1717.5505,1138.1178,-1286.3388,-0.0,-9.8066,9.8066,inf,2.0,0.0,0.0,0.0,0.0,0.0,2000.0,2949979691.48,2949.9797
480.5,Prithvi_Class,TERMINAL,491468.4592,491.4685,540226.7608,540.2268,1721.2258,6196.413,1721.2258,1138.1178,-1291.2421,-0.0,-9.8066,9.8066,inf,2.0,0.0,0.0,0.0,0.0,0.0,2000.0,2962618408.67,2962.6184
481.0,Prithvi_Class,TERMINAL,490820.3865,490.8204,540795.8197,540.7958,1724.9073,6209.6663,1724.9073,1138.1178,-1296.1455,-0.0,-9.8066,9.8066,inf,2.0,0.0,0.0,0.0,0.0,0.0,2000.0,2975305211.05,2975.3052
481.5,Prithvi_Class,TERMINAL,490169.8621,490.1699,541364.8786,541.3649,1728.5948,6222.9414,1728.5948,1138.1178,-1301.0488,-0.0,-9.8066,9.8066,inf,2.0,0.0,0.0,0.0,0.0,0.0,2000.0,2988040098.62,2988.0401
482.0,Prithvi_Class,TERMINAL,489516.886,489.5169,541933.9375,541.9339,1732.2884,6236.2382,1732.2884,1138.1178,-1305.9521,-0.0,-9.8066,9.8066,inf,2.0,0.0,0.0,0.0,0.0,0.0,2000.0,3000823071.39,3000.8231
482.5,Prithvi_Class,TERMINAL,488861.4583,488.8615,542502.9964,542.503,1735.9879,6249.5566,1735.9879,1138.1178,-1310.8554,-0.0,-9.8066,9.8066,inf,2.0,0.0,0.0,0.0,0.0,0.0,2000.0,3013654129.34,3013.6541
483.0,Prithvi_Class,TERMINAL,488203.5789,488.2036,543072.0553,543.0721,1739.6934,6262.8964,1739.6934,1138.1178,-1315.7588,-0.0,-9.8066,9.8066,inf,2.0,0.0,0.0,0.0,0.0,0.0,2000.0,3026533272.49,3026.5333
483.5,Prithvi_Class,TERMINAL,487543.2479,487.5432,543641.1142,543.6411,1743.4049,6276.2575,1743.4049,1138.1178,-1320.6621,-0.0,-9.8066,9.8066,inf,2.0,0.0,0.0,0.0,0.0,0.0,2000.0,3039460500.84,3039.4605
484.0,Prithvi_Class,TERMINAL,486880.4651,486.8805,544210.1731,544.2102,1747.1222,6289.6397,1747.1222,1138.1178,-1325.5654,-0.0,-9.8066,9.8066,inf,2.0,0.0,0.0,0.0,0.0,0.0,2000.0,3052435814.37,3052.4358
484.5,Prithvi_Class,TERMINAL,486215.2308,486.2152,544779.232,544.7792,1750.8453,6303.043,1750.8453,1138.1178,-1330.4687,-0.0,-9.8066,9.8066,inf,2.0,0.0,0.0,0.0,0.0,0.0,2000.0,3065459213.09,3065.4592
485.0,Prithvi_Class,TERMINAL,485547.5447,485.5475,545348.2909,545.3483,1754.5742,6316.4672,1754.5742,1138.1178,-1335.3721,-0.0,-9.8066,9.8066,inf,2.0,0.0,0.0,0.0,0.0,0.0,2000.0,3078530697.01,3078.5307
485.5,Prithvi_Class,TERMINAL,484877.407,484.8774,545917.3498,545.9173,1758.3089,6329.9121,1758.3089,1138.1178,-1340.2754,-0.0,-9.8066,9.8066,inf,2.0,0.0,0.0,0.0,0.0,0.0,2000.0,3091650266.12,3091.6503
486.0,Prithvi_Class,TERMINAL,484204.8177,484.2048,546486.4087,546.4864,1762.0494,6343.3777,1762.0494,1138.1178,-1345.1787,-0.0,-9.8066,9.8066,inf,2.0,0.0,0.0,0.0,0.0,0.0,2000.0,3104817920.43,3104.8179
486.5,Prithvi_Class,TERMINAL,483529.7767,483.5298,547055.4676,547.0555,1765.7955,6356.8637,1765.7955,1138.1178,-1350.082,-0.0,-9.8066,9.8066,inf,2.0,0.0,0.0,0.0,0.0,0.0,2000.0,3118033659.92,3118.0337
487.0,Prithvi_Class,TERMINAL,482852.284,482.8523,547624.5265,547.6245,1769.5473,6370.3701,1769.5473,1138.1178,-1354.9854,-0.0,-9.8066,9.8066,inf,2.0,0.0,0.0,0.0,0.0,0.0,2000.0,3131297484.61,3131.2975
487.5,Prithvi_Class,TERMINAL,482172.3396,482.1723,548193.5854,548.1936,1773.3047,6383.8968,1773.3047,1138.1178,-1359.8887,-0.0,-9.8066,9.8066,inf,2.0,0.0,0.0,0.0,0.0,0.0,2000.0,3144609394.49,3144.6094
488.0,Prithvi_Class,TERMINAL,481489.9436,481.4899,548762.6443,548.7626,1777.0676,6397.4435,1777.0676,1138.1178,-1364.792,-0.0,-9.8066,9.8066,inf,2.0,0.0,0.0,0.0,0.0,0.0,2000.0,3157969389.56,3157.9694
488.5,Prithvi_Class,TERMINAL,480805.0959,480.8051,549331.7032,549.3317,1780.8362,6411.0102,1780.8362,1138.1178,-1369.6953,-0.0,-9.8066,9.8066,inf,2.0,0.0,0.0,0.0,0.0,0.0,2000.0,3171377469.82,3171.3775
489.0,Prithvi_Class,TERMINAL,480117.7966,480.1178,549900.7621,549.9008,1784.6102,6424.5968,1784.6102,1138.1178,-1374.5987,-0.0,-9.8066,9.8066,inf,2.0,0.0,0.0,0.0,0.0,0.0,2000.0,3184833635.27,3184.8336
489.5,Prithvi_Class,TERMINAL,479428.0456,479.428,550469.821,550.4698,1788.3897,6438.2031,1788.3897,1138.1178,-1379.502,-0.0,-9.8066,9.8066,inf,2.0,0.0,0.0,0.0,0.0,0.0,2000.0,3198337885.92,3198.3379
490.0,Prithvi_Class,TERMINAL,478735.8429,478.7358,551038.8799,551.0389,1792.1747,6451.829,1792.1747,1138.1178,-1384.4053,-0.0,-9.8066,9.8066,inf,2.0,0.0,0.0,0.0,0.0,0.0,2000.0,3211890221.76,3211.8902
490.5,Prithvi_Class,TERMINAL,478041.1886,478.0412,551607.9388,551.6079,1795.9651,6465.4744,1795.9651,1138.1178,-1389.3086,-0.0,-9.8066,9.8066,inf,2.0,0.0,0.0,0.0,0.0,0.0,2000.0,3225490642.79,3225.4906
491.0,Prithvi_Class,TERMINAL,477344.0826,477.3441,552176.9977,552.177,1799.7609,6479.1391,1799.7609,1138.1178,-1394.212,-0.0,-9.8066,9.8066,inf,2.0,0.0,0.0,0.0,0.0,0.0,2000.0,3239139149.01,3239.1391
491.5,Prithvi_Class,TERMINAL,476644.525,476.6445,552746.0566,552.7461,1803.562,6492.8231,1803.562,1138.1178,-1399.1153,-0.0,-9.8066,9.8066,inf,2.0,0.0,0.0,0.0,0.0,0.0,2000.0,3252835740.43,3252.8357
492.0,Prithvi_Class,TERMINAL,475942.5157,475.9425,553315.1155,553.3151,1807.3684,6506.5261,1807.3684,1138.1178,-1404.0186,-0.0,-9.8066,9.8066,inf,2.0,0.0,0.0,0.0,0.0,0.0,2000.0,3266580417.04,3266.5804
492.5,Prithvi_Class,TERMINAL,475238.0547,475.2381,553884.1744,553.8842,1811.1801,6520.2482,1811.1801,1138.1178,-1408.9219,-0.0,-9.8066,9.8066,inf,2.0,0.0,0.0,0.0,0.0,0.0,2000.0,3280373178.84,3280.3732
493.0,Prithvi_Class,TERMINAL,474531.1421,474.5311,554453.2333,554.4532,1814.997,6533.9891,1814.997,1138.1178,-1413.8253,-0.0,-9.8066,9.8066,inf,2.0,0.0,0.0,0.0,0.0,0.0,2000.0,3294214025.83,3294.214
493.5,Prithvi_Class,TERMINAL,473821.7778,473.8218,555022.2922,555.0223,1818.8191,6547.7488,1818.8191,1138.1178,-1418.7286,-0.0,-9.8066,9.8066,inf,2.0,0.0,0.0,0.0,0.0,0.0,2000.0,3308102958.01,3308.103
494.0,Prithvi_Class,TERMINAL,473109.9618,473.11,555591.3511,555.5914,1822.6464,6561.5271,1822.6464,1138.1178,-1423.6319,-0.0,-9.8066,9.8066,inf,2.0,0.0,0.0,0.0,0.0,0.0,2000.0,3322039975.39,3322.04
494.5,Prithvi_Class,TERMINAL,472395.6942,472.3957,556160.41,556.1604,1826.4789,6575.3239,1826.4789,1138.1178,-1428.5352,-0.0,-9.8066,9.8066,inf,2.0,0.0,0.0,0.0,0.0,0.0,2000.0,3336025077.96,3336.0251
495.0,Prithvi_Class,TERMINAL,471678.9749,471.679,556729.4689,556.7295,1830.3164,6589.1392,1830.3164,1138.1178,-1433.4386,-0.0,-9.8066,9.8066,inf,2.0,0.0,0.0,0.0,0.0,0.0,2000.0,3350058265.72,3350.0583
495.5,Prithvi_Class,TERMINAL,470959.804,470.9598,557298.5278,557.2985,1834.1591,6602.9727,1834.1591,1138.1178,-1438.3419,-0.0,-9.8066,9.8066,inf,2.0,0.0,0.0,0.0,0.0,0.0,2000.0,3364139538.67,3364.1395
496.0,Prithvi_Class,TERMINAL,470238.1813,470.2382,557867.5867,557.8676,1838.0068,6616.8244,1838.0068,1138.1178,-1443.2452,-0.0,-9.8066,9.8066,inf,2.0,0.0,0.0,0.0,0.0,0.0,2000.0,3378268896.82,3378.2689
496.5,Prithvi_Class,TERMINAL,469514.1071,469.5141,558436.6456,558.4366,1841.8595,6630.6941,1841.8595,1138.1178,-1448.1485,-0.0,-9.8066,9.8066,inf,2.0,0.0,0.0,0.0,0.0,0.0,2000.0,3392446340.15,3392.4463
497.0,Prithvi_Class,TERMINAL,468787.5811,468.7876,559005.7045,559.0057,1845.7172,6644.5818,1845.7172,1138.1178,-1453.0519,-0.0,-9.8066,9.8066,inf,2.0,0.0,0.0,0.0,0.0,0.0,2000.0,3406671868.68,3406.6719
497.5,Prithvi_Class,TERMINAL,468058.6035,468.0586,559574.7634,559.5748,1849.5798,6658.4873,1849.5798,1138.1178,-1457.9552,-0.0,-9.8066,9.8066,inf,2.0,0.0,0.0,0.0,0.0,0.0,2000.0,3420945482.4,3420.9455
498.0,Prithvi_Class,TERMINAL,467327.1743,467.3272,560143.8223,560.1438,1853.4474,6672.4106,1853.4474,1138.1178,-1462.8585,-0.0,-9.8066,9.8066,inf,2.0,0.0,0.0,0.0,0.0,0.0,2000.0,3435267181.31,3435.2672
498.5,Prithvi_Class,TERMINAL,466593.2934,466.5933,560712.8812,560.7129,1857.3198,6686.3514,1857.3198,1138.1178,-1467.7618,-0.0,-9.8066,9.8066,inf,2.0,0.0,0.0,0.0,0.0,0.0,2000.0,3449636965.42,3449.637
499.0,Prithvi_Class,TERMINAL,465856.9608,465.857,561281.9401,561.2819,1861.1972,6700.3097,1861.1972,1138.1178,-1472.6652,-0.0,-9.8066,9.8066,inf,2.0,0.0,0.0,0.0,0.0,0.0,2000.0,3464054834.72,3464.0548
499.5,Prithvi_Class,TERMINAL,465118.1765,465.1182,561850.999,561.851,1865.0793,6714.2855,1865.0793,1138.1178,-1477.5685,-0.0,-9.8066,9.8066,inf,2.0,0.0,0.0,0.0,0.0,0.0,2000.0,3478520789.21,3478.5208
500.0,Prithvi_Class,TERMINAL,464376.9406,464.3769,562420.0579,562.4201,1868.9662,6728.2785,1868.9662,1138.1178,-1482.4718,-0.0,-9.8066,9.8066,inf,2.0,0.0,0.0,0.0,0.0,0.0,2000.0,3493034828.89,3493.0348
500.5,Prithvi_Class,TERMINAL,463633.253,463.6333,562989.1168,562.9891,1872.858,6742.2887,1872.858,1138.1178,-1487.3751,-0.0,-9.8066,9.8066,inf,2.0,0.0,0.0,0.0,0.0,0.0,2000.0,3507596953.76,3507.597
501.0,Prithvi_Class,TERMINAL,462887.1138,462.8871,563558.1757,563.5582,1876.7544,6756.3159,1876.7544,1138.1178,-1492.2785,-0.0,-9.8066,9.8066,inf,2.0,0.0,0.0,0.0,0.0,0.0,2000.0,3522207163.83,3522.2072
501.5,Prithvi_Class,TERMINAL,462138.5229,462.1385,564127.2346,564.1272,1880.6556,6770.3601,1880.6556,1138.1178,-1497.1818,-0.0,-9.8066,9.8066,inf,2.0,0.0,0.0,0.0,0.0,0.0,2000.0,3536865459.08,3536.8655
502.0,Prithvi_Class,TERMINAL,461387.4804,461.3875,564696.2935,564.6963,1884.5614,6784.4212,1884.5614,1138.1178,-1502.0851,-0.0,-9.8066,9.8066,inf,2.0,0.0,0.0,0.0,0.0,0.0,2000.0,3551571839.53,3551.5718
502.5,Prithvi_Class,TERMINAL,460633.9861,460.634,565265.3524,565.2654,1888.4719,6798.499,1888.4719,1138.1178,-1506.9884,-0.0,-9.8066,9.8066,inf,2.0,0.0,0.0,0.0,0.0,0.0,2000.0,3566326305.18,3566.3263
503.0,Prithvi_Class,TERMINAL,459878.0402,459.878,565834.4113,565.8344,1892.3871,6812.5935,1892.3871,1138.1178,-1511.8918,-0.0,-9.8066,9.8066,inf,2.0,0.0,0.0,0.0,0.0,0.0,2000.0,3581128856.01,3581.1289
503.5,Prithvi_Class,TERMINAL,459119.6427,459.1196,566403.4702,566.4035,1896.3068,6826.7045,1896.3068,1138.1178,-1516.7951,-0.0,-9.8066,9.8066,inf,2.0,0.0,0.0,0.0,0.0,0.0,2000.0,3595979492.04,3595.9795
504.0,Prithvi_Class,TERMINAL,458358.7935,458.3588,566972.5291,566.9725,1900.2311,6840.8319,1900.2311,1138.1178,-1521.6984,-0.0,-9.8066,9.8066,inf,2.0,0.0,0.0,0.0,0.0,0.0,2000.0,3610878213.26,3610.8782
504.5,Prithvi_Class,TERMINAL,457595.4926,457.5955,567541.588,567.5416,1904.1599,6854.9757,1904.1599,1138.1178,-1526.6017,-0.0,-9.8066,9.8066,inf,2.0,0.0,0.0,0.0,0.0,0.0,2000.0,3625825019.67,3625.825
505.0,Prithvi_Class,TERMINAL,456829.7401,456.8297,568110.6469,568.1106,1908.0933,6869.1358,1908.0933,1138.1178,-1531.5051,-0.0,-9.8066,9.8066,inf,2.0,0.0,0.0,0.0,0.0,0.0,2000.0,3640819911.27,3640.8199
505.5,Prithvi_Class,TERMINAL,456061.5359,456.0615,568679.7058,568.6797,1912.0311,6883.3119,1912.0311,1138.1178,-1536.4084,-0.0,-9.8066,9.8066,inf,2.0,0.0,0.0,0.0,0.0,0.0,2000.0,3655862888.06,3655.8629
506.0,Prithvi_Class,TERMINAL,455290.88,455.2909,569248.7647,569.2488,1915.9734,6897.5041,1915.9734,1138.1178,-1541.3117,-0.0,-9.8066,9.8066,inf,2.0,0.0,0.0,0.0,0.0,0.0,2000.0,3670953950.05,3670.954
506.5,Prithvi_Class,TERMINAL,454517.7725,454.5178,569817.8236,569.8178,1919.9201,6911.7123,1919.9201,1138.1178,-1546.215,-0.0,-9.8066,9.8066,inf,2.0,0.0,0.0,0.0,0.0,0.0,2000.0,3686093097.23,3686.0931
507.0,Prithvi_Class,TERMINAL,453742.2133,453.7422,570386.8825,570.3869,1923.8712,6925.9363,1923.8712,1138.1178,-1551.1184,-0.0,-9.8066,9.8066,inf,2.0,0.0,0.0,0.0,0.0,0.0,2000.0,3701280329.6,3701.2803
507.5,Prithvi_Class,TERMINAL,452964.2025,452.9642,570955.9414,570.9559,1927.8267,6940.176,1927.8267,1138.1178,-1556.0217,-0.0,-9.8066,9.8066,inf,2.0,0.0,0.0,0.0,0.0,0.0,2000.0,3716515647.16,3716.5156
508.0,Prithvi_Class,TERMINAL,452183.74,452.1837,571525.0003,571.525,1931.7865,6954.4314,1931.7865,1138.1178,-1560.925,-0.0,-9.8066,9.8066,inf,2.0,0.0,0.0,0.0,0.0,0.0,2000.0,3731799049.92,3731.799
508.5,Prithvi_Class,TERMINAL,451400.8258,451.4008,572094.0592,572.0941,1935.7506,6968.7023,1935.7506,1138.1178,-1565.8283,-0.0,-9.8066,9.8066,inf,2.0,0.0,0.0,0.0,0.0,0.0,2000.0,3747130537.87,3747.1305
509.0,Prithvi_Class,TERMINAL,450615.4599,450.6155,572663.1181,572.6631,1939.7191,6982.9887,1939.7191,1138.1178,-1570.7317,-0.0,-9.8066,9.8066,inf,2.0,0.0,0.0,0.0,0.0,0.0,2000.0,3762510111.0,3762.5101
509.5,Prithvi_Class,TERMINAL,449827.6424,449.8276,573232.177,573.2322,1943.6918,6997.2904,1943.6918,1138.1178,-1575.635,-0.0,-9.8066,9.8066,inf,2.0,0.0,0.0,0.0,0.0,0.0,2000.0,3777937769.34,3777.9378
510.0,Prithvi_Class,TERMINAL,449037.3733,449.0374,573801.2359,573.8012,1947.6687,7011.6075,1947.6687,1138.1178,-1580.5383,-0.0,-9.8066,9.8066,inf,2.0,0.0,0.0,0.0,0.0,0.0,2000.0,3793413512.86,3793.4135
510.5,Prithvi_Class,TERMINAL,448244.6525,448.2447,574370.2949,574.3703,1951.6499,7025.9396,1951.6499,1138.1178,-1585.4416,-0.0,-9.8066,9.8066,inf,2.0,0.0,0.0,0.0,0.0,0.0,2000.0,3808937341.58,3808.9373
511.0,Prithvi_Class,TERMINAL,447449.48,447.4495,574939.3538,574.9394,1955.6353,7040.2869,1955.6353,1138.1178,-1590.345,-0.0,-9.8066,9.8066,inf,2.0,0.0,0.0,0.0,0.0,0.0,2000.0,3824509255.48,3824.5093
511.5,Prithvi_Class,TERMINAL,446651.8558,446.6519,575508.4127,575.5084,1959.6248,7054.6492,1959.6248,1138.1178,-1595.2483,-0.0,-9.8066,9.8066,inf,2.0,0.0,0.0,0.0,0.0,0.0,2000.0,3840129254.58,3840.1293
512.0,Prithvi_Class,TERMINAL,445851.78,445.8518,576077.4716,576.0775,1963.6184,7069.0263,1963.6184,1138.1178,-1600.1516,-0.0,-9.8066,9.8066,inf,2.0,0.0,0.0,0.0,0.0,0.0,2000.0,3855797338.88,3855.7973
512.5,Prithvi_Class,TERMINAL,445049.2525,445.0493,576646.5305,576.6465,1967.6162,7083.4183,1967.6162,1138.1178,-1605.0549,-0.0,-9.8066,9.8066,inf,2.0,0.0,0.0,0.0,0.0,0.0,2000.0,3871513508.36,3871.5135
513.0,Prithvi_Class,TERMINAL,444244.2734,444.2443,577215.5894,577.2156,1971.6181,7097.825,1971.6181,1138.1178,-1609.9583,-0.0,-9.8066,9.8066,inf,2.0,0.0,0.0,0.0,0.0,0.0,2000.0,3887277763.04,3887.2778
513.5,Prithvi_Class,TERMINAL,443436.8426,443.4368,577784.6483,577.7846,1975.624,7112.2463,1975.624,1138.1178,-1614.8616,-0.0,-9.8066,9.8066,inf,2.0,0.0,0.0,0.0,0.0,0.0,2000.0,3903090102.9,3903.0901
514.0,Prithvi_Class,TERMINAL,442626.9602,442.627,578353.7072,578.3537,1979.6339,7126.6822,1979.6339,1138.1178,-1619.7649,-0.0,-9.8066,9.8066,inf,2.0,0.0,0.0,0.0,0.0,0.0,2000.0,3918950527.97,3918.9505
514.5,Prithvi_Class,TERMINAL,441814.626,441.8146,578922.7661,578.9228,1983.6479,7141.1325,1983.6479,1138.1178,-1624.6682,-0.0,-9.8066,9.8066,inf,2.0,0.0,0.0,0.0,0.0,0.0,2000.0,3934859038.22,3934.859
515.0,Prithvi_Class,TERMINAL,440999.8402,440.9998,579491.825,579.4918,1987.6659,7155.5972,1987.6659,1138.1178,-1629.5716,-0.0,-9.8066,9.8066,inf,2.0,0.0,0.0,0.0,0.0,0.0,2000.0,3950815633.66,3950.8156
515.5,Prithvi_Class,TERMINAL,440182.6028,440.1826,580060.8839,580.0609,1991.6878,7170.0761,1991.6878,1138.1178,-1634.4749,-0.0,-9.8066,9.8066,inf,2.0,0.0,0.0,0.0,0.0,0.0,2000.0,3966820314.3,3966.8203
516.0,Prithvi_Class,TERMINAL,439362.9137,439.3629,580629.9428,580.6299,1995.7137,7184.5692,1995.7137,1138.1178,-1639.3782,-0.0,-9.8066,9.8066,inf,2.0,0.0,0.0,0.0,0.0,0.0,2000.0,3982873080.13,3982.8731
516.5,Prithvi_Class,TERMINAL,438540.7729,438.5408,581199.0017,581.199,1999.7435,7199.0765,1999.7435,1138.1178,-1644.2815,-0.0,-9.8066,9.8066,inf,2.0,0.0,0.0,0.0,0.0,0.0,2000.0,3998973931.15,3998.9739
517.0,Prithvi_Class,TERMINAL,437716.1805,437.7162,581768.0606,581.7681,2003.7772,7213.5977,2003.7772,1138.1178,-1649.1849,-0.0,-9.8066,9.8066,inf,2.0,0.0,0.0,0.0,0.0,0.0,2000.0,4015122867.36,4015.1229
517.5,Prithvi_Class,TERMINAL,436889.1364,436.8891,582337.1195,582.3371,2007.8147,7228.1329,2007.8147,1138.1178,-1654.0882,-0.0,-9.8066,9.8066,inf,2.0,0.0,0.0,0.0,0.0,0.0,2000.0,4031319888.77,4031.3199
518.0,Prithvi_Class,TERMINAL,436059.6406,436.0596,582906.1784,582.9062,2011.8561,7242.682,2011.8561,1138.1178,-1658.9915,-0.0,-9.8066,9.8066,inf,2.0,0.0,0.0,0.0,0.0,0.0,2000.0,4047564995.37,4047.565
518.5,Prithvi_Class,TERMINAL,435227.6932,435.2277,583475.2373,583.4752,2015.9013,7257.2448,2015.9013,1138.1178,-1663.8948,-0.0,-9.8066,9.8066,inf,2.0,0.0,0.0,0.0,0.0,0.0,2000.0,4063858187.16,4063.8582
519.0,Prithvi_Class,TERMINAL,434393.2941,434.3933,584044.2962,584.0443,2019.9504,7271.8213,2019.9504,1138.1178,-1668.7982,-0.0,-9.8066,9.8066,inf,2.0,0.0,0.0,0.0,0.0,0.0,2000.0,4080199464.14,4080.1995
519.5,Prithvi_Class,TERMINAL,433556.4434,433.5564,584613.3551,584.6134,2024.0032,7286.4114,2024.0032,1138.1178,-1673.7015,-0.0,-9.8066,9.8066,inf,2.0,0.0,0.0,0.0,0.0,0.0,2000.0,4096588826.31,4096.5888
520.0,Prithvi_Class,TERMINAL,432717.141,432.7171,585182.414,585.1824,2028.0597,7301.015,2028.0597,1138.1178,-1678.6048,-0.0,-9.8066,9.8066,inf,2.0,0.0,0.0,0.0,0.0,0.0,2000.0,4113026273.68,4113.0263
520.5,Prithvi_Class,TERMINAL,431875.3869,431.8754,585751.4729,585.7515,2032.12,7315.6321,2032.12,1138.1178,-1683.5081,-0.0,-9.8066,9.8066,inf,2.0,0.0,0.0,0.0,0.0,0.0,2000.0,4129511806.23,4129.5118
521.0,Prithvi_Class,TERMINAL,431031.1812,431.0312,586320.5318,586.3205,2036.184,7330.2625,2036.184,1138.1178,-1688.4115,-0.0,-9.8066,9.8066,inf,2.0,0.0,0.0,0.0,0.0,0.0,2000.0,4146045423.98,4146.0454
521.5,Prithvi_Class,TERMINAL,430184.5238,430.1845,586889.5907,586.8896,2040.2517,7344.9062,2040.2517,1138.1178,-1693.3148,-0.0,-9.8066,9.8066,inf,2.0,0.0,0.0,0.0,0.0,0.0,2000.0,4162627126.93,4162.6271
522.0,Prithvi_Class,TERMINAL,429335.4147,429.3354,587458.6496,587.4586,2044.3231,7359.5631,2044.3231,1138.1178,-1698.2181,-0.0,-9.8066,9.8066,inf,2.0,0.0,0.0,0.0,0.0,0.0,2000.0,4179256915.06,4179.2569
522.5,Prithvi_Class,TERMINAL,428483.854,428.4839,588027.7085,588.0277,2048.3981,7374.2332,2048.3981,1138.1178,-1703.1214,-0.0,-9.8066,9.8066,inf,2.0,0.0,0.0,0.0,0.0,0.0,2000.0,4195934788.39,4195.9348
523.0,Prithvi_Class,TERMINAL,427629.8416,427.6298,588596.7674,588.5968,2052.4767,7388.9162,2052.4767,1138.1178,-1708.0248,-0.0,-9.8066,9.8066,inf,2.0,0.0,0.0,0.0,0.0,0.0,2000.0,4212660746.91,4212.6607
523.5,Prithvi_Class,TERMINAL,426773.3775,426.7734,589165.8263,589.1658,2056.559,7403.6123,2056.559,1138.1178,-1712.9281,-0.0,-9.8066,9.8066,inf,2.0,0.0,0.0,0.0,0.0,0.0,2000.0,4229434790.62,4229.4348
524.0,Prithvi_Class,TERMINAL,425914.4618,425.9145,589734.8852,589.7349,2060.6448,7418.3212,2060.6448,1138.1178,-1717.8314,-0.0,-9.8066,9.8066,inf,2.0,0.0,0.0,0.0,0.0,0.0,2000.0,4246256919.52,4246.2569
524.5,Prithvi_Class,TERMINAL,425053.0945,425.0531,590303.9441,590.3039,2064.7342,7433.043,2064.7342,1138.1178,-1722.7347,-0.0,-9.8066,9.8066,inf,2.0,0.0,0.0,0.0,0.0,0.0,2000.0,4263127133.61,4263.1271
525.0,Prithvi_Class,TERMINAL,424189.2754,424.1893,590873.003,590.873,2068.8271,7447.7774,2068.8271,1138.1178,-1727.6381,-0.0,-9.8066,9.8066,inf,2.0,0.0,0.0,0.0,0.0,0.0,2000.0,4280045432.9,4280.0454
525.5,Prithvi_Class,TERMINAL,423323.0047,423.323,591442.0619,591.4421,2072.9235,7462.5246,2072.9235,1138.1178,-1732.5414,-0.0,-9.8066,9.8066,inf,2.0,0.0,0.0,0.0,0.0,0.0,2000.0,4297011817.38,4297.0118
526.0,Prithvi_Class,TERMINAL,422454.2824,422.4543,592011.1208,592.0111,2077.0234,7477.2843,2077.0234,1138.1178,-1737.4447,-0.0,-9.8066,9.8066,inf,2.0,0.0,0.0,0.0,0.0,0.0,2000.0,4314026287.05,4314.0263
526.5,Prithvi_Class,TERMINAL,421583.1083,421.5831,592580.1797,592.5802,2081.1268,7492.0566,2081.1268,1138.1178,-1742.348,-0.0,-9.8066,9.8066,inf,2.0,0.0,0.0,0.0,0.0,0.0,2000.0,4331088841.92,4331.0888
527.0,Prithvi_Class,TERMINAL,420709.4827,420.7095,593149.2386,593.1492,2085.2337,7506.8412,2085.2337,1138.1178,-1747.2514,-0.0,-9.8066,9.8066,inf,2.0,0.0,0.0,0.0,0.0,0.0,2000.0,4348199481.97,4348.1995
527.5,Prithvi_Class,TERMINAL,419833.4053,419.8334,593718.2975,593.7183,2089.344,7521.6383,2089.344,1138.1178,-1752.1547,-0.0,-9.8066,9.8066,inf,2.0,0.0,0.0,0.0,0.0,0.0,2000.0,4365358207.22,4365.3582
528.0,Prithvi_Class,TERMINAL,418954.8763,418.9549,594287.3564,594.2874,2093.4577,7536.4476,2093.4577,1138.1178,-1757.058,-0.0,-9.8066,9.8066,inf,2.0,0.0,0.0,0.0,0.0,0.0,2000.0,4382565017.66,4382.565
528.5,Prithvi_Class,TERMINAL,418073.8956,418.0739,594856.4153,594.8564,2097.5748,7551.2692,2097.5748,1138.1178,-1761.9613,-0.0,-9.8066,9.8066,inf,2.0,0.0,0.0,0.0,0.0,0.0,2000.0,4399819913.29,4399.8199
529.0,Prithvi_Class,TERMINAL,417190.4633,417.1905,595425.4742,595.4255,2101.6952,7566.1029,2101.6952,1138.1178,-1766.8647,-0.0,-9.8066,9.8066,inf,2.0,0.0,0.0,0.0,0.0,0.0,2000.0,4417122894.11,4417.1229
529.5,Prithvi_Class,TERMINAL,416304.5793,416.3046,595994.5331,595.9945,2105.8191,7580.9487,2105.8191,1138.1178,-1771.768,-0.0,-9.8066,9.8066,inf,2.0,0.0,0.0,0.0,0.0,0.0,2000.0,4434473960.13,4434.474
530.0,Prithvi_Class,TERMINAL,415416.2436,415.4162,596563.592,596.5636,2109.9462,7595.8064,2109.9462,1138.1178,-1776.6713,-0.0,-9.8066,9.8066,inf,2.0,0.0,0.0,0.0,0.0,0.0,2000.0,4451873111.34,4451.8731
530.5,Prithvi_Class,TERMINAL,414525.4563,414.5255,597132.6509,597.1327,2114.0767,7610.6762,2114.0767,1138.1178,-1781.5746,-0.0,-9.8066,9.8066,inf,2.0,0.0,0.0,0.0,0.0,0.0,2000.0,4469320347.74,4469.3203
531.0,Prithvi_Class,TERMINAL,413632.2173,413.6322,597701.7098,597.7017,2118.2105,7625.5578,2118.2105,1138.1178,-1786.478,-0.0,-9.8066,9.8066,inf,2.0,0.0,0.0,0.0,0.0,0.0,2000.0,4486815669.33,4486.8157
531.5,Prithvi_Class,TERMINAL,412736.5267,412.7365,598270.7687,598.2708,2122.3475,7640.4511,2122.3475,1138.1178,-1791.3813,-0.0,-9.8066,9.8066,inf,2.0,0.0,0.0,0.0,0.0,0.0,2000.0,4504359076.11,4504.3591
532.0,Prithvi_Class,TERMINAL,411838.3844,411.8384,598839.8276,598.8398,2126.4878,7655.3563,2126.4878,1138.1178,-1796.2846,-0.0,-9.8066,9.8066,inf,2.0,0.0,0.0,0.0,0.0,0.0,2000.0,4521950568.09,4521.9506
532.5,Prithvi_Class,TERMINAL,410937.7904,410.9378,599408.8865,599.4089,2130.6314,7670.273,2130.6314,1138.1178,-1801.1879,-0.0,-9.8066,9.8066,inf,2.0,0.0,0.0,0.0,0.0,0.0,2000.0,4539590145.26,4539.5901
533.0,Prithvi_Class,TERMINAL,410034.7448,410.0347,599977.9454,599.9779,2134.7782,7685.2014,2134.7782,1138.1178,-1806.0913,-0.0,-9.8066,9.8066,inf,2.0,0.0,0.0,0.0,0.0,0.0,2000.0,4557277807.62,4557.2778
533.5,Prithvi_Class,TERMINAL,409129.2475,409.1292,600547.0043,600.547,2138.9281,7700.1413,2138.9281,1138.1178,-1810.9946,-0.0,-9.8066,9.8066,inf,2.0,0.0,0.0,0.0,0.0,0.0,2000.0,4575013555.17,4575.0136
534.0,Prithvi_Class,TERMINAL,408221.2985,408.2213,601116.0632,601.1161,2143.0813,7715.0926,2143.0813,1138.1178,-1815.8979,-0.0,-9.8066,9.8066,inf,2.0,0.0,0.0,0.0,0.0,0.0,2000.0,4592797387.92,4592.7974
534.5,Prithvi_Class,TERMINAL,407310.8979,407.3109,601685.1221,601.6851,2147.2376,7730.0554,2147.2376,1138.1178,-1820.8012,-0.0,-9.8066,9.8066,inf,2.0,0.0,0.0,0.0,0.0,0.0,2000.0,4610629305.86,4610.6293
535.0,Prithvi_Class,TERMINAL,406398.0456,406.398,602254.181,602.2542,2151.3971,7745.0294,2151.3971,1138.1178,-1825.7046,-0.0,-9.8066,9.8066,inf,2.0,0.0,0.0,0.0,0.0,0.0,2000.0,4628509308.98,4628.5093
535.5,Prithvi_Class,TERMINAL,405482.7416,405.4827,602823.2399,602.8232,2155.5596,7760.0147,2155.5596,1138.1178,-1830.6079,-0.0,-9.8066,9.8066,inf,2.0,0.0,0.0,0.0,0.0,0.0,2000.0,4646437397.31,4646.4374
536.0,Prithvi_Class,TERMINAL,404564.986,404.565,603392.2988,603.3923,2159.7253,7775.0112,2159.7253,1138.1178,-1835.5112,-0.0,-9.8066,9.8066,inf,2.0,0.0,0.0,0.0,0.0,0.0,2000.0,4664413570.82,4664.4136
536.5,Prithvi_Class,TERMINAL,403644.7788,403.6448,603961.3577,603.9614,2163.8941,7790.0189,2163.8941,1138.1178,-1840.4145,-0.0,-9.8066,9.8066,inf,2.0,0.0,0.0,0.0,0.0,0.0,2000.0,4682437829.53,4682.4378
537.0,Prithvi_Class,TERMINAL,402722.1198,402.7221,604530.4166,604.5304,2168.066,7805.0376,2168.066,1138.1178,-1845.3179,-0.0,-9.8066,9.8066,inf,2.0,0.0,0.0,0.0,0.0,0.0,2000.0,4700510173.42,4700.5102
537.5,Prithvi_Class,TERMINAL,401797.0092,401.797,605099.4755,605.0995,2172.2409,7820.0673,2172.2409,1138.1178,-1850.2212,-0.0,-9.8066,9.8066,inf,2.0,0.0,0.0,0.0,0.0,0.0,2000.0,4718630602.51,4718.6306
538.0,Prithvi_Class,TERMINAL,400869.447,400.8694,605668.5344,605.6685,2176.4189,7835.1079,2176.4189,1138.1178,-1855.1245,-0.0,-9.8066,9.8066,inf,2.0,0.0,0.0,0.0,0.0,0.0,2000.0,4736799116.79,4736.7991
538.5,Prithvi_Class,TERMINAL,399939.433,399.9394,606237.5933,606.2376,2180.5999,7850.1595,2180.5999,1138.1178,-1860.0278,-0.0,-9.8066,9.8066,inf,2.0,0.0,0.0,0.0,0.0,0.0,2000.0,4755015716.27,4755.0157
539.0,Prithvi_Class,TERMINAL,399006.9675,399.007,606806.6522,606.8067,2184.7838,7865.2218,2184.7838,1138.1178,-1864.9312,-0.0,-9.8066,9.8066,inf,2.0,0.0,0.0,0.0,0.0,0.0,2000.0,4773280400.93,4773.2804
539.5,Prithvi_Class,TERMINAL,398072.0502,398.0721,607375.7111,607.3757,2188.9708,7880.2949,2188.9708,1138.1178,-1869.8345,-0.0,-9.8066,9.8066,inf,2.0,0.0,0.0,0.0,0.0,0.0,2000.0,4791593170.79,4791.5932
540.0,Prithvi_Class,TERMINAL,397134.6813,397.1347,607944.77,607.9448,2193.1607,7895.3787,2193.1607,1138.1178,-1874.7378,-0.0,-9.8066,9.8066,inf,2.0,0.0,0.0,0.0,0.0,0.0,2000.0,4809954025.84,4809.954
540.5,Prithvi_Class,TERMINAL,396194.8607,396.1949,608513.8289,608.5138,2197.3536,7910.4731,2197.3536,1138.1178,-1879.6411,-0.0,-9.8066,9.8066,inf,2.0,0.0,0.0,0.0,0.0,0.0,2000.0,4828362966.09,4828.363
541.0,Prithvi_Class,TERMINAL,395252.5885,395.2526,609082.8878,609.0829,2201.5495,7925.578,2201.5495,1138.1178,-1884.5445,-0.0,-9.8066,9.8066,inf,2.0,0.0,0.0,0.0,0.0,0.0,2000.0,4846819991.52,4846.82
541.5,Prithvi_Class,TERMINAL,394307.8646,394.3079,609651.9467,609.6519,2205.7482,7940.6935,2205.7482,1138.1178,-1889.4478,-0.0,-9.8066,9.8066,inf,2.0,0.0,0.0,0.0,0.0,0.0,2000.0,4865325102.15,4865.3251
542.0,Prithvi_Class,TERMINAL,393360.689,393.3607,610221.0056,610.221,2209.9498,7955.8194,2209.9498,1138.1178,-1894.3511,-0.0,-9.8066,9.8066,inf,2.0,0.0,0.0,0.0,0.0,0.0,2000.0,4883878297.97,4883.8783
542.5,Prithvi_Class,TERMINAL,392411.0618,392.4111,610790.0645,610.7901,2214.1544,7970.9557,2214.1544,1138.1178,-1899.2544,-0.0,-9.8066,9.8066,inf,2.0,0.0,0.0,0.0,0.0,0.0,2000.0,4902479578.98,4902.4796
543.0,Prithvi_Class,TERMINAL,391458.9829,391.459,611359.1234,611.3591,2218.3618,7986.1024,2218.3618,1138.1178,-1904.1578,-0.0,-9.8066,9.8066,inf,2.0,0.0,0.0,0.0,0.0,0.0,2000.0,4921128945.18,4921.1289
543.5,Prithvi_Class,TERMINAL,390504.4524,390.5045,611928.1823,611.9282,2222.572,8001.2593,2222.572,1138.1178,-1909.0611,-0.0,-9.8066,9.8066,inf,2.0,0.0,0.0,0.0,0.0,0.0,2000.0,4939826396.57,4939.8264
544.0,Prithvi_Class,TERMINAL,389547.4702,389.5475,612497.2412,612.4972,2226.7851,8016.4264,2226.7851,1138.1178,-1913.9644,-0.0,-9.8066,9.8066,inf,2.0,0.0,0.0,0.0,0.0,0.0,2000.0,4958571933.16,4958.5719
544.5,Prithvi_Class,TERMINAL,388588.0363,388.588,613066.3001,613.0663,2231.001,8031.6037,2231.001,1138.1178,-1918.8677,-0.0,-9.8066,9.8066,inf,2.0,0.0,0.0,0.0,0.0,0.0,2000.0,4977365554.94,4977.3656
545.0,Prithvi_Class,TERMINAL,387626.1508,387.6262,613635.359,613.6354,2235.2197,8046.791,2235.2197,1138.1178,-1923.7711,-0.0,-9.8066,9.8066,inf,2.0,0.0,0.0,0.0,0.0,0.0,2000.0,4996207261.91,4996.2073
545.5,Prithvi_Class,TERMINAL,386661.8136,386.6618,614204.4179,614.2044,2239.4412,8061.9885,2239.4412,1138.1178,-1928.6744,-0.0,-9.8066,9.8066,inf,2.0,0.0,0.0,0.0,0.0,0.0,2000.0,5015097054.08,5015.0971
546.0,Prithvi_Class,TERMINAL,385695.0247,385.695,614773.4768,614.7735,2243.6655,8077.1958,2243.6655,1138.1178,-1933.5777,-0.0,-9.8066,9.8066,inf,2.0,0.0,0.0,0.0,0.0,0.0,2000.0,5034034931.43,5034.0349
546.5,Prithvi_Class,TERMINAL,384725.7842,384.7258,615342.5357,615.3425,2247.8925,8092.4132,2247.8925,1138.1178,-1938.481,-0.0,-9.8066,9.8066,inf,2.0,0.0,0.0,0.0,0.0,0.0,2000.0,5053020893.98,5053.0209
547.0,Prithvi_Class,TERMINAL,383754.092,383.7541,615911.5946,615.9116,2252.1223,8107.6403,2252.1223,1138.1178,-1943.3844,-0.0,-9.8066,9.8066,inf,2.0,0.0,0.0,0.0,0.0,0.0,2000.0,5072054941.72,5072.0549
547.5,Prithvi_Class,TERMINAL,382779.9481,382.7799,616480.6535,616.4807,2256.3548,8122.8774,2256.3548,1138.1178,-1948.2877,-0.0,-9.8066,9.8066,inf,2.0,0.0,0.0,0.0,0.0,0.0,2000.0,5091137074.65,5091.1371
548.0,Prithvi_Class,TERMINAL,381803.3526,381.8034,617049.7124,617.0497,2260.59,8138.1241,2260.59,1138.1178,-1953.191,-0.0,-9.8066,9.8066,inf,2.0,0.0,0.0,0.0,0.0,0.0,2000.0,5110267292.78,5110.2673
548.5,Prithvi_Class,TERMINAL,380824.3055,380.8243,617618.7713,617.6188,2264.8279,8153.3806,2264.8279,1138.1178,-1958.0943,-0.0,-9.8066,9.8066,inf,2.0,0.0,0.0,0.0,0.0,0.0,2000.0,5129445596.09,5129.4456
549.0,Prithvi_Class,TERMINAL,379842.8066,379.8428,618187.8302,618.1878,2269.0685,8168.6467,2269.0685,1138.1178,-1962.9977,-0.0,-9.8066,9.8066,inf,2.0,0.0,0.0,0.0,0.0,0.0,2000.0,5148671984.6,5148.672
549.5,Prithvi_Class,TERMINAL,378858.8561,378.8589,618756.8891,618.7569,2273.3118,8183.9224,2273.3118,1138.1178,-1967.901,-0.0,-9.8066,9.8066,inf,2.0,0.0,0.0,0.0,0.0,0.0,2000.0,5167946458.3,5167.9465
550.0,Prithvi_Class,TERMINAL,377872.454,377.8725,619325.948,619.3259,2277.5577,8199.2077,2277.5577,1138.1178,-1972.8043,-0.0,-9.8066,9.8066,inf,2.0,0.0,0.0,0.0,0.0,0.0,2000.0,5187269017.19,5187.269
550.5,Prithvi_Class,TERMINAL,376883.6001,376.8836,619895.0069,619.895,2281.8062,8214.5024,2281.8062,1138.1178,-1977.7076,-0.0,-9.8066,9.8066,inf,2.0,0.0,0.0,0.0,0.0,0.0,2000.0,5206639661.28,5206.6397
551.0,Prithvi_Class,TERMINAL,375892.2947,375.8923,620464.0658,620.4641,2286.0574,8229.8066,2286.0574,1138.1178,-1982.611,-0.0,-9.8066,9.8066,inf,2.0,0.0,0.0,0.0,0.0,0.0,2000.0,5226058390.55,5226.0584
551.5,Prithvi_Class,TERMINAL,374898.5375,374.8985,621033.1247,621.0331,2290.3112,8245.1202,2290.3112,1138.1178,-1987.5143,-0.0,-9.8066,9.8066,inf,2.0,0.0,0.0,0.0,0.0,0.0,2000.0,5245525205.02,5245.5252
552.0,Prithvi_Class,TERMINAL,373902.3287,373.9023,621602.1836,621.6022,2294.5675,8260.4431,2294.5675,1138.1178,-1992.4176,-0.0,-9.8066,9.8066,inf,2.0,0.0,0.0,0.0,0.0,0.0,2000.0,5265040104.68,5265.0401
552.5,Prithvi_Class,TERMINAL,372903.6682,372.9037,622171.2425,622.1712,2298.8265,8275.7753,2298.8265,1138.1178,-1997.3209,-0.0,-9.8066,9.8066,inf,2.0,0.0,0.0,0.0,0.0,0.0,2000.0,5284603089.54,5284.6031
553.0,Prithvi_Class,TERMINAL,371902.5561,371.9026,622740.3014,622.7403,2303.088,8291.1167,2303.088,1138.1178,-2002.2243,-0.0,-9.8066,9.8066,inf,2.0,0.0,0.0,0.0,0.0,0.0,2000.0,5304214159.58,5304.2142
553.5,Prithvi_Class,TERMINAL,370898.9923,370.899,623309.3603,623.3094,2307.352,8306.4672,2307.352,1138.1178,-2007.1276,-0.0,-9.8066,9.8066,inf,2.0,0.0,0.0,0.0,0.0,0.0,2000.0,5323873314.82,5323.8733
554.0,Prithvi_Class,TERMINAL,369892.9768,369.893,623878.4192,623.8784,2311.6186,8321.827,2311.6186,1138.1178,-2012.0309,-0.0,-9.8066,9.8066,inf,2.0,0.0,0.0,0.0,0.0,0.0,2000.0,5343580555.25,5343.5806
554.5,Prithvi_Class,TERMINAL,368884.5097,368.8845,624447.4781,624.4475,2315.8877,8337.1958,2315.8877,1138.1178,-2016.9342,-0.0,-9.8066,9.8066,inf,2.0,0.0,0.0,0.0,0.0,0.0,2000.0,5363335880.87,5363.3359
555.0,Prithvi_Class,TERMINAL,367873.5909,367.8736,625016.537,625.0165,2320.1593,8352.5736,2320.1593,1138.1178,-2021.8376,-0.0,-9.8066,9.8066,inf,2.0,0.0,0.0,0.0,0.0,0.0,2000.0,5383139291.69,5383.1393
555.5,Prithvi_Class,TERMINAL,366860.2205,366.8602,625585.5959,625.5856,2324.4334,8367.9604,2324.4334,1138.1178,-2026.7409,-0.0,-9.8066,9.8066,inf,2.0,0.0,0.0,0.0,0.0,0.0,2000.0,5402990787.69,5402.9908
556.0,Prithvi_Class,TERMINAL,365844.3984,365.8444,626154.6548,626.1547,2328.71,8383.3561,2328.71,1138.1178,-2031.6442,-0.0,-9.8066,9.8066,inf,2.0,0.0,0.0,0.0,0.0,0.0,2000.0,5422890368.89,5422.8904
556.5,Prithvi_Class,TERMINAL,364826.1246,364.8261,626723.7137,626.7237,2332.9891,8398.7607,2332.9891,1138.1178,-2036.5475,-0.0,-9.8066,9.8066,inf,2.0,0.0,0.0,0.0,0.0,0.0,2000.0,5442838035.28,5442.838
557.0,Prithvi_Class,TERMINAL,363805.3992,363.8054,627292.7726,627.2928,2337.2706,8414.1741,2337.2706,1138.1178,-2041.4509,-0.0,-9.8066,9.8066,inf,2.0,0.0,0.0,0.0,0.0,0.0,2000.0,5462833786.86,5462.8338
557.5,Prithvi_Class,TERMINAL,362782.2221,362.7822,627861.8315,627.8618,2341.5545,8429.5963,2341.5545,1138.1178,-2046.3542,-0.0,-9.8066,9.8066,inf,2.0,0.0,0.0,0.0,0.0,0.0,2000.0,5482877623.64,5482.8776
558.0,Prithvi_Class,TERMINAL,361756.5933,361.7566,628430.8904,628.4309,2345.8409,8445.0273,2345.8409,1138.1178,-2051.2575,-0.0,-9.8066,9.8066,inf,2.0,0.0,0.0,0.0,0.0,0.0,2000.0,5502969545.6,5502.9695
558.5,Prithvi_Class,TERMINAL,360728.5129,360.7285,628999.9493,628.9999,2350.1297,8460.4669,2350.1297,1138.1178,-2056.1608,-0.0,-9.8066,9.8066,inf,2.0,0.0,0.0,0.0,0.0,0.0,2000.0,5523109552.76,5523.1096
559.0,Prithvi_Class,TERMINAL,359697.9808,359.698,629569.0082,629.569,2354.4209,8475.9151,2354.4209,1138.1178,-2061.0642,-0.0,-9.8066,9.8066,inf,2.0,0.0,0.0,0.0,0.0,0.0,2000.0,5543297645.11,5543.2976
559.5,Prithvi_Class,TERMINAL,358664.9971,358.665,630138.0671,630.1381,2358.7144,8491.372,2358.7144,1138.1178,-2065.9675,-0.0,-9.8066,9.8066,inf,2.0,0.0,0.0,0.0,0.0,0.0,2000.0,5563533822.65,5563.5338
560.0,Prithvi_Class,TERMINAL,357629.5616,357.6296,630707.126,630.7071,2363.0104,8506.8374,2363.0104,1138.1178,-2070.8708,-0.0,-9.8066,9.8066,inf,2.0,0.0,0.0,0.0,0.0,0.0,2000.0,5583818085.39,5583.8181
560.5,Prithvi_Class,TERMINAL,356591.6746,356.5917,631276.1849,631.2762,2367.3087,8522.3113,2367.3087,1138.1178,-2075.7741,-0.0,-9.8066,9.8066,inf,2.0,0.0,0.0,0.0,0.0,0.0,2000.0,5604150433.31,5604.1504
561.0,Prithvi_Class,TERMINAL,355551.3358,355.5513,631845.2438,631.8452,2371.6093,8537.7936,2371.6093,1138.1178,-2080.6775,-0.0,-9.8066,9.8066,inf,2.0,0.0,0.0,0.0,0.0,0.0,2000.0,5624530866.43,5624.5309
561.5,Prithvi_Class,TERMINAL,354508.5454,354.5085,632414.3027,632.4143,2375.9123,8553.2844,2375.9123,1138.1178,-2085.5808,-0.0,-9.8066,9.8066,inf,2.0,0.0,0.0,0.0,0.0,0.0,2000.0,5644959384.74,5644.9594
562.0,Prithvi_Class,TERMINAL,353463.3034,353.4633,632983.3616,632.9834,2380.2176,8568.7835,2380.2176,1138.1178,-2090.4841,-0.0,-9.8066,9.8066,inf,2.0,0.0,0.0,0.0,0.0,0.0,2000.0,5665435988.25,5665.436
562.5,Prithvi_Class,TERMINAL,352415.6097,352.4156,633552.4205,633.5524,2384.5253,8584.2909,2384.5253,1138.1178,-2095.3874,-0.0,-9.8066,9.8066,inf,2.0,0.0,0.0,0.0,0.0,0.0,2000.0,5685960676.94,5685.9607
563.0,Prithvi_Class,TERMINAL,351365.4643,351.3655,634121.4794,634.1215,2388.8352,8599.8066,2388.8352,1138.1178,-2100.2908,-0.0,-9.8066,9.8066,inf,2.0,0.0,0.0,0.0,0.0,0.0,2000.0,5706533450.83,5706.5335
563.5,Prithvi_Class,TERMINAL,350312.8672,350.3129,634690.5383,634.6905,2393.1474,8615.3305,2393.1474,1138.1178,-2105.1941,-0.0,-9.8066,9.8066,inf,2.0,0.0,0.0,0.0,0.0,0.0,2000.0,5727154309.91,5727.1543
564.0,Prithvi_Class,TERMINAL,349257.8185,349.2578,635259.5972,635.2596,2397.4618,8630.8626,2397.4618,1138.1178,-2110.0974,-0.0,-9.8066,9.8066,inf,2.0,0.0,0.0,0.0,0.0,0.0,2000.0,5747823254.18,5747.8233
564.5,Prithvi_Class,TERMINAL,348200.3181,348.2003,635828.6561,635.8287,2401.7786,8646.4028,2401.7786,1138.1178,-2115.0007,-0.0,-9.8066,9.8066,inf,2.0,0.0,0.0,0.0,0.0,0.0,2000.0,5768540283.65,5768.5403
565.0,Prithvi_Class,TERMINAL,347140.3661,347.1404,636397.715,636.3977,2406.0975,8661.9512,2406.0975,1138.1178,-2119.9041,-0.0,-9.8066,9.8066,inf,2.0,0.0,0.0,0.0,0.0,0.0,2000.0,5789305398.3,5789.3054
565.5,Prithvi_Class,TERMINAL,346077.9624,346.078,636966.7739,636.9668,2410.4188,8677.5075,2410.4188,1138.1178,-2124.8074,-0.0,-9.8066,9.8066,inf,2.0,0.0,0.0,0.0,0.0,0.0,2000.0,5810118598.15,5810.1186
566.0,Prithvi_Class,TERMINAL,345013.107,345.0131,637535.8328,637.5358,2414.7422,8693.0719,2414.7422,1138.1178,-2129.7107,-0.0,-9.8066,9.8066,inf,2.0,0.0,0.0,0.0,0.0,0.0,2000.0,5830979883.19,5830.9799
566.5,Prithvi_Class,TERMINAL,343945.8,343.9458,638104.8917,638.1049,2419.0678,8708.6443,2419.0678,1138.1178,-2134.614,-0.0,-9.8066,9.8066,inf,2.0,0.0,0.0,0.0,0.0,0.0,2000.0,5851889253.42,5851.8893
567.0,Prithvi_Class,TERMINAL,342876.0413,342.876,638673.9506,638.674,2423.3957,8724.2245,2423.3957,1138.1178,-2139.5174,-0.0,-9.8066,9.8066,inf,2.0,0.0,0.0,0.0,0.0,0.0,2000.0,5872846708.85,5872.8467
567.5,Prithvi_Class,TERMINAL,341803.831,341.8038,639243.0095,639.243,2427.7257,8739.8126,2427.7257,1138.1178,-2144.4207,-0.0,-9.8066,9.8066,inf,2.0,0.0,0.0,0.0,0.0,0.0,2000.0,5893852249.46,5893.8522
568.0,Prithvi_Class,TERMINAL,340729.169,340.7292,639812.0684,639.8121,2432.058,8755.4086,2432.058,1138.1178,-2149.324,-0.0,-9.8066,9.8066,inf,2.0,0.0,0.0,0.0,0.0,0.0,2000.0,5914905875.27,5914.9059
568.5,Prithvi_Class,TERMINAL,339652.0553,339.6521,640381.1274,640.3811,2436.3923,8771.0124,2436.3923,1138.1178,-2154.2273,-0.0,-9.8066,9.8066,inf,2.0,0.0,0.0,0.0,0.0,0.0,2000.0,5936007586.27,5936.0076
569.0,Prithvi_Class,TERMINAL,338572.49,338.5725,640950.1863,640.9502,2440.7289,8786.6239,2440.7289,1138.1178,-2159.1307,-0.0,-9.8066,9.8066,inf,2.0,0.0,0.0,0.0,0.0,0.0,2000.0,5957157382.47,5957.1574
569.5,Prithvi_Class,TERMINAL,337490.473,337.4905,641519.2452,641.5192,2445.0675,8802.2431,2445.0675,1138.1178,-2164.034,-0.0,-9.8066,9.8066,inf,2.0,0.0,0.0,0.0,0.0,0.0,2000.0,5978355263.85,5978.3553
570.0,Prithvi_Class,TERMINAL,336406.0043,336.406,642088.3041,642.0883,2449.4083,8817.87,2449.4083,1138.1178,-2168.9373,-0.0,-9.8066,9.8066,inf,2.0,0.0,0.0,0.0,0.0,0.0,2000.0,5999601230.43,5999.6012
570.5,Prithvi_Class,TERMINAL,335319.084,335.3191,642657.363,642.6574,2453.7513,8833.5046,2453.7513,1138.1178,-2173.8406,-0.0,-9.8066,9.8066,inf,2.0,0.0,0.0,0.0,0.0,0.0,2000.0,6020895282.2,6020.8953
571.0,Prithvi_Class,TERMINAL,334229.712,334.2297,643226.4219,643.2264,2458.0963,8849.1467,2458.0963,1138.1178,-2178.744,-0.0,-9.8066,9.8066,inf,2.0,0.0,0.0,0.0,0.0,0.0,2000.0,6042237419.16,6042.2374
571.5,Prithvi_Class,TERMINAL,333137.8884,333.1379,643795.4808,643.7955,2462.4434,8864.7963,2462.4434,1138.1178,-2183.6473,-0.0,-9.8066,9.8066,inf,2.0,0.0,0.0,0.0,0.0,0.0,2000.0,6063627641.31,6063.6276
572.0,Prithvi_Class,TERMINAL,332043.613,332.0436,644364.5397,644.3645,2466.7926,8880.4535,2466.7926,1138.1178,-2188.5506,-0.0,-9.8066,9.8066,inf,2.0,0.0,0.0,0.0,0.0,0.0,2000.0,6085065948.66,6085.0659
572.5,Prithvi_Class,TERMINAL,330946.8861,330.9469,644933.5986,644.9336,2471.1439,8896.1182,2471.1439,1138.1178,-2193.4539,-0.0,-9.8066,9.8066,inf,2.0,0.0,0.0,0.0,0.0,0.0,2000.0,6106552341.19,6106.5523
573.0,Prithvi_Class,TERMINAL,329847.7074,329.8477,645502.6575,645.5027,2475.4973,8911.7902,2475.4973,1138.1178,-2198.3573,-0.0,-9.8066,9.8066,inf,2.0,0.0,0.0,0.0,0.0,0.0,2000.0,6128086818.92,6128.0868
573.5,Prithvi_Class,TERMINAL,328746.0771,328.7461,646071.7164,646.0717,2479.8527,8927.4697,2479.8527,1138.1178,-2203.2606,-0.0,-9.8066,9.8066,inf,2.0,0.0,0.0,0.0,0.0,0.0,2000.0,6149669381.85,6149.6694
574.0,Prithvi_Class,TERMINAL,327641.9952,327.642,646640.7753,646.6408,2484.2101,8943.1565,2484.2101,1138.1178,-2208.1639,-0.0,-9.8066,9.8066,inf,2.0,0.0,0.0,0.0,0.0,0.0,2000.0,6171300029.96,6171.3
574.5,Prithvi_Class,TERMINAL,326535.4616,326.5355,647209.8342,647.2098,2488.5696,8958.8506,2488.5696,1138.1178,-2213.0672,-0.0,-9.8066,9.8066,inf,2.0,0.0,0.0,0.0,0.0,0.0,2000.0,6192978763.27,6192.9788
575.0,Prithvi_Class,TERMINAL,325426.4763,325.4265,647778.8931,647.7789,2492.9311,8974.552,2492.9311,1138.1178,-2217.9706,-0.0,-9.8066,9.8066,inf,2.0,0.0,0.0,0.0,0.0,0.0,2000.0,6214705581.76,6214.7056
575.5,Prithvi_Class,TERMINAL,324315.0393,324.315,648347.952,648.348,2497.2946,8990.2607,2497.2946,1138.1178,-2222.8739,-0.0,-9.8066,9.8066,inf,2.0,0.0,0.0,0.0,0.0,0.0,2000.0,6236480485.45,6236.4805
576.0,Prithvi_Class,TERMINAL,323201.1507,323.2012,648917.0109,648.917,2501.6601,9005.9765,2501.6601,1138.1178,-2227.7772,-0.0,-9.8066,9.8066,inf,2.0,0.0,0.0,0.0,0.0,0.0,2000.0,6258303474.34,6258.3035
576.5,Prithvi_Class,TERMINAL,322084.8104,322.0848,649486.0698,649.4861,2506.0276,9021.6995,2506.0276,1138.1178,-2232.6805,-0.0,-9.8066,9.8066,inf,2.0,0.0,0.0,0.0,0.0,0.0,2000.0,6280174548.41,6280.1745
577.0,Prithvi_Class,TERMINAL,320966.0185,320.966,650055.1287,650.0551,2510.3971,9037.4296,2510.3971,1138.1178,-2237.5839,-0.0,-9.8066,9.8066,inf,2.0,0.0,0.0,0.0,0.0,0.0,2000.0,6302093707.68,6302.0937
577.5,Prithvi_Class,TERMINAL,319844.7749,319.8448,650624.1876,650.6242,2514.7686,9053.1668,2514.7686,1138.1178,-2242.4872,-0.0,-9.8066,9.8066,inf,2.0,0.0,0.0,0.0,0.0,0.0,2000.0,6324060952.14,6324.061
578.0,Prithvi_Class,TERMINAL,318721.0797,318.7211,651193.2465,651.1932,2519.142,9068.9111,2519.142,1138.1178,-2247.3905,-0.0,-9.8066,9.8066,inf,2.0,0.0,0.0,0.0,0.0,0.0,2000.0,6346076281.79,6346.0763
578.5,Prithvi_Class,TERMINAL,317594.9327,317.5949,651762.3054,651.7623,2523.5173,9084.6624,2523.5173,1138.1178,-2252.2938,-0.0,-9.8066,9.8066,inf,2.0,0.0,0.0,0.0,0.0,0.0,2000.0,6368139696.63,6368.1397
579.0,Prithvi_Class,TERMINAL,316466.3341,316.4663,652331.3643,652.3314,2527.8946,9100.4206,2527.8946,1138.1178,-2257.1972,-0.0,-9.8066,9.8066,inf,2.0,0.0,0.0,0.0,0.0,0.0,2000.0,6390251196.66,6390.2512
579.5,Prithvi_Class,TERMINAL,315335.2839,315.3353,652900.4232,652.9004,2532.2738,9116.1858,2532.2738,1138.1178,-2262.1005,-0.0,-9.8066,9.8066,inf,2.0,0.0,0.0,0.0,0.0,0.0,2000.0,6412410781.89,6412.4108
580.0,Prithvi_Class,TERMINAL,314201.782,314.2018,653469.4821,653.4695,2536.655,9131.9579,2536.655,1138.1178,-2267.0038,-0.0,-9.8066,9.8066,inf,2.0,0.0,0.0,0.0,0.0,0.0,2000.0,6434618452.31,6434.6185
580.5,Prithvi_Class,TERMINAL,313065.8284,313.0658,654038.541,654.0385,2541.038,9147.7369,2541.038,1138.1178,-2271.9071,-0.0,-9.8066,9.8066,inf,2.0,0.0,0.0,0.0,0.0,0.0,2000.0,6456874207.92,6456.8742
581.0,Prithvi_Class,TERMINAL,311927.4232,311.9274,654607.5999,654.6076,2545.423,9163.5227,2545.423,1138.1178,-2276.8105,-0.0,-9.8066,9.8066,inf,2.0,0.0,0.0,0.0,0.0,0.0,2000.0,6479178048.73,6479.178
581.5,Prithvi_Class,TERMINAL,310786.5663,310.7866,655176.6588,655.1767,2549.8098,9179.3153,2549.8098,1138.1178,-2281.7138,-0.0,-9.8066,9.8066,inf,2.0,0.0,0.0,0.0,0.0,0.0,2000.0,6501529974.72,6501.53
582.0,Prithvi_Class,TERMINAL,309643.2577,309.6433,655745.7177,655.7457,2554.1985,9195.1146,2554.1985,1138.1178,-2286.6171,-0.0,-9.8066,9.8066,inf,2.0,0.0,0.0,0.0,0.0,0.0,2000.0,6523929985.91,6523.93
582.5,Prithvi_Class,TERMINAL,308497.4975,308.4975,656314.7766,656.3148,2558.5891,9210.9207,2558.5891,1138.1178,-2291.5204,-0.0,-9.8066,9.8066,inf,2.0,0.0,0.0,0.0,0.0,0.0,2000.0,6546378082.29,6546.3781
583.0,Prithvi_Class,TERMINAL,307349.2856,307.3493,656883.8355,656.8838,2562.9815,9226.7335,2562.9815,1138.1178,-2296.4238,-0.0,-9.8066,9.8066,inf,2.0,0.0,0.0,0.0,0.0,0.0,2000.0,6568874263.86,6568.8743
583.5,Prithvi_Class,TERMINAL,306198.6221,306.1986,657452.8944,657.4529,2567.3758,9242.5529,2567.3758,1138.1178,-2301.3271,-0.0,-9.8066,9.8066,inf,2.0,0.0,0.0,0.0,0.0,0.0,2000.0,6591418530.62,6591.4185
584.0,Prithvi_Class,TERMINAL,305045.5069,305.0455,658021.9533,658.022,2571.7719,9258.379,2571.7719,1138.1178,-2306.2304,-0.0,-9.8066,9.8066,inf,2.0,0.0,0.0,0.0,0.0,0.0,2000.0,6614010882.58,6614.0109
584.5,Prithvi_Class,TERMINAL,303889.94,303.8899,658591.0122,658.591,2576.1699,9274.2116,2576.1699,1138.1178,-2311.1337,-0.0,-9.8066,9.8066,inf,2.0,0.0,0.0,0.0,0.0,0.0,2000.0,6636651319.73,6636.6513
585.0,Prithvi_Class,TERMINAL,302731.9214,302.7319,659160.0711,659.1601,2580.5697,9290.0508,2580.5697,1138.1178,-2316.0371,-0.0,-9.8066,9.8066,inf,2.0,0.0,0.0,0.0,0.0,0.0,2000.0,6659339842.07,6659.3398
585.5,Prithvi_Class,TERMINAL,301571.4512,301.5715,659729.13,659.7291,2584.9713,9305.8966,2584.9713,1138.1178,-2320.9404,-0.0,-9.8066,9.8066,inf,2.0,0.0,0.0,0.0,0.0,0.0,2000.0,6682076449.6,6682.0764
586.0,Prithvi_Class,TERMINAL,300408.5294,300.4085,660298.1889,660.2982,2589.3747,9321.7488,2589.3747,1138.1178,-2325.8437,-0.0,-9.8066,9.8066,inf,2.0,0.0,0.0,0.0,0.0,0.0,2000.0,6704861142.33,6704.8611
586.5,Prithvi_Class,TERMINAL,299243.1559,299.2432,660867.2478,660.8672,2593.7799,9337.6075,2593.7799,1138.1178,-2330.747,-0.0,-9.8066,9.8066,inf,2.0,0.0,0.0,0.0,0.0,0.0,2000.0,6727693920.24,6727.6939
587.0,Prithvi_Class,TERMINAL,298075.3307,298.0753,661436.3067,661.4363,2598.1868,9353.4726,2598.1868,1138.1178,-2335.6504,-0.0,-9.8066,9.8066,inf,2.0,0.0,0.0,0.0,0.0,0.0,2000.0,6750574783.35,6750.5748
587.5,Prithvi_Class,TERMINAL,296905.0538,296.9051,662005.3656,662.0054,2602.5956,9369.3441,2602.5956,1138.1178,-2340.5537,-0.0,-9.8066,9.8066,inf,2.0,0.0,0.0,0.0,0.0,0.0,2000.0,6773503731.65,6773.5037
588.0,Prithvi_Class,TERMINAL,295732.3253,295.7323,662574.4245,662.5744,2607.0061,9385.2219,2607.0061,1138.1178,-2345.457,-0.0,-9.8066,9.8066,inf,2.0,0.0,0.0,0.0,0.0,0.0,2000.0,6796480765.15,6796.4808
588.5,Prithvi_Class,TERMINAL,294557.1451,294.5571,663143.4834,663.1435,2611.4184,9401.1061,2611.4184,1138.1178,-2350.3603,-0.0,-9.8066,9.8066,inf,2.0,0.0,0.0,0.0,0.0,0.0,2000.0,6819505883.83,6819.5059
589.0,Prithvi_Class,TERMINAL,293379.5133,293.3795,663712.5423,663.7125,2615.8324,9416.9966,2615.8324,1138.1178,-2355.2637,-0.0,-9.8066,9.8066,inf,2.0,0.0,0.0,0.0,0.0,0.0,2000.0,6842579087.71,6842.5791
589.5,Prithvi_Class,TERMINAL,292199.4298,292.1994,664281.6012,664.2816,2620.2482,9432.8933,2620.2482,1138.1178,-2360.167,-0.0,-9.8066,9.8066,inf,2.0,0.0,0.0,0.0,0.0,0.0,2000.0,6865700376.78,6865.7004
590.0,Prithvi_Class,TERMINAL,291016.8947,291.0169,664850.6601,664.8507,2624.6656,9448.7963,2624.6656,1138.1178,-2365.0703,-0.0,-9.8066,9.8066,inf,2.0,0.0,0.0,0.0,0.0,0.0,2000.0,6888869751.04,6888.8698
590.5,Prithvi_Class,TERMINAL,289831.9078,289.8319,665419.719,665.4197,2629.0849,9464.7055,2629.0849,1138.1178,-2369.9736,-0.0,-9.8066,9.8066,inf,2.0,0.0,0.0,0.0,0.0,0.0,2000.0,6912087210.49,6912.0872
591.0,Prithvi_Class,TERMINAL,288644.4693,288.6445,665988.7779,665.9888,2633.5058,9480.6209,2633.5058,1138.1178,-2374.877,-0.0,-9.8066,9.8066,inf,2.0,0.0,0.0,0.0,0.0,0.0,2000.0,6935352755.14,6935.3528
591.5,Prithvi_Class,TERMINAL,287454.5792,287.4546,666557.8368,666.5578,2637.9284,9496.5423,2637.9284,1138.1178,-2379.7803,-0.0,-9.8066,9.8066,inf,2.0,0.0,0.0,0.0,0.0,0.0,2000.0,6958666384.98,6958.6664
592.0,Prithvi_Class,TERMINAL,286262.2374,286.2622,667126.8957,667.1269,2642.3528,9512.4699,2642.3528,1138.1178,-2384.6836,-0.0,-9.8066,9.8066,inf,2.0,0.0,0.0,0.0,0.0,0.0,2000.0,6982028100.01,6982.0281
592.5,Prithvi_Class,TERMINAL,285067.4439,285.0674,667695.9546,667.696,2646.7788,9528.4036,2646.7788,1138.1178,-2389.5869,-0.0,-9.8066,9.8066,inf,2.0,0.0,0.0,0.0,0.0,0.0,2000.0,7005437900.23,7005.4379
593.0,Prithvi_Class,TERMINAL,283870.1988,283.8702,668265.0135,668.265,2651.2065,9544.3433,2651.2065,1138.1178,-2394.4903,-0.0,-9.8066,9.8066,inf,2.0,0.0,0.0,0.0,0.0,0.0,2000.0,7028895785.64,7028.8958
593.5,Prithvi_Class,TERMINAL,282670.502,282.6705,668834.0724,668.8341,2655.6358,9560.2891,2655.6358,1138.1178,-2399.3936,-0.0,-9.8066,9.8066,inf,2.0,0.0,0.0,0.0,0.0,0.0,2000.0,7052401756.25,7052.4018
594.0,Prithvi_Class,TERMINAL,281468.3535,281.4684,669403.1313,669.4031,2660.0669,9576.2408,2660.0669,1138.1178,-2404.2969,-0.0,-9.8066,9.8066,inf,2.0,0.0,0.0,0.0,0.0,0.0,2000.0,7075955812.05,7075.9558
594.5,Prithvi_Class,TERMINAL,280263.7534,280.2638,669972.1902,669.9722,2664.4996,9592.1984,2664.4996,1138.1178,-2409.2002,-0.0,-9.8066,9.8066,inf,2.0,0.0,0.0,0.0,0.0,0.0,2000.0,7099557953.04,7099.558
595.0,Prithvi_Class,TERMINAL,279056.7016,279.0567,670541.2491,670.5412,2668.9339,9608.1621,2668.9339,1138.1178,-2414.1036,-0.0,-9.8066,9.8066,inf,2.0,0.0,0.0,0.0,0.0,0.0,2000.0,7123208179.22,7123.2082
595.5,Prithvi_Class,TERMINAL,277847.1982,277.8472,671110.308,671.1103,2673.3699,9624.1316,2673.3699,1138.1178,-2419.0069,-0.0,-9.8066,9.8066,inf,2.0,0.0,0.0,0.0,0.0,0.0,2000.0,7146906490.59,7146.9065
596.0,Prithvi_Class,TERMINAL,276635.2431,276.6352,671679.3669,671.6794,2677.8075,9640.1069,2677.8075,1138.1178,-2423.9102,-0.0,-9.8066,9.8066,inf,2.0,0.0,0.0,0.0,0.0,0.0,2000.0,7170652887.16,7170.6529
596.5,Prithvi_Class,TERMINAL,275420.8363,275.4208,672248.4258,672.2484,2682.2467,9656.0881,2682.2467,1138.1178,-2428.8135,-0.0,-9.8066,9.8066,inf,2.0,0.0,0.0,0.0,0.0,0.0,2000.0,7194447368.92,7194.4474
597.0,Prithvi_Class,TERMINAL,274203.9779,274.204,672817.4847,672.8175,2686.6875,9672.0751,2686.6875,1138.1178,-2433.7169,-0.0,-9.8066,9.8066,inf,2.0,0.0,0.0,0.0,0.0,0.0,2000.0,7218289935.87,7218.2899
597.5,Prithvi_Class,TERMINAL,272984.6678,272.9847,673386.5436,673.3865,2691.13,9688.0679,2691.13,1138.1178,-2438.6202,-0.0,-9.8066,9.8066,inf,2.0,0.0,0.0,0.0,0.0,0.0,2000.0,7242180588.01,7242.1806
598.0,Prithvi_Class,TERMINAL,271762.906,271.7629,673955.6025,673.9556,2695.574,9704.0665,2695.574,1138.1178,-2443.5235,-0.0,-9.8066,9.8066,inf,2.0,0.0,0.0,0.0,0.0,0.0,2000.0,7266119325.35,7266.1193
598.5,Prithvi_Class,TERMINAL,270538.6926,270.5387,674524.6614,674.5247,2700.0197,9720.0708,2700.0197,1138.1178,-2448.4268,-0.0,-9.8066,9.8066,inf,2.0,0.0,0.0,0.0,0.0,0.0,2000.0,7290106147.88,7290.1061
599.0,Prithvi_Class,TERMINAL,269312.0275,269.312,675093.7203,675.0937,2704.4669,9736.0807,2704.4669,1138.1178,-2453.3302,-0.0,-9.8066,9.8066,inf,2.0,0.0,0.0,0.0,0.0,0.0,2000.0,7314141055.6,7314.1411
599.5,Prithvi_Class,TERMINAL,268082.9107,268.0829,675662.7792,675.6628,2708.9157,9752.0964,2708.9157,1138.1178,-2458.2335,-0.0,-9.8066,9.8066,inf,2.0,0.0,0.0,0.0,0.0,0.0,2000.0,7338224048.51,7338.224
600.0,Prithvi_Class,TERMINAL,266851.3423,266.8513,676231.8381,676.2318,2713.366,9768.1177,2713.366,1138.1178,-2463.1368,-0.0,-9.8066,9.8066,inf,2.0,0.0,0.0,0.0,0.0,0.0,2000.0,7362355126.61,7362.3551
600.5,Prithvi_Class,TERMINAL,265617.3223,265.6173,676800.897,676.8009,2717.8179,9784.1445,2717.8179,1138.1178,-2468.0401,-0.0,-9.8066,9.8066,inf,2.0,0.0,0.0,0.0,0.0,0.0,2000.0,7386534289.91,7386.5343
601.0,Prithvi_Class,TERMINAL,264380.8505,264.3809,677369.9559,677.37,2722.2714,9800.177,2722.2714,1138.1178,-2472.9435,-0.0,-9.8066,9.8066,inf,2.0,0.0,0.0,0.0,0.0,0.0,2000.0,7410761538.4,7410.7615
601.5,Prithvi_Class,TERMINAL,263141.9271,263.1419,677939.0148,677.939,2726.7264,9816.215,2726.7264,1138.1178,-2477.8468,-0.0,-9.8066,9.8066,inf,2.0,0.0,0.0,0.0,0.0,0.0,2000.0,7435036872.08,7435.0369
602.0,Prithvi_Class,TERMINAL,261900.5521,261.9006,678508.0737,678.5081,2731.1829,9832.2586,2731.1829,1138.1178,-2482.7501,-0.0,-9.8066,9.8066,inf,2.0,0.0,0.0,0.0,0.0,0.0,2000.0,7459360290.95,7459.3603
602.5,Prithvi_Class,TERMINAL,260656.7253,260.6567,679077.1326,679.0771,2735.641,9848.3077,2735.641,1138.1178,-2487.6534,-0.0,-9.8066,9.8066,inf,2.0,0.0,0.0,0.0,0.0,0.0,2000.0,7483731795.01,7483.7318
603.0,Prithvi_Class,TERMINAL,259410.447,259.4104,679646.1915,679.6462,2740.1006,9864.3622,2740.1006,1138.1178,-2492.5568,-0.0,-9.8066,9.8066,inf,2.0,0.0,0.0,0.0,0.0,0.0,2000.0,7508151384.27,7508.1514
603.5,Prithvi_Class,TERMINAL,258161.7169,258.1617,680215.2504,680.2153,2744.5617,9880.4222,2744.5617,1138.1178,-2497.4601,-0.0,-9.8066,9.8066,inf,2.0,0.0,0.0,0.0,0.0,0.0,2000.0,7532619058.72,7532.6191
604.0,Prithvi_Class,TERMINAL,256910.5352,256.9105,680784.3093,680.7843,2749.0243,9896.4876,2749.0243,1138.1178,-2502.3634,-0.0,-9.8066,9.8066,inf,2.0,0.0,0.0,0.0,0.0,0.0,2000.0,7557134818.36,7557.1348
604.5,Prithvi_Class,TERMINAL,255656.9018,255.6569,681353.3682,681.3534,2753.4885,9912.5584,2753.4885,1138.1178,-2507.2667,-0.0,-9.8066,9.8066,inf,2.0,0.0,0.0,0.0,0.0,0.0,2000.0,7581698663.19,7581.6987
605.0,Prithvi_Class,TERMINAL,254400.8168,254.4008,681922.4271,681.9224,2757.9541,9928.6346,2757.9541,1138.1178,-2512.1701,-0.0,-9.8066,9.8066,inf,2.0,0.0,0.0,0.0,0.0,0.0,2000.0,7606310593.21,7606.3106
605.5,Prithvi_Class,TERMINAL,253142.2801,253.1423,682491.486,682.4915,2762.4211,9944.7161,2762.4211,1138.1178,-2517.0734,-0.0,-9.8066,9.8066,inf,2.0,0.0,0.0,0.0,0.0,0.0,2000.0,7630970608.43,7630.9706
606.0,Prithvi_Class,TERMINAL,251881.2917,251.8813,683060.5449,683.0605,2766.8897,9960.803,2766.8897,1138.1178,-2521.9767,-0.0,-9.8066,9.8066,inf,2.0,0.0,0.0,0.0,0.0,0.0,2000.0,7655678708.84,7655.6787
606.5,Prithvi_Class,TERMINAL,250617.8517,250.6179,683629.6038,683.6296,2771.3598,9976.8951,2771.3598,1138.1178,-2526.88,-0.0,-9.8066,9.8066,inf,2.0,0.0,0.0,0.0,0.0,0.0,2000.0,7680434894.44,7680.4349
607.0,Prithvi_Class,TERMINAL,249351.96,249.352,684198.6627,684.1987,2775.8313,9992.9925,2775.8313,1138.1178,-2531.7834,-0.0,-9.8066,9.8066,inf,2.0,0.0,0.0,0.0,0.0,0.0,2000.0,7705239165.23,7705.2392
607.5,Prithvi_Class,TERMINAL,248083.6167,248.0836,684767.7216,684.7677,2780.3042,10009.0952,2780.3042,1138.1178,-2536.6867,-0.0,-9.8066,9.8066,inf,2.0,0.0,0.0,0.0,0.0,0.0,2000.0,7730091521.22,7730.0915
608.0,Prithvi_Class,TERMINAL,246812.8217,246.8128,685336.7805,685.3368,2784.7786,10025.203,2784.7786,1138.1178,-2541.59,-0.0,-9.8066,9.8066,inf,2.0,0.0,0.0,0.0,0.0,0.0,2000.0,7754991962.4,7754.992
608.5,Prithvi_Class,TERMINAL,245539.575,245.5396,685905.8394,685.9058,2789.2545,10041.3161,2789.2545,1138.1178,-2546.4933,-0.0,-9.8066,9.8066,inf,2.0,0.0,0.0,0.0,0.0,0.0,2000.0,7779940488.77,7779.9405
609.0,Prithvi_Class,TERMINAL,244263.8767,244.2639,686474.8983,686.4749,2793.7318,10057.4343,2793.7318,1138.1178,-2551.3967,-0.0,-9.8066,9.8066,inf,2.0,0.0,0.0,0.0,0.0,0.0,2000.0,7804937100.33,7804.9371
609.5,Prithvi_Class,TERMINAL,242985.7267,242.9857,687043.9572,687.044,2798.2105,10073.5577,2798.2105,1138.1178,-2556.3,-0.0,-9.8066,9.8066,inf,2.0,0.0,0.0,0.0,0.0,0.0,2000.0,7829981797.08,7829.9818
610.0,Prithvi_Class,TERMINAL,241705.125,241.7051,687613.0161,687.613,2802.6906,10089.6861,2802.6906,1138.1178,-2561.2033,-0.0,-9.8066,9.8066,inf,2.0,0.0,0.0,0.0,0.0,0.0,2000.0,7855074579.03,7855.0746
610.5,Prithvi_Class,TERMINAL,240422.0717,240.4221,688182.075,688.1821,2807.1721,10105.8197,2807.1721,1138.1178,-2566.1066,-0.0,-9.8066,9.8066,inf,2.0,0.0,0.0,0.0,0.0,0.0,2000.0,7880215446.17,7880.2154
611.0,Prithvi_Class,TERMINAL,239136.5667,239.1366,688751.1339,688.7511,2811.6551,10121.9584,2811.6551,1138.1178,-2571.01,-0.0,-9.8066,9.8066,inf,2.0,0.0,0.0,0.0,0.0,0.0,2000.0,7905404398.5,7905.4044
611.5,Prithvi_Class,TERMINAL,237848.61,237.8486,689320.1928,689.3202,2816.1395,10138.102,2816.1395,1138.1178,-2575.9133,-0.0,-9.8066,9.8066,inf,2.0,0.0,0.0,0.0,0.0,0.0,2000.0,7930641436.02,7930.6414
612.0,Prithvi_Class,TERMINAL,236558.2017,236.5582,689889.2517,689.8893,2820.6252,10154.2507,2820.6252,1138.1178,-2580.8166,-0.0,-9.8066,9.8066,inf,2.0,0.0,0.0,0.0,0.0,0.0,2000.0,7955926558.73,7955.9266
612.5,Prithvi_Class,TERMINAL,235265.3418,235.2653,690458.3106,690.4583,2825.1123,10170.4044,2825.1123,1138.1178,-2585.7199,-0.0,-9.8066,9.8066,inf,2.0,0.0,0.0,0.0,0.0,0.0,2000.0,7981259766.64,7981.2598
613.0,Prithvi_Class,TERMINAL,233970.0301,233.97,691027.3695,691.0274,2829.6009,10186.5631,2829.6009,1138.1178,-2590.6233,-0.0,-9.8066,9.8066,inf,2.0,0.0,0.0,0.0,0.0,0.0,2000.0,8006641059.74,8006.6411
613.5,Prithvi_Class,TERMINAL,232672.2668,232.6723,691596.4284,691.5964,2834.0908,10202.7267,2834.0908,1138.1178,-2595.5266,-0.0,-9.8066,9.8066,inf,2.0,0.0,0.0,0.0,0.0,0.0,2000.0,8032070438.03,8032.0704
614.0,Prithvi_Class,TERMINAL,231372.0519,231.3721,692165.4873,692.1655,2838.582,10218.8953,2838.582,1138.1178,-2600.4299,-0.0,-9.8066,9.8066,inf,2.0,0.0,0.0,0.0,0.0,0.0,2000.0,8057547901.51,8057.5479
614.5,Prithvi_Class,TERMINAL,230069.3852,230.0694,692734.5462,692.7345,2843.0746,10235.0687,2843.0746,1138.1178,-2605.3332,-0.0,-9.8066,9.8066,inf,2.0,0.0,0.0,0.0,0.0,0.0,2000.0,8083073450.19,8083.0735
615.0,Prithvi_Class,TERMINAL,228764.267,228.7643,693303.6051,693.3036,2847.5686,10251.2471,2847.5686,1138.1178,-2610.2366,-0.0,-9.8066,9.8066,inf,2.0,0.0,0.0,0.0,0.0,0.0,2000.0,8108647084.05,8108.6471
615.5,Prithvi_Class,TERMINAL,227456.697,227.4567,693872.664,693.8727,2852.064,10267.4302,2852.064,1138.1178,-2615.1399,-0.0,-9.8066,9.8066,inf,2.0,0.0,0.0,0.0,0.0,0.0,2000.0,8134268803.11,8134.2688
616.0,Prithvi_Class,TERMINAL,226146.6754,226.1467,694441.7229,694.4417,2856.5606,10283.6183,2856.5606,1138.1178,-2620.0432,-0.0,-9.8066,9.8066,inf,2.0,0.0,0.0,0.0,0.0,0.0,2000.0,8159938607.36,8159.9386
616.5,Prithvi_Class,TERMINAL,224834.2021,224.8342,695010.7818,695.0108,2861.0586,10299.8111,2861.0586,1138.1178,-2624.9465,-0.0,-9.8066,9.8066,inf,2.0,0.0,0.0,0.0,0.0,0.0,2000.0,8185656496.81,8185.6565
617.0,Prithvi_Class,TERMINAL,223519.2772,223.5193,695579.8407,695.5798,2865.558,10316.0087,2865.558,1138.1178,-2629.8499,-0.0,-9.8066,9.8066,inf,2.0,0.0,0.0,0.0,0.0,0.0,2000.0,8211422471.44,8211.4225
617.5,Prithvi_Class,TERMINAL,222201.9006,222.2019,696148.8996,696.1489,2870.0586,10332.2111,2870.0586,1138.1178,-2634.7532,-0.0,-9.8066,9.8066,inf,2.0,0.0,0.0,0.0,0.0,0.0,2000.0,8237236531.27,8237.2365
618.0,Prithvi_Class,TERMINAL,220882.0723,220.8821,696717.9585,696.718,2874.5606,10348.4182,2874.5606,1138.1178,-2639.6565,-0.0,-9.8066,9.8066,inf,2.0,0.0,0.0,0.0,0.0,0.0,2000.0,8263098676.29,8263.0987
618.5,Prithvi_Class,TERMINAL,219559.7924,219.5598,697287.0174,697.287,2879.0639,10364.63,2879.0639,1138.1178,-2644.5598,-0.0,-9.8066,9.8066,inf,2.0,0.0,0.0,0.0,0.0,0.0,2000.0,8289008906.5,8289.0089
619.0,Prithvi_Class,TERMINAL,218235.0608,218.2351,697856.0763,697.8561,2883.5685,10380.8466,2883.5685,1138.1178,-2649.4632,-0.0,-9.8066,9.8066,inf,2.0,0.0,0.0,0.0,0.0,0.0,2000.0,8314967221.9,8314.9672
619.5,Prithvi_Class,TERMINAL,216907.8776,216.9079,698425.1352,698.4251,2888.0744,10397.0678,2888.0744,1138.1178,-2654.3665,-0.0,-9.8066,9.8066,inf,2.0,0.0,0.0,0.0,0.0,0.0,2000.0,8340973622.5,8340.9736
620.0,Prithvi_Class,TERMINAL,215578.2427,215.5782,698994.1941,698.9942,2892.5816,10413.2936,2892.5816,1138.1178,-2659.2698,-0.0,-9.8066,9.8066,inf,2.0,0.0,0.0,0.0,0.0,0.0,2000.0,8367028108.28,8367.0281
620.5,Prithvi_Class,TERMINAL,214246.1561,214.2462,699563.253,699.5633,2897.09,10429.5241,2897.09,1138.1178,-2664.1731,-0.0,-9.8066,9.8066,inf,2.0,0.0001,0.0,0.0,0.0,0.0,2000.0,8393130679.26,8393.1307
621.0,Prithvi_Class,TERMINAL,212911.6179,212.9116,700132.3119,700.1323,2901.5998,10445.7592,2901.5998,1138.1178,-2669.0765,-0.0,-9.8066,9.8066,inf,2.0,0.0001,0.0,0.0,0.0,0.0,2000.0,8419281335.43,8419.2813
621.5,Prithvi_Class,TERMINAL,211574.628,211.5746,700701.3708,700.7014,2906.1108,10461.9989,2906.1108,1138.1178,-2673.9798,-0.0,-9.8066,9.8066,inf,2.0,0.0001,0.0,0.0,0.0,0.0,2000.0,8445480076.8,8445.4801
622.0,Prithvi_Class,TERMINAL,210235.1864,210.2352,701270.4297,701.2704,2910.6231,10478.2432,2910.6231,1138.1178,-2678.8831,-0.0,-9.8066,9.8066,inf,2.0,0.0001,0.0,0.0,0.0,0.0,2000.0,8471726903.35,8471.7269
622.5,Prithvi_Class,TERMINAL,208893.2932,208.8933,701839.4886,701.8395,2915.1367,10494.492,2915.1367,1138.1178,-2683.7864,-0.0,-9.8066,9.8066,inf,2.0,0.0001,0.0,0.0,0.0,0.0,2000.0,8498021815.1,8498.0218
623.0,Prithvi_Class,TERMINAL,207548.9483,207.5489,702408.5475,702.4085,2919.6515,10510.7454,2919.6515,1138.1178,-2688.6898,-0.0,-9.8066,9.8066,inf,2.0,0.0001,0.0,0.0,0.0,0.0,2000.0,8524364812.04,8524.3648
623.5,Prithvi_Class,TERMINAL,206202.1517,206.2022,702977.6064,702.9776,2924.1676,10527.0032,2924.1676,1138.1178,-2693.5931,-0.0,-9.8066,9.8066,inf,2.0,0.0002,0.0,0.0,0.0,0.0,2000.0,8550755894.17,8550.7559
624.0,Prithvi_Class,TERMINAL,204852.9035,204.8529,703546.6653,703.5467,2928.6849,10543.2655,2928.6849,1138.1178,-2698.4964,-0.0,-9.8066,9.8066,inf,2.0,0.0002,0.0,0.0,0.0,0.0,2000.0,8577195061.49,8577.1951
624.5,Prithvi_Class,TERMINAL,203501.2037,203.5012,704115.7242,704.1157,2933.2034,10559.5323,2933.2034,1138.1178,-2703.3997,-0.0,-9.8066,9.8066,inf,2.0,0.0002,0.0,0.0,0.0,0.0,2000.0,8603682314.0,8603.6823
625.0,Prithvi_Class,TERMINAL,202147.0521,202.1471,704684.7831,704.6848,2937.7232,10575.8036,2937.7232,1138.1178,-2708.3031,-0.0,-9.8066,9.8066,inf,2.0,0.0002,0.0,0.0,0.0,0.0,2000.0,8630217651.71,8630.2177
625.5,Prithvi_Class,TERMINAL,200790.4489,200.7904,705253.842,705.2538,2942.2442,10592.0792,2942.2442,1138.1178,-2713.2064,-0.0,-9.8066,9.8066,inf,2.0,0.0003,0.0,0.0,0.0,0.0,2000.0,8656801074.6,8656.8011
626.0,Prithvi_Class,TERMINAL,199431.3941,199.4314,705822.9009,705.8229,2946.7665,10608.3593,2946.7665,1138.1178,-2718.1097,-0.0,-9.8066,9.8066,inf,2.0,0.0003,0.0,0.0,0.0,0.0,2000.0,8683432582.69,8683.4326
626.5,Prithvi_Class,TERMINAL,198069.8875,198.0699,706391.9599,706.392,2951.2899,10624.6437,2951.2899,1138.1178,-2723.013,-0.0,-9.8066,9.8066,inf,2.0,0.0004,0.0,0.0,0.0,0.0,2000.0,8710112175.97,8710.1122
627.0,Prithvi_Class,TERMINAL,196705.9294,196.7059,706961.0188,706.961,2955.8146,10640.9325,2955.8146,1138.1178,-2727.9164,-0.0,-9.8066,9.8066,inf,2.0,0.0005,0.0,0.0,0.0,0.0,2000.0,8736839854.44,8736.8399
627.5,Prithvi_Class,TERMINAL,195339.5195,195.3395,707530.0777,707.5301,2960.3405,10657.2256,2960.3405,1138.1178,-2732.8197,-0.0,-9.8066,9.8066,inf,2.0,0.0006,0.0,0.0,0.0,0.0,2000.0,8763615618.09,8763.6156
628.0,Prithvi_Class,TERMINAL,193970.658,193.9707,708099.1366,708.0991,2964.8675,10673.5231,2964.8675,1138.1178,-2737.723,-0.0,-9.8066,9.8066,inf,2.0,0.0007,0.0,0.0,0.0,0.0,2000.0,8790439466.94,8790.4395
628.5,Prithvi_Class,TERMINAL,192599.3448,192.5993,708668.1955,708.6682,2969.3958,10689.8249,2969.3958,1138.1178,-2742.6263,-0.0,-9.8066,9.8066,inf,2.0,0.0008,0.0,0.0,0.0,0.0,2000.0,8817311400.98,8817.3114
629.0,Prithvi_Class,TERMINAL,191225.58,191.2256,709237.2544,709.2373,2973.9253,10706.1309,2973.9253,1138.1178,-2747.5297,-0.0,-9.8066,9.8066,inf,2.0,0.0009,0.0,0.0,0.0,0.0,2000.0,8844231420.21,8844.2314
629.5,Prithvi_Class,TERMINAL,189849.3635,189.8494,709806.3133,709.8063,2978.4559,10722.4412,2978.4559,1138.1178,-2752.433,-0.0,-9.8066,9.8066,inf,2.0,0.0011,0.0,0.0,0.0,0.0,2000.0,8871199524.63,8871.1995
630.0,Prithvi_Class,TERMINAL,188470.6953,188.4707,710375.3722,710.3754,2982.9877,10738.7558,2982.9877,1138.1178,-2757.3363,-0.0,-9.8066,9.8066,inf,2.0,0.0013,0.0,0.0,0.0,0.0,2000.0,8898215714.24,8898.2157
630.5,Prithvi_Class,TERMINAL,187089.5755,187.0896,710944.4311,710.9444,2987.5207,10755.0746,2987.5207,1138.1178,-2762.2396,-0.0,-9.8066,9.8066,inf,2.0,0.0015,0.0,0.0,0.0,0.0,2000.0,8925279989.03,8925.28
631.0,Prithvi_Class,TERMINAL,185706.004,185.706,711513.49,711.5135,2992.0549,10771.3975,2992.0549,1138.1178,-2767.143,-0.0,-9.8066,9.8066,inf,2.0,0.0018,0.0,0.0,0.0,0.0,2000.0,8952392349.01,8952.3923
631.5,Prithvi_Class,TERMINAL,184319.9809,184.32,712082.5489,712.0825,2996.5902,10787.7247,2996.5902,1138.1178,-2772.0463,-0.0,-9.8066,9.8066,inf,2.0,0.0021,0.0,0.0,0.0,0.0,2000.0,8979552794.18,8979.5528
632.0,Prithvi_Class,TERMINAL,182931.5061,182.9315,712651.6078,712.6516,3001.1267,10804.056,3001.1267,1138.1178,-2776.9496,-0.0,-9.8066,9.8066,inf,2.0,0.0025,0.0,0.0,0.0,0.0,2000.0,9006761324.53,9006.7613
632.5,Prithvi_Class,TERMINAL,181540.5796,181.5406,713220.6667,713.2207,3005.6643,10820.3915,3005.6643,1138.1178,-2781.8529,-0.0,-9.8066,9.8066,inf,2.0,0.0029,0.0,0.0,0.0,0.0,2000.0,9034017940.06,9034.0179
633.0,Prithvi_Class,TERMINAL,180147.2015,180.1472,713789.7256,713.7897,3010.2031,10836.7311,3010.2031,1138.1178,-2786.7563,-0.0,-9.8066,9.8066,inf,2.0,0.0035,0.0,0.0,0.0,0.0001,2000.0,9061322640.78,9061.3226
633.5,Prithvi_Class,TERMINAL,178751.3717,178.7514,714358.7845,714.3588,3014.743,10853.0748,3014.743,1138.1178,-2791.6596,-0.0,-9.8066,9.8066,inf,2.0,0.0041,0.0,0.0,0.0,0.0001,2000.0,9088675426.67,9088.6754
634.0,Prithvi_Class,TERMINAL,177353.0902,177.3531,714927.8434,714.9278,3019.2841,10869.4227,3019.2841,1138.1178,-2796.5629,-0.0,-9.8066,9.8066,inf,2.0,0.0048,0.0,0.0,0.0,0.0001,2000.0,9116076297.75,9116.0763
634.5,Prithvi_Class,TERMINAL,175952.3571,175.9524,715496.9023,715.4969,3023.8263,10885.7745,3023.8263,1138.1178,-2801.4662,-0.0,-9.8066,9.8066,inf,2.0,0.0057,0.0,0.0,0.0,0.0001,2000.0,9143525254.0,9143.5253
635.0,Prithvi_Class,TERMINAL,174549.1723,174.5492,716065.9612,716.066,3028.3696,10902.1305,3028.3696,1138.1178,-2806.3696,-0.0,-9.8066,9.8066,inf,2.0,0.0068,0.0,0.0,0.0,0.0001,2000.0,9171022295.42,9171.0223
635.5,Prithvi_Class,TERMINAL,173143.5359,173.1435,716635.0201,716.635,3032.914,10918.4905,3032.914,1138.1178,-2811.2729,-0.0,-9.8066,9.8066,inf,2.0,0.008,0.0,0.0,0.0,0.0001,2000.0,9198567422.0,9198.5674
636.0,Prithvi_Class,TERMINAL,171735.4477,171.7354,717204.079,717.2041,3037.4596,10934.8544,3037.4596,1138.1178,-2816.1762,-0.0,-9.8066,9.8066,inf,2.0,0.0095,0.0,0.0,0.0,0.0001,2000.0,9226160633.76,9226.1606
636.5,Prithvi_Class,TERMINAL,170324.908,170.3249,717773.1379,717.7731,3042.0062,10951.2224,3042.0062,1138.1178,-2821.0795,-0.0,-9.8066,9.8066,inf,2.0,0.0112,0.0,0.0,0.0,0.0002,2000.0,9253801930.66,9253.8019
637.0,Prithvi_Class,TERMINAL,168911.9165,168.9119,718342.1968,718.3422,3046.554,10967.5944,3046.554,1138.1178,-2825.9829,-0.0,-9.8066,9.8066,inf,2.0,0.0133,0.0,0.0,0.0,0.0002,2000.0,9281491312.73,9281.4913
637.5,Prithvi_Class,TERMINAL,167496.4734,167.4965,718911.2557,718.9113,3051.1029,10983.9704,3051.1029,1138.1178,-2830.8862,-0.0,-9.8066,9.8066,inf,2.0,0.0158,0.0,0.0,0.0,0.0002,2000.0,9309228779.93,9309.2288
638.0,Prithvi_Class,TERMINAL,166078.5787,166.0786,719480.3146,719.4803,3055.6528,11000.3503,3055.6528,1138.1178,-2835.7895,-0.0,-9.8066,9.8066,inf,2.0,0.0187,0.0,0.0,0.0,0.0003,2000.0,9337014332.27,9337.0143
638.5,Prithvi_Class,TERMINAL,164658.2323,164.6582,720049.3735,720.0494,3060.2039,11016.7341,3060.2039,1138.1178,-2840.6928,-0.0,-9.8066,9.8066,inf,2.0,0.0222,0.0,0.0,0.0,0.0003,2000.0,9364847969.73,9364.848
639.0,Prithvi_Class,TERMINAL,163235.4342,163.2354,720618.4324,720.6184,3064.7561,11033.1218,3064.7561,1138.1178,-2845.5962,-0.0,-9.8066,9.8066,inf,2.0,0.0263,0.0,0.0,0.0,0.0004,2000.0,9392729692.31,9392.7297
639.5,Prithvi_Class,TERMINAL,161810.1844,161.8102,721187.4913,721.1875,3069.3093,11049.5134,3069.3093,1138.1178,-2850.4995,-0.0,-9.8066,9.8066,inf,2.0,0.0312,0.0,0.0,0.0,0.0005,2000.0,9420659499.98,9420.6595
640.0,Prithvi_Class,TERMINAL,160382.483,160.3825,721756.5502,721.7566,3073.8636,11065.9089,3073.8636,1138.1178,-2855.4028,-0.0,-9.8066,9.8066,inf,2.0,0.037,0.0,0.0,0.0,0.0006,2000.0,9448637392.73,9448.6374
640.5,Prithvi_Class,TERMINAL,158952.3299,158.9523,722325.6091,722.3256,3078.419,11082.3083,3078.419,1138.1178,-2860.3061,-0.0,-9.8066,9.8066,inf,2.0,0.0439,0.0,0.0,0.0,0.0007,2000.0,9476663370.53,9476.6634
641.0,Prithvi_Class,TERMINAL,157519.7252,157.5197,722894.668,722.8947,3082.9754,11098.7115,3082.9754,1138.1178,-2865.2095,-0.0,-9.8066,9.8066,inf,2.0,0.0521,0.0001,0.0,0.0,0.0008,2000.0,9504737433.37,9504.7374
641.5,Prithvi_Class,TERMINAL,156084.6688,156.0847,723463.7269,723.4637,3087.5329,11115.1185,3087.5329,1138.1178,-2870.1128,-0.0,-9.8066,9.8066,inf,2.0,0.0619,0.0001,0.0,0.0,0.0009,2000.0,9532859581.2,9532.8596
642.0,Prithvi_Class,TERMINAL,154647.1607,154.6472,724032.7858,724.0328,3092.0915,11131.5294,3092.0915,1138.1178,-2875.0161,-0.0,-9.8066,9.8066,inf,2.0,0.0735,0.0001,0.0,0.0,0.0011,2000.0,9561029813.99,9561.0298
642.5,Prithvi_Class,TERMINAL,153207.201,153.2072,724601.8447,724.6018,3096.6511,11147.944,3096.6511,1138.1178,-2879.9194,-0.0,-9.8066,9.8066,inf,2.0,0.0873,0.0001,0.0,0.0,0.0013,2000.0,9589248131.71,9589.2481
643.0,Prithvi_Class,TERMINAL,151764.7896,151.7648,725170.9036,725.1709,3101.2118,11164.3624,3101.2118,1138.1178,-2884.8228,-0.0,-9.8066,9.8066,inf,2.0,0.1037,0.0001,0.0,0.0,0.0016,2000.0,9617514534.29,9617.5145
643.5,Prithvi_Class,TERMINAL,150319.9266,150.3199,725739.9625,725.74,3105.7735,11180.7846,3105.7735,1138.1178,-2889.7261,-0.0,-9.8066,9.8066,inf,2.0,0.1233,0.0001,0.0,0.0,0.0018,2000.0,9645829021.67,9645.829
644.0,Prithvi_Class,TERMINAL,148872.6119,148.8726,726309.0214,726.309,3110.3363,11197.2105,3110.3363,1138.1178,-2894.6294,-0.0,-9.8066,9.8066,inf,2.0,0.1467,0.0001,0.0,0.0,0.0022,2000.0,9674191593.78,9674.1916
644.5,Prithvi_Class,TERMINAL,147422.8455,147.4228,726878.0803,726.8781,3114.9,11213.6401,3114.9,1138.1178,-2899.5327,-0.0,-9.8066,9.8066,inf,2.0,0.1744,0.0002,0.0,0.0,0.0026,2000.0,9702602250.53,9702.6023
645.0,Prithvi_Class,TERMINAL,145970.6275,145.9706,727447.1392,727.4471,3119.4649,11230.0735,3119.4649,1138.1178,-2904.4361,-0.0,-9.8066,9.8066,inf,2.0,0.2075,0.0002,0.0,0.0,0.0031,2000.0,9731060991.81,9731.061
645.5,Prithvi_Class,TERMINAL,144515.9578,144.516,728016.1981,728.0162,3124.0307,11246.5105,3124.0307,1138.1178,-2909.3394,-0.0,-9.8066,9.8066,inf,2.0,0.247,0.0002,0.0,0.0,0.0037,2000.0,9759567817.49,9759.5678
646.0,Prithvi_Class,TERMINAL,143058.8364,143.0588,728585.257,728.5853,3128.5976,11262.9512,3128.5976,1138.1178,-2914.2427,-0.0,-9.8066,9.8066,inf,2.0,0.2941,0.0003,0.0,0.0,0.0044,2000.0,9788122727.43,9788.1227
646.5,Prithvi_Class,TERMINAL,141599.2634,141.5993,729154.3159,729.1543,3133.1654,11279.3956,3133.1654,1138.1178,-2919.146,-0.0,-9.8066,9.8066,inf,2.0,0.3502,0.0004,0.0,0.0,0.0053,2000.0,9816725721.44,9816.7257
647.0,Prithvi_Class,TERMINAL,140137.2387,140.1372,729723.3748,729.7234,3137.7343,11295.8436,3137.7343,1138.1178,-2924.0494,-0.0,-9.8066,9.8066,inf,2.0,0.4171,0.0004,0.0,0.0,0.0063,2000.0,9845376799.29,9845.3768
647.5,Prithvi_Class,TERMINAL,138672.7624,138.6728,730292.4337,730.2924,3142.3042,11312.2953,3142.3042,1138.1178,-2928.9527,-0.0,-9.8066,9.8066,inf,2.0,0.497,0.0005,0.0,0.0,0.0075,2000.0,9874075960.74,9874.076
648.0,Prithvi_Class,TERMINAL,137205.8344,137.2058,730861.4926,730.8615,3146.8751,11328.7505,3146.8751,1138.1178,-2933.856,-0.0,-9.8066,9.8066,inf,2.0,0.5923,0.0006,0.0,0.0,0.0089,2000.0,9902823205.47,9902.8232
648.5,Prithvi_Class,TERMINAL,135736.4547,135.7365,731430.5515,731.4306,3151.4471,11345.2094,3151.4471,1138.1178,-2938.7593,-0.0,-9.8066,9.8066,inf,2.0,0.7061,0.0007,0.0,0.0,0.0106,2000.0,9931618533.1,9931.6185
649.0,Prithvi_Class,TERMINAL,134264.6234,134.2646,731999.6104,731.9996,3156.02,11361.6718,3156.02,1138.1178,-2943.6627,-0.0,-9.8066,9.8066,inf,2.0,0.8421,0.0008,0.0,0.0,0.0126,2000.0,9960461943.19,9960.4619
649.5,Prithvi_Class,TERMINAL,132790.3404,132.7903,732568.6693,732.5687,3160.5938,11378.1378,3160.5938,1138.1178,-2948.566,-0.0,-9.8066,9.8066,inf,2.0,1.0044,0.001,0.0,0.0,0.0151,2000.0,9989353435.2,9989.3534
650.0,Prithvi_Class,TERMINAL,131313.6058,131.3136,733137.7282,733.1377,3165.1687,11394.6074,3165.1687,1138.1178,-2953.4693,-0.0,-9.8066,9.8066,inf,2.0,1.1985,0.0012,0.0,0.0,0.018,2000.0,10018293008.49,10018.293
650.5,Prithvi_Class,TERMINAL,129834.4194,129.8344,733706.7871,733.7068,3169.7446,11411.0805,3169.7446,1138.1178,-2958.3726,-0.0,-9.8066,9.8066,inf,2.0,1.4304,0.0014,0.0,0.0,0.0215,2000.0,10047280662.29,10047.2807
651.0,Prithvi_Class,TERMINAL,128352.7815,128.3528,734275.846,734.2758,3174.3214,11427.5571,3174.3214,1138.1178,-2963.2759,-0.0,-9.8066,9.8066,inf,2.0,1.7077,0.0017,0.0,0.0,0.0256,2000.0,10076316395.68,10076.3164
651.5,Prithvi_Class,TERMINAL,126868.6918,126.8687,734844.9048,734.8449,3178.8992,11444.0372,3178.8992,1138.1178,-2968.1793,-0.0,-9.8066,9.8066,inf,2.0,2.0394,0.002,0.0,0.0,0.0306,2000.0,10105400207.55,10105.4002
652.0,Prithvi_Class,TERMINAL,125382.1506,125.3822,735413.9637,735.414,3183.478,11460.5208,3183.478,1138.1178,-2973.0826,-0.0,-9.8066,9.8066,inf,2.0,2.4361,0.0024,0.0,0.0,0.0365,2000.0,10134532096.58,10134.5321
652.5,Prithvi_Class,TERMINAL,123893.1576,123.8932,735983.0226,735.983,3188.0577,11477.0078,3188.0577,1138.1178,-2977.9859,-0.0,-9.8066,9.8066,inf,2.0,2.9109,0.0029,0.0,0.0,0.0437,2000.0,10163712061.17,10163.7121
653.0,Prithvi_Class,TERMINAL,122401.713,122.4017,736552.0815,736.5521,3192.6384,11493.4983,3192.6384,1138.1178,-2982.8892,-0.0,-9.8066,9.8066,inf,2.0,3.4792,0.0035,0.0,0.0,0.0522,2000.0,10192940099.42,10192.9401
653.5,Prithvi_Class,TERMINAL,120907.8167,120.9078,737121.1404,737.1211,3197.2201,11509.9923,3197.2201,1138.1178,-2987.7925,-0.0,-9.8066,9.8066,inf,2.0,4.1596,0.0042,0.0,0.0,0.0624,2000.0,10222216209.04,10222.2162
654.0,Prithvi_Class,TERMINAL,119411.4688,119.4115,737690.1993,737.6902,3201.8027,11526.4896,3201.8027,1138.1178,-2992.6958,-0.0,-9.8066,9.8066,inf,2.0,4.9745,0.005,0.0,0.0,0.0746,2000.0,10251540387.27,10251.5404
654.5,Prithvi_Class,TERMINAL,117912.6693,117.9127,738259.2582,738.2593,3206.3862,11542.9904,3206.3862,1138.1178,-2997.5991,-0.0,-9.8066,9.8066,inf,2.0,5.9507,0.006,0.0,0.0,0.0893,2000.0,10280912630.8,10280.9126
655.0,Prithvi_Class,TERMINAL,116411.418,116.4114,738828.317,738.8283,3210.9707,11559.4946,3210.9707,1138.1178,-3002.5024,-0.0,-9.8066,9.8066,inf,2.0,7.1206,0.0071,0.0,0.0,0.1068,2000.0,10310332935.68,10310.3329
655.5,Prithvi_Class,TERMINAL,114907.7152,114.9077,739397.3759,739.3974,3215.5561,11576.0021,3215.5561,1138.1177,-3007.4057,-0.0,-9.8066,9.8066,inf,2.0,8.5228,0.0085,0.0,0.0,0.1278,2000.0,10339801297.13,10339.8013
656.0,Prithvi_Class,TERMINAL,113401.5606,113.4016,739966.4348,739.9664,3220.1425,11592.513,3220.1425,1138.1177,-3012.309,-0.0,-9.8066,9.8066,inf,2.0,10.2042,0.0102,0.0,0.0,0.1531,2000.0,10369317709.42,10369.3177
656.5,Prithvi_Class,TERMINAL,111892.9545,111.893,740535.4936,740.5355,3224.7298,11609.0272,3224.7298,1138.1177,-3017.2123,-0.0,-9.8066,9.8066,inf,2.0,12.2206,0.0122,0.0,0.0,0.1833,2000.0,10398882165.64,10398.8822
657.0,Prithvi_Class,TERMINAL,110381.8967,110.3819,741104.5525,741.1046,3229.318,11625.5448,3229.318,1138.1177,-3022.1156,-0.0,-9.8065,9.8065,inf,2.0,14.6398,0.0146,0.0,0.0,0.2196,2000.0,10428494657.52,10428.4947
657.5,Prithvi_Class,TERMINAL,108868.3872,108.8684,741673.6113,741.6736,3233.9071,11642.0656,3233.9071,1138.1177,-3027.0189,-0.0,-9.8065,9.8065,inf,2.0,17.5427,0.0175,0.0,0.0,0.2631,2000.0,10458155175.07,10458.1552
658.0,Prithvi_Class,TERMINAL,107352.4262,107.3524,742242.6702,742.2427,3238.4971,11658.5897,3238.4971,1138.1177,-3031.9221,-0.0001,-9.8065,9.8065,inf,2.0,21.0274,0.021,0.0,0.0,0.3154,2000.0,10487863706.3,10487.8637
658.5,Prithvi_Class,TERMINAL,105834.0135,105.834,742811.729,742.8117,3243.0881,11675.1171,3243.0881,1138.1176,-3036.8254,-0.0001,-9.8065,9.8065,inf,2.0,25.2114,0.0252,0.0,0.0,0.3782,2000.0,10517620236.76,10517.6202
659.0,Prithvi_Class,TERMINAL,104313.1492,104.3131,743380.7878,743.3808,3247.6799,11691.6476,3247.6799,1138.1176,-3041.7286,-0.0001,-9.8064,9.8064,inf,2.0,30.2365,0.0302,0.0,0.0,0.4535,2000.0,10547424749.05,10547.4247
659.5,Prithvi_Class,TERMINAL,102789.8332,102.7898,743949.8466,743.9498,3252.2726,11708.1814,3252.2726,1138.1176,-3046.6319,-0.0001,-9.8064,9.8064,inf,2.0,36.2736,0.0363,0.0,0.0,0.5441,2000.0,10577277222.22,10577.2772
660.0,Prithvi_Class,TERMINAL,101264.0657,101.2641,744518.9053,744.5189,3256.8662,11724.7184,3256.8662,1138.1175,-3051.535,-0.0001,-9.8063,9.8063,inf,2.0,43.5285,0.0435,0.0,0.0,0.6529,2000.0,10607177631.03,10607.1776
660.5,Prithvi_Class,TERMINAL,99735.8466,99.7358,745087.964,745.088,3261.4607,11741.2585,3261.4607,1138.1175,-3056.4382,-0.0001,-9.8063,9.8063,inf,2.0,52.2493,0.0522,0.0,0.0,0.7837,2000.0,10637125945.08,10637.1259
661.0,Prithvi_Class,TERMINAL,98205.1759,98.2052,745657.0227,745.657,3266.0561,11757.8018,3266.0561,1138.1174,-3061.3414,-0.0002,-9.8062,9.8062,inf,2.0,62.7351,0.0627,0.0,0.0,0.941,2000.0,10667122127.69,10667.1221
661.5,Prithvi_Class,TERMINAL,96672.0537,96.6721,746226.0814,746.2261,3270.6522,11774.3481,3270.6522,1138.1173,-3066.2445,-0.0002,-9.8061,9.8061,inf,1.9999,75.3467,0.0753,0.0,0.0,1.1302,2000.0,10697166134.69,10697.1661
662.0,Prithvi_Class,TERMINAL,95136.4799,95.1365,746795.14,746.7951,3275.2493,11790.8974,3275.2493,1138.1172,-3071.1475,-0.0002,-9.806,9.806,inf,1.9999,90.5195,0.0905,0.0,0.0,1.3578,2000.0,10727257912.75,10727.2579
662.5,Prithvi_Class,TERMINAL,93598.4546,93.5985,747364.1985,747.3642,3279.8472,11807.4498,3279.8472,1138.1171,-3076.0505,-0.0003,-9.8059,9.8059,inf,1.9999,108.7786,0.1088,0.0,0.0,1.6317,2000.0,10757397397.58,10757.3974
663.0,Prithvi_Class,TERMINAL,92057.9779,92.058,747933.257,747.9333,3284.4458,11824.005,3284.4458,1138.1169,-3080.9535,-0.0003,-9.8057,9.8057,inf,1.9999,130.7582,0.1308,0.0,0.0,1.9614,2000.0,10787584511.57,10787.5845
663.5,Prithvi_Class,TERMINAL,90515.0497,90.515,748502.3154,748.5023,3289.0453,11840.5632,3289.0453,1138.1168,-3085.8563,-0.0004,-9.8055,9.8055,inf,1.9999,157.2237,0.1572,0.0,0.0,2.3584,2000.0,10817819161.06,10817.8192
664.0,Prithvi_Class,TERMINAL,88969.6702,88.9697,749071.3737,749.0714,3293.6456,11857.1241,3293.6456,1138.1166,-3090.7591,-0.0005,-9.8053,9.8053,inf,1.9999,189.0997,0.1891,0.0,0.0,2.8365,2000.0,10848101232.96,10848.1012
664.5,Prithvi_Class,TERMINAL,87421.8393,87.4218,749640.4318,749.6404,3298.2466,11873.6877,3298.2466,1138.1163,-3095.6618,-0.0006,-9.805,9.805,inf,1.9998,227.5031,0.2275,0.0,0.0,3.4125,2000.0,10878430590.69,10878.4306
665.0,Prithvi_Class,TERMINAL,85871.5571,85.8716,750209.4899,750.2095,3302.8483,11890.254,3302.8483,1138.116,-3100.5643,-0.0007,-9.8047,9.8047,inf,1.9998,273.7837,0.2738,0.0,0.0,4.1068,2000.0,10908807069.25,10908.8071
665.5,Prithvi_Class,TERMINAL,84318.8238,84.3188,750778.5477,750.7785,3307.4508,11906.8227,3307.4508,1138.1157,-3105.4667,-0.0009,-9.8043,9.8043,inf,1.9998,329.5731,0.3296,0.0,0.0,4.9436,2000.0,10939230469.27,10939.2305
666.0,Prithvi_Class,TERMINAL,82763.6394,82.7636,751347.6053,751.3476,3312.0538,11923.3938,3312.0538,1138.1153,-3110.3688,-0.001,-9.8039,9.8039,inf,1.9997,396.8437,0.3968,0.0,0.0,5.9527,2000.0,10969700549.75,10969.7005
666.5,Prithvi_Class,TERMINAL,81206.004,81.206,751916.6627,751.9167,3316.6575,11939.967,3316.6575,1138.1147,-3115.2708,-0.0012,-9.8033,9.8033,inf,1.9997,477.9813,0.478,0.0,0.0,7.1697,2000.0,11000217019.31,11000.217
667.0,Prithvi_Class,TERMINAL,79645.9178,79.6459,752485.7198,752.4857,3321.2617,11956.5423,3321.2617,1138.1141,-3120.1724,-0.0015,-9.8026,9.8026,inf,1.9996,575.8722,0.5759,0.0,0.0,8.6381,2000.0,11030779525.56,11030.7795
667.5,Prithvi_Class,TERMINAL,78083.381,78.0834,753054.7765,753.0548,3325.8664,11973.1192,3325.8664,1138.1134,-3125.0737,-0.0018,-9.8018,9.8018,inf,1.9995,694.0087,0.694,0.0,0.0,10.4101,2000.0,11061387642.19,11061.3876
668.0,Prithvi_Class,TERMINAL,76518.3937,76.5184,753623.8327,753.6238,3330.4716,11989.6976,3330.4716,1138.1125,-3129.9746,-0.0021,-9.8008,9.8008,inf,1.9994,836.6184,0.8366,0.0,0.0,12.5493,2000.0,11092040853.35,11092.0409
668.5,Prithvi_Class,TERMINAL,74950.9562,74.951,754192.8884,754.1929,3335.077,12006.2772,3335.077,1138.1114,-3134.8749,-0.0026,-9.7995,9.7995,inf,1.9993,1008.8196,1.0088,0.0,0.0,15.1323,2000.0,11122738534.64,11122.7385
669.0,Prithvi_Class,TERMINAL,73381.0689,73.3811,754761.9435,754.7619,3339.6826,12022.8574,3339.6826,1138.1101,-3139.7747,-0.0031,-9.7981,9.7981,inf,1.9991,1216.8111,1.2168,0.0,0.0,18.2522,2000.0,11153479930.07,11153.4799
669.5,Prithvi_Class,TERMINAL,71808.732,71.8087,755330.9978,755.331,3344.2883,12039.4378,3344.2883,1138.1086,-3144.6737,-0.0037,-9.7963,9.7963,inf,1.9989,1468.1023,1.4681,0.0,0.0,22.0215,2000.0,11184264124.09,11184.2641
670.0,Prithvi_Class,TERMINAL,70233.946,70.2339,755900.0511,755.9001,3348.8938,12056.0179,3348.8938,1138.1067,-3149.5719,-0.0045,-9.7942,9.7942,inf,1.9987,1771.7929,1.7718,0.0,0.0,26.5769,2000.0,11215090007.59,11215.09
670.5,Prithvi_Class,TERMINAL,68656.7116,68.6567,756469.1034,756.4691,3353.4991,12072.5968,3353.4991,1138.1044,-3154.469,-0.0054,-9.7916,9.7916,inf,1.9985,2138.9122,2.1389,0.0,0.0,32.0837,2000.0,11245956236.6,11245.9562
671.0,Prithvi_Class,TERMINAL,67077.0292,67.077,757038.1542,757.0382,3358.1038,12089.1737,3358.1038,1138.1017,-3159.3648,-0.0066,-9.7884,9.7884,inf,1.9981,2582.8326,2.5828,0.0,0.0,38.7425,2000.0,11276861182.13,11276.8612
671.5,Prithvi_Class,TERMINAL,65494.8997,65.4949,757607.2034,757.6072,3362.7077,12105.7476,3362.7077,1138.0984,-3164.259,-0.0079,-9.7846,9.7846,inf,1.9978,3119.7711,3.1198,0.0,0.0,46.7966,2000.0,11307802869.17,11307.8029
672.0,Prithvi_Class,TERMINAL,63910.3241,63.9103,758176.2507,758.1763,3367.3103,12122.3172,3367.3103,1138.0945,-3169.1513,-0.0096,-9.78,9.78,inf,1.9973,3769.4002,3.7694,0.0,0.0,56.541,2000.0,11338778902.54,11338.7789
672.5,Prithvi_Class,TERMINAL,62323.3034,62.3233,758745.2955,758.7453,3371.9114,12138.881,3371.9114,1138.0897,-3174.0413,-0.0115,-9.7745,9.7745,inf,1.9967,4555.5903,4.5556,0.0,0.0,68.3339,2000.0,11369786376.75,11369.7864
673.0,Prithvi_Class,TERMINAL,60733.8391,60.7338,759314.3375,759.3143,3376.5103,12155.4371,3376.5103,1138.0839,-3178.9285,-0.0139,-9.7678,9.7678,inf,1.996,5507.3129,5.5073,0.0,0.0,82.6097,2000.0,11400821766.24,11400.8218
673.5,Prithvi_Class,TERMINAL,59141.9329,59.1419,759883.376,759.8834,3381.1064,12171.9832,3381.1064,1138.077,-3183.8124,-0.0168,-9.7596,9.7596,inf,1.9952,6659.7403,6.6597,0.0,0.0,99.8961,2000.0,11431880791.98,11431.8808
674.0,Prithvi_Class,TERMINAL,57547.5868,57.5476,760452.4103,760.4524,3385.6991,12188.5167,3385.6991,1138.0686,-3188.6922,-0.0203,-9.7497,9.7498,inf,1.9942,8055.5833,8.0556,0.0,0.0,120.8337,2000.0,11462958259.06,11462.9583
674.5,Prithvi_Class,TERMINAL,55950.8032,55.9508,761021.4395,761.0214,3390.2873,12205.0342,3390.2873,1138.0584,-3193.5671,-0.0245,-9.7378,9.7378,inf,1.993,9746.7201,9.7467,0.0,0.0,146.2008,2000.0,11494047858.93,11494.0479
675.0,Prithvi_Class,TERMINAL,54351.5852,54.3516,761590.4626,761.5905,3394.8699,12221.5318,3394.8699,1138.0461,-3198.436,-0.0297,-9.7233,9.7233,inf,1.9915,11796.1794,11.7962,0.0,0.0,176.9427,2000.0,11525141928.79,11525.1419
675.5,Prithvi_Class,TERMINAL,52749.9364,52.7499,762159.4782,762.1595,3399.4457,12238.0046,3399.4457,1138.0313,-3203.2977,-0.0359,-9.7057,9.7058,inf,1.9897,14280.5555,14.2806,0.0,0.0,214.2083,2000.0,11556231158.39,11556.2312
676.0,Prithvi_Class,TERMINAL,51145.8612,51.1459,762728.4849,762.7285,3404.013,12254.4467,3404.013,1138.0134,-3208.1505,-0.0434,-9.6844,9.6845,inf,1.9875,17292.9489,17.2929,0.0,0.0,259.3942,2000.0,11587304233.15,11587.3042
676.5,Prithvi_Class,TERMINAL,49539.3648,49.5394,763297.4808,763.2975,3408.5697,12270.8509,3408.5697,1137.9917,-3212.9927,-0.0524,-9.6586,9.6587,inf,1.9849,20946.5488,20.9465,0.0,0.0,314.1982,2000.0,11618347399.22,11618.3474
677.0,Prithvi_Class,TERMINAL,47930.4538,47.9305,763866.4635,763.8665,3413.1135,12287.2087,3413.1135,1137.9655,-3217.822,-0.0635,-9.6272,9.6274,inf,1.9817,25378.9957,25.379,0.0,0.0,380.6849,2000.0,11649343933.71,11649.3439
677.5,Prithvi_Class,TERMINAL,46319.136,46.3191,764435.4304,764.4354,3417.6415,12303.5094,3417.6415,1137.9338,-3222.6356,-0.0768,-9.5891,9.5894,inf,1.9779,30757.6954,30.7577,0.0,0.0,461.3654,2000.0,11680273499.21,11680.2735
678.0,Prithvi_Class,TERMINAL,44705.4209,44.7054,765004.3781,765.0044,3422.1501,12319.7404,3422.1501,1137.8954,-3227.4302,-0.093,-9.5429,9.5434,inf,1.9732,37286.2916,37.2863,0.0,0.0,559.2944,2000.0,11711111357.21,11711.1114
678.5,Prithvi_Class,TERMINAL,43089.3201,43.0893,765573.3025,765.5733,3426.635,12335.886,3426.635,1137.8489,-3232.2016,-0.1126,-9.4868,9.4875,60.9106,1.9675,45212.5466,45.2125,0.0,0.0,678.1882,2000.0,11741827409.63,11741.8274
679.0,Prithvi_Class,TERMINAL,41470.8476,41.4708,766142.1988,766.1422,3431.0909,12351.9274,3431.0909,1137.7926,-3236.945,-0.1364,-9.4186,9.4196,39.8973,1.9605,54837.9371,54.8379,0.0,0.0,822.5691,2000.0,11772385031.04,11772.385
679.5,Prithvi_Class,TERMINAL,39850.0204,39.85,766711.061,766.7111,3435.5116,12367.8416,3435.5116,1137.7244,-3241.6543,-0.1652,-9.3358,9.3373,31.8531,1.9521,66529.3316,66.5293,0.0,0.0,997.94,2000.0,11802739645.73,11802.7396
680.0,Prithvi_Class,TERMINAL,38226.8593,38.2269,767279.8818,767.2799,3439.8891,12383.6007,3439.8891,1137.6417,-3246.3223,-0.2003,-9.2352,9.2374,27.3009,1.942,80733.1964,80.7332,0.0,0.0,1210.9979,2000.0,11832836994.47,11832.837
680.5,Prithvi_Class,TERMINAL,36601.3893,36.6014,767848.6526,767.8487,3444.2141,12399.1709,3444.2141,1137.5416,-3250.9399,-0.2427,-9.1129,9.1162,24.2786,1.9296,97992.8644,97.9929,0.0,0.0,1469.893,2000.0,11862611023.76,11862.611
681.0,Prithvi_Class,TERMINAL,34973.6411,34.9736,768417.3628,768.4174,3448.4752,12414.5108,3448.4752,1137.4203,-3255.4964,-0.2943,-8.9643,8.9691,22.0857,1.9146,118969.5121,118.9695,0.0,0.0,1784.5427,2000.0,11891981316.42,11891.9813
681.5,Prithvi_Class,TERMINAL,33343.6519,33.3437,768985.9993,768.986,3452.6584,12429.5702,3452.6584,1137.2731,-3259.9785,-0.3569,-8.7836,8.7909,20.4014,1.8964,144467.6103,144.4676,0.0,0.0,2167.0142,2000.0,11920849965.46,11920.85
682.0,Prithvi_Class,TERMINAL,31711.4667,31.7115,769554.5466,769.5545,3456.7467,12444.2881,3456.7467,1137.0947,-3264.3703,-0.4329,-8.5639,8.5748,19.0555,1.8744,175465.7602,175.4658,0.0,0.0,2631.9864,2000.0,11949097773.66,11949.0978
682.5,Prithvi_Class,TERMINAL,30077.1406,30.0771,770122.9858,770.123,3460.7195,12458.5903,3460.7195,1136.8782,-3268.6523,-0.5252,-8.2967,8.3133,17.9479,1.8477,213153.9891,213.154,0.0,0.0,3197.3098,2000.0,11976579637.53,11976.5796
683.0,Prithvi_Class,TERMINAL,28440.7403,28.4407,770691.2936,770.6913,3464.5518,12472.3864,3464.5518,1136.6156,-3272.8006,-0.6372,-7.9718,7.9972,17.0155,1.8155,258978.7531,258.9788,0.0,0.0,3884.6813,2000.0,12003118947.74,12003.1189
683.5,Prithvi_Class,TERMINAL,26802.347,26.8023,771259.4421,771.2594,3468.2129,12485.5665,3468.2129,1136.297,-3276.7865,-0.7733,-7.5767,7.6161,16.2164,1.7766,314697.0862,314.6971,0.0,0.0,4720.4563,2000.0,12028500807.14,12028.5008
684.0,Prithvi_Class,TERMINAL,25162.0596,25.1621,771827.3972,771.8274,3471.6659,12497.9971,3471.6659,1135.9104,-3280.5749,-0.9385,-7.0962,7.158,15.5214,1.7299,382441.5163,382.4415,0.0,0.0,5736.6227,2000.0,12052463833.03,12052.4638
684.5,Prithvi_Class,TERMINAL,23519.9981,23.52,772395.1178,772.3951,3474.8655,12509.5158,3474.8655,1135.4411,-3284.123,-1.1391,-6.512,6.6109,14.9092,1.6741,464797.5294,464.7975,0.0,0.0,6971.9629,2000.0,12074690273.18,12074.6903
685.0,Prithvi_Class,TERMINAL,21876.3086,21.8763,772962.5536,772.9626,3477.7571,12519.9254,3477.7571,1134.8716,-3287.379,-1.3825,-5.8019,5.9643,14.3643,1.6082,564895.4662,564.8955,0.0,0.0,8473.432,2000.0,12094794127.02,12094.7941
685.5,Prithvi_Class,TERMINAL,20231.1687,20.2312,773529.6438,773.5296,3480.274,12528.9863,3480.274,1134.1803,-3290.2799,-1.678,-4.9388,5.2161,13.8748,1.5319,686518.7179,686.5187,0.0,0.0,10297.7808,2000.0,12112306926.49,12112.3069
686.0,Prithvi_Class,TERMINAL,18584.794,18.5848,774096.3144,774.0963,3482.3355,12536.4079,3482.3355,1133.3413,-3292.7493,-2.0363,-3.8906,4.3912,13.4312,1.4478,834229.8735,834.2299,0.0,0.0,12513.4481,2000.0,12126660802.81,12126.6608
686.5,Prithvi_Class,TERMINAL,16937.4467,16.9374,774662.476,774.6625,3483.8439,12541.8381,3483.8439,1132.3232,-3294.6946,-2.4706,-2.618,3.5997,13.0263,1.3671,1013515.9206,1013.5159,0.0,0.0,15202.7388,2000.0,12137168451.34,12137.1685
687.0,Prithvi_Class,TERMINAL,15289.4449,15.2894,775228.02,775.228,3484.6807,12544.8505,3484.6807,1131.0879,-3296.0036,-2.9966,-1.0744,3.1834,12.6539,1.3246,1230952.5304,1230.9525,0.0,0.0,18464.288,2000.0,12142999623.2,12142.9996
687.5,Prithvi_Class,TERMINAL,13641.1745,13.6412,775792.8147,775.7928,3484.7028,12544.9302,3484.7028,1129.5896,-3296.5408,-3.6331,0.7961,3.7193,12.3091,1.3793,1494385.595,1494.3856,0.0,0.0,22415.7839,2000.0,12143153836.58,12143.1538
688.0,Prithvi_Class,TERMINAL,11993.1031,11.9931,776356.7012,776.3567,3483.7378,12541.4561,3483.7378,1127.773,-3296.1428,-4.4022,3.0595,5.3609,11.9878,1.5467,1813125.1569,1813.1252,0.0,0.0,27196.8774,2000.0,12136429143.85,12136.4291
688.5,Prithvi_Class,TERMINAL,10345.7966,10.3458,776919.4872,776.9195,3481.5782,12533.6817,3481.5782,1125.5719,-3294.613,-5.3298,5.7941,7.8727,11.6861,1.8028,2198142.1854,2198.1422,0.0,0.0,32972.1328,2000.0,12121387052.3,12121.3871
689.0,Prithvi_Class,TERMINAL,8699.9386,8.6999,777480.9407,777.4809,3477.9756,12520.7121,3477.9756,1122.907,-3291.716,-6.4466,9.0909,11.1446,11.401,2.1364,2662251.6906,2662.2517,0.0,0.0,39933.7754,2000.0,12096314133.62,12096.3141
689.5,Prithvi_Class,TERMINAL,7056.3533,7.0564,778040.7826,778.0408,3472.6332,12501.4796,3472.6332,1119.6837,-3287.1705,-7.7873,13.0554,15.2015,11.1294,2.5501,3220255.7113,3220.2557,0.0,0.0,48303.8357,2000.0,12059181542.98,12059.1815
690.0,Prithvi_Class,TERMINAL,5416.0319,5.416,778598.6776,778.5987,3465.1991,12474.7167,3465.1991,1115.7901,-3280.6428,-9.3919,17.8074,20.1324,10.8688,3.0529,3889006.0396,3889.006,0.0,0.0,58335.0906,2000.0,12007604692.5,12007.6047
690.5,Prithvi_Class,TERMINAL,3780.1624,3.7802,779154.2247,779.1542,3455.2578,12438.9282,3455.2578,1111.0941,-3271.7391,-11.3046,23.4811,26.0607,10.6166,3.6574,4687328.6871,4687.3287,0.0,0.0,70309.9303,2000.0,11938806785.2,11938.8068
691.0,Prithvi_Class,TERMINAL,2150.1631,2.1502,779706.9456,779.7069,3442.3236,12392.365,3442.3236,1105.4418,-3259.9985,-13.5736,30.2226,33.1308,10.3704,4.3784,5635730.2034,5635.7302,0.0,0.0,84535.9531,2000.0,11849591905.8,11849.5919
691.5,Prithvi_Class,TERMINAL,527.7195,0.5277,780256.2731,780.2563,3425.8336,12333.001,3425.8336,1098.655,-3244.8872,-16.2492,38.1855,41.499,10.1276,5.2317,6755781.6418,6755.7816,0.0,0.0,101336.7246,2000.0,11736335928.09,11736.3359
